time,dist,d_safe,df,speed,v_leader,v_ref,uff,u_mpc,u_total,pwm,pred_penalty
1773841236.005,0.5012,0.2500,0.2512,0.0000,0.0000,0.0264,0.0000,0.0500,0.0500,95,0.0000
1773841236.206,0.4954,0.2500,0.2454,0.0000,0.0000,0.0258,0.0000,0.0611,0.0611,103,0.0000
1773841236.406,0.4866,0.2500,0.2366,0.0000,0.0000,0.0416,0.0000,0.0857,0.0857,108,0.0000
1773841236.606,0.4791,0.2500,0.2291,0.0000,0.0000,0.0511,0.0000,0.1200,0.1200,114,0.0000
1773841236.806,0.4728,0.2500,0.2228,0.0000,0.0000,0.0566,0.0000,0.1589,0.1589,120,0.0000
1773841237.006,0.4674,0.2500,0.2174,0.0000,0.0000,0.0596,0.0000,0.1983,0.1983,126,0.0000
1773841237.207,0.4627,0.2500,0.2127,0.0000,0.0000,0.0611,0.0000,0.2353,0.2353,132,0.0000
1773841237.407,0.4588,0.2500,0.2088,0.0000,0.0000,0.0616,0.0000,0.2683,0.2683,137,0.0000
1773841237.607,0.4555,0.2500,0.2055,0.0000,0.0000,0.0616,0.0000,0.2967,0.2967,142,0.0000
1773841237.807,0.4532,0.2500,0.2032,0.0000,0.0000,0.0614,0.0000,0.3204,0.3204,146,0.0000
1773841238.008,0.4508,0.2500,0.2008,0.0000,0.0000,0.0610,0.0000,0.3396,0.3396,149,0.0000
1773841238.208,0.4486,0.2500,0.1986,0.0000,0.0000,0.0605,0.0000,0.3548,0.3548,151,0.0000
1773894366.575,0.4468,0.2500,0.1968,0.0000,0.0000,0.0600,0.0000,0.3664,0.3664,153,0.0000
1773894366.775,0.4550,0.2586,0.1964,0.0000,0.0122,0.0639,0.0000,0.3847,0.3847,156,0.0000
1773894366.975,0.4570,0.2581,0.1989,0.0000,0.0116,0.0665,0.0000,0.4066,0.4066,160,0.0000
1773894367.176,0.4538,0.2557,0.1981,0.0000,0.0081,0.0669,0.0000,0.4269,0.4269,163,0.0000
1773894367.376,0.4513,0.2540,0.1973,0.0000,0.0057,0.0662,0.0000,0.4429,0.4429,165,0.0000
1773894367.576,0.4490,0.2528,0.1962,0.0000,0.0040,0.0650,0.0000,0.4541,0.4541,167,0.0000
1773894367.777,0.4568,0.2602,0.1966,0.0000,0.0145,0.0680,0.0000,0.4701,0.4701,170,0.0000
1773894367.977,0.4577,0.2580,0.1996,0.0000,0.0115,0.0692,0.0000,0.4867,0.4867,172,0.0000
1773894368.177,0.4589,0.2569,0.2020,0.0000,0.0099,0.0696,0.0000,0.5022,0.5022,175,0.0000
1773894368.378,0.4600,0.2560,0.2040,0.0000,0.0085,0.0697,0.0000,0.5158,0.5158,177,0.0000
1773894368.578,0.4609,0.2551,0.2058,0.0000,0.0073,0.0694,0.0000,0.5270,0.5270,179,0.0000
1773894368.778,0.4611,0.2538,0.2073,0.0000,0.0055,0.0688,0.0000,0.5351,0.5351,180,0.0000
1773894368.978,0.4575,0.2527,0.2048,0.0000,0.0038,0.0676,0.0000,0.5392,0.5392,181,0.0000
1773894369.179,0.4581,0.2525,0.2056,0.0000,0.0036,0.0668,0.0000,0.5407,0.5407,181,0.0000
1773894369.379,0.4594,0.2532,0.2063,0.0000,0.0045,0.0666,0.0000,0.5413,0.5413,181,0.0000
1773894369.579,0.4649,0.2580,0.2069,0.0000,0.0114,0.0690,0.0000,0.5469,0.5469,182,0.0000
1773894369.780,0.4652,0.2559,0.2093,0.0000,0.0084,0.0698,0.0000,0.5537,0.5537,183,0.0000
1773894369.980,0.4648,0.2541,0.2107,0.0000,0.0059,0.0695,0.0000,0.5593,0.5593,184,0.0000
1773894370.180,0.4606,0.2529,0.2077,0.0000,0.0041,0.0685,0.0000,0.5616,0.5616,184,0.0000
1773894370.380,0.4569,0.2520,0.2049,0.0000,0.0029,0.0670,0.0000,0.5604,0.5604,184,0.0000
1773894370.581,0.4583,0.2528,0.2054,0.0000,0.0041,0.0666,0.0000,0.5579,0.5579,184,0.0000
1773894370.781,0.4596,0.2533,0.2062,0.0000,0.0048,0.0666,0.0000,0.5556,0.5556,183,0.0000
1773894370.981,0.4605,0.2533,0.2072,0.0000,0.0048,0.0667,0.0000,0.5538,0.5538,183,0.0000
1773894371.182,0.4613,0.2532,0.2081,0.0000,0.0046,0.0668,0.0000,0.5525,0.5525,183,0.0000
1773894371.382,0.4583,0.2522,0.2061,0.0000,0.0032,0.0662,0.0000,0.5500,0.5500,182,0.0000
1773894371.582,0.4551,0.2516,0.2035,0.0000,0.0022,0.0652,0.0000,0.5455,0.5455,182,0.0000
1773894371.782,0.4561,0.2521,0.2039,0.0000,0.0031,0.0648,0.0000,0.5407,0.5407,181,0.0000
1773894371.983,0.4577,0.2532,0.2045,0.0000,0.0046,0.0652,0.0000,0.5373,0.5373,180,0.0000
1773894372.183,0.4634,0.2583,0.2052,0.0000,0.0118,0.0681,0.0000,0.5407,0.5407,181,0.0000
1773894372.383,0.4601,0.2558,0.2043,0.0000,0.0083,0.0686,0.0000,0.5452,0.5452,182,0.0000
1773894372.584,0.4572,0.2541,0.2032,0.0000,0.0058,0.0679,0.0000,0.5480,0.5480,182,0.0000
1773894372.784,0.4547,0.2528,0.2018,0.0000,0.0041,0.0668,0.0000,0.5478,0.5478,182,0.0000
1773894372.984,0.4525,0.2520,0.2005,0.0000,0.0028,0.0655,0.0000,0.5445,0.5445,182,0.0000
1773894373.184,0.4507,0.2514,0.1993,0.0000,0.0020,0.0642,0.0000,0.5386,0.5386,181,0.0000
1773894373.385,0.4491,0.2510,0.1981,0.0000,0.0014,0.0630,0.0000,0.5305,0.5305,179,0.0000
1773894373.585,0.4478,0.2507,0.1971,0.0000,0.0010,0.0620,0.0000,0.5211,0.5211,178,0.0000
1773894373.785,0.4466,0.2505,0.1962,0.0000,0.0007,0.0611,0.0000,0.5107,0.5107,176,0.0000
1773894373.985,0.4457,0.2503,0.1953,0.0000,0.0005,0.0604,0.0000,0.5000,0.5000,174,0.0000
1773894374.186,0.4442,0.2502,0.1940,0.0000,0.0003,0.0597,0.0000,0.4891,0.4891,173,0.0000
1773894374.386,0.4431,0.2502,0.1929,0.0000,0.0002,0.0592,0.0000,0.4783,0.4783,171,0.0000
1773894374.586,0.4421,0.2501,0.1920,0.0000,0.0002,0.0587,0.0000,0.4678,0.4678,169,0.0000
1773894374.787,0.4457,0.2538,0.1919,0.0000,0.0055,0.0602,0.0000,0.4621,0.4621,168,0.0000
1773894374.987,0.4532,0.2606,0.1926,0.0000,0.0152,0.0647,0.0000,0.4673,0.4673,169,0.0000
1773894375.187,0.4597,0.2642,0.1955,0.0000,0.0202,0.0696,0.0000,0.4836,0.4836,172,0.0000
1773894375.387,0.4567,0.2599,0.1968,0.0000,0.0142,0.0709,0.0000,0.5016,0.5016,175,0.0000
1773894375.588,0.4543,0.2569,0.1973,0.0000,0.0099,0.0703,0.0000,0.5164,0.5164,177,0.0000
1773894375.788,0.4522,0.2549,0.1973,0.0000,0.0069,0.0688,0.0000,0.5261,0.5261,179,0.0000
1773894375.988,0.4498,0.2534,0.1964,0.0000,0.0049,0.0671,0.0000,0.5303,0.5303,179,0.0000
1773894376.188,0.4477,0.2524,0.1953,0.0000,0.0034,0.0653,0.0000,0.5297,0.5297,179,0.0000
1773894376.389,0.4465,0.2517,0.1949,0.0000,0.0024,0.0637,0.0000,0.5251,0.5251,179,0.0000
1773894376.589,0.4456,0.2512,0.1944,0.0000,0.0017,0.0624,0.0000,0.5179,0.5179,177,0.0000
1773894376.789,0.4443,0.2508,0.1935,0.0000,0.0012,0.0613,0.0000,0.5087,0.5087,176,0.0000
1773894376.990,0.4431,0.2506,0.1925,0.0000,0.0008,0.0603,0.0000,0.4983,0.4983,174,0.0000
1773894377.190,0.4421,0.2504,0.1917,0.0000,0.0006,0.0595,0.0000,0.4873,0.4873,172,0.0000
1773894377.390,0.4411,0.2503,0.1909,0.0000,0.0004,0.0589,0.0000,0.4762,0.4762,171,0.0000
1773894377.590,0.4404,0.2502,0.1902,0.0000,0.0003,0.0583,0.0000,0.4652,0.4652,169,0.0000
1773894377.791,0.4397,0.2501,0.1896,0.0000,0.0002,0.0579,0.0000,0.4547,0.4547,167,0.0000
1773894377.991,0.4393,0.2501,0.1892,0.0000,0.0001,0.0575,0.0000,0.4447,0.4447,166,0.0000
1773894378.191,0.4613,0.2732,0.1881,0.0000,0.0331,0.0687,0.0000,0.4610,0.4610,168,0.0000
1773894378.391,0.4666,0.2718,0.1948,0.0000,0.0312,0.0760,0.0000,0.4929,0.4929,173,0.0000
1773894378.592,0.4621,0.2653,0.1969,0.0000,0.0218,0.0777,0.0000,0.5260,0.5260,179,0.0000
1773894378.792,0.4583,0.2607,0.1976,0.0000,0.0153,0.0766,0.0000,0.5531,0.5531,183,0.0000
1773894378.992,0.4550,0.2575,0.1975,0.0000,0.0107,0.0743,0.0000,0.5715,0.5715,186,0.0000
1773894379.193,0.4522,0.2552,0.1970,0.0000,0.0075,0.0716,0.0000,0.5811,0.5811,187,0.0000
1773894379.393,0.4499,0.2537,0.1962,0.0000,0.0052,0.0690,0.0000,0.5828,0.5828,188,0.0000
1773894379.593,0.4479,0.2526,0.1954,0.0000,0.0037,0.0666,0.0000,0.5783,0.5783,187,0.0000
1773894379.793,0.4462,0.2518,0.1944,0.0000,0.0026,0.0646,0.0000,0.5692,0.5692,186,0.0000
1773894379.994,0.4447,0.2513,0.1935,0.0000,0.0018,0.0629,0.0000,0.5570,0.5570,184,0.0000
1773894380.194,0.4435,0.2509,0.1926,0.0000,0.0013,0.0616,0.0000,0.5429,0.5429,181,0.0000
1773894380.394,0.4469,0.2542,0.1927,0.0000,0.0059,0.0623,0.0000,0.5320,0.5320,180,0.0000
1773894380.595,0.4454,0.2529,0.1925,0.0000,0.0042,0.0622,0.0000,0.5222,0.5222,178,0.0000
1773894380.795,0.4441,0.2520,0.1920,0.0000,0.0029,0.0616,0.0000,0.5125,0.5125,177,0.0000
1773894380.995,0.4430,0.2514,0.1915,0.0000,0.0020,0.0609,0.0000,0.5025,0.5025,175,0.0000
1773894381.196,0.4420,0.2510,0.1910,0.0000,0.0014,0.0601,0.0000,0.4921,0.4921,173,0.0000
1773894381.396,0.4412,0.2507,0.1905,0.0000,0.0010,0.0594,0.0000,0.4815,0.4815,172,0.0000
1773894381.596,0.4406,0.2505,0.1901,0.0000,0.0007,0.0588,0.0000,0.4710,0.4710,170,0.0000
1773894381.796,0.4400,0.2503,0.1897,0.0000,0.0005,0.0583,0.0000,0.4607,0.4607,168,0.0000
1773894381.997,0.4395,0.2502,0.1893,0.0000,0.0003,0.0579,0.0000,0.4508,0.4508,167,0.0000
1773894382.197,0.4391,0.2502,0.1889,0.0000,0.0002,0.0576,0.0000,0.4415,0.4415,165,0.0000
1773894382.397,0.4387,0.2501,0.1886,0.0000,0.0002,0.0573,0.0000,0.4328,0.4328,164,0.0000
1773894382.597,0.4384,0.2501,0.1883,0.0000,0.0001,0.0570,0.0000,0.4248,0.4248,162,0.0000
1773894382.798,0.4381,0.2501,0.1881,0.0000,0.0001,0.0569,0.0000,0.4174,0.4174,161,0.0000
1773894382.998,0.4385,0.2504,0.1881,0.0000,0.0005,0.0569,0.0000,0.4112,0.4112,160,0.0000
1773894383.199,0.4388,0.2506,0.1882,0.0000,0.0009,0.0571,0.0000,0.4062,0.4062,159,0.0000
1773894383.399,0.4391,0.2508,0.1884,0.0000,0.0011,0.0573,0.0000,0.4025,0.4025,159,0.0000
1773894383.599,0.4394,0.2508,0.1886,0.0000,0.0012,0.0574,0.0000,0.3997,0.3997,158,0.0000
1773894383.799,0.4395,0.2507,0.1888,0.0000,0.0010,0.0575,0.0000,0.3976,0.3976,158,0.0000
1773894384.000,0.4435,0.2547,0.1888,0.0000,0.0067,0.0596,0.0000,0.4004,0.4004,159,0.0000
1773894384.200,0.4514,0.2615,0.1898,0.0000,0.0165,0.0644,0.0000,0.4139,0.4139,161,0.0000
1773894384.400,0.4581,0.2651,0.1930,0.0000,0.0216,0.0697,0.0000,0.4382,0.4382,165,0.0000
1773894384.600,0.4594,0.2619,0.1974,0.0000,0.0170,0.0720,0.0000,0.4653,0.4653,169,0.0000
1773894384.801,0.4565,0.2583,0.1982,0.0000,0.0119,0.0718,0.0000,0.4891,0.4891,173,0.0000
1773894385.001,0.4541,0.2558,0.1982,0.0000,0.0083,0.0704,0.0000,0.5068,0.5068,176,0.0000
1773894385.201,0.4520,0.2541,0.1979,0.0000,0.0058,0.0686,0.0000,0.5178,0.5178,177,0.0000
1773894385.401,0.4502,0.2529,0.1974,0.0000,0.0041,0.0667,0.0000,0.5228,0.5228,178,0.0000
1773894385.602,0.4488,0.2520,0.1968,0.0000,0.0029,0.0650,0.0000,0.5228,0.5228,178,0.0000
1773894385.802,0.4477,0.2514,0.1963,0.0000,0.0020,0.0636,0.0000,0.5190,0.5190,178,0.0000
1773894386.002,0.4466,0.2510,0.1956,0.0000,0.0014,0.0624,0.0000,0.5124,0.5124,176,0.0000
1773894386.202,0.4456,0.2507,0.1949,0.0000,0.0010,0.0613,0.0000,0.5042,0.5042,175,0.0000
1773894386.403,0.4448,0.2505,0.1943,0.0000,0.0007,0.0605,0.0000,0.4949,0.4949,174,0.0000
1773894386.603,0.4442,0.2503,0.1939,0.0000,0.0005,0.0599,0.0000,0.4851,0.4851,172,0.0000
1773894386.803,0.4436,0.2502,0.1934,0.0000,0.0003,0.0593,0.0000,0.4754,0.4754,171,0.0000
1773894387.003,0.4431,0.2502,0.1930,0.0000,0.0002,0.0589,0.0000,0.4659,0.4659,169,0.0000
1773894387.204,0.4427,0.2501,0.1926,0.0000,0.0002,0.0586,0.0000,0.4569,0.4569,168,0.0000
1773894387.404,0.4423,0.2501,0.1922,0.0000,0.0001,0.0583,0.0000,0.4485,0.4485,166,0.0000
1773894387.604,0.4415,0.2501,0.1914,0.0000,0.0001,0.0580,0.0000,0.4406,0.4406,165,0.0000
1773894387.804,0.4413,0.2500,0.1913,0.0000,0.0001,0.0578,0.0000,0.4334,0.4334,164,0.0000
1773894388.004,0.4405,0.2500,0.1905,0.0000,0.0000,0.0576,0.0000,0.4266,0.4266,163,0.0000
1773894388.204,0.4496,0.2596,0.1900,0.0000,0.0137,0.0622,0.0000,0.4310,0.4310,163,0.0000
1773894388.405,0.4670,0.2749,0.1920,0.0000,0.0356,0.0730,0.0000,0.4596,0.4596,168,0.0000
1773894388.605,0.4819,0.2831,0.1988,0.0000,0.0473,0.0849,0.0000,0.5096,0.5096,176,0.0000
1773894388.805,0.4944,0.2863,0.2081,0.0000,0.0519,0.0952,0.0000,0.5596,0.5596,184,0.0000
1773894389.005,0.5051,0.2867,0.2184,0.0000,0.0524,0.1031,0.0000,0.6096,0.6096,192,0.0000
1773894389.206,0.5184,0.2896,0.2288,0.0000,0.0566,0.1109,0.0000,0.6596,0.6596,200,0.0000
1773894389.406,0.5291,0.2890,0.2401,0.0000,0.0556,0.1168,0.0000,0.7096,0.7096,208,0.0000
1773894389.606,0.5381,0.2868,0.2513,0.0000,0.0526,0.1207,0.0000,0.7596,0.7596,216,0.0000
1773894389.806,0.5465,0.2845,0.2620,0.0000,0.0493,0.1232,0.0000,0.8096,0.8096,224,0.0000
1773894390.007,0.5536,0.2817,0.2720,0.0000,0.0453,0.1245,0.0000,0.8596,0.8596,232,0.0000
1773894390.207,0.5597,0.2786,0.2812,0.0000,0.0408,0.1247,0.0000,0.9096,0.9096,240,0.0000
1773894390.407,0.5649,0.2754,0.2895,0.0000,0.0363,0.1242,0.0000,0.9596,0.9596,248,0.0000
1773894390.607,0.5694,0.2725,0.2969,0.0000,0.0322,0.1232,0.0000,1.0000,1.0000,255,0.0000
1773894390.808,0.5733,0.2698,0.3034,0.0000,0.0283,0.1218,0.0000,1.0000,1.0000,255,0.0000
1773894391.008,0.5763,0.2671,0.3092,0.0000,0.0244,0.1202,0.0000,1.0000,1.0000,255,0.0000
1773894391.208,0.5759,0.2620,0.3139,0.0000,0.0171,0.1171,0.0000,1.0000,1.0000,255,0.0000
1773894391.408,0.5747,0.2584,0.3163,0.0000,0.0120,0.1110,0.0000,1.0000,1.0000,255,0.0000
1773894391.609,0.5737,0.2559,0.3178,0.0000,0.0084,0.1084,0.0000,1.0000,1.0000,255,0.0000
1773894391.809,0.5725,0.2541,0.3183,0.0000,0.0059,0.1060,0.0000,1.0000,1.0000,255,0.0000
1773894392.009,0.5618,0.2529,0.3089,0.0000,0.0041,0.1027,0.0000,1.0000,1.0000,255,0.0000
1773894392.209,0.5527,0.2520,0.3007,0.0000,0.0029,0.0994,0.0000,1.0000,1.0000,255,0.0000
1773894392.410,0.5450,0.2514,0.2936,0.0000,0.0020,0.0961,0.0000,1.0000,1.0000,255,0.0000
1773894392.610,0.5517,0.2580,0.2936,0.0000,0.0114,0.0973,0.0000,1.0000,1.0000,255,0.0000
1773894392.810,0.5573,0.2616,0.2958,0.0000,0.0165,0.1001,0.0000,1.0000,1.0000,255,0.0000
1773894393.010,0.5482,0.2581,0.2901,0.0000,0.0116,0.0996,0.0000,1.0000,1.0000,255,0.0000
1773894393.211,0.5315,0.2557,0.2759,0.0000,0.0081,0.0965,0.0000,1.0000,1.0000,255,0.0000
1773894393.411,0.5173,0.2540,0.2634,0.0000,0.0057,0.0894,0.0000,0.9909,0.9909,253,0.0000
1773894393.611,0.5052,0.2528,0.2525,0.0000,0.0040,0.0860,0.0000,0.9750,0.9750,250,0.0000
1773894393.811,0.4950,0.2519,0.2430,0.0000,0.0028,0.0798,0.0000,0.9467,0.9467,246,0.0000
1773894394.012,0.4862,0.2514,0.2349,0.0000,0.0019,0.0772,0.0000,0.9153,0.9153,241,0.0000
1773894394.212,0.4788,0.2510,0.2279,0.0000,0.0014,0.0746,0.0000,0.8816,0.8816,236,0.0000
1773894394.412,0.4725,0.2507,0.2219,0.0000,0.0010,0.0721,0.0000,0.8463,0.8463,230,0.0000
1773894394.612,0.4672,0.2505,0.2168,0.0000,0.0007,0.0699,0.0000,0.8103,0.8103,224,0.0000
1773894394.813,0.4632,0.2503,0.2128,0.0000,0.0005,0.0679,0.0000,0.7746,0.7746,218,0.0000
1773894395.013,0.4597,0.2502,0.2095,0.0000,0.0003,0.0663,0.0000,0.7397,0.7397,213,0.0000
1773894395.213,0.4568,0.2502,0.2066,0.0000,0.0002,0.0649,0.0000,0.7063,0.7063,208,0.0000
1773894395.413,0.4589,0.2523,0.2066,0.0000,0.0033,0.0650,0.0000,0.6776,0.6776,203,0.0000
1773894395.614,0.4652,0.2583,0.2070,0.0000,0.0118,0.0681,0.0000,0.6599,0.6599,200,0.0000
1773894395.814,0.4801,0.2714,0.2087,0.0000,0.0306,0.0769,0.0000,0.6648,0.6648,201,0.0000
1773894396.014,0.4959,0.2815,0.2143,0.0000,0.0450,0.0882,0.0000,0.6959,0.6959,206,0.0000
1773894396.215,0.5092,0.2861,0.2231,0.0000,0.0516,0.0988,0.0000,0.7459,0.7459,214,0.0000
1773894396.415,0.5208,0.2874,0.2334,0.0000,0.0535,0.1075,0.0000,0.7959,0.7959,222,0.0000
1773894396.615,0.5311,0.2870,0.2441,0.0000,0.0529,0.1140,0.0000,0.8459,0.8459,230,0.0000
1773894396.815,0.5399,0.2851,0.2548,0.0000,0.0502,0.1184,0.0000,0.8959,0.8959,238,0.0000
1773894397.016,0.5473,0.2824,0.2649,0.0000,0.0463,0.1210,0.0000,0.9459,0.9459,246,0.0000
1773894397.216,0.5308,0.2727,0.2581,0.0000,0.0324,0.1143,0.0000,0.9959,0.9959,254,0.0000
1773894397.416,0.5431,0.2788,0.2643,0.0000,0.0411,0.1164,0.0000,1.0000,1.0000,255,0.0000
1773894397.616,0.5535,0.2811,0.2724,0.0000,0.0445,0.1198,0.0000,1.0000,1.0000,255,0.0000
1773894397.817,0.5360,0.2718,0.2642,0.0000,0.0311,0.1165,0.0000,1.0000,1.0000,255,0.0000
1773894398.017,0.5211,0.2652,0.2559,0.0000,0.0218,0.1057,0.0000,1.0000,1.0000,255,0.0000
1773894398.217,0.5083,0.2607,0.2477,0.0000,0.0152,0.0960,0.0000,1.0000,1.0000,255,0.0000
1773894398.417,0.4975,0.2575,0.2400,0.0000,0.0107,0.0880,0.0000,0.9879,0.9879,253,0.0000
1773894398.618,0.4883,0.2552,0.2330,0.0000,0.0075,0.0816,0.0000,0.9625,0.9625,249,0.0000
1773894398.818,0.4805,0.2537,0.2269,0.0000,0.0052,0.0787,0.0000,0.9328,0.9328,244,0.0000
1773894399.018,0.4751,0.2526,0.2226,0.0000,0.0037,0.0758,0.0000,0.8997,0.8997,238,0.0000
1773894399.218,0.4705,0.2518,0.2187,0.0000,0.0026,0.0731,0.0000,0.8645,0.8645,233,0.0000
1773894399.419,0.4700,0.2513,0.2187,0.0000,0.0018,0.0711,0.0000,0.8291,0.8291,227,0.0000
1773894399.619,0.4695,0.2509,0.2186,0.0000,0.0013,0.0696,0.0000,0.7947,0.7947,222,0.0000
1773894399.819,0.4743,0.2556,0.2187,0.0000,0.0080,0.0710,0.0000,0.7679,0.7679,217,0.0000
1773894400.019,0.4784,0.2583,0.2201,0.0000,0.0118,0.0734,0.0000,0.7504,0.7504,215,0.0000
1773894400.220,0.4818,0.2594,0.2224,0.0000,0.0134,0.0758,0.0000,0.7411,0.7411,213,0.0000
1773894400.420,0.4849,0.2597,0.2251,0.0000,0.0139,0.0778,0.0000,0.7382,0.7382,213,0.0000
1773894400.620,0.4873,0.2594,0.2279,0.0000,0.0134,0.0792,0.0000,0.7396,0.7396,213,0.0000
1773894400.820,0.4791,0.2566,0.2225,0.0000,0.0094,0.0781,0.0000,0.7390,0.7390,213,0.0000
1773894401.021,0.4721,0.2546,0.2175,0.0000,0.0066,0.0759,0.0000,0.7337,0.7337,212,0.0000
1773894401.221,0.4662,0.2532,0.2129,0.0000,0.0046,0.0733,0.0000,0.7232,0.7232,210,0.0000
1773894401.421,0.4611,0.2523,0.2089,0.0000,0.0032,0.0707,0.0000,0.7079,0.7079,208,0.0000
1773894401.621,0.4568,0.2516,0.2052,0.0000,0.0023,0.0683,0.0000,0.6887,0.6887,205,0.0000
1773894401.822,0.4532,0.2511,0.2021,0.0000,0.0016,0.0662,0.0000,0.6669,0.6669,201,0.0000
1773894402.022,0.4501,0.2508,0.1993,0.0000,0.0011,0.0643,0.0000,0.6435,0.6435,197,0.0000
1773894402.222,0.4474,0.2505,0.1969,0.0000,0.0008,0.0628,0.0000,0.6194,0.6194,194,0.0000
1773894402.422,0.4458,0.2504,0.1955,0.0000,0.0005,0.0615,0.0000,0.5955,0.5955,190,0.0000
1773894402.623,0.4444,0.2503,0.1941,0.0000,0.0004,0.0605,0.0000,0.5724,0.5724,186,0.0000
1773894402.823,0.4426,0.2502,0.1924,0.0000,0.0003,0.0596,0.0000,0.5503,0.5503,183,0.0000
1773894403.023,0.4411,0.2501,0.1909,0.0000,0.0002,0.0589,0.0000,0.5296,0.5296,179,0.0000
1773894403.223,0.4398,0.2501,0.1897,0.0000,0.0001,0.0582,0.0000,0.5103,0.5103,176,0.0000
1773894403.424,0.4438,0.2543,0.1895,0.0000,0.0062,0.0599,0.0000,0.4973,0.4973,174,0.0000
1773894403.624,0.4639,0.2741,0.1898,0.0000,0.0344,0.0709,0.0000,0.5109,0.5109,176,0.0000
1773894403.824,0.4815,0.2853,0.1962,0.0000,0.0504,0.0843,0.0000,0.5542,0.5542,183,0.0000
1773894404.024,0.4970,0.2911,0.2060,0.0000,0.0587,0.0970,0.0000,0.6042,0.6042,191,0.0000
1773894404.225,0.5096,0.2920,0.2177,0.0000,0.0599,0.1069,0.0000,0.6542,0.6542,199,0.0000
1773894404.425,0.5083,0.2794,0.2290,0.0000,0.0420,0.1082,0.0000,0.7042,0.7042,207,0.0000
1773894404.625,0.5021,0.2706,0.2316,0.0000,0.0294,0.1049,0.0000,0.7542,0.7542,215,0.0000
1773894404.825,0.4967,0.2644,0.2323,0.0000,0.0206,0.0961,0.0000,0.7972,0.7972,222,0.0000
1773894405.026,0.4921,0.2601,0.2320,0.0000,0.0144,0.0888,0.0000,0.8182,0.8182,225,0.0000
1773894405.226,0.4883,0.2571,0.2313,0.0000,0.0101,0.0856,0.0000,0.8276,0.8276,227,0.0000
1773894405.426,0.4851,0.2549,0.2301,0.0000,0.0071,0.0822,0.0000,0.8272,0.8272,227,0.0000
1773894405.626,0.4823,0.2535,0.2289,0.0000,0.0049,0.0792,0.0000,0.8189,0.8189,226,0.0000
1773894405.827,0.4794,0.2524,0.2270,0.0000,0.0035,0.0765,0.0000,0.8047,0.8047,223,0.0000
1773894406.027,0.4768,0.2517,0.2252,0.0000,0.0024,0.0742,0.0000,0.7865,0.7865,220,0.0000
1773894406.227,0.4752,0.2512,0.2240,0.0000,0.0017,0.0724,0.0000,0.7660,0.7660,217,0.0000
1773894406.427,0.4695,0.2508,0.2186,0.0000,0.0012,0.0704,0.0000,0.7433,0.7433,213,0.0000
1773894406.628,0.4691,0.2506,0.2185,0.0000,0.0008,0.0690,0.0000,0.7202,0.7202,210,0.0000
1773894406.828,0.4687,0.2504,0.2183,0.0000,0.0006,0.0680,0.0000,0.6976,0.6976,206,0.0000
1773894407.028,0.4702,0.2519,0.2184,0.0000,0.0027,0.0681,0.0000,0.6782,0.6782,203,0.0000
1773894407.228,0.4705,0.2516,0.2189,0.0000,0.0023,0.0680,0.0000,0.6613,0.6613,200,0.0000
1773894407.429,0.4707,0.2513,0.2194,0.0000,0.0019,0.0679,0.0000,0.6466,0.6466,198,0.0000
1773894407.629,0.4656,0.2509,0.2147,0.0000,0.0013,0.0672,0.0000,0.6324,0.6324,196,0.0000
1773894407.829,0.4612,0.2507,0.2105,0.0000,0.0009,0.0661,0.0000,0.6178,0.6178,193,0.0000
1773894408.029,0.4574,0.2505,0.2069,0.0000,0.0007,0.0649,0.0000,0.6025,0.6025,191,0.0000
1773894408.230,0.4555,0.2503,0.2051,0.0000,0.0005,0.0639,0.0000,0.5870,0.5870,188,0.0000
1773894408.430,0.4543,0.2502,0.2041,0.0000,0.0003,0.0631,0.0000,0.5716,0.5716,186,0.0000
1773894408.630,0.4540,0.2502,0.2038,0.0000,0.0002,0.0625,0.0000,0.5569,0.5569,184,0.0000
1773894408.831,0.4537,0.2501,0.2036,0.0000,0.0002,0.0620,0.0000,0.5432,0.5432,181,0.0000
1773894409.031,0.4538,0.2501,0.2036,0.0000,0.0002,0.0618,0.0000,0.5307,0.5307,179,0.0000
1773894409.231,0.4538,0.2501,0.2037,0.0000,0.0001,0.0616,0.0000,0.5195,0.5195,178,0.0000
1773894409.431,0.4512,0.2501,0.2011,0.0000,0.0001,0.0612,0.0000,0.5091,0.5091,176,0.0000
1773894409.632,0.4489,0.2500,0.1989,0.0000,0.0001,0.0607,0.0000,0.4989,0.4989,174,0.0000
1773894409.832,0.4465,0.2500,0.1965,0.0000,0.0000,0.0601,0.0000,0.4888,0.4888,173,0.0000
1773894410.032,0.4449,0.2500,0.1949,0.0000,0.0000,0.0595,0.0000,0.4789,0.4789,171,0.0000
1773894410.233,0.4436,0.2500,0.1935,0.0000,0.0000,0.0590,0.0000,0.4691,0.4691,170,0.0000
1773894410.433,0.4428,0.2500,0.1928,0.0000,0.0000,0.0586,0.0000,0.4598,0.4598,168,0.0000
1773894410.633,0.4420,0.2500,0.1920,0.0000,0.0000,0.0583,0.0000,0.4509,0.4509,167,0.0000
1773894410.833,0.4402,0.2500,0.1902,0.0000,0.0000,0.0578,0.0000,0.4422,0.4422,165,0.0000
1773894411.033,0.4378,0.2500,0.1878,0.0000,0.0000,0.0573,0.0000,0.4336,0.4336,164,0.0000
1773894411.234,0.4363,0.2500,0.1863,0.0000,0.0000,0.0568,0.0000,0.4250,0.4250,162,0.0000
1773894411.434,0.4338,0.2500,0.1838,0.0000,0.0000,0.0562,0.0000,0.4162,0.4162,161,0.0000
1773894411.634,0.4330,0.2500,0.1830,0.0000,0.0000,0.0558,0.0000,0.4076,0.4076,160,0.0000
1773894411.834,0.4317,0.2500,0.1817,0.0000,0.0000,0.0553,0.0000,0.3991,0.3991,158,0.0000
1773894412.035,0.4305,0.2500,0.1805,0.0000,0.0000,0.0549,0.0000,0.3907,0.3907,157,0.0000
1773894412.235,0.4288,0.2500,0.1788,0.0000,0.0000,0.0545,0.0000,0.3825,0.3825,156,0.0000
1773894412.435,0.4273,0.2500,0.1773,0.0000,0.0000,0.0540,0.0000,0.3744,0.3744,154,0.0000
1773894412.635,0.4260,0.2500,0.1760,0.0000,0.0000,0.0536,0.0000,0.3664,0.3664,153,0.0000
1773894412.836,0.4261,0.2501,0.1760,0.0000,0.0001,0.0534,0.0000,0.3590,0.3590,152,0.0000
1773894413.036,0.4265,0.2505,0.1760,0.0000,0.0007,0.0534,0.0000,0.3527,0.3527,151,0.0000
1773894413.236,0.4268,0.2506,0.1762,0.0000,0.0009,0.0535,0.0000,0.3475,0.3475,150,0.0000
1773894413.436,0.4257,0.2504,0.1753,0.0000,0.0006,0.0534,0.0000,0.3429,0.3429,149,0.0000
1773894413.637,0.4240,0.2503,0.1737,0.0000,0.0004,0.0531,0.0000,0.3383,0.3383,149,0.0000
1773894413.837,0.4216,0.2502,0.1714,0.0000,0.0003,0.0526,0.0000,0.3332,0.3332,148,0.0000
1773894414.037,0.4188,0.2501,0.1687,0.0000,0.0002,0.0520,0.0000,0.3273,0.3273,147,0.0000
1773894414.237,0.4165,0.2501,0.1664,0.0000,0.0001,0.0513,0.0000,0.3207,0.3207,146,0.0000
1773894414.438,0.4141,0.2501,0.1641,0.0000,0.0001,0.0506,0.0000,0.3133,0.3133,145,0.0000
1773894414.638,0.4121,0.2501,0.1621,0.0000,0.0001,0.0499,0.0000,0.3053,0.3053,143,0.0000
1773894414.838,0.4104,0.2500,0.1604,0.0000,0.0001,0.0493,0.0000,0.2969,0.2969,142,0.0000
1773894415.038,0.4090,0.2500,0.1589,0.0000,0.0000,0.0488,0.0000,0.2883,0.2883,141,0.0000
1773894415.238,0.4063,0.2500,0.1563,0.0000,0.0000,0.0481,0.0000,0.2794,0.2794,139,0.0000
1773894415.439,0.4034,0.2500,0.1534,0.0000,0.0000,0.0474,0.0000,0.2699,0.2699,138,0.0000
1773894415.639,0.3999,0.2500,0.1499,0.0000,0.0000,0.0465,0.0000,0.2598,0.2598,136,0.0000
1773894415.839,0.3958,0.2500,0.1458,0.0000,0.0000,0.0456,0.0000,0.2488,0.2488,134,0.0000
1773894416.039,0.3906,0.2500,0.1406,0.0000,0.0000,0.0444,0.0000,0.2364,0.2364,132,0.0000
1773894416.240,0.3851,0.2500,0.1351,0.0000,0.0000,0.0430,0.0000,0.2226,0.2226,130,0.0000
1773894416.440,0.3788,0.2500,0.1288,0.0000,0.0000,0.0415,0.0000,0.2071,0.2071,128,0.0000
1773894416.640,0.3723,0.2500,0.1223,0.0000,0.0000,0.0398,0.0000,0.1896,0.1896,125,0.0000
1773894416.841,0.3664,0.2500,0.1164,0.0000,0.0000,0.0381,0.0000,0.1705,0.1705,122,0.0000
1773894417.041,0.3602,0.2500,0.1102,0.0000,0.0000,0.0363,0.0000,0.1498,0.1498,118,0.0000
1773894417.241,0.3550,0.2500,0.1050,0.0000,0.0000,0.0346,0.0000,0.1278,0.1278,115,0.0000
1773894417.441,0.3505,0.2500,0.1005,0.0000,0.0000,0.0331,0.0000,0.1050,0.1050,111,0.0000
1773894417.642,0.3467,0.2500,0.0967,0.0000,0.0000,0.0317,0.0000,0.0820,0.0820,108,0.0000
1773894417.842,0.3416,0.2500,0.0916,0.0000,0.0000,0.0302,0.0000,0.0586,0.0586,104,0.0000
1773894418.042,0.3367,0.2500,0.0867,0.0000,0.0000,0.0287,0.0000,0.0350,0.0350,100,0.0000
1773894418.242,0.3322,0.2500,0.0822,0.0000,0.0000,0.0273,0.0000,0.0112,0.0112,0,0.0000
1773894418.443,0.3284,0.2500,0.0784,0.0000,0.0000,0.0260,0.0000,0.0000,0.0000,0,0.0000
1773894418.643,0.3264,0.2500,0.0764,0.0000,0.0000,0.0249,0.0000,0.0000,0.0000,0,0.0000
1773894418.843,0.3314,0.2552,0.0762,0.0000,0.0075,0.0268,0.0000,0.0000,0.0000,0,0.0000
1773894419.044,0.3398,0.2624,0.0773,0.0000,0.0178,0.0318,0.0000,0.0000,0.0000,0,0.0000
1773894419.244,0.3535,0.2732,0.0804,0.0000,0.0331,0.0407,0.0000,0.0128,0.0128,0,0.0000
1773894419.444,0.3659,0.2792,0.0867,0.0000,0.0417,0.0501,0.0000,0.0458,0.0458,95,0.0000
1773894419.644,0.3770,0.2821,0.0949,0.0000,0.0459,0.0586,0.0000,0.0948,0.0948,103,0.0000
1773894419.845,0.3865,0.2824,0.1041,0.0000,0.0463,0.0653,0.0000,0.1448,0.1448,111,0.0000
1773894420.045,0.3939,0.2805,0.1134,0.0000,0.0436,0.0696,0.0000,0.1948,0.1948,119,0.0000
1773894420.245,0.4002,0.2780,0.1223,0.0000,0.0400,0.0720,0.0000,0.2448,0.2448,127,0.0000
1773894420.445,0.4056,0.2752,0.1304,0.0000,0.0360,0.0731,0.0000,0.2948,0.2948,135,0.0000
1773894420.646,0.4101,0.2724,0.1377,0.0000,0.0320,0.0732,0.0000,0.3448,0.3448,143,0.0000
1773894420.846,0.4140,0.2698,0.1442,0.0000,0.0282,0.0726,0.0000,0.3890,0.3890,151,0.0000
1773894421.046,0.4173,0.2673,0.1500,0.0000,0.0247,0.0716,0.0000,0.4249,0.4249,159,0.0000
1773894421.246,0.4201,0.2650,0.1550,0.0000,0.0215,0.0703,0.0000,0.4526,0.4526,167,0.0000
1773894421.447,0.4225,0.2630,0.1594,0.0000,0.0186,0.0690,0.0000,0.4730,0.4730,170,0.0000
1773894421.647,0.4245,0.2612,0.1632,0.0000,0.0161,0.0676,0.0000,0.4869,0.4869,172,0.0000
1773894421.847,0.4263,0.2598,0.1665,0.0000,0.0140,0.0663,0.0000,0.4955,0.4955,174,0.0000
1773894422.047,0.4278,0.2584,0.1694,0.0000,0.0120,0.0651,0.0000,0.4995,0.4995,174,0.0000
1773894422.248,0.4291,0.2573,0.1718,0.0000,0.0104,0.0640,0.0000,0.5001,0.5001,175,0.0000
1773894422.448,0.4308,0.2569,0.1739,0.0000,0.0098,0.0633,0.0000,0.4985,0.4985,174,0.0000
1773894422.648,0.4322,0.2563,0.1759,0.0000,0.0090,0.0627,0.0000,0.4957,0.4957,174,0.0000
1773894422.848,0.4328,0.2550,0.1778,0.0000,0.0071,0.0619,0.0000,0.4912,0.4912,173,0.0000
1773894423.049,0.4332,0.2540,0.1793,0.0000,0.0057,0.0611,0.0000,0.4851,0.4851,172,0.0000
1773894423.249,0.4336,0.2532,0.1804,0.0000,0.0046,0.0603,0.0000,0.4779,0.4779,171,0.0000
1773894423.449,0.4335,0.2523,0.1812,0.0000,0.0032,0.0593,0.0000,0.4694,0.4694,170,0.0000
1773894423.649,0.4333,0.2516,0.1818,0.0000,0.0023,0.0584,0.0000,0.4598,0.4598,168,0.0000
1773894423.850,0.4332,0.2511,0.1821,0.0000,0.0016,0.0577,0.0000,0.4497,0.4497,166,0.0000
1773894424.050,0.4331,0.2508,0.1823,0.0000,0.0011,0.0570,0.0000,0.4393,0.4393,165,0.0000
1773894424.250,0.4330,0.2505,0.1825,0.0000,0.0008,0.0565,0.0000,0.4291,0.4291,163,0.0000
1773894424.450,0.4329,0.2504,0.1826,0.0000,0.0005,0.0561,0.0000,0.4193,0.4193,162,0.0000
1773894424.650,0.4329,0.2503,0.1826,0.0000,0.0004,0.0558,0.0000,0.4101,0.4101,160,0.0000
1773894424.851,0.4328,0.2502,0.1826,0.0000,0.0003,0.0555,0.0000,0.4015,0.4015,159,0.0000
1773894425.051,0.4328,0.2501,0.1826,0.0000,0.0002,0.0553,0.0000,0.3938,0.3938,158,0.0000
1773894425.251,0.4327,0.2501,0.1826,0.0000,0.0001,0.0552,0.0000,0.3868,0.3868,156,0.0000
1773894425.451,0.4327,0.2501,0.1826,0.0000,0.0001,0.0551,0.0000,0.3805,0.3805,155,0.0000
1773894425.652,0.4327,0.2500,0.1826,0.0000,0.0001,0.0550,0.0000,0.3750,0.3750,155,0.0000
1773894425.852,0.4326,0.2500,0.1826,0.0000,0.0000,0.0549,0.0000,0.3701,0.3701,154,0.0000
1773894426.052,0.4422,0.2600,0.1821,0.0000,0.0143,0.0598,0.0000,0.3769,0.3769,155,0.0000
1773894426.252,0.4510,0.2663,0.1847,0.0000,0.0233,0.0664,0.0000,0.3980,0.3980,158,0.0000
1773894426.453,0.4578,0.2685,0.1893,0.0000,0.0264,0.0723,0.0000,0.4307,0.4307,163,0.0000
1773894426.653,0.4546,0.2629,0.1917,0.0000,0.0185,0.0736,0.0000,0.4631,0.4631,169,0.0000
1773894426.853,0.4518,0.2591,0.1927,0.0000,0.0129,0.0726,0.0000,0.4897,0.4897,173,0.0000
1773894427.053,0.4489,0.2563,0.1926,0.0000,0.0091,0.0706,0.0000,0.5082,0.5082,176,0.0000
1773894427.254,0.4464,0.2544,0.1920,0.0000,0.0063,0.0683,0.0000,0.5186,0.5186,177,0.0000
1773894427.454,0.4443,0.2531,0.1912,0.0000,0.0044,0.0660,0.0000,0.5219,0.5219,178,0.0000
1773894427.654,0.4425,0.2522,0.1903,0.0000,0.0031,0.0640,0.0000,0.5195,0.5195,178,0.0000
1773894427.855,0.4410,0.2515,0.1895,0.0000,0.0022,0.0622,0.0000,0.5130,0.5130,177,0.0000
1773894428.055,0.4397,0.2511,0.1887,0.0000,0.0015,0.0608,0.0000,0.5036,0.5036,175,0.0000
1773894428.255,0.4386,0.2507,0.1879,0.0000,0.0011,0.0596,0.0000,0.4923,0.4923,173,0.0000
1773894428.455,0.4377,0.2505,0.1872,0.0000,0.0007,0.0587,0.0000,0.4802,0.4802,171,0.0000
1773894428.656,0.4369,0.2504,0.1865,0.0000,0.0005,0.0579,0.0000,0.4677,0.4677,169,0.0000
1773894428.856,0.4362,0.2503,0.1860,0.0000,0.0004,0.0573,0.0000,0.4554,0.4554,167,0.0000
1773894429.056,0.4357,0.2502,0.1855,0.0000,0.0003,0.0568,0.0000,0.4436,0.4436,165,0.0000
1773894429.257,0.4352,0.2501,0.1851,0.0000,0.0002,0.0564,0.0000,0.4324,0.4324,164,0.0000
1773894429.457,0.4348,0.2501,0.1847,0.0000,0.0001,0.0561,0.0000,0.4221,0.4221,162,0.0000
1773894429.657,0.4344,0.2501,0.1844,0.0000,0.0001,0.0559,0.0000,0.4127,0.4127,161,0.0000
1773894429.857,0.4341,0.2500,0.1841,0.0000,0.0001,0.0557,0.0000,0.4041,0.4041,159,0.0000
1773894430.058,0.4339,0.2500,0.1838,0.0000,0.0000,0.0555,0.0000,0.3963,0.3963,158,0.0000
1773894430.258,0.4337,0.2500,0.1836,0.0000,0.0000,0.0554,0.0000,0.3894,0.3894,157,0.0000
1773894430.458,0.4340,0.2504,0.1836,0.0000,0.0005,0.0555,0.0000,0.3836,0.3836,156,0.0000
1773894430.658,0.4343,0.2506,0.1837,0.0000,0.0008,0.0556,0.0000,0.3791,0.3791,155,0.0000
1773894430.859,0.4345,0.2507,0.1839,0.0000,0.0009,0.0558,0.0000,0.3757,0.3757,155,0.0000
1773894431.059,0.4348,0.2507,0.1841,0.0000,0.0010,0.0560,0.0000,0.3732,0.3732,154,0.0000
1773894431.259,0.4351,0.2508,0.1843,0.0000,0.0012,0.0561,0.0000,0.3715,0.3715,154,0.0000
1773894431.459,0.4352,0.2507,0.1845,0.0000,0.0010,0.0562,0.0000,0.3703,0.3703,154,0.0000
1773894431.660,0.4353,0.2506,0.1847,0.0000,0.0008,0.0562,0.0000,0.3693,0.3693,154,0.0000
1773894431.860,0.4355,0.2506,0.1849,0.0000,0.0009,0.0563,0.0000,0.3687,0.3687,153,0.0000
1773894432.060,0.4363,0.2513,0.1850,0.0000,0.0019,0.0567,0.0000,0.3690,0.3690,154,0.0000
1773894432.260,0.4453,0.2603,0.1850,0.0000,0.0147,0.0614,0.0000,0.3799,0.3799,155,0.0000
1773894432.461,0.4529,0.2652,0.1877,0.0000,0.0217,0.0672,0.0000,0.4030,0.4030,159,0.0000
1773894432.661,0.4594,0.2674,0.1919,0.0000,0.0249,0.0726,0.0000,0.4359,0.4359,164,0.0000
1773894432.861,0.4649,0.2680,0.1969,0.0000,0.0257,0.0768,0.0000,0.4750,0.4750,171,0.0000
1773894433.062,0.4607,0.2626,0.1981,0.0000,0.0180,0.0770,0.0000,0.5103,0.5103,176,0.0000
1773894433.262,0.4570,0.2588,0.1982,0.0000,0.0126,0.0753,0.0000,0.5373,0.5373,180,0.0000
1773894433.462,0.4539,0.2562,0.1978,0.0000,0.0088,0.0728,0.0000,0.5547,0.5547,183,0.0000
1773894433.662,0.4519,0.2543,0.1976,0.0000,0.0062,0.0702,0.0000,0.5635,0.5635,185,0.0000
1773894433.863,0.4501,0.2530,0.1971,0.0000,0.0043,0.0678,0.0000,0.5650,0.5650,185,0.0000
1773894434.063,0.4475,0.2521,0.1954,0.0000,0.0030,0.0657,0.0000,0.5607,0.5607,184,0.0000
1773894434.263,0.4453,0.2515,0.1938,0.0000,0.0021,0.0638,0.0000,0.5521,0.5521,183,0.0000
1773894434.463,0.4434,0.2510,0.1923,0.0000,0.0015,0.0622,0.0000,0.5404,0.5404,181,0.0000
1773894434.663,0.4417,0.2507,0.1910,0.0000,0.0010,0.0608,0.0000,0.5268,0.5268,179,0.0000
1773894434.864,0.4403,0.2505,0.1898,0.0000,0.0007,0.0597,0.0000,0.5123,0.5123,176,0.0000
1773894435.064,0.4392,0.2504,0.1888,0.0000,0.0005,0.0588,0.0000,0.4974,0.4974,174,0.0000
1773894435.264,0.4382,0.2502,0.1879,0.0000,0.0004,0.0581,0.0000,0.4828,0.4828,172,0.0000
1773894435.465,0.4373,0.2502,0.1871,0.0000,0.0002,0.0575,0.0000,0.4687,0.4687,169,0.0000
1773894435.665,0.4409,0.2539,0.1870,0.0000,0.0056,0.0590,0.0000,0.4597,0.4597,168,0.0000
1773894435.865,0.4441,0.2560,0.1880,0.0000,0.0086,0.0611,0.0000,0.4569,0.4569,168,0.0000
1773894436.065,0.4467,0.2570,0.1897,0.0000,0.0100,0.0631,0.0000,0.4595,0.4595,168,0.0000
1773894436.266,0.4446,0.2549,0.1897,0.0000,0.0070,0.0634,0.0000,0.4629,0.4629,169,0.0000
1773894436.466,0.4428,0.2534,0.1893,0.0000,0.0049,0.0628,0.0000,0.4648,0.4648,169,0.0000
1773894436.666,0.4412,0.2524,0.1888,0.0000,0.0034,0.0618,0.0000,0.4644,0.4644,169,0.0000
1773894436.866,0.4444,0.2550,0.1894,0.0000,0.0072,0.0626,0.0000,0.4656,0.4656,169,0.0000
1773894437.067,0.4472,0.2564,0.1908,0.0000,0.0092,0.0639,0.0000,0.4696,0.4696,170,0.0000
1773894437.267,0.4455,0.2545,0.1910,0.0000,0.0064,0.0638,0.0000,0.4731,0.4731,170,0.0000
1773894437.467,0.4441,0.2531,0.1909,0.0000,0.0045,0.0631,0.0000,0.4746,0.4746,170,0.0000
1773894437.667,0.4526,0.2612,0.1914,0.0000,0.0160,0.0667,0.0000,0.4838,0.4838,172,0.0000
1773894437.868,0.4599,0.2655,0.1944,0.0000,0.0222,0.0715,0.0000,0.5029,0.5029,175,0.0000
1773894438.068,0.4662,0.2675,0.1988,0.0000,0.0250,0.0761,0.0000,0.5304,0.5304,179,0.0000
1773894438.268,0.4715,0.2677,0.2037,0.0000,0.0253,0.0797,0.0000,0.5633,0.5633,185,0.0000
1773894438.468,0.4663,0.2624,0.2039,0.0000,0.0177,0.0794,0.0000,0.5918,0.5918,189,0.0000
1773894438.669,0.4618,0.2587,0.2031,0.0000,0.0124,0.0773,0.0000,0.6120,0.6120,192,0.0000
1773894438.869,0.4579,0.2561,0.2018,0.0000,0.0087,0.0745,0.0000,0.6228,0.6228,194,0.0000
1773894439.069,0.4546,0.2543,0.2003,0.0000,0.0061,0.0716,0.0000,0.6251,0.6251,195,0.0000
1773894439.270,0.4519,0.2530,0.1989,0.0000,0.0043,0.0689,0.0000,0.6202,0.6202,194,0.0000
1773894439.470,0.4497,0.2521,0.1976,0.0000,0.0030,0.0666,0.0000,0.6100,0.6100,192,0.0000
1773894439.670,0.4521,0.2540,0.1981,0.0000,0.0058,0.0661,0.0000,0.5994,0.5994,190,0.0000
1773894439.870,0.4542,0.2550,0.1992,0.0000,0.0071,0.0664,0.0000,0.5905,0.5905,189,0.0000
1773894440.071,0.4612,0.2609,0.2003,0.0000,0.0156,0.0696,0.0000,0.5899,0.5899,189,0.0000
1773894440.271,0.4672,0.2639,0.2033,0.0000,0.0199,0.0736,0.0000,0.5986,0.5986,190,0.0000
1773894440.471,0.4723,0.2651,0.2072,0.0000,0.0215,0.0771,0.0000,0.6148,0.6148,193,0.0000
1773894440.672,0.4766,0.2651,0.2115,0.0000,0.0216,0.0799,0.0000,0.6359,0.6359,196,0.0000
1773894440.872,0.4900,0.2746,0.2154,0.0000,0.0351,0.0868,0.0000,0.6702,0.6702,202,0.0000
1773894441.072,0.4865,0.2672,0.2193,0.0000,0.0246,0.0881,0.0000,0.7038,0.7038,207,0.0000
1773894441.272,0.4791,0.2620,0.2170,0.0000,0.0172,0.0861,0.0000,0.7291,0.7291,211,0.0000
1773894441.473,0.4727,0.2584,0.2143,0.0000,0.0120,0.0826,0.0000,0.7432,0.7432,213,0.0000
1773894441.673,0.4673,0.2559,0.2114,0.0000,0.0084,0.0762,0.0000,0.7403,0.7403,213,0.0000
1773894441.873,0.4665,0.2541,0.2124,0.0000,0.0059,0.0739,0.0000,0.7314,0.7314,212,0.0000
1773894442.073,0.4658,0.2529,0.2129,0.0000,0.0041,0.0718,0.0000,0.7181,0.7181,209,0.0000
1773894442.274,0.4608,0.2520,0.2088,0.0000,0.0029,0.0696,0.0000,0.7009,0.7009,207,0.0000
1773894442.474,0.4565,0.2514,0.2051,0.0000,0.0020,0.0675,0.0000,0.6807,0.6807,203,0.0000
1773894442.674,0.4536,0.2510,0.2026,0.0000,0.0014,0.0656,0.0000,0.6586,0.6586,200,0.0000
1773894442.874,0.4554,0.2526,0.2028,0.0000,0.0037,0.0653,0.0000,0.6383,0.6383,197,0.0000
1773894443.075,0.4571,0.2536,0.2035,0.0000,0.0052,0.0656,0.0000,0.6214,0.6214,194,0.0000
1773894443.275,0.4541,0.2525,0.2015,0.0000,0.0036,0.0651,0.0000,0.6056,0.6056,191,0.0000
1773894443.475,0.4515,0.2518,0.1997,0.0000,0.0025,0.0642,0.0000,0.5900,0.5900,189,0.0000
1773894443.676,0.4493,0.2512,0.1980,0.0000,0.0018,0.0631,0.0000,0.5743,0.5743,186,0.0000
1773894443.876,0.4474,0.2509,0.1966,0.0000,0.0012,0.0621,0.0000,0.5583,0.5583,184,0.0000
1773894444.076,0.4497,0.2530,0.1967,0.0000,0.0043,0.0625,0.0000,0.5454,0.5454,182,0.0000
1773894444.276,0.4515,0.2540,0.1975,0.0000,0.0057,0.0634,0.0000,0.5361,0.5361,180,0.0000
1773894444.477,0.4487,0.2528,0.1959,0.0000,0.0040,0.0631,0.0000,0.5279,0.5279,179,0.0000
1773894444.677,0.4462,0.2520,0.1943,0.0000,0.0028,0.0624,0.0000,0.5194,0.5194,178,0.0000
1773894444.877,0.4442,0.2514,0.1928,0.0000,0.0020,0.0615,0.0000,0.5100,0.5100,176,0.0000
1773894445.077,0.4424,0.2510,0.1915,0.0000,0.0014,0.0606,0.0000,0.4997,0.4997,174,0.0000
1773894445.278,0.4409,0.2507,0.1903,0.0000,0.0010,0.0597,0.0000,0.4887,0.4887,173,0.0000
1773894445.478,0.4441,0.2538,0.1903,0.0000,0.0055,0.0607,0.0000,0.4813,0.4813,172,0.0000
1773894445.678,0.4469,0.2556,0.1913,0.0000,0.0080,0.0623,0.0000,0.4788,0.4788,171,0.0000
1773894445.878,0.4492,0.2563,0.1929,0.0000,0.0091,0.0639,0.0000,0.4804,0.4804,171,0.0000
1773894446.079,0.4506,0.2559,0.1947,0.0000,0.0084,0.0649,0.0000,0.4845,0.4845,172,0.0000
1773894446.279,0.4517,0.2553,0.1964,0.0000,0.0076,0.0655,0.0000,0.4897,0.4897,173,0.0000
1773894446.479,0.4527,0.2547,0.1980,0.0000,0.0068,0.0657,0.0000,0.4948,0.4948,174,0.0000
1773894446.679,0.4537,0.2543,0.1993,0.0000,0.0062,0.0658,0.0000,0.4996,0.4996,174,0.0000
1773894446.880,0.4704,0.2706,0.1998,0.0000,0.0295,0.0741,0.0000,0.5222,0.5222,178,0.0000
1773894447.080,0.4848,0.2796,0.2053,0.0000,0.0422,0.0845,0.0000,0.5659,0.5659,185,0.0000
1773894447.280,0.4803,0.2707,0.2096,0.0000,0.0296,0.0873,0.0000,0.6119,0.6119,192,0.0000
1773894447.480,0.4759,0.2645,0.2114,0.0000,0.0207,0.0862,0.0000,0.6503,0.6503,199,0.0000
1773894447.681,0.4714,0.2601,0.2113,0.0000,0.0145,0.0833,0.0000,0.6772,0.6772,203,0.0000
1773894447.881,0.4677,0.2571,0.2106,0.0000,0.0101,0.0798,0.0000,0.6922,0.6922,205,0.0000
1773894448.081,0.4651,0.2550,0.2101,0.0000,0.0071,0.0764,0.0000,0.6968,0.6968,206,0.0000
1773894448.281,0.4629,0.2535,0.2095,0.0000,0.0050,0.0734,0.0000,0.6930,0.6930,205,0.0000
1773894448.482,0.4611,0.2524,0.2086,0.0000,0.0035,0.0708,0.0000,0.6831,0.6831,204,0.0000
1773894448.682,0.4588,0.2517,0.2071,0.0000,0.0024,0.0686,0.0000,0.6687,0.6687,201,0.0000
1773894448.882,0.4570,0.2512,0.2058,0.0000,0.0017,0.0668,0.0000,0.6516,0.6516,199,0.0000
1773894449.082,0.4553,0.2508,0.2045,0.0000,0.0012,0.0653,0.0000,0.6330,0.6330,196,0.0000
1773894449.283,0.4541,0.2506,0.2035,0.0000,0.0008,0.0641,0.0000,0.6138,0.6138,193,0.0000
1773894449.483,0.4531,0.2504,0.2026,0.0000,0.0006,0.0632,0.0000,0.5948,0.5948,190,0.0000
1773894449.683,0.4527,0.2503,0.2024,0.0000,0.0004,0.0624,0.0000,0.5767,0.5767,187,0.0000
1773894449.884,0.4522,0.2502,0.2020,0.0000,0.0003,0.0619,0.0000,0.5598,0.5598,184,0.0000
1773894450.084,0.4520,0.2501,0.2018,0.0000,0.0002,0.0615,0.0000,0.5442,0.5442,182,0.0000
1773894450.284,0.4518,0.2501,0.2017,0.0000,0.0001,0.0612,0.0000,0.5301,0.5301,179,0.0000
1773894450.484,0.4516,0.2501,0.2015,0.0000,0.0001,0.0610,0.0000,0.5174,0.5174,177,0.0000
1773894450.685,0.4514,0.2500,0.2014,0.0000,0.0001,0.0608,0.0000,0.5062,0.5062,175,0.0000
1773894450.885,0.4518,0.2504,0.2014,0.0000,0.0006,0.0609,0.0000,0.4968,0.4968,174,0.0000
1773894451.085,0.4521,0.2506,0.2015,0.0000,0.0009,0.0610,0.0000,0.4891,0.4891,173,0.0000
1773894451.285,0.4524,0.2507,0.2017,0.0000,0.0011,0.0612,0.0000,0.4831,0.4831,172,0.0000
1773894451.486,0.4527,0.2508,0.2019,0.0000,0.0012,0.0614,0.0000,0.4784,0.4784,171,0.0000
1773894451.686,0.4530,0.2509,0.2021,0.0000,0.0012,0.0616,0.0000,0.4748,0.4748,170,0.0000
1773894451.886,0.4532,0.2508,0.2024,0.0000,0.0012,0.0617,0.0000,0.4721,0.4721,170,0.0000
1773894452.087,0.4533,0.2507,0.2026,0.0000,0.0010,0.0617,0.0000,0.4699,0.4699,170,0.0000
1773894452.287,0.4534,0.2506,0.2028,0.0000,0.0009,0.0617,0.0000,0.4681,0.4681,169,0.0000
1773894452.487,0.4535,0.2505,0.2030,0.0000,0.0007,0.0617,0.0000,0.4665,0.4665,169,0.0000
1773894452.687,0.4536,0.2505,0.2031,0.0000,0.0007,0.0617,0.0000,0.4651,0.4651,169,0.0000
1773894452.888,0.4537,0.2504,0.2033,0.0000,0.0006,0.0616,0.0000,0.4639,0.4639,169,0.0000
1773894453.088,0.4538,0.2504,0.2034,0.0000,0.0006,0.0616,0.0000,0.4628,0.4628,169,0.0000
1773894453.288,0.4540,0.2504,0.2035,0.0000,0.0006,0.0616,0.0000,0.4619,0.4619,168,0.0000
1773894453.488,0.4541,0.2504,0.2036,0.0000,0.0006,0.0617,0.0000,0.4612,0.4612,168,0.0000
1773894453.689,0.4536,0.2503,0.2033,0.0000,0.0004,0.0616,0.0000,0.4604,0.4604,168,0.0000
1773894453.889,0.4531,0.2502,0.2029,0.0000,0.0003,0.0614,0.0000,0.4594,0.4594,168,0.0000
1773894454.089,0.4527,0.2501,0.2026,0.0000,0.0002,0.0613,0.0000,0.4581,0.4581,168,0.0000
1773894454.290,0.4524,0.2501,0.2023,0.0000,0.0001,0.0611,0.0000,0.4567,0.4567,168,0.0000
1773894454.490,0.4526,0.2503,0.2023,0.0000,0.0005,0.0611,0.0000,0.4555,0.4555,167,0.0000
1773894454.690,0.4530,0.2506,0.2024,0.0000,0.0008,0.0613,0.0000,0.4547,0.4547,167,0.0000
1773894454.890,0.4532,0.2507,0.2025,0.0000,0.0010,0.0614,0.0000,0.4544,0.4544,167,0.0000
1773894455.091,0.4535,0.2508,0.2027,0.0000,0.0011,0.0616,0.0000,0.4546,0.4546,167,0.0000
1773894455.291,0.4537,0.2507,0.2030,0.0000,0.0011,0.0617,0.0000,0.4550,0.4550,167,0.0000
1773894455.491,0.4539,0.2507,0.2032,0.0000,0.0010,0.0618,0.0000,0.4557,0.4557,167,0.0000
1773894455.691,0.4534,0.2505,0.2029,0.0000,0.0007,0.0617,0.0000,0.4560,0.4560,167,0.0000
1773894455.892,0.4529,0.2503,0.2026,0.0000,0.0005,0.0616,0.0000,0.4560,0.4560,167,0.0000
1773894456.092,0.4526,0.2502,0.2024,0.0000,0.0003,0.0614,0.0000,0.4556,0.4556,167,0.0000
1773894456.292,0.4529,0.2505,0.2024,0.0000,0.0007,0.0614,0.0000,0.4552,0.4552,167,0.0000
1773894456.492,0.4532,0.2506,0.2026,0.0000,0.0009,0.0615,0.0000,0.4550,0.4550,167,0.0000
1773894456.692,0.4533,0.2506,0.2027,0.0000,0.0008,0.0615,0.0000,0.4550,0.4550,167,0.0000
1773894456.893,0.4529,0.2504,0.2025,0.0000,0.0006,0.0615,0.0000,0.4549,0.4549,167,0.0000
1773894457.093,0.4525,0.2503,0.2022,0.0000,0.0004,0.0613,0.0000,0.4544,0.4544,167,0.0000
1773894457.293,0.4522,0.2502,0.2020,0.0000,0.0003,0.0612,0.0000,0.4537,0.4537,167,0.0000
1773894457.494,0.4520,0.2501,0.2018,0.0000,0.0002,0.0610,0.0000,0.4527,0.4527,167,0.0000
1773894457.694,0.4517,0.2501,0.2017,0.0000,0.0001,0.0609,0.0000,0.4515,0.4515,167,0.0000
1773894457.894,0.4516,0.2501,0.2016,0.0000,0.0001,0.0608,0.0000,0.4502,0.4502,167,0.0000
1773894458.094,0.4520,0.2504,0.2016,0.0000,0.0006,0.0609,0.0000,0.4492,0.4492,166,0.0000
1773894458.295,0.4524,0.2507,0.2017,0.0000,0.0010,0.0611,0.0000,0.4489,0.4489,166,0.0000
1773894458.495,0.4526,0.2508,0.2019,0.0000,0.0011,0.0613,0.0000,0.4492,0.4492,166,0.0000
1773894458.695,0.4535,0.2514,0.2021,0.0000,0.0021,0.0618,0.0000,0.4505,0.4505,167,0.0000
1773894458.895,0.4599,0.2577,0.2022,0.0000,0.0110,0.0652,0.0000,0.4594,0.4594,168,0.0000
1773894459.095,0.4790,0.2754,0.2035,0.0000,0.0363,0.0765,0.0000,0.4925,0.4925,173,0.0000
1773894459.296,0.4945,0.2841,0.2104,0.0000,0.0487,0.0889,0.0000,0.5425,0.5425,181,0.0000
1773894459.496,0.4867,0.2739,0.2129,0.0000,0.0341,0.0920,0.0000,0.5925,0.5925,189,0.0000
1773894459.696,0.4801,0.2667,0.2134,0.0000,0.0239,0.0906,0.0000,0.6425,0.6425,197,0.0000
1773894459.897,0.4745,0.2617,0.2128,0.0000,0.0167,0.0846,0.0000,0.6743,0.6743,202,0.0000
1773894460.097,0.4697,0.2582,0.2115,0.0000,0.0117,0.0813,0.0000,0.6937,0.6937,205,0.0000
1773894460.297,0.4656,0.2557,0.2099,0.0000,0.0082,0.0752,0.0000,0.6959,0.6959,206,0.0000
1773894460.497,0.4622,0.2540,0.2082,0.0000,0.0057,0.0727,0.0000,0.6909,0.6909,205,0.0000
1773894460.697,0.4593,0.2528,0.2065,0.0000,0.0040,0.0704,0.0000,0.6802,0.6802,203,0.0000
1773894460.898,0.4568,0.2520,0.2049,0.0000,0.0028,0.0682,0.0000,0.6653,0.6653,201,0.0000
1773894461.098,0.4541,0.2514,0.2027,0.0000,0.0020,0.0663,0.0000,0.6475,0.6475,198,0.0000
1773894461.298,0.4517,0.2510,0.2008,0.0000,0.0014,0.0647,0.0000,0.6279,0.6279,195,0.0000
1773894461.498,0.4497,0.2507,0.1991,0.0000,0.0010,0.0633,0.0000,0.6074,0.6074,192,0.0000
1773894461.699,0.4480,0.2505,0.1976,0.0000,0.0007,0.0621,0.0000,0.5868,0.5868,188,0.0000
1773894461.899,0.4473,0.2503,0.1969,0.0000,0.0005,0.0612,0.0000,0.5668,0.5668,185,0.0000
1773894462.099,0.4466,0.2502,0.1964,0.0000,0.0003,0.0605,0.0000,0.5479,0.5479,182,0.0000
1773894462.300,0.4460,0.2502,0.1958,0.0000,0.0002,0.0600,0.0000,0.5303,0.5303,179,0.0000
1773894462.500,0.4455,0.2501,0.1954,0.0000,0.0002,0.0596,0.0000,0.5142,0.5142,177,0.0000
1773894462.700,0.4451,0.2501,0.1950,0.0000,0.0001,0.0592,0.0000,0.4996,0.4996,174,0.0000
1773894462.900,0.4453,0.2502,0.1950,0.0000,0.0003,0.0591,0.0000,0.4867,0.4867,172,0.0000
1773894463.101,0.4459,0.2509,0.1951,0.0000,0.0012,0.0593,0.0000,0.4761,0.4761,171,0.0000
1773894463.301,0.4466,0.2513,0.1953,0.0000,0.0019,0.0597,0.0000,0.4681,0.4681,169,0.0000
1773894463.501,0.4472,0.2515,0.1957,0.0000,0.0022,0.0601,0.0000,0.4623,0.4623,168,0.0000
1773894463.701,0.4477,0.2516,0.1961,0.0000,0.0023,0.0605,0.0000,0.4582,0.4582,168,0.0000
1773894463.902,0.4486,0.2521,0.1965,0.0000,0.0030,0.0610,0.0000,0.4560,0.4560,167,0.0000
1773894464.102,0.4496,0.2525,0.1971,0.0000,0.0035,0.0616,0.0000,0.4556,0.4556,167,0.0000
1773894464.302,0.4502,0.2524,0.1978,0.0000,0.0034,0.0620,0.0000,0.4563,0.4563,168,0.0000
1773894464.502,0.4575,0.2593,0.1982,0.0000,0.0133,0.0658,0.0000,0.4655,0.4655,169,0.0000
1773894464.703,0.4636,0.2630,0.2007,0.0000,0.0186,0.0703,0.0000,0.4841,0.4841,172,0.0000
1773894464.903,0.4628,0.2591,0.2037,0.0000,0.0130,0.0716,0.0000,0.5041,0.5041,175,0.0000
1773894465.103,0.4616,0.2564,0.2053,0.0000,0.0091,0.0713,0.0000,0.5211,0.5211,178,0.0000
1773894465.303,0.4773,0.2710,0.2064,0.0000,0.0299,0.0785,0.0000,0.5520,0.5520,183,0.0000
1773894465.504,0.4907,0.2787,0.2120,0.0000,0.0410,0.0876,0.0000,0.5998,0.5998,190,0.0000
1773894465.704,0.4852,0.2701,0.2151,0.0000,0.0287,0.0896,0.0000,0.6472,0.6472,198,0.0000
1773894465.904,0.4800,0.2641,0.2160,0.0000,0.0201,0.0879,0.0000,0.6854,0.6854,204,0.0000
1773894466.104,0.4761,0.2598,0.2163,0.0000,0.0141,0.0848,0.0000,0.7113,0.7113,208,0.0000
1773894466.305,0.4728,0.2569,0.2159,0.0000,0.0098,0.0787,0.0000,0.7194,0.7194,210,0.0000
1773894466.505,0.4700,0.2548,0.2152,0.0000,0.0069,0.0761,0.0000,0.7195,0.7195,210,0.0000
1773894466.705,0.4676,0.2534,0.2142,0.0000,0.0048,0.0737,0.0000,0.7129,0.7129,209,0.0000
1773894466.905,0.4657,0.2524,0.2133,0.0000,0.0034,0.0715,0.0000,0.7014,0.7014,207,0.0000
1773894467.106,0.4641,0.2517,0.2124,0.0000,0.0024,0.0696,0.0000,0.6866,0.6866,204,0.0000
1773894467.306,0.4627,0.2512,0.2115,0.0000,0.0017,0.0680,0.0000,0.6697,0.6697,202,0.0000
1773894467.506,0.4609,0.2508,0.2100,0.0000,0.0012,0.0667,0.0000,0.6516,0.6516,199,0.0000
1773894467.707,0.4593,0.2506,0.2087,0.0000,0.0008,0.0655,0.0000,0.6332,0.6332,196,0.0000
1773894467.907,0.4580,0.2504,0.2076,0.0000,0.0006,0.0646,0.0000,0.6149,0.6149,193,0.0000
1773894468.107,0.4569,0.2503,0.2066,0.0000,0.0004,0.0638,0.0000,0.5973,0.5973,190,0.0000
1773894468.307,0.4559,0.2502,0.2057,0.0000,0.0003,0.0632,0.0000,0.5805,0.5805,187,0.0000
1773894468.507,0.4551,0.2501,0.2050,0.0000,0.0002,0.0627,0.0000,0.5649,0.5649,185,0.0000
1773894468.708,0.4539,0.2501,0.2038,0.0000,0.0001,0.0622,0.0000,0.5502,0.5502,183,0.0000
1773894468.908,0.4529,0.2501,0.2028,0.0000,0.0001,0.0617,0.0000,0.5367,0.5367,180,0.0000
1773894469.108,0.4520,0.2500,0.2020,0.0000,0.0001,0.0614,0.0000,0.5241,0.5241,178,0.0000
1773894469.309,0.4518,0.2500,0.2018,0.0000,0.0000,0.0611,0.0000,0.5127,0.5127,177,0.0000
1773894469.509,0.4516,0.2500,0.2016,0.0000,0.0000,0.0609,0.0000,0.5025,0.5025,175,0.0000
1773894469.709,0.4514,0.2500,0.2014,0.0000,0.0000,0.0607,0.0000,0.4933,0.4933,173,0.0000
1773894469.909,0.4513,0.2500,0.2013,0.0000,0.0000,0.0606,0.0000,0.4853,0.4853,172,0.0000
1773894470.110,0.4512,0.2500,0.2012,0.0000,0.0000,0.0605,0.0000,0.4781,0.4781,171,0.0000
1773894470.310,0.4511,0.2500,0.2011,0.0000,0.0000,0.0605,0.0000,0.4719,0.4719,170,0.0000
1773894470.510,0.4515,0.2505,0.2011,0.0000,0.0007,0.0606,0.0000,0.4670,0.4670,169,0.0000
1773894470.710,0.4520,0.2508,0.2012,0.0000,0.0012,0.0610,0.0000,0.4635,0.4635,169,0.0000
1773894470.911,0.4524,0.2510,0.2014,0.0000,0.0014,0.0613,0.0000,0.4614,0.4614,168,0.0000
1773894471.111,0.4521,0.2507,0.2014,0.0000,0.0010,0.0613,0.0000,0.4597,0.4597,168,0.0000
1773894471.311,0.4512,0.2505,0.2008,0.0000,0.0007,0.0612,0.0000,0.4581,0.4581,168,0.0000
1773894471.511,0.4499,0.2503,0.1995,0.0000,0.0005,0.0609,0.0000,0.4561,0.4561,167,0.0000
1773894471.712,0.4487,0.2502,0.1984,0.0000,0.0003,0.0605,0.0000,0.4535,0.4535,167,0.0000
1773894471.912,0.4478,0.2502,0.1976,0.0000,0.0002,0.0602,0.0000,0.4505,0.4505,167,0.0000
1773894472.112,0.4476,0.2501,0.1975,0.0000,0.0002,0.0599,0.0000,0.4472,0.4472,166,0.0000
1773894472.312,0.4474,0.2501,0.1973,0.0000,0.0001,0.0597,0.0000,0.4438,0.4438,166,0.0000
1773894472.513,0.4461,0.2501,0.1960,0.0000,0.0001,0.0594,0.0000,0.4402,0.4402,165,0.0000
1773894472.713,0.4449,0.2500,0.1949,0.0000,0.0001,0.0591,0.0000,0.4364,0.4364,164,0.0000
1773894472.913,0.4440,0.2500,0.1939,0.0000,0.0000,0.0588,0.0000,0.4324,0.4324,164,0.0000
1773894473.113,0.4432,0.2500,0.1931,0.0000,0.0000,0.0585,0.0000,0.4282,0.4282,163,0.0000
1773894473.314,0.4425,0.2500,0.1924,0.0000,0.0000,0.0582,0.0000,0.4240,0.4240,162,0.0000
1773894473.514,0.4419,0.2500,0.1919,0.0000,0.0000,0.0580,0.0000,0.4198,0.4198,162,0.0000
1773894473.714,0.4414,0.2500,0.1914,0.0000,0.0000,0.0578,0.0000,0.4156,0.4156,161,0.0000
1773894473.914,0.4416,0.2502,0.1913,0.0000,0.0003,0.0578,0.0000,0.4120,0.4120,160,0.0000
1773894474.115,0.4423,0.2509,0.1914,0.0000,0.0013,0.0581,0.0000,0.4096,0.4096,160,0.0000
1773894474.315,0.4429,0.2513,0.1916,0.0000,0.0018,0.0585,0.0000,0.4084,0.4084,160,0.0000
1773894474.515,0.4434,0.2514,0.1920,0.0000,0.0020,0.0589,0.0000,0.4084,0.4084,160,0.0000
1773894474.715,0.4438,0.2515,0.1924,0.0000,0.0021,0.0592,0.0000,0.4093,0.4093,160,0.0000
1773894474.916,0.4519,0.2595,0.1924,0.0000,0.0136,0.0634,0.0000,0.4195,0.4195,162,0.0000
1773894475.116,0.4505,0.2567,0.1939,0.0000,0.0095,0.0649,0.0000,0.4322,0.4322,164,0.0000
1773894475.316,0.4487,0.2547,0.1941,0.0000,0.0067,0.0649,0.0000,0.4437,0.4437,165,0.0000
1773894475.516,0.4471,0.2533,0.1938,0.0000,0.0047,0.0642,0.0000,0.4522,0.4522,167,0.0000
1773894475.717,0.4453,0.2523,0.1930,0.0000,0.0033,0.0631,0.0000,0.4571,0.4571,168,0.0000
1773894475.917,0.4448,0.2516,0.1932,0.0000,0.0023,0.0621,0.0000,0.4588,0.4588,168,0.0000
1773894476.117,0.4444,0.2511,0.1932,0.0000,0.0016,0.0612,0.0000,0.4581,0.4581,168,0.0000
1773894476.317,0.4440,0.2508,0.1932,0.0000,0.0011,0.0605,0.0000,0.4555,0.4555,167,0.0000
1773894476.518,0.4437,0.2505,0.1931,0.0000,0.0008,0.0599,0.0000,0.4516,0.4516,167,0.0000
1773894476.718,0.4434,0.2504,0.1930,0.0000,0.0005,0.0594,0.0000,0.4470,0.4470,166,0.0000
1773894476.918,0.4433,0.2503,0.1930,0.0000,0.0004,0.0590,0.0000,0.4421,0.4421,165,0.0000
1773894477.118,0.4431,0.2502,0.1929,0.0000,0.0003,0.0587,0.0000,0.4370,0.4370,164,0.0000
1773894477.319,0.4429,0.2501,0.1928,0.0000,0.0002,0.0585,0.0000,0.4320,0.4320,164,0.0000
1773894477.519,0.4428,0.2501,0.1927,0.0000,0.0001,0.0583,0.0000,0.4273,0.4273,163,0.0000
1773894477.719,0.4433,0.2506,0.1927,0.0000,0.0009,0.0584,0.0000,0.4235,0.4235,162,0.0000
1773894477.919,0.4444,0.2516,0.1928,0.0000,0.0022,0.0590,0.0000,0.4215,0.4215,162,0.0000
1773894478.120,0.4452,0.2519,0.1933,0.0000,0.0028,0.0596,0.0000,0.4213,0.4213,162,0.0000
1773894478.320,0.4460,0.2522,0.1938,0.0000,0.0031,0.0602,0.0000,0.4225,0.4225,162,0.0000
1773894478.520,0.4467,0.2523,0.1944,0.0000,0.0032,0.0607,0.0000,0.4248,0.4248,162,0.0000
1773894478.720,0.4472,0.2522,0.1951,0.0000,0.0031,0.0610,0.0000,0.4277,0.4277,163,0.0000
1773894478.921,0.4477,0.2520,0.1957,0.0000,0.0029,0.0612,0.0000,0.4308,0.4308,163,0.0000
1773894479.121,0.4480,0.2517,0.1963,0.0000,0.0025,0.0613,0.0000,0.4337,0.4337,164,0.0000
1773894479.321,0.4479,0.2512,0.1967,0.0000,0.0017,0.0611,0.0000,0.4358,0.4358,164,0.0000
1773894479.521,0.4483,0.2513,0.1970,0.0000,0.0018,0.0610,0.0000,0.4374,0.4374,164,0.0000
1773894479.722,0.4558,0.2588,0.1970,0.0000,0.0126,0.0648,0.0000,0.4471,0.4471,166,0.0000
1773894479.922,0.4622,0.2629,0.1993,0.0000,0.0184,0.0695,0.0000,0.4664,0.4664,169,0.0000
1773894480.122,0.4605,0.2590,0.2015,0.0000,0.0129,0.0708,0.0000,0.4870,0.4870,172,0.0000
1773894480.322,0.4583,0.2563,0.2020,0.0000,0.0090,0.0704,0.0000,0.5044,0.5044,175,0.0000
1773894480.523,0.4561,0.2544,0.2016,0.0000,0.0063,0.0692,0.0000,0.5167,0.5167,177,0.0000
1773894480.723,0.4541,0.2531,0.2010,0.0000,0.0044,0.0676,0.0000,0.5237,0.5237,178,0.0000
1773894480.923,0.4529,0.2522,0.2008,0.0000,0.0031,0.0661,0.0000,0.5260,0.5260,179,0.0000
1773894481.123,0.4520,0.2515,0.2004,0.0000,0.0022,0.0648,0.0000,0.5246,0.5246,178,0.0000
1773894481.324,0.4524,0.2515,0.2009,0.0000,0.0022,0.0640,0.0000,0.5212,0.5212,178,0.0000
1773894481.524,0.4528,0.2514,0.2013,0.0000,0.0021,0.0634,0.0000,0.5166,0.5166,177,0.0000
1773894481.724,0.4524,0.2510,0.2014,0.0000,0.0014,0.0629,0.0000,0.5113,0.5113,176,0.0000
1773894481.925,0.4521,0.2507,0.2014,0.0000,0.0010,0.0624,0.0000,0.5054,0.5054,175,0.0000
1773894482.125,0.4514,0.2505,0.2009,0.0000,0.0007,0.0619,0.0000,0.4991,0.4991,174,0.0000
1773894482.325,0.4500,0.2503,0.1996,0.0000,0.0005,0.0614,0.0000,0.4923,0.4923,173,0.0000
1773894482.525,0.4482,0.2502,0.1980,0.0000,0.0003,0.0608,0.0000,0.4852,0.4852,172,0.0000
1773894482.726,0.4468,0.2502,0.1966,0.0000,0.0002,0.0602,0.0000,0.4777,0.4777,171,0.0000
1773894482.926,0.4461,0.2501,0.1959,0.0000,0.0002,0.0598,0.0000,0.4701,0.4701,170,0.0000
1773894483.126,0.4454,0.2501,0.1954,0.0000,0.0001,0.0594,0.0000,0.4627,0.4627,169,0.0000
1773894483.326,0.4457,0.2503,0.1954,0.0000,0.0004,0.0593,0.0000,0.4559,0.4559,167,0.0000
1773894483.527,0.4464,0.2510,0.1954,0.0000,0.0014,0.0595,0.0000,0.4506,0.4506,167,0.0000
1773894483.727,0.4476,0.2520,0.1957,0.0000,0.0028,0.0602,0.0000,0.4477,0.4477,166,0.0000
1773894483.927,0.4487,0.2525,0.1962,0.0000,0.0036,0.0610,0.0000,0.4470,0.4470,166,0.0000
1773894484.127,0.4562,0.2596,0.1966,0.0000,0.0138,0.0651,0.0000,0.4558,0.4558,167,0.0000
1773894484.328,0.4537,0.2568,0.1969,0.0000,0.0096,0.0664,0.0000,0.4668,0.4668,169,0.0000
1773894484.528,0.4509,0.2547,0.1962,0.0000,0.0068,0.0661,0.0000,0.4763,0.4763,171,0.0000
1773894484.728,0.4490,0.2533,0.1957,0.0000,0.0047,0.0652,0.0000,0.4825,0.4825,172,0.0000
1773894484.928,0.4474,0.2523,0.1951,0.0000,0.0033,0.0640,0.0000,0.4852,0.4852,172,0.0000
1773894485.129,0.4461,0.2516,0.1945,0.0000,0.0023,0.0628,0.0000,0.4847,0.4847,172,0.0000
1773894485.329,0.4449,0.2511,0.1938,0.0000,0.0016,0.0618,0.0000,0.4815,0.4815,172,0.0000
1773894485.529,0.4439,0.2508,0.1932,0.0000,0.0011,0.0608,0.0000,0.4764,0.4764,171,0.0000
1773894485.729,0.4430,0.2506,0.1924,0.0000,0.0008,0.0600,0.0000,0.4699,0.4699,170,0.0000
1773894485.930,0.4417,0.2504,0.1913,0.0000,0.0006,0.0593,0.0000,0.4625,0.4625,169,0.0000
1773894486.130,0.4406,0.2503,0.1903,0.0000,0.0004,0.0587,0.0000,0.4545,0.4545,167,0.0000
1773894486.330,0.4398,0.2502,0.1896,0.0000,0.0003,0.0581,0.0000,0.4462,0.4462,166,0.0000
1773894486.530,0.4395,0.2501,0.1894,0.0000,0.0002,0.0577,0.0000,0.4381,0.4381,165,0.0000
1773894486.731,0.4394,0.2501,0.1893,0.0000,0.0001,0.0574,0.0000,0.4304,0.4304,163,0.0000
1773894486.931,0.4398,0.2506,0.1893,0.0000,0.0008,0.0575,0.0000,0.4238,0.4238,162,0.0000
1773894487.131,0.4403,0.2509,0.1894,0.0000,0.0012,0.0577,0.0000,0.4186,0.4186,161,0.0000
1773894487.331,0.4406,0.2509,0.1896,0.0000,0.0014,0.0579,0.0000,0.4146,0.4146,161,0.0000
1773894487.532,0.4403,0.2507,0.1896,0.0000,0.0009,0.0579,0.0000,0.4112,0.4112,160,0.0000
1773894487.732,0.4400,0.2505,0.1895,0.0000,0.0007,0.0577,0.0000,0.4081,0.4081,160,0.0000
1773894487.932,0.4397,0.2503,0.1894,0.0000,0.0005,0.0576,0.0000,0.4050,0.4050,159,0.0000
1773894488.132,0.4401,0.2505,0.1895,0.0000,0.0008,0.0576,0.0000,0.4025,0.4025,159,0.0000
1773894488.333,0.4403,0.2507,0.1897,0.0000,0.0009,0.0577,0.0000,0.4005,0.4005,159,0.0000
1773894488.533,0.4407,0.2509,0.1898,0.0000,0.0012,0.0579,0.0000,0.3991,0.3991,158,0.0000
1773894488.733,0.4410,0.2509,0.1901,0.0000,0.0013,0.0580,0.0000,0.3984,0.3984,158,0.0000
1773894488.934,0.4593,0.2698,0.1894,0.0000,0.0283,0.0675,0.0000,0.4189,0.4189,162,0.0000
1773894489.134,0.4754,0.2809,0.1946,0.0000,0.0441,0.0797,0.0000,0.4652,0.4652,169,0.0000
1773894489.334,0.4892,0.2861,0.2031,0.0000,0.0515,0.0912,0.0000,0.5152,0.5152,177,0.0000
1773894489.534,0.5009,0.2875,0.2134,0.0000,0.0536,0.1005,0.0000,0.5652,0.5652,185,0.0000
1773894489.735,0.4928,0.2763,0.2166,0.0000,0.0375,0.1012,0.0000,0.6152,0.6152,193,0.0000
1773894489.935,0.4859,0.2684,0.2175,0.0000,0.0263,0.0978,0.0000,0.6652,0.6652,201,0.0000
1773894490.135,0.4801,0.2629,0.2172,0.0000,0.0184,0.0893,0.0000,0.7046,0.7046,207,0.0000
1773894490.336,0.4757,0.2590,0.2166,0.0000,0.0129,0.0824,0.0000,0.7231,0.7231,210,0.0000
1773894490.536,0.4714,0.2563,0.2151,0.0000,0.0090,0.0793,0.0000,0.7308,0.7308,211,0.0000
1773894490.736,0.4676,0.2544,0.2132,0.0000,0.0063,0.0761,0.0000,0.7293,0.7293,211,0.0000
1773894490.936,0.4644,0.2531,0.2114,0.0000,0.0044,0.0732,0.0000,0.7203,0.7203,210,0.0000
1773894491.137,0.4624,0.2522,0.2102,0.0000,0.0031,0.0708,0.0000,0.7060,0.7060,207,0.0000
1773894491.337,0.4813,0.2714,0.2099,0.0000,0.0306,0.0787,0.0000,0.7106,0.7106,208,0.0000
1773894491.537,0.4943,0.2787,0.2157,0.0000,0.0409,0.0882,0.0000,0.7363,0.7363,212,0.0000
1773894491.737,0.5046,0.2809,0.2238,0.0000,0.0441,0.0962,0.0000,0.7781,0.7781,219,0.0000
1773894491.937,0.5134,0.2808,0.2326,0.0000,0.0440,0.1024,0.0000,0.8281,0.8281,227,0.0000
1773894492.138,0.5208,0.2794,0.2414,0.0000,0.0419,0.1066,0.0000,0.8781,0.8781,235,0.0000
1773894492.338,0.5175,0.2706,0.2469,0.0000,0.0294,0.1055,0.0000,0.9254,0.9254,243,0.0000
1773894492.538,0.5073,0.2644,0.2429,0.0000,0.0206,0.0982,0.0000,0.9506,0.9506,247,0.0000
1773894492.739,0.4988,0.2601,0.2387,0.0000,0.0144,0.0909,0.0000,0.9550,0.9550,247,0.0000
1773894492.939,0.4915,0.2571,0.2345,0.0000,0.0101,0.0846,0.0000,0.9430,0.9430,245,0.0000
1773894493.139,0.4854,0.2549,0.2305,0.0000,0.0071,0.0817,0.0000,0.9243,0.9243,242,0.0000
1773894493.339,0.4796,0.2535,0.2262,0.0000,0.0049,0.0786,0.0000,0.9000,0.9000,238,0.0000
1773894493.540,0.4748,0.2524,0.2223,0.0000,0.0035,0.0756,0.0000,0.8714,0.8714,234,0.0000
1773894493.740,0.4706,0.2517,0.2189,0.0000,0.0024,0.0730,0.0000,0.8401,0.8401,229,0.0000
1773894493.940,0.4670,0.2512,0.2158,0.0000,0.0017,0.0707,0.0000,0.8073,0.8073,224,0.0000
1773894494.140,0.4633,0.2508,0.2125,0.0000,0.0012,0.0687,0.0000,0.7741,0.7741,218,0.0000
1773894494.340,0.4603,0.2506,0.2097,0.0000,0.0008,0.0669,0.0000,0.7411,0.7411,213,0.0000
1773894494.541,0.4576,0.2504,0.2072,0.0000,0.0006,0.0655,0.0000,0.7092,0.7092,208,0.0000
1773894494.741,0.4543,0.2503,0.2040,0.0000,0.0004,0.0641,0.0000,0.6784,0.6784,203,0.0000
1773894494.941,0.4514,0.2502,0.2012,0.0000,0.0003,0.0629,0.0000,0.6490,0.6490,198,0.0000
1773894495.141,0.4490,0.2501,0.1988,0.0000,0.0002,0.0618,0.0000,0.6212,0.6212,194,0.0000
1773894495.342,0.4469,0.2501,0.1968,0.0000,0.0001,0.0609,0.0000,0.5951,0.5951,190,0.0000
1773894495.542,0.4451,0.2501,0.1950,0.0000,0.0001,0.0601,0.0000,0.5708,0.5708,186,0.0000
1773894495.742,0.4435,0.2500,0.1934,0.0000,0.0001,0.0594,0.0000,0.5482,0.5482,182,0.0000
1773894495.943,0.4421,0.2500,0.1920,0.0000,0.0000,0.0588,0.0000,0.5274,0.5274,179,0.0000
1773894496.143,0.4409,0.2500,0.1909,0.0000,0.0000,0.0583,0.0000,0.5084,0.5084,176,0.0000
1773894496.343,0.4392,0.2500,0.1892,0.0000,0.0000,0.0577,0.0000,0.4909,0.4909,173,0.0000
1773894496.543,0.4380,0.2500,0.1880,0.0000,0.0000,0.0573,0.0000,0.4748,0.4748,170,0.0000
1773894496.744,0.4369,0.2500,0.1869,0.0000,0.0000,0.0569,0.0000,0.4600,0.4600,168,0.0000
1773894496.944,0.4365,0.2500,0.1865,0.0000,0.0000,0.0565,0.0000,0.4466,0.4466,166,0.0000
1773894497.144,0.4362,0.2500,0.1862,0.0000,0.0000,0.0563,0.0000,0.4345,0.4345,164,0.0000
1773894497.344,0.4359,0.2500,0.1859,0.0000,0.0000,0.0561,0.0000,0.4238,0.4238,162,0.0000
1773894497.545,0.4356,0.2500,0.1856,0.0000,0.0000,0.0560,0.0000,0.4142,0.4142,161,0.0000
1773894497.745,0.4354,0.2500,0.1854,0.0000,0.0000,0.0558,0.0000,0.4058,0.4058,159,0.0000
1773894497.945,0.4359,0.2505,0.1854,0.0000,0.0007,0.0560,0.0000,0.3989,0.3989,158,0.0000
1773894498.145,0.4365,0.2510,0.1855,0.0000,0.0015,0.0564,0.0000,0.3940,0.3940,158,0.0000
1773894498.346,0.4368,0.2510,0.1858,0.0000,0.0015,0.0567,0.0000,0.3905,0.3905,157,0.0000
1773894498.546,0.4364,0.2507,0.1857,0.0000,0.0010,0.0567,0.0000,0.3877,0.3877,157,0.0000
1773894498.746,0.4356,0.2505,0.1851,0.0000,0.0007,0.0565,0.0000,0.3850,0.3850,156,0.0000
1773894498.946,0.4347,0.2504,0.1844,0.0000,0.0005,0.0563,0.0000,0.3822,0.3822,156,0.0000
1773894499.147,0.4339,0.2502,0.1836,0.0000,0.0004,0.0560,0.0000,0.3791,0.3791,155,0.0000
1773894499.347,0.4328,0.2502,0.1826,0.0000,0.0002,0.0557,0.0000,0.3756,0.3756,155,0.0000
1773894499.547,0.4315,0.2501,0.1814,0.0000,0.0002,0.0553,0.0000,0.3717,0.3717,154,0.0000
1773894499.747,0.4310,0.2501,0.1809,0.0000,0.0001,0.0550,0.0000,0.3676,0.3676,153,0.0000
1773894499.948,0.4305,0.2501,0.1805,0.0000,0.0001,0.0547,0.0000,0.3634,0.3634,153,0.0000
1773894500.148,0.4295,0.2500,0.1795,0.0000,0.0001,0.0544,0.0000,0.3592,0.3592,152,0.0000
1773894500.348,0.4281,0.2500,0.1780,0.0000,0.0000,0.0541,0.0000,0.3547,0.3547,151,0.0000
1773894500.548,0.4256,0.2500,0.1756,0.0000,0.0000,0.0536,0.0000,0.3497,0.3497,150,0.0000
1773894500.749,0.4236,0.2500,0.1736,0.0000,0.0000,0.0531,0.0000,0.3441,0.3441,150,0.0000
1773894500.949,0.4218,0.2500,0.1718,0.0000,0.0000,0.0525,0.0000,0.3381,0.3381,149,0.0000
1773894501.149,0.4207,0.2500,0.1707,0.0000,0.0000,0.0521,0.0000,0.3317,0.3317,148,0.0000
1773894501.349,0.4194,0.2500,0.1694,0.0000,0.0000,0.0516,0.0000,0.3252,0.3252,147,0.0000
1773894501.550,0.4180,0.2500,0.1680,0.0000,0.0000,0.0512,0.0000,0.3186,0.3186,145,0.0000
1773894501.750,0.4162,0.2500,0.1662,0.0000,0.0000,0.0507,0.0000,0.3117,0.3117,144,0.0000
1773894501.950,0.4143,0.2500,0.1643,0.0000,0.0000,0.0502,0.0000,0.3046,0.3046,143,0.0000
1773894502.150,0.4112,0.2500,0.1612,0.0000,0.0000,0.0496,0.0000,0.2969,0.2969,142,0.0000
1773894502.351,0.4075,0.2500,0.1575,0.0000,0.0000,0.0488,0.0000,0.2884,0.2884,141,0.0000
1773894502.551,0.4038,0.2500,0.1538,0.0000,0.0000,0.0478,0.0000,0.2788,0.2788,139,0.0000
1773894502.751,0.3998,0.2500,0.1498,0.0000,0.0000,0.0468,0.0000,0.2682,0.2682,137,0.0000
1773894502.951,0.3957,0.2500,0.1457,0.0000,0.0000,0.0457,0.0000,0.2564,0.2564,136,0.0000
1773894503.152,0.3917,0.2500,0.1417,0.0000,0.0000,0.0446,0.0000,0.2436,0.2436,133,0.0000
1773894503.352,0.3881,0.2500,0.1381,0.0000,0.0000,0.0435,0.0000,0.2298,0.2298,131,0.0000
1773894503.552,0.3845,0.2500,0.1345,0.0000,0.0000,0.0424,0.0000,0.2153,0.2153,129,0.0000
1773894503.752,0.3811,0.2500,0.1311,0.0000,0.0000,0.0413,0.0000,0.2002,0.2002,127,0.0000
1773894503.953,0.3778,0.2500,0.1278,0.0000,0.0000,0.0403,0.0000,0.1847,0.1847,124,0.0000
1773894504.153,0.3734,0.2500,0.1234,0.0000,0.0000,0.0391,0.0000,0.1686,0.1686,121,0.0000
1773894504.353,0.3690,0.2500,0.1190,0.0000,0.0000,0.0379,0.0000,0.1518,0.1518,119,0.0000
1773894504.553,0.3644,0.2500,0.1144,0.0000,0.0000,0.0367,0.0000,0.1344,0.1344,116,0.0000
1773894504.754,0.3600,0.2500,0.1100,0.0000,0.0000,0.0354,0.0000,0.1163,0.1163,113,0.0000
1773894504.954,0.3556,0.2500,0.1056,0.0000,0.0000,0.0341,0.0000,0.0977,0.0977,110,0.0000
1773894505.154,0.3522,0.2500,0.1022,0.0000,0.0000,0.0329,0.0000,0.0787,0.0787,107,0.0000
1773894505.355,0.3489,0.2500,0.0989,0.0000,0.0000,0.0318,0.0000,0.0597,0.0597,104,0.0000
1773894505.555,0.3462,0.2500,0.0962,0.0000,0.0000,0.0307,0.0000,0.0408,0.0408,101,0.0000
1773894505.755,0.3438,0.2500,0.0938,0.0000,0.0000,0.0298,0.0000,0.0224,0.0224,98,0.0000
1773894505.955,0.3413,0.2500,0.0913,0.0000,0.0000,0.0290,0.0000,0.0045,0.0045,0,0.0000
1773894506.156,0.3389,0.2500,0.0889,0.0000,0.0000,0.0282,0.0000,0.0000,0.0000,0,0.0000
1773894506.356,0.3369,0.2500,0.0869,0.0000,0.0000,0.0274,0.0000,0.0000,0.0000,0,0.0000
1773894506.556,0.3351,0.2500,0.0851,0.0000,0.0000,0.0268,0.0000,0.0000,0.0000,0,0.0000
1773894506.756,0.3325,0.2500,0.0825,0.0000,0.0000,0.0261,0.0000,0.0000,0.0000,0,0.0000
1773894506.957,0.3294,0.2500,0.0794,0.0000,0.0000,0.0253,0.0000,0.0000,0.0000,0,0.0000
1773894507.157,0.3257,0.2500,0.0757,0.0000,0.0000,0.0244,0.0000,0.0000,0.0000,0,0.0000
1773894507.357,0.3217,0.2500,0.0717,0.0000,0.0000,0.0234,0.0000,0.0000,0.0000,0,0.0000
1773894507.557,0.3176,0.2500,0.0676,0.0000,0.0000,0.0223,0.0000,0.0000,0.0000,0,0.0000
1773894507.758,0.3141,0.2500,0.0641,0.0000,0.0000,0.0212,0.0000,0.0000,0.0000,0,0.0000
1773894507.958,0.3114,0.2500,0.0614,0.0000,0.0000,0.0202,0.0000,0.0000,0.0000,0,0.0000
1773894508.158,0.3088,0.2500,0.0588,0.0000,0.0000,0.0193,0.0000,0.0000,0.0000,0,0.0000
1773894508.358,0.3067,0.2500,0.0567,0.0000,0.0000,0.0185,0.0000,0.0000,0.0000,0,0.0000
1773894508.559,0.3048,0.2500,0.0548,0.0000,0.0000,0.0178,0.0000,0.0000,0.0000,0,0.0000
1773894508.759,0.3018,0.2500,0.0518,0.0000,0.0000,0.0170,0.0000,0.0000,0.0000,0,0.0000
1773894508.959,0.2985,0.2500,0.0485,0.0000,0.0000,0.0161,0.0000,0.0000,0.0000,0,0.0000
1773894509.159,0.2953,0.2500,0.0453,0.0000,0.0000,0.0153,0.0000,0.0000,0.0000,0,0.0000
1773894509.360,0.2917,0.2500,0.0417,0.0000,0.0000,0.0143,0.0000,0.0000,0.0000,0,0.0000
1773894509.560,0.2885,0.2500,0.0385,0.0000,0.0000,0.0133,0.0000,0.0000,0.0000,0,0.0000
1773894509.760,0.2858,0.2500,0.0358,0.0000,0.0000,0.0124,0.0000,0.0000,0.0000,0,0.0000
1773894509.960,0.2836,0.2500,0.0336,0.0000,0.0000,0.0116,0.0000,0.0000,0.0000,0,0.0000
1773894510.161,0.2817,0.2500,0.0317,0.0000,0.0000,0.0109,0.0000,0.0000,0.0000,0,0.0000
1773894510.361,0.2809,0.2500,0.0309,0.0000,0.0000,0.0103,0.0000,0.0000,0.0000,0,0.0000
1773894510.561,0.2820,0.2512,0.0308,0.0000,0.0017,0.0105,0.0000,0.0000,0.0000,0,0.0000
1773894510.761,0.2830,0.2518,0.0311,0.0000,0.0026,0.0110,0.0000,0.0000,0.0000,0,0.0000
1773894510.962,0.2830,0.2513,0.0317,0.0000,0.0019,0.0111,0.0000,0.0000,0.0000,0,0.0000
1773894511.162,0.2816,0.2509,0.0307,0.0000,0.0013,0.0109,0.0000,0.0000,0.0000,0,0.0000
1773894511.362,0.2796,0.2506,0.0289,0.0000,0.0009,0.0105,0.0000,0.0000,0.0000,0,0.0000
1773894511.563,0.2778,0.2504,0.0273,0.0000,0.0006,0.0099,0.0000,0.0000,0.0000,0,0.0000
1773894511.763,0.2750,0.2503,0.0247,0.0000,0.0004,0.0092,0.0000,0.0000,0.0000,0,0.0000
1773894511.963,0.2722,0.2502,0.0220,0.0000,0.0003,0.0084,0.0000,0.0000,0.0000,0,0.0000
1773894512.163,0.2695,0.2502,0.0193,0.0000,0.0002,0.0076,0.0000,0.0000,0.0000,0,0.0000
1773894512.364,0.2659,0.2501,0.0158,0.0000,0.0002,0.0066,0.0000,0.0000,0.0000,0,0.0000
1773894512.564,0.2628,0.2501,0.0127,0.0000,0.0001,0.0057,0.0000,0.0000,0.0000,0,0.0000
1773894512.764,0.2602,0.2501,0.0102,0.0000,0.0001,0.0048,0.0000,0.0000,0.0000,0,0.0000
1773894512.964,0.2606,0.2504,0.0102,0.0000,0.0006,0.0044,0.0000,0.0000,0.0000,0,0.0000
1773894513.165,0.2622,0.2520,0.0102,0.0000,0.0028,0.0049,0.0000,0.0000,0.0000,0,0.0000
1773894513.365,0.2666,0.2560,0.0106,0.0000,0.0086,0.0073,0.0000,0.0000,0.0000,0,0.0000
1773894513.565,0.2708,0.2586,0.0122,0.0000,0.0123,0.0103,0.0000,0.0000,0.0000,0,0.0000
1773894513.765,0.2761,0.2616,0.0145,0.0000,0.0166,0.0140,0.0000,0.0000,0.0000,0,0.0000
1773894513.966,0.2823,0.2647,0.0177,0.0000,0.0209,0.0183,0.0000,0.0000,0.0000,0,0.0000
1773894514.166,0.2899,0.2682,0.0217,0.0000,0.0261,0.0233,0.0000,0.0500,0.0500,95,0.0000
1773894514.366,0.2975,0.2708,0.0268,0.0000,0.0297,0.0283,0.0000,0.0668,0.0668,103,0.0000
1773894514.566,0.3055,0.2730,0.0326,0.0000,0.0328,0.0333,0.0000,0.0727,0.0727,106,0.0000
1773894514.767,0.3145,0.2755,0.0390,0.0000,0.0365,0.0385,0.0000,0.0798,0.0798,107,0.0000
1773894514.967,0.3237,0.2775,0.0462,0.0000,0.0393,0.0436,0.0000,0.0932,0.0932,109,0.0000
1773894515.167,0.3332,0.2792,0.0540,0.0000,0.0418,0.0487,0.0000,0.1144,0.1144,113,0.0000
1773894515.368,0.3420,0.2796,0.0623,0.0000,0.0423,0.0530,0.0000,0.1422,0.1422,117,0.0000
1773894515.568,0.3497,0.2789,0.0708,0.0000,0.0413,0.0563,0.0000,0.1741,0.1741,122,0.0000
1773894515.768,0.3584,0.2794,0.0791,0.0000,0.0419,0.0596,0.0000,0.2095,0.2095,128,0.0000
1773894515.968,0.3669,0.2794,0.0875,0.0000,0.0420,0.0626,0.0000,0.2473,0.2473,134,0.0000
1773894516.169,0.3750,0.2792,0.0959,0.0000,0.0417,0.0654,0.0000,0.2866,0.2866,140,0.0000
1773894516.369,0.3839,0.2797,0.1042,0.0000,0.0425,0.0683,0.0000,0.3275,0.3275,147,0.0000
1773894516.569,0.3920,0.2793,0.1127,0.0000,0.0418,0.0709,0.0000,0.3690,0.3690,154,0.0000
1773894516.769,0.3998,0.2787,0.1211,0.0000,0.0411,0.0731,0.0000,0.4103,0.4103,160,0.0000
1773894516.970,0.4063,0.2769,0.1294,0.0000,0.0385,0.0746,0.0000,0.4495,0.4495,166,0.0000
1773894517.170,0.4116,0.2745,0.1372,0.0000,0.0349,0.0751,0.0000,0.4846,0.4846,172,0.0000
1773894517.370,0.4163,0.2720,0.1443,0.0000,0.0314,0.0750,0.0000,0.5146,0.5146,177,0.0000
1773894517.570,0.4203,0.2696,0.1507,0.0000,0.0280,0.0744,0.0000,0.5388,0.5388,181,0.0000
1773894517.771,0.4270,0.2708,0.1562,0.0000,0.0297,0.0751,0.0000,0.5611,0.5611,184,0.0000
1773894517.971,0.4333,0.2711,0.1622,0.0000,0.0301,0.0764,0.0000,0.5830,0.5830,188,0.0000
1773894518.171,0.4347,0.2663,0.1684,0.0000,0.0232,0.0755,0.0000,0.5997,0.5997,190,0.0000
1773894518.372,0.4358,0.2626,0.1732,0.0000,0.0179,0.0735,0.0000,0.6096,0.6096,192,0.0000
1773894518.572,0.4367,0.2598,0.1770,0.0000,0.0140,0.0713,0.0000,0.6126,0.6126,193,0.0000
1773894518.772,0.4370,0.2571,0.1799,0.0000,0.0102,0.0688,0.0000,0.6090,0.6090,192,0.0000
1773894518.972,0.4361,0.2550,0.1811,0.0000,0.0071,0.0662,0.0000,0.5996,0.5996,190,0.0000
1773894519.173,0.4353,0.2535,0.1818,0.0000,0.0050,0.0639,0.0000,0.5855,0.5855,188,0.0000
1773894519.373,0.4346,0.2524,0.1822,0.0000,0.0035,0.0619,0.0000,0.5682,0.5682,185,0.0000
1773894519.573,0.4340,0.2517,0.1823,0.0000,0.0024,0.0602,0.0000,0.5491,0.5491,182,0.0000
1773894519.773,0.4336,0.2512,0.1824,0.0000,0.0017,0.0589,0.0000,0.5292,0.5292,179,0.0000
1773894519.974,0.4343,0.2516,0.1827,0.0000,0.0023,0.0583,0.0000,0.5103,0.5103,176,0.0000
1773894520.174,0.4363,0.2532,0.1831,0.0000,0.0045,0.0587,0.0000,0.4948,0.4948,174,0.0000
1773894520.374,0.4384,0.2545,0.1839,0.0000,0.0064,0.0597,0.0000,0.4838,0.4838,172,0.0000
1773894520.574,0.4402,0.2550,0.1852,0.0000,0.0072,0.0608,0.0000,0.4768,0.4768,171,0.0000
1773894520.775,0.4415,0.2548,0.1866,0.0000,0.0069,0.0615,0.0000,0.4729,0.4729,170,0.0000
1773894520.975,0.4419,0.2538,0.1881,0.0000,0.0055,0.0616,0.0000,0.4701,0.4701,170,0.0000
1773894521.175,0.4408,0.2527,0.1881,0.0000,0.0038,0.0612,0.0000,0.4668,0.4668,169,0.0000
1773894521.375,0.4398,0.2519,0.1879,0.0000,0.0027,0.0604,0.0000,0.4624,0.4624,168,0.0000
1773894521.576,0.4391,0.2513,0.1878,0.0000,0.0019,0.0596,0.0000,0.4568,0.4568,168,0.0000
1773894521.776,0.4390,0.2509,0.1881,0.0000,0.0013,0.0590,0.0000,0.4504,0.4504,167,0.0000
1773894521.976,0.4389,0.2506,0.1883,0.0000,0.0009,0.0584,0.0000,0.4435,0.4435,165,0.0000
1773894522.176,0.4395,0.2510,0.1884,0.0000,0.0015,0.0583,0.0000,0.4371,0.4371,164,0.0000
1773894522.377,0.4399,0.2511,0.1887,0.0000,0.0016,0.0583,0.0000,0.4315,0.4315,164,0.0000
1773894522.577,0.4402,0.2512,0.1891,0.0000,0.0016,0.0583,0.0000,0.4268,0.4268,163,0.0000
1773894522.777,0.4405,0.2511,0.1894,0.0000,0.0015,0.0583,0.0000,0.4228,0.4228,162,0.0000
1773894522.977,0.4402,0.2508,0.1894,0.0000,0.0011,0.0582,0.0000,0.4190,0.4190,162,0.0000
1773894523.178,0.4404,0.2508,0.1896,0.0000,0.0012,0.0581,0.0000,0.4157,0.4157,161,0.0000
1773894523.378,0.4408,0.2509,0.1899,0.0000,0.0013,0.0582,0.0000,0.4131,0.4131,161,0.0000
1773894523.578,0.4598,0.2706,0.1892,0.0000,0.0295,0.0680,0.0000,0.4325,0.4325,164,0.0000
1773894523.778,0.4766,0.2820,0.1945,0.0000,0.0458,0.0806,0.0000,0.4789,0.4789,171,0.0000
1773894523.979,0.4915,0.2881,0.2034,0.0000,0.0544,0.0928,0.0000,0.5289,0.5289,179,0.0000
1773894524.179,0.5048,0.2906,0.2142,0.0000,0.0580,0.1031,0.0000,0.5789,0.5789,187,0.0000
1773894524.379,0.5155,0.2896,0.2258,0.0000,0.0566,0.1106,0.0000,0.6289,0.6289,195,0.0000
1773894524.579,0.5264,0.2893,0.2372,0.0000,0.0561,0.1164,0.0000,0.6789,0.6789,203,0.0000
1773894524.780,0.5358,0.2874,0.2485,0.0000,0.0534,0.1204,0.0000,0.7289,0.7289,211,0.0000
1773894524.980,0.5438,0.2845,0.2593,0.0000,0.0493,0.1228,0.0000,0.7789,0.7789,219,0.0000
1773894525.180,0.5486,0.2792,0.2694,0.0000,0.0417,0.1227,0.0000,0.8289,0.8289,227,0.0000
1773894525.380,0.5507,0.2727,0.2781,0.0000,0.0324,0.1203,0.0000,0.8789,0.8789,235,0.0000
1773894525.581,0.5546,0.2700,0.2847,0.0000,0.0285,0.1180,0.0000,0.9289,0.9289,243,0.0000
1773894525.781,0.5611,0.2708,0.2903,0.0000,0.0297,0.1176,0.0000,0.9789,0.9789,251,0.0000
1773894525.981,0.5667,0.2704,0.2963,0.0000,0.0291,0.1178,0.0000,1.0000,1.0000,255,0.0000
1773894526.182,0.5706,0.2684,0.3022,0.0000,0.0263,0.1175,0.0000,1.0000,1.0000,255,0.0000
1773894526.382,0.5695,0.2629,0.3066,0.0000,0.0184,0.1150,0.0000,1.0000,1.0000,255,0.0000
1773894526.582,0.5505,0.2590,0.2915,0.0000,0.0129,0.1062,0.0000,1.0000,1.0000,255,0.0000
1773894526.782,0.5343,0.2563,0.2780,0.0000,0.0090,0.0979,0.0000,1.0000,1.0000,255,0.0000
1773894526.983,0.5206,0.2544,0.2662,0.0000,0.0063,0.0909,0.0000,0.9943,0.9943,254,0.0000
1773894527.183,0.5087,0.2531,0.2557,0.0000,0.0044,0.0875,0.0000,0.9814,0.9814,252,0.0000
1773894527.383,0.4982,0.2522,0.2460,0.0000,0.0031,0.0811,0.0000,0.9555,0.9555,247,0.0000
1773894527.583,0.4893,0.2515,0.2377,0.0000,0.0022,0.0785,0.0000,0.9260,0.9260,243,0.0000
1773894527.784,0.4805,0.2511,0.2294,0.0000,0.0015,0.0756,0.0000,0.8933,0.8933,237,0.0000
1773894527.984,0.4730,0.2507,0.2223,0.0000,0.0011,0.0729,0.0000,0.8583,0.8583,232,0.0000
1773894528.184,0.4678,0.2505,0.2173,0.0000,0.0007,0.0704,0.0000,0.8222,0.8222,226,0.0000
1773894528.385,0.4634,0.2504,0.2131,0.0000,0.0005,0.0683,0.0000,0.7858,0.7858,220,0.0000
1773894528.585,0.4597,0.2503,0.2094,0.0000,0.0004,0.0665,0.0000,0.7501,0.7501,215,0.0000
1773894528.785,0.4565,0.2502,0.2063,0.0000,0.0003,0.0650,0.0000,0.7156,0.7156,209,0.0000
1773894528.985,0.4533,0.2501,0.2032,0.0000,0.0002,0.0636,0.0000,0.6826,0.6826,204,0.0000
1773894529.185,0.4504,0.2501,0.2003,0.0000,0.0001,0.0624,0.0000,0.6514,0.6514,199,0.0000
1773894529.386,0.4480,0.2501,0.1980,0.0000,0.0001,0.0614,0.0000,0.6221,0.6221,194,0.0000
1773894529.586,0.4653,0.2681,0.1971,0.0000,0.0259,0.0697,0.0000,0.6152,0.6152,193,0.0000
1773894529.786,0.4802,0.2784,0.2018,0.0000,0.0405,0.0807,0.0000,0.6349,0.6349,196,0.0000
1773894529.987,0.4927,0.2830,0.2097,0.0000,0.0472,0.0910,0.0000,0.6771,0.6771,203,0.0000
1773894530.187,0.5035,0.2844,0.2191,0.0000,0.0492,0.0993,0.0000,0.7271,0.7271,211,0.0000
1773894530.387,0.4965,0.2741,0.2224,0.0000,0.0344,0.1000,0.0000,0.7771,0.7771,219,0.0000
1773894530.587,0.4900,0.2669,0.2231,0.0000,0.0241,0.0968,0.0000,0.8183,0.8183,225,0.0000
1773894530.788,0.4811,0.2618,0.2193,0.0000,0.0169,0.0883,0.0000,0.8351,0.8351,228,0.0000
1773894530.988,0.4735,0.2583,0.2152,0.0000,0.0118,0.0812,0.0000,0.8322,0.8322,228,0.0000
1773894531.188,0.4671,0.2558,0.2113,0.0000,0.0083,0.0778,0.0000,0.8205,0.8205,226,0.0000
1773894531.388,0.4622,0.2541,0.2081,0.0000,0.0058,0.0745,0.0000,0.8014,0.8014,223,0.0000
1773894531.589,0.4585,0.2528,0.2057,0.0000,0.0041,0.0714,0.0000,0.7771,0.7771,219,0.0000
1773894531.789,0.4555,0.2520,0.2036,0.0000,0.0028,0.0688,0.0000,0.7493,0.7493,214,0.0000
1773894531.989,0.4531,0.2514,0.2017,0.0000,0.0020,0.0666,0.0000,0.7197,0.7197,210,0.0000
1773894532.189,0.4541,0.2521,0.2021,0.0000,0.0029,0.0655,0.0000,0.6913,0.6913,205,0.0000
1773894532.390,0.4551,0.2525,0.2027,0.0000,0.0036,0.0651,0.0000,0.6655,0.6655,201,0.0000
1773894532.590,0.4549,0.2517,0.2031,0.0000,0.0025,0.0645,0.0000,0.6419,0.6419,197,0.0000
1773894532.790,0.4545,0.2512,0.2033,0.0000,0.0017,0.0639,0.0000,0.6202,0.6202,194,0.0000
1773894532.990,0.4536,0.2509,0.2028,0.0000,0.0012,0.0633,0.0000,0.6000,0.6000,191,0.0000
1773894533.191,0.4536,0.2506,0.2030,0.0000,0.0009,0.0627,0.0000,0.5815,0.5815,188,0.0000
1773894533.391,0.4540,0.2509,0.2031,0.0000,0.0013,0.0625,0.0000,0.5652,0.5652,185,0.0000
1773894533.591,0.4544,0.2510,0.2034,0.0000,0.0015,0.0625,0.0000,0.5511,0.5511,183,0.0000
1773894533.791,0.4542,0.2507,0.2035,0.0000,0.0010,0.0624,0.0000,0.5387,0.5387,181,0.0000
1773894533.992,0.4540,0.2505,0.2035,0.0000,0.0007,0.0622,0.0000,0.5277,0.5277,179,0.0000
1773894534.192,0.4539,0.2503,0.2035,0.0000,0.0005,0.0619,0.0000,0.5179,0.5179,177,0.0000
1773894534.392,0.4532,0.2502,0.2030,0.0000,0.0003,0.0617,0.0000,0.5089,0.5089,176,0.0000
1773894534.592,0.4505,0.2502,0.2004,0.0000,0.0002,0.0612,0.0000,0.5002,0.5002,175,0.0000
1773894534.793,0.4481,0.2501,0.1980,0.0000,0.0002,0.0606,0.0000,0.4913,0.4913,173,0.0000
1773894534.993,0.4460,0.2501,0.1959,0.0000,0.0001,0.0600,0.0000,0.4823,0.4823,172,0.0000
1773894535.193,0.4442,0.2501,0.1942,0.0000,0.0001,0.0594,0.0000,0.4732,0.4732,170,0.0000
1773894535.393,0.4422,0.2500,0.1922,0.0000,0.0001,0.0588,0.0000,0.4639,0.4639,169,0.0000
1773894535.594,0.4405,0.2500,0.1905,0.0000,0.0000,0.0583,0.0000,0.4545,0.4545,167,0.0000
1773894535.794,0.4390,0.2500,0.1890,0.0000,0.0000,0.0577,0.0000,0.4451,0.4451,166,0.0000
1773894535.994,0.4378,0.2500,0.1878,0.0000,0.0000,0.0572,0.0000,0.4359,0.4359,164,0.0000
1773894536.195,0.4367,0.2500,0.1867,0.0000,0.0000,0.0568,0.0000,0.4269,0.4269,163,0.0000
1773894536.395,0.4364,0.2500,0.1864,0.0000,0.0000,0.0565,0.0000,0.4185,0.4185,161,0.0000
1773894536.595,0.4407,0.2545,0.1861,0.0000,0.0065,0.0585,0.0000,0.4156,0.4156,161,0.0000
1773894536.795,0.4593,0.2727,0.1866,0.0000,0.0324,0.0690,0.0000,0.4367,0.4367,164,0.0000
1773894536.996,0.4563,0.2659,0.1904,0.0000,0.0227,0.0728,0.0000,0.4651,0.4651,169,0.0000
1773894537.196,0.4530,0.2611,0.1919,0.0000,0.0159,0.0730,0.0000,0.4913,0.4913,173,0.0000
1773894537.396,0.4497,0.2578,0.1919,0.0000,0.0111,0.0715,0.0000,0.5112,0.5112,176,0.0000
1773894537.596,0.4468,0.2555,0.1914,0.0000,0.0078,0.0693,0.0000,0.5234,0.5234,178,0.0000
1773894537.797,0.4483,0.2553,0.1929,0.0000,0.0076,0.0680,0.0000,0.5305,0.5305,179,0.0000
1773894537.997,0.4701,0.2767,0.1934,0.0000,0.0381,0.0778,0.0000,0.5581,0.5581,184,0.0000
1773894538.197,0.4895,0.2890,0.2005,0.0000,0.0557,0.0911,0.0000,0.6081,0.6081,192,0.0000
1773894538.397,0.5059,0.2945,0.2114,0.0000,0.0636,0.1037,0.0000,0.6581,0.6581,200,0.0000
1773894538.597,0.5172,0.2930,0.2242,0.0000,0.0614,0.1124,0.0000,0.7081,0.7081,208,0.0000
1773894538.798,0.5253,0.2887,0.2367,0.0000,0.0552,0.1173,0.0000,0.7581,0.7581,216,0.0000
1773894538.998,0.5129,0.2771,0.2359,0.0000,0.0387,0.1145,0.0000,0.8081,0.8081,224,0.0000
1773894539.198,0.5018,0.2689,0.2328,0.0000,0.0271,0.1040,0.0000,0.8581,0.8581,232,0.0000
1773894539.398,0.4923,0.2633,0.2290,0.0000,0.0189,0.0942,0.0000,0.8833,0.8833,236,0.0000
1773894539.599,0.4842,0.2593,0.2249,0.0000,0.0133,0.0861,0.0000,0.8860,0.8860,236,0.0000
1773894539.799,0.4767,0.2565,0.2202,0.0000,0.0093,0.0796,0.0000,0.8720,0.8720,234,0.0000
1773894539.999,0.4703,0.2545,0.2158,0.0000,0.0065,0.0767,0.0000,0.8514,0.8514,231,0.0000
1773894540.200,0.4649,0.2532,0.2117,0.0000,0.0045,0.0737,0.0000,0.8256,0.8256,227,0.0000
1773894540.400,0.4603,0.2522,0.2081,0.0000,0.0032,0.0709,0.0000,0.7960,0.7960,222,0.0000
1773894540.600,0.4564,0.2516,0.2049,0.0000,0.0022,0.0683,0.0000,0.7640,0.7640,217,0.0000
1773894540.800,0.4537,0.2511,0.2026,0.0000,0.0016,0.0662,0.0000,0.7312,0.7312,211,0.0000
1773894541.001,0.4509,0.2508,0.2002,0.0000,0.0011,0.0645,0.0000,0.6985,0.6985,206,0.0000
1773894541.201,0.4486,0.2505,0.1980,0.0000,0.0008,0.0630,0.0000,0.6665,0.6665,201,0.0000
1773894541.401,0.4464,0.2504,0.1961,0.0000,0.0005,0.0617,0.0000,0.6360,0.6360,196,0.0000
1773894541.601,0.4446,0.2503,0.1944,0.0000,0.0004,0.0606,0.0000,0.6071,0.6071,192,0.0000
1773894541.802,0.4431,0.2502,0.1929,0.0000,0.0003,0.0598,0.0000,0.5802,0.5802,187,0.0000
1773894542.002,0.4417,0.2501,0.1916,0.0000,0.0002,0.0590,0.0000,0.5553,0.5553,183,0.0000
1773894542.202,0.4407,0.2501,0.1907,0.0000,0.0001,0.0584,0.0000,0.5326,0.5326,180,0.0000
1773894542.402,0.4404,0.2501,0.1903,0.0000,0.0001,0.0580,0.0000,0.5121,0.5121,176,0.0000
1773894542.603,0.4408,0.2504,0.1903,0.0000,0.0006,0.0579,0.0000,0.4942,0.4942,174,0.0000
1773894542.803,0.4411,0.2506,0.1905,0.0000,0.0009,0.0579,0.0000,0.4790,0.4790,171,0.0000
1773894543.003,0.4413,0.2507,0.1906,0.0000,0.0010,0.0580,0.0000,0.4663,0.4663,169,0.0000
1773894543.204,0.4416,0.2507,0.1908,0.0000,0.0010,0.0581,0.0000,0.4557,0.4557,167,0.0000
1773894543.404,0.4411,0.2505,0.1906,0.0000,0.0007,0.0580,0.0000,0.4465,0.4465,166,0.0000
1773894543.604,0.4434,0.2528,0.1906,0.0000,0.0040,0.0591,0.0000,0.4412,0.4412,165,0.0000
1773894543.804,0.4441,0.2527,0.1914,0.0000,0.0038,0.0599,0.0000,0.4385,0.4385,165,0.0000
1773894544.005,0.4421,0.2519,0.1903,0.0000,0.0027,0.0598,0.0000,0.4363,0.4363,164,0.0000
1773894544.205,0.4405,0.2513,0.1891,0.0000,0.0019,0.0594,0.0000,0.4337,0.4337,164,0.0000
1773894544.405,0.4428,0.2534,0.1894,0.0000,0.0049,0.0602,0.0000,0.4332,0.4332,164,0.0000
1773894544.606,0.4450,0.2547,0.1903,0.0000,0.0067,0.0615,0.0000,0.4357,0.4357,164,0.0000
1773894544.806,0.4468,0.2551,0.1917,0.0000,0.0073,0.0626,0.0000,0.4407,0.4407,165,0.0000
1773894545.006,0.4456,0.2536,0.1921,0.0000,0.0051,0.0627,0.0000,0.4455,0.4455,166,0.0000
1773894545.206,0.4473,0.2543,0.1930,0.0000,0.0061,0.0631,0.0000,0.4507,0.4507,167,0.0000
1773894545.406,0.4646,0.2712,0.1935,0.0000,0.0303,0.0719,0.0000,0.4749,0.4749,170,0.0000
1773894545.607,0.4794,0.2803,0.1991,0.0000,0.0433,0.0828,0.0000,0.5212,0.5212,178,0.0000
1773894545.807,0.4765,0.2712,0.2053,0.0000,0.0303,0.0860,0.0000,0.5703,0.5703,186,0.0000
1773894546.007,0.4736,0.2649,0.2088,0.0000,0.0212,0.0852,0.0000,0.6124,0.6124,192,0.0000
1773894546.207,0.4711,0.2604,0.2107,0.0000,0.0149,0.0827,0.0000,0.6434,0.6434,197,0.0000
1773894546.408,0.4682,0.2573,0.2110,0.0000,0.0104,0.0796,0.0000,0.6627,0.6627,201,0.0000
1773894546.608,0.4626,0.2551,0.2075,0.0000,0.0073,0.0736,0.0000,0.6652,0.6652,201,0.0000
1773894546.808,0.4584,0.2536,0.2048,0.0000,0.0051,0.0711,0.0000,0.6605,0.6605,200,0.0000
1773894547.008,0.4549,0.2525,0.2024,0.0000,0.0036,0.0687,0.0000,0.6500,0.6500,199,0.0000
1773894547.208,0.4518,0.2517,0.2001,0.0000,0.0025,0.0665,0.0000,0.6353,0.6353,196,0.0000
1773894547.409,0.4487,0.2512,0.1975,0.0000,0.0017,0.0646,0.0000,0.6176,0.6176,193,0.0000
1773894547.609,0.4460,0.2509,0.1952,0.0000,0.0012,0.0629,0.0000,0.5980,0.5980,190,0.0000
1773894547.809,0.4476,0.2523,0.1953,0.0000,0.0032,0.0625,0.0000,0.5797,0.5797,187,0.0000
1773894548.009,0.4483,0.2523,0.1960,0.0000,0.0033,0.0624,0.0000,0.5635,0.5635,185,0.0000
1773894548.210,0.4457,0.2516,0.1941,0.0000,0.0023,0.0617,0.0000,0.5481,0.5481,182,0.0000
1773894548.410,0.4435,0.2511,0.1923,0.0000,0.0016,0.0609,0.0000,0.5329,0.5329,180,0.0000
1773894548.610,0.4416,0.2508,0.1908,0.0000,0.0011,0.0600,0.0000,0.5177,0.5177,177,0.0000
1773894548.810,0.4393,0.2506,0.1887,0.0000,0.0008,0.0591,0.0000,0.5025,0.5025,175,0.0000
1773894549.011,0.4339,0.2504,0.1835,0.0000,0.0006,0.0579,0.0000,0.4866,0.4866,172,0.0000
1773894549.211,0.4273,0.2503,0.1770,0.0000,0.0004,0.0563,0.0000,0.4694,0.4694,170,0.0000
1773894549.411,0.4198,0.2502,0.1696,0.0000,0.0003,0.0545,0.0000,0.4502,0.4502,167,0.0000
1773894549.611,0.4122,0.2501,0.1621,0.0000,0.0002,0.0525,0.0000,0.4289,0.4289,163,0.0000
1773894549.812,0.4038,0.2501,0.1537,0.0000,0.0001,0.0503,0.0000,0.4054,0.4054,159,0.0000
1773894550.012,0.3940,0.2501,0.1439,0.0000,0.0001,0.0479,0.0000,0.3792,0.3792,155,0.0000
1773894550.212,0.3840,0.2500,0.1340,0.0000,0.0001,0.0452,0.0000,0.3502,0.3502,151,0.0000
1773894550.412,0.3750,0.2500,0.1250,0.0000,0.0000,0.0425,0.0000,0.3188,0.3188,146,0.0000
1773894550.613,0.3672,0.2500,0.1172,0.0000,0.0000,0.0400,0.0000,0.2855,0.2855,140,0.0000
1773894550.813,0.3613,0.2500,0.1112,0.0000,0.0000,0.0377,0.0000,0.2513,0.2513,135,0.0000
1773894551.013,0.3570,0.2500,0.1070,0.0000,0.0000,0.0357,0.0000,0.2170,0.2170,129,0.0000
1773894551.213,0.3527,0.2500,0.1026,0.0000,0.0000,0.0340,0.0000,0.1833,0.1833,124,0.0000
1773894551.414,0.3490,0.2500,0.0990,0.0000,0.0000,0.0325,0.0000,0.1507,0.1507,119,0.0000
1773894551.614,0.3463,0.2500,0.0963,0.0000,0.0000,0.0312,0.0000,0.1195,0.1195,114,0.0000
1773894551.814,0.3444,0.2500,0.0944,0.0000,0.0000,0.0302,0.0000,0.0903,0.0903,109,0.0000
1773894552.015,0.3423,0.2500,0.0923,0.0000,0.0000,0.0293,0.0000,0.0631,0.0631,105,0.0000
1773894552.215,0.3382,0.2500,0.0882,0.0000,0.0000,0.0283,0.0000,0.0374,0.0374,100,0.0000
1773894552.415,0.3335,0.2500,0.0835,0.0000,0.0000,0.0272,0.0000,0.0127,0.0127,0,0.0000
1773894552.615,0.3283,0.2500,0.0783,0.0000,0.0000,0.0259,0.0000,0.0000,0.0000,0,0.0000
1773894552.815,0.3225,0.2500,0.0725,0.0000,0.0000,0.0244,0.0000,0.0000,0.0000,0,0.0000
1773894553.016,0.3166,0.2500,0.0666,0.0000,0.0000,0.0229,0.0000,0.0000,0.0000,0,0.0000
1773894553.216,0.3080,0.2500,0.0580,0.0000,0.0000,0.0210,0.0000,0.0000,0.0000,0,0.0000
1773894553.416,0.2994,0.2500,0.0494,0.0000,0.0000,0.0188,0.0000,0.0000,0.0000,0,0.0000
1773894553.616,0.2899,0.2500,0.0399,0.0000,0.0000,0.0164,0.0000,0.0000,0.0000,0,0.0000
1773894553.817,0.2809,0.2500,0.0309,0.0000,0.0000,0.0139,0.0000,0.0000,0.0000,0,0.0000
1773894554.017,0.2711,0.2500,0.0211,0.0000,0.0000,0.0113,0.0000,0.0000,0.0000,0,0.0000
1773894554.217,0.2617,0.2500,0.0117,0.0000,0.0000,0.0085,0.0000,0.0000,0.0000,0,0.0000
1773894554.417,0.2518,0.2500,0.0018,0.0000,0.0000,0.0057,0.0000,0.0000,0.0000,0,0.0000
1773894554.618,0.2433,0.2500,-0.0067,0.0000,0.0000,0.0000,0.0000,0.0000,0.0000,0,0.1663
1773894554.818,0.2358,0.2500,-0.0142,0.0000,0.0000,0.0000,0.0000,0.0000,0.0000,0,0.3541
1773894555.018,0.2294,0.2500,-0.0206,0.0000,0.0000,0.0000,0.0000,0.0000,0.0000,0,0.5144
1773894555.219,0.2239,0.2500,-0.0261,0.0000,0.0000,0.0000,0.0000,0.0000,0.0000,0,0.6520
1773894555.419,0.2181,0.2500,-0.0319,0.0000,0.0000,0.0000,0.0000,0.0000,0.0000,0,0.7966
1773894555.619,0.2128,0.2500,-0.0372,0.0000,0.0000,0.0000,0.0000,0.0000,0.0000,0,0.9298
1773894555.819,0.2068,0.2500,-0.0432,0.0000,0.0000,0.0000,0.0000,0.0000,0.0000,0,1.0000
1773894556.020,0.2012,0.2500,-0.0488,0.0000,0.0000,0.0000,0.0000,0.0000,0.0000,0,1.0000
1773894556.220,0.1961,0.2500,-0.0539,0.0000,0.0000,0.0000,0.0000,0.0000,0.0000,0,1.0000
1773894556.420,0.1913,0.2500,-0.0587,0.0000,0.0000,0.0000,0.0000,0.0000,0.0000,0,1.0000
1773894556.620,0.1871,0.2500,-0.0629,0.0000,0.0000,0.0000,0.0000,0.0000,0.0000,0,1.0000
1773894556.821,0.1831,0.2500,-0.0669,0.0000,0.0000,0.0000,0.0000,0.0000,0.0000,0,1.0000
1773894557.021,0.1787,0.2500,-0.0713,0.0000,0.0000,0.0000,0.0000,0.0000,0.0000,0,1.0000
1773894557.221,0.1739,0.2500,-0.0761,0.0000,0.0000,0.0000,0.0000,0.0000,0.0000,0,1.0000
1773894557.421,0.1698,0.2500,-0.0802,0.0000,0.0000,0.0000,0.0000,0.0000,0.0000,0,1.0000
1773894557.621,0.1663,0.2500,-0.0837,0.0000,0.0000,0.0000,0.0000,0.0000,0.0000,0,1.0000
1773894557.822,0.1649,0.2500,-0.0851,0.0000,0.0000,0.0000,0.0000,0.0000,0.0000,0,1.0000
1773894558.022,0.1639,0.2500,-0.0861,0.0000,0.0000,0.0000,0.0000,0.0000,0.0000,0,1.0000
1773894558.222,0.1629,0.2500,-0.0871,0.0000,0.0000,0.0000,0.0000,0.0000,0.0000,0,1.0000
1773894558.422,0.1621,0.2500,-0.0879,0.0000,0.0000,0.0000,0.0000,0.0000,0.0000,0,1.0000
1773894558.623,0.1614,0.2500,-0.0886,0.0000,0.0000,0.0000,0.0000,0.0000,0.0000,0,1.0000
1773894558.823,0.1592,0.2500,-0.0908,0.0000,0.0000,0.0000,0.0000,0.0000,0.0000,0,1.0000
1773894559.023,0.1573,0.2500,-0.0927,0.0000,0.0000,0.0000,0.0000,0.0000,0.0000,0,1.0000
1773894559.224,0.1562,0.2500,-0.0938,0.0000,0.0000,0.0000,0.0000,0.0000,0.0000,0,1.0000
1773894559.424,0.1553,0.2500,-0.0947,0.0000,0.0000,0.0000,0.0000,0.0000,0.0000,0,1.0000
1773894559.624,0.1546,0.2500,-0.0954,0.0000,0.0000,0.0000,0.0000,0.0000,0.0000,0,1.0000
1773894559.824,0.1525,0.2500,-0.0975,0.0000,0.0000,0.0000,0.0000,0.0000,0.0000,0,1.0000
1773894560.025,0.1506,0.2500,-0.0994,0.0000,0.0000,0.0000,0.0000,0.0000,0.0000,0,1.0000
1773894560.225,0.1491,0.2500,-0.1009,0.0000,0.0000,0.0000,0.0000,0.0000,0.0000,0,1.0000
1773894560.425,0.1493,0.2502,-0.1009,0.0000,0.0002,0.0000,0.0000,0.0000,0.0000,0,1.0000
1773894560.625,0.1494,0.2503,-0.1009,0.0000,0.0004,0.0000,0.0000,0.0000,0.0000,0,1.0000
1773894560.826,0.1511,0.2519,-0.1009,0.0000,0.0028,0.0000,0.0000,0.0000,0.0000,0,1.0000
1773894561.026,0.1514,0.2517,-0.1003,0.0000,0.0025,0.0000,0.0000,0.0000,0.0000,0,1.0000
1773894561.226,0.1518,0.2516,-0.0998,0.0000,0.0022,0.0000,0.0000,0.0000,0.0000,0,1.0000
1773894561.426,0.1520,0.2514,-0.0993,0.0000,0.0020,0.0000,0.0000,0.0000,0.0000,0,1.0000
1773894561.627,0.1518,0.2510,-0.0992,0.0000,0.0014,0.0000,0.0000,0.0000,0.0000,0,1.0000
1773894561.827,0.1520,0.2510,-0.0989,0.0000,0.0014,0.0000,0.0000,0.0000,0.0000,0,1.0000
1773894562.027,0.1528,0.2515,-0.0987,0.0000,0.0021,0.0000,0.0000,0.0000,0.0000,0,1.0000
1773894562.227,0.1534,0.2517,-0.0983,0.0000,0.0024,0.0000,0.0000,0.0000,0.0000,0,1.0000
1773894562.428,0.1519,0.2512,-0.0993,0.0000,0.0017,0.0000,0.0000,0.0000,0.0000,0,1.0000
1773894562.628,0.1480,0.2508,-0.1028,0.0000,0.0012,0.0000,0.0000,0.0000,0.0000,0,1.0000
1773894562.828,0.1437,0.2506,-0.1068,0.0000,0.0008,0.0000,0.0000,0.0000,0.0000,0,1.0000
1773894563.028,0.1401,0.2504,-0.1103,0.0000,0.0006,0.0000,0.0000,0.0000,0.0000,0,1.0000
1773894563.229,0.1369,0.2503,-0.1133,0.0000,0.0004,0.0000,0.0000,0.0000,0.0000,0,1.0000
1773894563.429,0.1339,0.2502,-0.1163,0.0000,0.0003,0.0000,0.0000,0.0000,0.0000,0,1.0000
1773894563.629,0.1307,0.2501,-0.1195,0.0000,0.0002,0.0000,0.0000,0.0000,0.0000,0,1.0000
1773894563.829,0.1281,0.2501,-0.1220,0.0000,0.0001,0.0000,0.0000,0.0000,0.0000,0,1.0000
1773894564.030,0.1257,0.2501,-0.1243,0.0000,0.0001,0.0000,0.0000,0.0000,0.0000,0,1.0000
1773894564.230,0.1222,0.2500,-0.1279,0.0000,0.0001,0.0000,0.0000,0.0000,0.0000,0,1.0000
1773894564.430,0.1183,0.2500,-0.1318,0.0000,0.0000,0.0000,0.0000,0.0000,0.0000,0,1.0000
1773894564.630,0.1148,0.2500,-0.1352,0.0000,0.0000,0.0000,0.0000,0.0000,0.0000,0,1.0000
1773894564.831,0.1115,0.2500,-0.1385,0.0000,0.0000,0.0000,0.0000,0.0000,0.0000,0,1.0000
1773894565.031,0.1070,0.2500,-0.1430,0.0000,0.0000,0.0000,0.0000,0.0000,0.0000,0,1.0000
1773894565.231,0.1022,0.2500,-0.1478,0.0000,0.0000,0.0000,0.0000,0.0000,0.0000,0,1.0000
1773894565.432,0.0981,0.2500,-0.1519,0.0000,0.0000,0.0000,0.0000,0.0000,0.0000,0,1.0000
1773894565.632,0.0947,0.2500,-0.1553,0.0000,0.0000,0.0000,0.0000,0.0000,0.0000,0,1.0000
1773894565.832,0.0918,0.2500,-0.1582,0.0000,0.0000,0.0000,0.0000,0.0000,0.0000,0,1.0000
1773894566.032,0.0899,0.2500,-0.1601,0.0000,0.0000,0.0000,0.0000,0.0000,0.0000,0,1.0000
1773894566.233,0.0883,0.2500,-0.1617,0.0000,0.0000,0.0000,0.0000,0.0000,0.0000,0,1.0000
1773894566.433,0.0873,0.2500,-0.1627,0.0000,0.0000,0.0000,0.0000,0.0000,0.0000,0,1.0000
1773894566.633,0.0869,0.2500,-0.1631,0.0000,0.0000,0.0000,0.0000,0.0000,0.0000,0,1.0000
1773894566.833,0.0892,0.2524,-0.1632,0.0000,0.0034,0.0000,0.0000,0.0000,0.0000,0,1.0000
1773894567.033,0.0937,0.2564,-0.1627,0.0000,0.0092,0.0000,0.0000,0.0000,0.0000,0,1.0000
1773894567.234,0.0987,0.2597,-0.1610,0.0000,0.0139,0.0000,0.0000,0.0000,0.0000,0,1.0000
1773894567.434,0.1054,0.2638,-0.1585,0.0000,0.0198,0.0000,0.0000,0.0000,0.0000,0,1.0000
1773894567.634,0.1121,0.2667,-0.1546,0.0000,0.0239,0.0000,0.0000,0.0000,0.0000,0,1.0000
1773894567.834,0.1188,0.2688,-0.1499,0.0000,0.0269,0.0000,0.0000,0.0000,0.0000,0,1.0000
1773894568.035,0.1247,0.2693,-0.1446,0.0000,0.0276,0.0000,0.0000,0.0000,0.0000,0,1.0000
1773894568.235,0.1301,0.2691,-0.1391,0.0000,0.0274,0.0000,0.0000,0.0000,0.0000,0,1.0000
1773894568.435,0.1351,0.2687,-0.1336,0.0000,0.0267,0.0000,0.0000,0.0000,0.0000,0,1.0000
1773894568.636,0.1389,0.2671,-0.1282,0.0000,0.0244,0.0000,0.0000,0.0000,0.0000,0,1.0000
1773894568.836,0.1422,0.2654,-0.1232,0.0000,0.0220,0.0000,0.0000,0.0000,0.0000,0,1.0000
1773894569.036,0.1449,0.2637,-0.1187,0.0000,0.0195,0.0000,0.0000,0.0000,0.0000,0,1.0000
1773894569.236,0.1478,0.2626,-0.1148,0.0000,0.0179,0.0000,0.0000,0.0000,0.0000,0,1.0000
1773894569.437,0.1506,0.2617,-0.1111,0.0000,0.0168,0.0000,0.0000,0.0000,0.0000,0,1.0000
1773894569.637,0.1535,0.2613,-0.1078,0.0000,0.0161,0.0000,0.0000,0.0000,0.0000,0,1.0000
1773894569.837,0.1570,0.2615,-0.1046,0.0000,0.0165,0.0000,0.0000,0.0000,0.0000,0,1.0000
1773894570.037,0.1603,0.2616,-0.1013,0.0000,0.0166,0.0000,0.0000,0.0000,0.0000,0,1.0000
1773894570.238,0.1637,0.2617,-0.0980,0.0000,0.0167,0.0000,0.0000,0.0000,0.0000,0,1.0000
1773894570.438,0.1675,0.2621,-0.0946,0.0000,0.0173,0.0000,0.0000,0.0000,0.0000,0,1.0000
1773894570.638,0.1717,0.2629,-0.0912,0.0000,0.0185,0.0000,0.0000,0.0000,0.0000,0,1.0000
1773894570.838,0.1753,0.2628,-0.0875,0.0000,0.0183,0.0000,0.0000,0.0000,0.0000,0,1.0000
1773894571.039,0.1783,0.2622,-0.0838,0.0000,0.0174,0.0000,0.0000,0.0000,0.0000,0,1.0000
1773894571.239,0.1809,0.2613,-0.0803,0.0000,0.0161,0.0000,0.0000,0.0000,0.0000,0,1.0000
1773894571.439,0.1832,0.2602,-0.0770,0.0000,0.0146,0.0000,0.0000,0.0000,0.0000,0,1.0000
1773894571.639,0.1859,0.2601,-0.0741,0.0000,0.0144,0.0000,0.0000,0.0000,0.0000,0,1.0000
1773894571.840,0.1884,0.2596,-0.0712,0.0000,0.0138,0.0000,0.0000,0.0000,0.0000,0,1.0000
1773894572.040,0.1915,0.2599,-0.0685,0.0000,0.0142,0.0000,0.0000,0.0000,0.0000,0,1.0000
1773894572.240,0.1945,0.2602,-0.0657,0.0000,0.0146,0.0000,0.0000,0.0000,0.0000,0,1.0000
1773894572.440,0.1977,0.2604,-0.0628,0.0000,0.0149,0.0000,0.0000,0.0000,0.0000,0,1.0000
1773894572.641,0.2007,0.2605,-0.0598,0.0000,0.0150,0.0000,0.0000,0.0000,0.0000,0,1.0000
1773894572.841,0.2038,0.2606,-0.0568,0.0000,0.0151,0.0000,0.0000,0.0000,0.0000,0,1.0000
1773894573.041,0.2068,0.2606,-0.0538,0.0000,0.0151,0.0000,0.0000,0.0000,0.0000,0,1.0000
1773894573.241,0.2095,0.2603,-0.0507,0.0000,0.0146,0.0000,0.0000,0.0000,0.0000,0,1.0000
1773894573.442,0.2118,0.2596,-0.0478,0.0000,0.0137,0.0000,0.0000,0.0000,0.0000,0,1.0000
1773894573.642,0.2138,0.2588,-0.0450,0.0000,0.0125,0.0000,0.0000,0.0000,0.0000,0,1.0000
1773894573.842,0.2154,0.2579,-0.0424,0.0000,0.0112,0.0000,0.0000,0.0000,0.0000,0,1.0000
1773894574.043,0.2169,0.2570,-0.0401,0.0000,0.0100,0.0000,0.0000,0.0000,0.0000,0,1.0000
1773894574.243,0.2180,0.2562,-0.0381,0.0000,0.0088,0.0019,0.0000,0.0000,0.0000,0,0.9526
1773894574.443,0.2180,0.2543,-0.0363,0.0000,0.0062,0.0019,0.0000,0.0000,0.0000,0,0.9067
1773894574.643,0.2175,0.2530,-0.0355,0.0000,0.0043,0.0014,0.0000,0.0000,0.0000,0,0.8876
1773894574.844,0.2171,0.2521,-0.0350,0.0000,0.0030,0.0011,0.0000,0.0000,0.0000,0,0.8761
1773894575.044,0.2168,0.2515,-0.0346,0.0000,0.0021,0.0008,0.0000,0.0000,0.0000,0,0.8659
1773894575.244,0.2170,0.2512,-0.0342,0.0000,0.0017,0.0007,0.0000,0.0000,0.0000,0,0.8550
1773894575.444,0.2172,0.2510,-0.0338,0.0000,0.0014,0.0006,0.0000,0.0000,0.0000,0,0.8461
1773894575.645,0.2178,0.2514,-0.0336,0.0000,0.0020,0.0008,0.0000,0.0000,0.0000,0,0.8394
1773894575.845,0.2184,0.2516,-0.0332,0.0000,0.0022,0.0009,0.0000,0.0000,0.0000,0,0.8299
1773894576.045,0.2192,0.2520,-0.0328,0.0000,0.0028,0.0012,0.0000,0.0000,0.0000,0,0.8193
1773894576.245,0.2199,0.2522,-0.0322,0.0000,0.0031,0.0014,0.0000,0.0000,0.0000,0,0.8054
1773894576.446,0.2211,0.2527,-0.0316,0.0000,0.0038,0.0018,0.0000,0.0000,0.0000,0,0.7906
1773894576.646,0.2233,0.2542,-0.0309,0.0000,0.0060,0.0029,0.0000,0.0000,0.0000,0,0.7732
1773894576.846,0.2256,0.2554,-0.0298,0.0000,0.0077,0.0039,0.0000,0.0000,0.0000,0,0.7444
1773894577.046,0.2272,0.2554,-0.0282,0.0000,0.0077,0.0042,0.0000,0.0000,0.0000,0,0.7061
1773894577.247,0.2281,0.2548,-0.0267,0.0000,0.0068,0.0039,0.0000,0.0000,0.0000,0,0.6668
1773894577.447,0.2281,0.2534,-0.0252,0.0000,0.0048,0.0029,0.0000,0.0000,0.0000,0,0.6311
1773894577.647,0.2281,0.2524,-0.0242,0.0000,0.0034,0.0021,0.0000,0.0000,0.0000,0,0.6059
1773894577.847,0.2289,0.2525,-0.0236,0.0000,0.0035,0.0023,0.0000,0.0000,0.0000,0,0.5890
1773894578.048,0.2296,0.2524,-0.0229,0.0000,0.0034,0.0023,0.0000,0.0000,0.0000,0,0.5713
1773894578.248,0.2294,0.2517,-0.0223,0.0000,0.0024,0.0016,0.0000,0.0000,0.0000,0,0.5581
1773894578.448,0.2296,0.2514,-0.0218,0.0000,0.0020,0.0014,0.0000,0.0000,0.0000,0,0.5457
1773894578.649,0.2302,0.2516,-0.0214,0.0000,0.0023,0.0016,0.0000,0.0000,0.0000,0,0.5358
1773894578.849,0.2310,0.2520,-0.0210,0.0000,0.0029,0.0020,0.0000,0.0000,0.0000,0,0.5250
1773894579.049,0.2322,0.2526,-0.0204,0.0000,0.0037,0.0026,0.0000,0.0000,0.0000,0,0.5111
1773894579.249,0.2336,0.2534,-0.0197,0.0000,0.0048,0.0034,0.0000,0.0000,0.0000,0,0.4934
1773894579.450,0.2358,0.2546,-0.0188,0.0000,0.0066,0.0048,0.0000,0.0000,0.0000,0,0.4708
1773894579.650,0.2381,0.2557,-0.0176,0.0000,0.0081,0.0061,0.0000,0.0000,0.0000,0,0.4390
1773894579.850,0.2405,0.2565,-0.0160,0.0000,0.0092,0.0072,0.0000,0.0000,0.0000,0,0.3992
1773894580.050,0.2429,0.2571,-0.0142,0.0000,0.0101,0.0081,0.0000,0.0000,0.0000,0,0.3538
1773894580.251,0.2450,0.2571,-0.0121,0.0000,0.0102,0.0085,0.0000,0.0000,0.0000,0,0.3032
1773894580.451,0.2467,0.2568,-0.0101,0.0000,0.0097,0.0084,0.0000,0.0000,0.0000,0,0.2520
1773894580.651,0.2482,0.2563,-0.0081,0.0000,0.0090,0.0081,0.0000,0.0000,0.0000,0,0.2028
1773894580.852,0.2495,0.2557,-0.0063,0.0000,0.0082,0.0075,0.0000,0.0000,0.0000,0,0.1570
1773894581.052,0.2523,0.2570,-0.0047,0.0000,0.0100,0.0094,0.0000,0.0000,0.0000,0,0.1176
1773894581.252,0.2555,0.2583,-0.0028,0.0000,0.0119,0.0114,0.0000,0.0000,0.0000,0,0.0688
1773894581.452,0.2566,0.2569,-0.0003,0.0000,0.0099,0.0098,0.0000,0.0000,0.0000,0,0.0079
1773894581.653,0.2558,0.2548,0.0010,0.0000,0.0069,0.0089,0.0000,0.0000,0.0000,0,0.0000
1773894581.853,0.2554,0.2534,0.0020,0.0000,0.0048,0.0077,0.0000,0.0000,0.0000,0,0.0000
1773894582.053,0.2560,0.2530,0.0030,0.0000,0.0042,0.0068,0.0000,0.0000,0.0000,0,0.0000
1773894582.253,0.2570,0.2531,0.0039,0.0000,0.0044,0.0064,0.0000,0.0000,0.0000,0,0.0000
1773894582.454,0.2582,0.2534,0.0047,0.0000,0.0049,0.0064,0.0000,0.0000,0.0000,0,0.0000
1773894582.654,0.2594,0.2536,0.0057,0.0000,0.0052,0.0066,0.0000,0.0000,0.0000,0,0.0000
1773894582.854,0.2633,0.2567,0.0066,0.0000,0.0095,0.0083,0.0000,0.0000,0.0000,0,0.0000
1773894583.055,0.2680,0.2596,0.0084,0.0000,0.0137,0.0111,0.0000,0.0000,0.0000,0,0.0000
1773894583.255,0.2727,0.2617,0.0110,0.0000,0.0167,0.0142,0.0000,0.0000,0.0000,0,0.0000
1773894583.455,0.2759,0.2616,0.0144,0.0000,0.0165,0.0165,0.0000,0.0000,0.0000,0,0.0000
1773894583.655,0.2787,0.2610,0.0177,0.0000,0.0157,0.0181,0.0000,0.0000,0.0000,0,0.0000
1773894583.856,0.2810,0.2602,0.0209,0.0000,0.0145,0.0190,0.0000,0.0000,0.0000,0,0.0000
1773894584.056,0.2831,0.2593,0.0238,0.0000,0.0132,0.0195,0.0000,0.0000,0.0000,0,0.0000
1773894584.256,0.2848,0.2583,0.0265,0.0000,0.0118,0.0196,0.0000,0.0000,0.0000,0,0.0000
1773894584.456,0.2862,0.2573,0.0289,0.0000,0.0104,0.0194,0.0000,0.0000,0.0000,0,0.0000
1773894584.657,0.2874,0.2564,0.0310,0.0000,0.0091,0.0191,0.0000,0.0000,0.0000,0,0.0000
1773894584.857,0.2885,0.2556,0.0329,0.0000,0.0079,0.0186,0.0000,0.0000,0.0000,0,0.0000
1773894585.057,0.2901,0.2556,0.0345,0.0000,0.0080,0.0185,0.0000,0.0000,0.0000,0,0.0000
1773894585.257,0.2919,0.2558,0.0361,0.0000,0.0083,0.0187,0.0000,0.0000,0.0000,0,0.0000
1773894585.457,0.2946,0.2569,0.0377,0.0000,0.0098,0.0196,0.0000,0.0000,0.0000,0,0.0000
1773894585.658,0.2989,0.2594,0.0395,0.0000,0.0134,0.0216,0.0000,0.0479,0.0479,95,0.0000
1773894585.858,0.3035,0.2613,0.0421,0.0000,0.0162,0.0241,0.0000,0.0554,0.0554,103,0.0000
1773894586.058,0.3072,0.2619,0.0453,0.0000,0.0170,0.0264,0.0000,0.0468,0.0468,102,0.0000
1773894586.258,0.3105,0.2617,0.0488,0.0000,0.0167,0.0281,0.0000,0.0331,0.0331,100,0.0000
1773894586.459,0.3131,0.2610,0.0521,0.0000,0.0156,0.0292,0.0000,0.0189,0.0189,0,0.0000
1773894586.659,0.3153,0.2600,0.0553,0.0000,0.0143,0.0298,0.0000,0.0055,0.0055,0,0.0000
1773894586.859,0.3172,0.2590,0.0582,0.0000,0.0128,0.0300,0.0000,0.0000,0.0000,0,0.0000
1773894587.060,0.3188,0.2580,0.0608,0.0000,0.0114,0.0299,0.0000,0.0000,0.0000,0,0.0000
1773894587.260,0.3202,0.2570,0.0632,0.0000,0.0100,0.0295,0.0000,0.0000,0.0000,0,0.0000
1773894587.460,0.3214,0.2562,0.0652,0.0000,0.0088,0.0291,0.0000,0.0000,0.0000,0,0.0000
1773894587.660,0.3229,0.2559,0.0670,0.0000,0.0084,0.0289,0.0000,0.0000,0.0000,0,0.0000
1773894587.861,0.3261,0.2575,0.0686,0.0000,0.0107,0.0298,0.0000,0.0000,0.0000,0,0.0000
1773894588.061,0.3296,0.2589,0.0707,0.0000,0.0127,0.0312,0.0000,0.0000,0.0000,0,0.0000
1773894588.261,0.3329,0.2598,0.0732,0.0000,0.0139,0.0328,0.0000,0.0000,0.0000,0,0.0000
1773894588.461,0.3369,0.2610,0.0759,0.0000,0.0158,0.0348,0.0000,0.0000,0.0000,0,0.0000
1773894588.662,0.3406,0.2616,0.0790,0.0000,0.0165,0.0367,0.0000,0.0042,0.0042,0,0.0000
1773894588.862,0.3437,0.2614,0.0823,0.0000,0.0162,0.0382,0.0000,0.0113,0.0113,0,0.0000
1773894589.062,0.3464,0.2609,0.0856,0.0000,0.0155,0.0392,0.0000,0.0201,0.0201,95,0.0000
1773894589.263,0.3488,0.2601,0.0887,0.0000,0.0144,0.0399,0.0000,0.0294,0.0294,99,0.0000
1773894589.463,0.3508,0.2591,0.0917,0.0000,0.0131,0.0401,0.0000,0.0381,0.0381,101,0.0000
1773894589.663,0.3525,0.2582,0.0943,0.0000,0.0117,0.0401,0.0000,0.0457,0.0457,102,0.0000
1773894589.863,0.3539,0.2573,0.0967,0.0000,0.0104,0.0398,0.0000,0.0517,0.0517,103,0.0000
1773894590.064,0.3552,0.2564,0.0988,0.0000,0.0091,0.0394,0.0000,0.0559,0.0559,103,0.0000
1773894590.264,0.3561,0.2554,0.1007,0.0000,0.0077,0.0389,0.0000,0.0582,0.0582,104,0.0000
1773894590.464,0.3569,0.2546,0.1023,0.0000,0.0066,0.0383,0.0000,0.0588,0.0588,104,0.0000
1773894590.664,0.3575,0.2539,0.1036,0.0000,0.0056,0.0378,0.0000,0.0579,0.0579,104,0.0000
1773894590.865,0.3581,0.2533,0.1048,0.0000,0.0048,0.0372,0.0000,0.0557,0.0557,103,0.0000
1773894591.065,0.3586,0.2528,0.1057,0.0000,0.0041,0.0367,0.0000,0.0524,0.0524,103,0.0000
1773894591.265,0.3590,0.2524,0.1066,0.0000,0.0034,0.0363,0.0000,0.0485,0.0485,102,0.0000
1773894591.465,0.3593,0.2521,0.1073,0.0000,0.0029,0.0359,0.0000,0.0441,0.0441,102,0.0000
1773894591.666,0.3596,0.2517,0.1079,0.0000,0.0025,0.0355,0.0000,0.0395,0.0395,101,0.0000
1773894591.866,0.3599,0.2515,0.1084,0.0000,0.0021,0.0352,0.0000,0.0347,0.0347,100,0.0000
1773894592.066,0.3601,0.2513,0.1088,0.0000,0.0018,0.0349,0.0000,0.0299,0.0299,99,0.0000
1773894592.266,0.3610,0.2519,0.1091,0.0000,0.0027,0.0351,0.0000,0.0261,0.0261,99,0.0000
1773894592.467,0.3625,0.2528,0.1096,0.0000,0.0041,0.0358,0.0000,0.0243,0.0243,98,0.0000
1773894592.667,0.3637,0.2533,0.1104,0.0000,0.0047,0.0365,0.0000,0.0245,0.0245,98,0.0000
1773894592.867,0.3648,0.2534,0.1114,0.0000,0.0049,0.0371,0.0000,0.0262,0.0262,99,0.0000
1773894593.068,0.3657,0.2533,0.1123,0.0000,0.0047,0.0376,0.0000,0.0289,0.0289,99,0.0000
1773894593.268,0.3659,0.2526,0.1133,0.0000,0.0037,0.0376,0.0000,0.0315,0.0315,100,0.0000
1773894593.468,0.3660,0.2519,0.1141,0.0000,0.0027,0.0374,0.0000,0.0333,0.0333,100,0.0000
1773894593.668,0.3660,0.2514,0.1147,0.0000,0.0019,0.0370,0.0000,0.0340,0.0340,100,0.0000
1773894593.869,0.3661,0.2510,0.1151,0.0000,0.0014,0.0366,0.0000,0.0337,0.0337,100,0.0000
1773894594.069,0.3653,0.2507,0.1146,0.0000,0.0010,0.0362,0.0000,0.0324,0.0324,100,0.0000
1773894594.269,0.3656,0.2508,0.1148,0.0000,0.0011,0.0360,0.0000,0.0307,0.0307,99,0.0000
1773894594.469,0.3654,0.2506,0.1148,0.0000,0.0008,0.0357,0.0000,0.0285,0.0285,99,0.0000
1773894594.670,0.3658,0.2508,0.1150,0.0000,0.0011,0.0357,0.0000,0.0265,0.0265,99,0.0000
1773894594.870,0.3662,0.2511,0.1152,0.0000,0.0015,0.0358,0.0000,0.0251,0.0251,99,0.0000
1773894595.070,0.3673,0.2519,0.1154,0.0000,0.0027,0.0363,0.0000,0.0250,0.0250,98,0.0000
1773894595.270,0.3682,0.2522,0.1160,0.0000,0.0032,0.0369,0.0000,0.0263,0.0263,99,0.0000
1773894595.471,0.3689,0.2523,0.1166,0.0000,0.0032,0.0374,0.0000,0.0285,0.0285,99,0.0000
1773894595.671,0.3689,0.2516,0.1173,0.0000,0.0023,0.0374,0.0000,0.0307,0.0307,99,0.0000
1773894595.871,0.3689,0.2511,0.1178,0.0000,0.0016,0.0372,0.0000,0.0322,0.0322,100,0.0000
1773894596.071,0.3695,0.2515,0.1181,0.0000,0.0021,0.0373,0.0000,0.0338,0.0338,100,0.0000
1773894596.272,0.3701,0.2516,0.1185,0.0000,0.0023,0.0375,0.0000,0.0355,0.0355,100,0.0000
1773894596.472,0.3720,0.2531,0.1189,0.0000,0.0045,0.0384,0.0000,0.0391,0.0391,101,0.0000
1773894596.672,0.3736,0.2539,0.1197,0.0000,0.0055,0.0395,0.0000,0.0446,0.0446,102,0.0000
1773894596.872,0.3756,0.2548,0.1208,0.0000,0.0069,0.0408,0.0000,0.0524,0.0524,103,0.0000
1773894597.073,0.3774,0.2552,0.1222,0.0000,0.0074,0.0419,0.0000,0.0620,0.0620,104,0.0000
1773894597.273,0.3802,0.2567,0.1236,0.0000,0.0095,0.0436,0.0000,0.0742,0.0742,106,0.0000
1773894597.473,0.3837,0.2583,0.1254,0.0000,0.0118,0.0456,0.0000,0.0895,0.0895,109,0.0000
1773894597.673,0.3862,0.2585,0.1277,0.0000,0.0121,0.0473,0.0000,0.1069,0.1069,112,0.0000
1773894597.874,0.3884,0.2582,0.1302,0.0000,0.0117,0.0485,0.0000,0.1250,0.1250,115,0.0000
1773894598.074,0.3913,0.2588,0.1325,0.0000,0.0125,0.0498,0.0000,0.1438,0.1438,118,0.0000
1773894598.274,0.3937,0.2587,0.1350,0.0000,0.0125,0.0509,0.0000,0.1628,0.1628,121,0.0000
1773894598.474,0.3960,0.2584,0.1375,0.0000,0.0120,0.0518,0.0000,0.1811,0.1811,123,0.0000
1773894598.675,0.3977,0.2578,0.1400,0.0000,0.0111,0.0522,0.0000,0.1981,0.1981,126,0.0000
1773894598.875,0.3992,0.2570,0.1422,0.0000,0.0100,0.0524,0.0000,0.2131,0.2131,129,0.0000
1773894599.075,0.4005,0.2562,0.1443,0.0000,0.0089,0.0523,0.0000,0.2258,0.2258,131,0.0000
1773894599.275,0.4015,0.2555,0.1461,0.0000,0.0078,0.0521,0.0000,0.2362,0.2362,132,0.0000
1773894599.476,0.4015,0.2538,0.1476,0.0000,0.0055,0.0513,0.0000,0.2432,0.2432,133,0.0000
1773894599.676,0.4015,0.2527,0.1488,0.0000,0.0039,0.0503,0.0000,0.2469,0.2469,134,0.0000
1773894599.876,0.4032,0.2537,0.1495,0.0000,0.0053,0.0502,0.0000,0.2495,0.2495,134,0.0000
1773894600.077,0.4060,0.2556,0.1505,0.0000,0.0080,0.0512,0.0000,0.2539,0.2539,135,0.0000
1773894600.277,0.4085,0.2564,0.1520,0.0000,0.0092,0.0525,0.0000,0.2605,0.2605,136,0.0000
1773894600.477,0.4105,0.2567,0.1538,0.0000,0.0095,0.0536,0.0000,0.2688,0.2688,138,0.0000
1773894600.677,0.4132,0.2575,0.1557,0.0000,0.0107,0.0549,0.0000,0.2792,0.2792,139,0.0000
1773894600.878,0.4156,0.2577,0.1578,0.0000,0.0110,0.0561,0.0000,0.2910,0.2910,141,0.0000
1773894601.078,0.4172,0.2571,0.1601,0.0000,0.0102,0.0569,0.0000,0.3032,0.3032,143,0.0000
1773894601.278,0.4186,0.2565,0.1621,0.0000,0.0092,0.0572,0.0000,0.3146,0.3146,145,0.0000
1773894601.478,0.4204,0.2565,0.1640,0.0000,0.0092,0.0576,0.0000,0.3254,0.3254,147,0.0000
1773894601.679,0.4225,0.2567,0.1658,0.0000,0.0096,0.0582,0.0000,0.3362,0.3362,148,0.0000
1773894601.879,0.4244,0.2567,0.1677,0.0000,0.0095,0.0588,0.0000,0.3467,0.3467,150,0.0000
1773894602.079,0.4286,0.2591,0.1695,0.0000,0.0129,0.0605,0.0000,0.3598,0.3598,152,0.0000
1773894602.279,0.4321,0.2601,0.1721,0.0000,0.0144,0.0625,0.0000,0.3755,0.3755,155,0.0000
1773894602.480,0.4346,0.2597,0.1750,0.0000,0.0138,0.0638,0.0000,0.3924,0.3924,157,0.0000
1773894602.680,0.4367,0.2590,0.1778,0.0000,0.0128,0.0646,0.0000,0.4091,0.4091,160,0.0000
1773894602.880,0.4379,0.2575,0.1804,0.0000,0.0107,0.0647,0.0000,0.4238,0.4238,162,0.0000
1773894603.080,0.4370,0.2553,0.1817,0.0000,0.0075,0.0638,0.0000,0.4345,0.4345,164,0.0000
1773894603.281,0.4360,0.2537,0.1824,0.0000,0.0053,0.0624,0.0000,0.4405,0.4405,165,0.0000
1773894603.481,0.4354,0.2526,0.1828,0.0000,0.0037,0.0611,0.0000,0.4423,0.4423,165,0.0000
1773894603.681,0.4347,0.2518,0.1829,0.0000,0.0026,0.0598,0.0000,0.4407,0.4407,165,0.0000
1773894603.882,0.4341,0.2513,0.1828,0.0000,0.0018,0.0587,0.0000,0.4364,0.4364,164,0.0000
1773894604.082,0.4350,0.2518,0.1832,0.0000,0.0026,0.0583,0.0000,0.4315,0.4315,164,0.0000
1773894604.282,0.4358,0.2521,0.1837,0.0000,0.0030,0.0582,0.0000,0.4269,0.4269,163,0.0000
1773894604.482,0.4371,0.2529,0.1843,0.0000,0.0041,0.0586,0.0000,0.4237,0.4237,162,0.0000
1773894604.683,0.4403,0.2553,0.1850,0.0000,0.0076,0.0602,0.0000,0.4244,0.4244,162,0.0000
1773894604.883,0.4429,0.2565,0.1864,0.0000,0.0093,0.0620,0.0000,0.4292,0.4292,163,0.0000
1773894605.083,0.4411,0.2546,0.1865,0.0000,0.0065,0.0621,0.0000,0.4341,0.4341,164,0.0000
1773894605.284,0.4396,0.2532,0.1864,0.0000,0.0046,0.0616,0.0000,0.4373,0.4373,164,0.0000
1773894605.484,0.4410,0.2537,0.1873,0.0000,0.0053,0.0615,0.0000,0.4399,0.4399,165,0.0000
1773894605.684,0.4421,0.2538,0.1883,0.0000,0.0055,0.0617,0.0000,0.4425,0.4425,165,0.0000
1773894605.884,0.4420,0.2527,0.1893,0.0000,0.0038,0.0613,0.0000,0.4439,0.4439,166,0.0000
1773894606.085,0.4417,0.2519,0.1898,0.0000,0.0027,0.0607,0.0000,0.4438,0.4438,166,0.0000
1773894606.285,0.4416,0.2513,0.1903,0.0000,0.0019,0.0601,0.0000,0.4422,0.4422,165,0.0000
1773894606.485,0.4421,0.2514,0.1907,0.0000,0.0020,0.0598,0.0000,0.4399,0.4399,165,0.0000
1773894606.685,0.4426,0.2515,0.1911,0.0000,0.0021,0.0597,0.0000,0.4375,0.4375,165,0.0000
1773894606.886,0.4436,0.2522,0.1915,0.0000,0.0031,0.0600,0.0000,0.4361,0.4361,164,0.0000
1773894607.086,0.4445,0.2525,0.1921,0.0000,0.0035,0.0604,0.0000,0.4358,0.4358,164,0.0000
1773894607.286,0.4452,0.2524,0.1928,0.0000,0.0034,0.0607,0.0000,0.4364,0.4364,164,0.0000
1773894607.486,0.4457,0.2523,0.1935,0.0000,0.0032,0.0609,0.0000,0.4374,0.4374,164,0.0000
1773894607.687,0.4462,0.2521,0.1941,0.0000,0.0030,0.0610,0.0000,0.4385,0.4385,165,0.0000
1773894607.887,0.4466,0.2519,0.1947,0.0000,0.0027,0.0610,0.0000,0.4396,0.4396,165,0.0000
1773894608.087,0.4476,0.2523,0.1952,0.0000,0.0033,0.0613,0.0000,0.4413,0.4413,165,0.0000
1773894608.288,0.4548,0.2593,0.1956,0.0000,0.0132,0.0650,0.0000,0.4510,0.4510,167,0.0000
1773894608.488,0.4551,0.2568,0.1983,0.0000,0.0096,0.0665,0.0000,0.4631,0.4631,169,0.0000
1773894608.688,0.4553,0.2550,0.2003,0.0000,0.0071,0.0667,0.0000,0.4745,0.4745,170,0.0000
1773894608.888,0.4609,0.2593,0.2015,0.0000,0.0133,0.0692,0.0000,0.4901,0.4901,173,0.0000
1773894609.089,0.4656,0.2615,0.2041,0.0000,0.0165,0.0722,0.0000,0.5106,0.5106,176,0.0000
1773894609.289,0.4631,0.2581,0.2050,0.0000,0.0115,0.0725,0.0000,0.5295,0.5295,179,0.0000
1773894609.489,0.4610,0.2556,0.2053,0.0000,0.0081,0.0715,0.0000,0.5439,0.5439,182,0.0000
1773894609.689,0.4571,0.2540,0.2031,0.0000,0.0056,0.0698,0.0000,0.5523,0.5523,183,0.0000
1773894609.890,0.4543,0.2528,0.2015,0.0000,0.0040,0.0679,0.0000,0.5550,0.5550,183,0.0000
1773894610.090,0.4519,0.2519,0.2000,0.0000,0.0028,0.0661,0.0000,0.5529,0.5529,183,0.0000
1773894610.290,0.4499,0.2514,0.1985,0.0000,0.0019,0.0645,0.0000,0.5469,0.5469,182,0.0000
1773894610.490,0.4483,0.2509,0.1974,0.0000,0.0014,0.0631,0.0000,0.5382,0.5382,181,0.0000
1773894610.691,0.4508,0.2533,0.1975,0.0000,0.0047,0.0634,0.0000,0.5309,0.5309,179,0.0000
1773894610.891,0.4529,0.2544,0.1984,0.0000,0.0063,0.0643,0.0000,0.5264,0.5264,179,0.0000
1773894611.091,0.4508,0.2531,0.1977,0.0000,0.0044,0.0641,0.0000,0.5222,0.5222,178,0.0000
1773894611.291,0.4484,0.2522,0.1963,0.0000,0.0031,0.0634,0.0000,0.5170,0.5170,177,0.0000
1773894611.492,0.4464,0.2515,0.1949,0.0000,0.0022,0.0624,0.0000,0.5104,0.5104,176,0.0000
1773894611.692,0.4447,0.2511,0.1937,0.0000,0.0015,0.0614,0.0000,0.5023,0.5023,175,0.0000
1773894611.892,0.4433,0.2507,0.1925,0.0000,0.0011,0.0605,0.0000,0.4931,0.4931,173,0.0000
1773894612.092,0.4420,0.2505,0.1915,0.0000,0.0007,0.0597,0.0000,0.4832,0.4832,172,0.0000
1773894612.293,0.4404,0.2504,0.1900,0.0000,0.0005,0.0589,0.0000,0.4728,0.4728,170,0.0000
1773894612.493,0.4389,0.2503,0.1887,0.0000,0.0004,0.0582,0.0000,0.4622,0.4622,168,0.0000
1773894612.693,0.4377,0.2502,0.1875,0.0000,0.0003,0.0576,0.0000,0.4515,0.4515,167,0.0000
1773894612.893,0.4367,0.2501,0.1865,0.0000,0.0002,0.0571,0.0000,0.4411,0.4411,165,0.0000
1773894613.094,0.4358,0.2501,0.1857,0.0000,0.0001,0.0567,0.0000,0.4310,0.4310,163,0.0000
1773894613.294,0.4350,0.2501,0.1850,0.0000,0.0001,0.0563,0.0000,0.4214,0.4214,162,0.0000
1773894613.494,0.4344,0.2500,0.1844,0.0000,0.0001,0.0560,0.0000,0.4123,0.4123,160,0.0000
1773894613.694,0.4339,0.2500,0.1838,0.0000,0.0000,0.0557,0.0000,0.4039,0.4039,159,0.0000
1773894613.895,0.4340,0.2502,0.1838,0.0000,0.0003,0.0556,0.0000,0.3965,0.3965,158,0.0000
1773894614.095,0.4498,0.2667,0.1831,0.0000,0.0238,0.0637,0.0000,0.4081,0.4081,160,0.0000
1773894614.295,0.4633,0.2758,0.1874,0.0000,0.0369,0.0740,0.0000,0.4422,0.4422,165,0.0000
1773894614.496,0.4740,0.2793,0.1946,0.0000,0.0419,0.0832,0.0000,0.4922,0.4922,173,0.0000
1773894614.696,0.4831,0.2801,0.2030,0.0000,0.0430,0.0904,0.0000,0.5422,0.5422,181,0.0000
1773894614.896,0.4908,0.2792,0.2116,0.0000,0.0417,0.0956,0.0000,0.5922,0.5922,189,0.0000
1773894615.096,0.4852,0.2704,0.2147,0.0000,0.0292,0.0949,0.0000,0.6422,0.6422,197,0.0000
1773894615.297,0.4802,0.2643,0.2159,0.0000,0.0204,0.0915,0.0000,0.6895,0.6895,205,0.0000
1773894615.497,0.4755,0.2600,0.2155,0.0000,0.0143,0.0840,0.0000,0.7139,0.7139,209,0.0000
1773894615.697,0.4710,0.2570,0.2140,0.0000,0.0100,0.0806,0.0000,0.7261,0.7261,211,0.0000
1773894615.897,0.4672,0.2549,0.2123,0.0000,0.0070,0.0771,0.0000,0.7278,0.7278,211,0.0000
1773894616.098,0.4640,0.2534,0.2105,0.0000,0.0049,0.0739,0.0000,0.7210,0.7210,210,0.0000
1773894616.298,0.4617,0.2524,0.2093,0.0000,0.0034,0.0712,0.0000,0.7080,0.7080,208,0.0000
1773894616.498,0.4597,0.2517,0.2080,0.0000,0.0024,0.0690,0.0000,0.6909,0.6909,205,0.0000
1773894616.699,0.4574,0.2512,0.2062,0.0000,0.0017,0.0671,0.0000,0.6712,0.6712,202,0.0000
1773894616.899,0.4534,0.2508,0.2026,0.0000,0.0012,0.0653,0.0000,0.6497,0.6497,198,0.0000
1773894617.099,0.4527,0.2506,0.2022,0.0000,0.0008,0.0640,0.0000,0.6276,0.6276,195,0.0000
1773894617.299,0.4521,0.2504,0.2017,0.0000,0.0006,0.0630,0.0000,0.6061,0.6061,191,0.0000
1773894617.499,0.4512,0.2503,0.2009,0.0000,0.0004,0.0622,0.0000,0.5856,0.5856,188,0.0000
1773894617.700,0.4503,0.2502,0.2001,0.0000,0.0003,0.0615,0.0000,0.5663,0.5663,185,0.0000
1773894617.900,0.4496,0.2501,0.1994,0.0000,0.0002,0.0610,0.0000,0.5485,0.5485,182,0.0000
1773894618.100,0.4533,0.2540,0.1993,0.0000,0.0058,0.0626,0.0000,0.5367,0.5367,180,0.0000
1773894618.301,0.4565,0.2562,0.2003,0.0000,0.0088,0.0648,0.0000,0.5317,0.5317,180,0.0000
1773894618.501,0.4625,0.2607,0.2019,0.0000,0.0152,0.0686,0.0000,0.5365,0.5365,180,0.0000
1773894618.701,0.4778,0.2735,0.2043,0.0000,0.0336,0.0778,0.0000,0.5619,0.5619,184,0.0000
1773894618.901,0.4909,0.2802,0.2107,0.0000,0.0431,0.0878,0.0000,0.6077,0.6077,192,0.0000
1773894619.101,0.4852,0.2711,0.2141,0.0000,0.0302,0.0901,0.0000,0.6545,0.6545,199,0.0000
1773894619.302,0.4804,0.2648,0.2156,0.0000,0.0211,0.0886,0.0000,0.6928,0.6928,205,0.0000
1773894619.502,0.4762,0.2603,0.2158,0.0000,0.0148,0.0854,0.0000,0.7191,0.7191,210,0.0000
1773894619.702,0.4727,0.2572,0.2155,0.0000,0.0103,0.0792,0.0000,0.7272,0.7272,211,0.0000
1773894619.903,0.4698,0.2551,0.2148,0.0000,0.0072,0.0765,0.0000,0.7271,0.7271,211,0.0000
1773894620.103,0.4673,0.2535,0.2138,0.0000,0.0051,0.0740,0.0000,0.7202,0.7202,210,0.0000
1773894620.303,0.4646,0.2525,0.2121,0.0000,0.0035,0.0716,0.0000,0.7080,0.7080,208,0.0000
1773894620.503,0.4622,0.2517,0.2105,0.0000,0.0025,0.0695,0.0000,0.6920,0.6920,205,0.0000
1773894620.704,0.4602,0.2512,0.2090,0.0000,0.0017,0.0677,0.0000,0.6737,0.6737,202,0.0000
1773894620.904,0.4591,0.2509,0.2083,0.0000,0.0012,0.0663,0.0000,0.6542,0.6542,199,0.0000
1773894621.104,0.4764,0.2687,0.2077,0.0000,0.0267,0.0743,0.0000,0.6546,0.6546,199,0.0000
1773894621.304,0.4935,0.2811,0.2124,0.0000,0.0444,0.0861,0.0000,0.6823,0.6823,204,0.0000
1773894621.505,0.5042,0.2830,0.2212,0.0000,0.0472,0.0957,0.0000,0.7298,0.7298,211,0.0000
1773894621.705,0.5133,0.2827,0.2306,0.0000,0.0467,0.1028,0.0000,0.7798,0.7798,219,0.0000
1773894621.905,0.5114,0.2729,0.2385,0.0000,0.0327,0.1033,0.0000,0.8298,0.8298,227,0.0000
1773894622.105,0.5038,0.2660,0.2378,0.0000,0.0229,0.1001,0.0000,0.8715,0.8715,234,0.0000
1773894622.306,0.4967,0.2612,0.2355,0.0000,0.0160,0.0920,0.0000,0.8897,0.8897,237,0.0000
1773894622.506,0.4907,0.2578,0.2328,0.0000,0.0112,0.0855,0.0000,0.8893,0.8893,237,0.0000
1773894622.706,0.4851,0.2555,0.2296,0.0000,0.0078,0.0824,0.0000,0.8805,0.8805,235,0.0000
1773894622.906,0.4769,0.2538,0.2231,0.0000,0.0055,0.0789,0.0000,0.8638,0.8638,233,0.0000
1773894623.107,0.4700,0.2527,0.2173,0.0000,0.0038,0.0755,0.0000,0.8405,0.8405,229,0.0000
1773894623.307,0.4641,0.2519,0.2122,0.0000,0.0027,0.0723,0.0000,0.8124,0.8124,224,0.0000
1773894623.507,0.4591,0.2513,0.2078,0.0000,0.0019,0.0695,0.0000,0.7810,0.7810,219,0.0000
1773894623.708,0.4549,0.2509,0.2040,0.0000,0.0013,0.0670,0.0000,0.7478,0.7478,214,0.0000
1773894623.908,0.4551,0.2509,0.2042,0.0000,0.0013,0.0655,0.0000,0.7152,0.7152,209,0.0000
1773894624.108,0.4555,0.2510,0.2045,0.0000,0.0014,0.0645,0.0000,0.6845,0.6845,204,0.0000
1773894624.308,0.4557,0.2510,0.2048,0.0000,0.0014,0.0639,0.0000,0.6566,0.6566,200,0.0000
1773894624.509,0.4559,0.2508,0.2050,0.0000,0.0012,0.0635,0.0000,0.6316,0.6316,196,0.0000
1773894624.709,0.4554,0.2506,0.2049,0.0000,0.0008,0.0631,0.0000,0.6091,0.6091,192,0.0000
1773894624.909,0.4556,0.2506,0.2050,0.0000,0.0008,0.0628,0.0000,0.5893,0.5893,189,0.0000
1773894625.109,0.4551,0.2504,0.2047,0.0000,0.0006,0.0625,0.0000,0.5716,0.5716,186,0.0000
1773894625.310,0.4553,0.2505,0.2048,0.0000,0.0007,0.0624,0.0000,0.5563,0.5563,184,0.0000
1773894625.510,0.4517,0.2504,0.2013,0.0000,0.0005,0.0619,0.0000,0.5420,0.5420,181,0.0000
1773894625.710,0.4519,0.2505,0.2014,0.0000,0.0007,0.0616,0.0000,0.5292,0.5292,179,0.0000
1773894625.910,0.4521,0.2505,0.2016,0.0000,0.0007,0.0615,0.0000,0.5178,0.5178,177,0.0000
1773894626.111,0.4489,0.2503,0.1985,0.0000,0.0005,0.0610,0.0000,0.5070,0.5070,176,0.0000
1773894626.311,0.4462,0.2502,0.1959,0.0000,0.0003,0.0603,0.0000,0.4963,0.4963,174,0.0000
1773894626.511,0.4472,0.2513,0.1959,0.0000,0.0018,0.0604,0.0000,0.4873,0.4873,172,0.0000
1773894626.712,0.4481,0.2518,0.1963,0.0000,0.0026,0.0608,0.0000,0.4804,0.4804,171,0.0000
1773894626.912,0.4488,0.2521,0.1968,0.0000,0.0029,0.0612,0.0000,0.4754,0.4754,171,0.0000
1773894627.112,0.4495,0.2521,0.1974,0.0000,0.0030,0.0616,0.0000,0.4722,0.4722,170,0.0000
1773894627.312,0.4494,0.2515,0.1979,0.0000,0.0021,0.0615,0.0000,0.4694,0.4694,170,0.0000
1773894627.513,0.4493,0.2510,0.1983,0.0000,0.0015,0.0613,0.0000,0.4667,0.4667,169,0.0000
1773894627.713,0.4492,0.2507,0.1985,0.0000,0.0010,0.0611,0.0000,0.4639,0.4639,169,0.0000
1773894627.913,0.4497,0.2510,0.1987,0.0000,0.0014,0.0611,0.0000,0.4613,0.4613,168,0.0000
1773894628.113,0.4502,0.2512,0.1990,0.0000,0.0018,0.0612,0.0000,0.4594,0.4594,168,0.0000
1773894628.314,0.4505,0.2512,0.1993,0.0000,0.0017,0.0613,0.0000,0.4581,0.4581,168,0.0000
1773894628.514,0.4503,0.2508,0.1995,0.0000,0.0012,0.0612,0.0000,0.4568,0.4568,168,0.0000
1773894628.714,0.4501,0.2506,0.1995,0.0000,0.0008,0.0610,0.0000,0.4552,0.4552,167,0.0000
1773894628.914,0.4499,0.2504,0.1995,0.0000,0.0006,0.0608,0.0000,0.4534,0.4534,167,0.0000
1773894629.115,0.4497,0.2503,0.1994,0.0000,0.0004,0.0606,0.0000,0.4514,0.4514,167,0.0000
1773894629.315,0.4501,0.2506,0.1995,0.0000,0.0009,0.0606,0.0000,0.4497,0.4497,166,0.0000
1773894629.515,0.4504,0.2508,0.1997,0.0000,0.0011,0.0608,0.0000,0.4485,0.4485,166,0.0000
1773894629.716,0.4507,0.2509,0.1999,0.0000,0.0012,0.0609,0.0000,0.4479,0.4479,166,0.0000
1773894629.916,0.4505,0.2506,0.1999,0.0000,0.0009,0.0609,0.0000,0.4473,0.4473,166,0.0000
1773894630.116,0.4497,0.2504,0.1993,0.0000,0.0006,0.0607,0.0000,0.4464,0.4464,166,0.0000
1773894630.316,0.4489,0.2503,0.1986,0.0000,0.0004,0.0605,0.0000,0.4450,0.4450,166,0.0000
1773894630.517,0.4483,0.2502,0.1981,0.0000,0.0003,0.0602,0.0000,0.4432,0.4432,165,0.0000
1773894630.717,0.4478,0.2501,0.1977,0.0000,0.0002,0.0600,0.0000,0.4411,0.4411,165,0.0000
1773894630.917,0.4480,0.2503,0.1977,0.0000,0.0004,0.0599,0.0000,0.4390,0.4390,165,0.0000
1773894631.117,0.4487,0.2510,0.1978,0.0000,0.0014,0.0602,0.0000,0.4379,0.4379,165,0.0000
1773894631.318,0.4493,0.2512,0.1980,0.0000,0.0018,0.0605,0.0000,0.4377,0.4377,165,0.0000
1773894631.518,0.4505,0.2521,0.1983,0.0000,0.0031,0.0612,0.0000,0.4392,0.4392,165,0.0000
1773894631.718,0.4503,0.2515,0.1988,0.0000,0.0021,0.0614,0.0000,0.4411,0.4411,165,0.0000
1773894631.918,0.4501,0.2511,0.1990,0.0000,0.0015,0.0614,0.0000,0.4427,0.4427,165,0.0000
1773894632.119,0.4499,0.2507,0.1991,0.0000,0.0011,0.0612,0.0000,0.4436,0.4436,165,0.0000
1773894632.319,0.4497,0.2505,0.1992,0.0000,0.0007,0.0609,0.0000,0.4439,0.4439,166,0.0000
1773894632.519,0.4496,0.2504,0.1992,0.0000,0.0005,0.0607,0.0000,0.4435,0.4435,165,0.0000
1773894632.720,0.4500,0.2507,0.1993,0.0000,0.0010,0.0607,0.0000,0.4432,0.4432,165,0.0000
1773894632.920,0.4511,0.2516,0.1994,0.0000,0.0023,0.0612,0.0000,0.4441,0.4441,166,0.0000
1773894633.120,0.4681,0.2690,0.1991,0.0000,0.0272,0.0702,0.0000,0.4648,0.4648,169,0.0000
1773894633.320,0.4826,0.2785,0.2041,0.0000,0.0408,0.0813,0.0000,0.5087,0.5087,176,0.0000
1773894633.521,0.4949,0.2829,0.2120,0.0000,0.0470,0.0916,0.0000,0.5587,0.5587,184,0.0000
1773894633.721,0.4893,0.2730,0.2163,0.0000,0.0329,0.0937,0.0000,0.6087,0.6087,192,0.0000
1773894633.921,0.4839,0.2661,0.2177,0.0000,0.0230,0.0919,0.0000,0.6587,0.6587,200,0.0000
1773894634.121,0.4792,0.2613,0.2180,0.0000,0.0161,0.0856,0.0000,0.6909,0.6909,205,0.0000
1773894634.322,0.4758,0.2579,0.2179,0.0000,0.0113,0.0825,0.0000,0.7109,0.7109,208,0.0000
1773894634.522,0.4795,0.2594,0.2201,0.0000,0.0134,0.0814,0.0000,0.7248,0.7248,210,0.0000
1773894634.722,0.4923,0.2700,0.2223,0.0000,0.0285,0.0862,0.0000,0.7467,0.7467,214,0.0000
1773894634.922,0.4875,0.2640,0.2236,0.0000,0.0200,0.0865,0.0000,0.7665,0.7665,217,0.0000
1773894635.123,0.4991,0.2719,0.2272,0.0000,0.0313,0.0910,0.0000,0.7936,0.7936,221,0.0000
1773894635.323,0.5089,0.2757,0.2333,0.0000,0.0367,0.0965,0.0000,0.8297,0.8297,227,0.0000
1773894635.523,0.5173,0.2767,0.2405,0.0000,0.0382,0.1013,0.0000,0.8725,0.8725,234,0.0000
1773894635.724,0.5043,0.2687,0.2356,0.0000,0.0267,0.1000,0.0000,0.9074,0.9074,240,0.0000
1773894635.924,0.4933,0.2631,0.2302,0.0000,0.0187,0.0926,0.0000,0.9213,0.9213,242,0.0000
1773894636.124,0.4839,0.2592,0.2247,0.0000,0.0131,0.0854,0.0000,0.9160,0.9160,241,0.0000
1773894636.324,0.4759,0.2564,0.2195,0.0000,0.0092,0.0792,0.0000,0.8960,0.8960,238,0.0000
1773894636.525,0.4692,0.2545,0.2147,0.0000,0.0064,0.0762,0.0000,0.8704,0.8704,234,0.0000
1773894636.725,0.4634,0.2531,0.2103,0.0000,0.0045,0.0732,0.0000,0.8404,0.8404,229,0.0000
1773894636.925,0.4585,0.2522,0.2063,0.0000,0.0031,0.0703,0.0000,0.8072,0.8072,224,0.0000
1773894637.125,0.4544,0.2515,0.2028,0.0000,0.0022,0.0678,0.0000,0.7721,0.7721,218,0.0000
1773894637.326,0.4542,0.2511,0.2031,0.0000,0.0015,0.0659,0.0000,0.7371,0.7371,212,0.0000
1773894637.526,0.4708,0.2682,0.2026,0.0000,0.0259,0.0732,0.0000,0.7227,0.7227,210,0.0000
1773894637.726,0.4848,0.2775,0.2073,0.0000,0.0393,0.0831,0.0000,0.7332,0.7332,212,0.0000
1773894637.926,0.4806,0.2693,0.2113,0.0000,0.0275,0.0858,0.0000,0.7505,0.7505,215,0.0000
1773894638.127,0.4763,0.2635,0.2128,0.0000,0.0193,0.0849,0.0000,0.7646,0.7646,217,0.0000
1773894638.327,0.4733,0.2594,0.2139,0.0000,0.0135,0.0823,0.0000,0.7717,0.7717,218,0.0000
1773894638.527,0.4702,0.2566,0.2136,0.0000,0.0094,0.0792,0.0000,0.7707,0.7707,218,0.0000
1773894638.728,0.4643,0.2546,0.2096,0.0000,0.0066,0.0758,0.0000,0.7617,0.7617,216,0.0000
1773894638.928,0.4488,0.2532,0.1956,0.0000,0.0046,0.0683,0.0000,0.7365,0.7365,212,0.0000
1773894639.128,0.4240,0.2523,0.1717,0.0000,0.0032,0.0602,0.0000,0.6952,0.6952,206,0.0000
1773894639.328,0.3949,0.2516,0.1433,0.0000,0.0023,0.0512,0.0000,0.6379,0.6379,198,0.0000
1773894639.529,0.3655,0.2511,0.1144,0.0000,0.0016,0.0420,0.0000,0.5660,0.5660,190,0.0000
1773894639.729,0.3362,0.2508,0.0854,0.0000,0.0011,0.0328,0.0000,0.4815,0.4815,182,0.0000
1773894639.929,0.3098,0.2505,0.0593,0.0000,0.0008,0.0243,0.0000,0.3876,0.3876,174,0.0000
1773894640.129,0.2864,0.2504,0.0360,0.0000,0.0005,0.0165,0.0000,0.3426,0.0000,166,0.0000
1773894640.330,0.2665,0.2503,0.0162,0.0000,0.0004,0.0098,0.0000,0.2976,0.0000,158,0.0000
1773894640.530,0.2496,0.2502,-0.0006,0.0000,0.0003,0.0003,0.0000,0.2526,0.0000,150,0.0158
1773894640.730,0.2348,0.2501,-0.0154,0.0000,0.0002,0.0001,0.0000,0.2076,0.0000,142,0.3838
1773894640.930,0.2226,0.2501,-0.0275,0.0000,0.0001,0.0001,0.0000,0.1626,0.0000,134,0.6872
1773894641.131,0.2123,0.2501,-0.0378,0.0000,0.0001,0.0000,0.0000,0.1176,0.0000,126,0.9453
1773894641.331,0.2036,0.2500,-0.0465,0.0000,0.0001,0.0000,0.0000,0.0726,0.0000,118,1.0000
1773894641.531,0.1971,0.2500,-0.0529,0.0000,0.0000,0.0000,0.0000,0.0276,0.0000,110,1.0000
1773894641.731,0.1916,0.2500,-0.0584,0.0000,0.0000,0.0000,0.0000,0.0000,0.0000,102,1.0000
1773894641.932,0.1870,0.2500,-0.0631,0.0000,0.0000,0.0000,0.0000,0.0000,0.0000,0,1.0000
1773894642.132,0.1835,0.2500,-0.0665,0.0000,0.0000,0.0000,0.0000,0.0000,0.0000,0,1.0000
1773894642.332,0.1809,0.2500,-0.0691,0.0000,0.0000,0.0000,0.0000,0.0000,0.0000,0,1.0000
1773894642.532,0.1784,0.2500,-0.0716,0.0000,0.0000,0.0000,0.0000,0.0000,0.0000,0,1.0000
1773894642.733,0.1771,0.2500,-0.0729,0.0000,0.0000,0.0000,0.0000,0.0000,0.0000,0,1.0000
1773894642.933,0.1746,0.2500,-0.0754,0.0000,0.0000,0.0000,0.0000,0.0000,0.0000,0,1.0000
1773894643.133,0.1725,0.2500,-0.0775,0.0000,0.0000,0.0000,0.0000,0.0000,0.0000,0,1.0000
1773894643.333,0.1707,0.2500,-0.0793,0.0000,0.0000,0.0000,0.0000,0.0000,0.0000,0,1.0000
1773894643.534,0.1697,0.2500,-0.0803,0.0000,0.0000,0.0000,0.0000,0.0000,0.0000,0,1.0000
1773894643.734,0.1688,0.2500,-0.0812,0.0000,0.0000,0.0000,0.0000,0.0000,0.0000,0,1.0000
1773894643.934,0.1723,0.2537,-0.0814,0.0000,0.0053,0.0000,0.0000,0.0000,0.0000,0,1.0000
1773894644.135,0.1899,0.2710,-0.0811,0.0000,0.0300,0.0000,0.0000,0.0000,0.0000,0,1.0000
1773894644.335,0.2110,0.2869,-0.0759,0.0000,0.0526,0.0000,0.0000,0.0000,0.0000,0,1.0000
1773894644.535,0.2370,0.3031,-0.0661,0.0000,0.0759,0.0000,0.0000,0.0000,0.0000,0,1.0000
1773894644.735,0.2660,0.3177,-0.0517,0.0000,0.0967,0.0000,0.0000,0.0000,0.0000,0,1.0000
1773894644.936,0.2934,0.3262,-0.0327,0.0000,0.1088,0.0464,0.0000,0.0500,0.0500,95,0.8180
1773894645.136,0.3173,0.3283,-0.0111,0.0000,0.1119,0.0952,0.0000,0.1000,0.1000,103,0.2765
1773894645.336,0.3375,0.3261,0.0114,0.0000,0.1087,0.1011,0.0000,0.1500,0.1500,111,0.0000
1773894645.536,0.3542,0.3208,0.0334,0.0000,0.1011,0.1046,0.0000,0.2000,0.2000,119,0.0000
1773894645.737,0.3858,0.3327,0.0531,0.0000,0.1182,0.1149,0.0000,0.2500,0.2500,127,0.0000
1773894645.937,0.3953,0.3178,0.0774,0.0000,0.0969,0.1168,0.0000,0.3000,0.3000,135,0.0000
1773894646.137,0.4038,0.3065,0.0973,0.0000,0.0807,0.1143,0.0000,0.3500,0.3500,143,0.0000
1773894646.337,0.4111,0.2972,0.1139,0.0000,0.0674,0.1067,0.0000,0.4000,0.4000,151,0.0000
1773894646.538,0.4342,0.3073,0.1269,0.0000,0.0819,0.1113,0.0000,0.4500,0.4500,159,0.0000
1773894646.738,0.4570,0.3141,0.1430,0.0000,0.0915,0.1194,0.0000,0.5000,0.5000,167,0.0000
1773894646.938,0.4738,0.3124,0.1613,0.0000,0.0892,0.1258,0.0000,0.5500,0.5500,175,0.0000
1773894647.138,0.4874,0.3080,0.1794,0.0000,0.0829,0.1296,0.0000,0.6000,0.6000,183,0.0000
1773894647.339,0.4835,0.2906,0.1928,0.0000,0.0580,0.1214,0.0000,0.6500,0.6500,191,0.0000
1773894647.539,0.4801,0.2784,0.2016,0.0000,0.0406,0.1092,0.0000,0.7000,0.7000,199,0.0000
1773894647.739,0.4831,0.2731,0.2100,0.0000,0.0329,0.1013,0.0000,0.7500,0.7500,207,0.0000
1773894647.940,0.4856,0.2688,0.2168,0.0000,0.0269,0.0980,0.0000,0.7978,0.7978,215,0.0000
1773894648.140,0.4813,0.2632,0.2181,0.0000,0.0188,0.0898,0.0000,0.8210,0.8210,223,0.0000
1773894648.340,0.4777,0.2592,0.2185,0.0000,0.0132,0.0831,0.0000,0.8250,0.8250,227,0.0000
1773894648.540,0.4745,0.2565,0.2181,0.0000,0.0092,0.0802,0.0000,0.8201,0.8201,226,0.0000
1773894648.741,0.4718,0.2545,0.2173,0.0000,0.0065,0.0772,0.0000,0.8078,0.8078,224,0.0000
1773894648.941,0.4695,0.2532,0.2164,0.0000,0.0045,0.0745,0.0000,0.7902,0.7902,221,0.0000
1773894649.141,0.4676,0.2522,0.2154,0.0000,0.0032,0.0721,0.0000,0.7688,0.7688,218,0.0000
1773894649.341,0.4659,0.2516,0.2144,0.0000,0.0022,0.0702,0.0000,0.7453,0.7453,214,0.0000
1773894649.542,0.4646,0.2511,0.2136,0.0000,0.0016,0.0686,0.0000,0.7209,0.7209,210,0.0000
1773894649.742,0.4641,0.2508,0.2133,0.0000,0.0011,0.0673,0.0000,0.6968,0.6968,206,0.0000
1773894649.942,0.4792,0.2664,0.2128,0.0000,0.0234,0.0743,0.0000,0.6912,0.6912,205,0.0000
1773894650.142,0.4920,0.2749,0.2171,0.0000,0.0356,0.0836,0.0000,0.7079,0.7079,208,0.0000
1773894650.343,0.4873,0.2675,0.2199,0.0000,0.0249,0.0861,0.0000,0.7298,0.7298,211,0.0000
1773894650.543,0.4821,0.2622,0.2198,0.0000,0.0175,0.0852,0.0000,0.7479,0.7479,214,0.0000
1773894650.743,0.4777,0.2586,0.2192,0.0000,0.0122,0.0826,0.0000,0.7584,0.7584,216,0.0000
1773894650.944,0.4740,0.2560,0.2181,0.0000,0.0086,0.0796,0.0000,0.7604,0.7604,216,0.0000
1773894651.144,0.4715,0.2542,0.2174,0.0000,0.0060,0.0767,0.0000,0.7549,0.7549,215,0.0000
1773894651.345,0.4687,0.2529,0.2157,0.0000,0.0042,0.0740,0.0000,0.7435,0.7435,213,0.0000
1773894651.545,0.4651,0.2521,0.2131,0.0000,0.0029,0.0715,0.0000,0.7273,0.7273,211,0.0000
1773894651.745,0.4621,0.2514,0.2107,0.0000,0.0021,0.0693,0.0000,0.7078,0.7078,208,0.0000
1773894651.945,0.4601,0.2510,0.2091,0.0000,0.0014,0.0675,0.0000,0.6865,0.6865,204,0.0000
1773894652.146,0.4589,0.2507,0.2082,0.0000,0.0010,0.0661,0.0000,0.6644,0.6644,201,0.0000
1773894652.346,0.4574,0.2505,0.2069,0.0000,0.0007,0.0649,0.0000,0.6425,0.6425,197,0.0000
1773894652.546,0.4556,0.2503,0.2053,0.0000,0.0005,0.0639,0.0000,0.6211,0.6211,194,0.0000
1773894652.746,0.4541,0.2502,0.2038,0.0000,0.0003,0.0631,0.0000,0.6007,0.6007,191,0.0000
1773894652.947,0.4528,0.2502,0.2026,0.0000,0.0002,0.0624,0.0000,0.5813,0.5813,188,0.0000
1773894653.147,0.4515,0.2501,0.2014,0.0000,0.0002,0.0617,0.0000,0.5632,0.5632,185,0.0000
1773894653.347,0.4505,0.2501,0.2004,0.0000,0.0001,0.0612,0.0000,0.5464,0.5464,182,0.0000
1773894653.547,0.4502,0.2501,0.2002,0.0000,0.0001,0.0608,0.0000,0.5311,0.5311,179,0.0000
1773894653.748,0.4500,0.2500,0.2000,0.0000,0.0001,0.0606,0.0000,0.5172,0.5172,177,0.0000
1773894653.948,0.4492,0.2500,0.1992,0.0000,0.0000,0.0603,0.0000,0.5048,0.5048,175,0.0000
1773894654.148,0.4480,0.2500,0.1980,0.0000,0.0000,0.0600,0.0000,0.4934,0.4934,173,0.0000
1773894654.349,0.4469,0.2500,0.1969,0.0000,0.0000,0.0597,0.0000,0.4830,0.4830,172,0.0000
1773894654.549,0.4460,0.2500,0.1960,0.0000,0.0000,0.0594,0.0000,0.4733,0.4733,170,0.0000
1773894654.749,0.4458,0.2500,0.1958,0.0000,0.0000,0.0592,0.0000,0.4646,0.4646,169,0.0000
1773894654.949,0.4456,0.2500,0.1956,0.0000,0.0000,0.0590,0.0000,0.4567,0.4567,168,0.0000
1773894655.150,0.4449,0.2500,0.1949,0.0000,0.0000,0.0588,0.0000,0.4495,0.4495,166,0.0000
1773894655.350,0.4443,0.2500,0.1943,0.0000,0.0000,0.0586,0.0000,0.4430,0.4430,165,0.0000
1773894655.550,0.4438,0.2500,0.1938,0.0000,0.0000,0.0585,0.0000,0.4370,0.4370,164,0.0000
1773894655.750,0.4434,0.2500,0.1934,0.0000,0.0000,0.0583,0.0000,0.4315,0.4315,164,0.0000
1773894655.951,0.4430,0.2500,0.1930,0.0000,0.0000,0.0582,0.0000,0.4264,0.4264,163,0.0000
1773894656.151,0.4433,0.2502,0.1930,0.0000,0.0003,0.0582,0.0000,0.4222,0.4222,162,0.0000
1773894656.351,0.4441,0.2510,0.1930,0.0000,0.0015,0.0586,0.0000,0.4195,0.4195,162,0.0000
1773894656.551,0.4448,0.2515,0.1933,0.0000,0.0021,0.0591,0.0000,0.4184,0.4184,161,0.0000
1773894656.752,0.4454,0.2517,0.1937,0.0000,0.0024,0.0596,0.0000,0.4187,0.4187,161,0.0000
1773894656.952,0.4459,0.2517,0.1942,0.0000,0.0024,0.0600,0.0000,0.4199,0.4199,162,0.0000
1773894657.152,0.4503,0.2558,0.1945,0.0000,0.0083,0.0623,0.0000,0.4263,0.4263,163,0.0000
1773894657.352,0.4541,0.2580,0.1961,0.0000,0.0115,0.0651,0.0000,0.4384,0.4384,165,0.0000
1773894657.553,0.4539,0.2556,0.1983,0.0000,0.0080,0.0660,0.0000,0.4513,0.4513,167,0.0000
1773894657.753,0.4538,0.2539,0.1999,0.0000,0.0056,0.0658,0.0000,0.4625,0.4625,168,0.0000
1773894657.953,0.4706,0.2703,0.2002,0.0000,0.0291,0.0740,0.0000,0.4903,0.4903,173,0.0000
1773894658.153,0.4848,0.2792,0.2056,0.0000,0.0417,0.0843,0.0000,0.5384,0.5384,181,0.0000
1773894658.354,0.4801,0.2704,0.2096,0.0000,0.0292,0.0870,0.0000,0.5879,0.5879,189,0.0000
1773894658.554,0.4727,0.2643,0.2084,0.0000,0.0204,0.0856,0.0000,0.6286,0.6286,195,0.0000
1773894658.754,0.4664,0.2600,0.2064,0.0000,0.0143,0.0823,0.0000,0.6565,0.6565,200,0.0000
1773894658.955,0.4612,0.2570,0.2042,0.0000,0.0100,0.0757,0.0000,0.6653,0.6653,201,0.0000
1773894659.155,0.4627,0.2565,0.2062,0.0000,0.0092,0.0741,0.0000,0.6680,0.6680,201,0.0000
1773894659.355,0.4630,0.2549,0.2081,0.0000,0.0069,0.0724,0.0000,0.6656,0.6656,201,0.0000
1773894659.555,0.4632,0.2536,0.2096,0.0000,0.0051,0.0709,0.0000,0.6593,0.6593,200,0.0000
1773894659.756,0.4583,0.2525,0.2058,0.0000,0.0036,0.0689,0.0000,0.6490,0.6490,198,0.0000
1773894659.956,0.4535,0.2518,0.2018,0.0000,0.0025,0.0669,0.0000,0.6349,0.6349,196,0.0000
1773894660.156,0.4481,0.2512,0.1968,0.0000,0.0018,0.0648,0.0000,0.6175,0.6175,193,0.0000
1773894660.356,0.4411,0.2509,0.1902,0.0000,0.0012,0.0625,0.0000,0.5970,0.5970,190,0.0000
1773894660.557,0.4299,0.2506,0.1793,0.0000,0.0009,0.0598,0.0000,0.5727,0.5727,186,0.0000
1773894660.757,0.4165,0.2504,0.1661,0.0000,0.0006,0.0565,0.0000,0.5439,0.5439,182,0.0000
1773894660.957,0.4037,0.2503,0.1534,0.0000,0.0004,0.0505,0.0000,0.5051,0.5051,175,0.0000
1773894661.157,0.3885,0.2502,0.1383,0.0000,0.0003,0.0474,0.0000,0.4638,0.4638,169,0.0000
1773894661.358,0.3744,0.2501,0.1242,0.0000,0.0002,0.0439,0.0000,0.4196,0.4196,162,0.0000
1773894661.558,0.3585,0.2501,0.1084,0.0000,0.0001,0.0372,0.0000,0.3658,0.3658,154,0.0000
1773894661.758,0.3441,0.2501,0.0940,0.0000,0.0001,0.0341,0.0000,0.3114,0.3114,146,0.0000
1773894661.959,0.3328,0.2500,0.0827,0.0000,0.0001,0.0309,0.0000,0.2565,0.2565,138,0.0000
1773894662.159,0.3293,0.2500,0.0793,0.0000,0.0000,0.0284,0.0000,0.2031,0.2031,130,0.0000
1773894662.359,0.3323,0.2532,0.0791,0.0000,0.0045,0.0284,0.0000,0.1566,0.1566,122,0.0000
1773894662.559,0.3389,0.2591,0.0798,0.0000,0.0130,0.0314,0.0000,0.1232,0.1232,114,0.0000
1773894662.760,0.3496,0.2676,0.0820,0.0000,0.0252,0.0378,0.0000,0.1094,0.1094,112,0.0000
1773894662.960,0.3611,0.2745,0.0867,0.0000,0.0350,0.0459,0.0000,0.1169,0.1169,113,0.0000
1773894663.160,0.3731,0.2797,0.0934,0.0000,0.0424,0.0545,0.0000,0.1445,0.1445,118,0.0000
1773894663.360,0.3851,0.2834,0.1017,0.0000,0.0477,0.0628,0.0000,0.1890,0.1890,125,0.0000
1773894663.561,0.3953,0.2841,0.1112,0.0000,0.0487,0.0695,0.0000,0.2390,0.2390,133,0.0000
1773894663.761,0.4038,0.2828,0.1210,0.0000,0.0469,0.0743,0.0000,0.2890,0.2890,141,0.0000
1773894663.961,0.4111,0.2806,0.1305,0.0000,0.0437,0.0773,0.0000,0.3390,0.3390,149,0.0000
1773894664.161,0.4147,0.2752,0.1395,0.0000,0.0360,0.0775,0.0000,0.3890,0.3890,157,0.0000
1773894664.362,0.4177,0.2708,0.1469,0.0000,0.0298,0.0762,0.0000,0.4354,0.4354,164,0.0000
1773894664.562,0.4208,0.2678,0.1530,0.0000,0.0255,0.0745,0.0000,0.4718,0.4718,170,0.0000
1773894664.762,0.4244,0.2662,0.1582,0.0000,0.0232,0.0731,0.0000,0.4998,0.4998,174,0.0000
1773894664.963,0.4280,0.2652,0.1628,0.0000,0.0217,0.0722,0.0000,0.5214,0.5214,178,0.0000
1773894665.163,0.4312,0.2639,0.1673,0.0000,0.0199,0.0715,0.0000,0.5377,0.5377,181,0.0000
1773894665.363,0.4333,0.2620,0.1713,0.0000,0.0171,0.0704,0.0000,0.5490,0.5490,182,0.0000
1773894665.563,0.4350,0.2602,0.1748,0.0000,0.0145,0.0692,0.0000,0.5555,0.5555,183,0.0000
1773894665.764,0.4359,0.2581,0.1778,0.0000,0.0115,0.0677,0.0000,0.5572,0.5572,184,0.0000
1773894665.964,0.4367,0.2565,0.1802,0.0000,0.0092,0.0662,0.0000,0.5548,0.5548,183,0.0000
1773894666.164,0.4379,0.2558,0.1821,0.0000,0.0082,0.0650,0.0000,0.5496,0.5496,182,0.0000
1773894666.364,0.4390,0.2552,0.1838,0.0000,0.0075,0.0642,0.0000,0.5429,0.5429,181,0.0000
1773894666.565,0.4405,0.2552,0.1853,0.0000,0.0074,0.0638,0.0000,0.5359,0.5359,180,0.0000
1773894666.765,0.4417,0.2550,0.1868,0.0000,0.0071,0.0635,0.0000,0.5292,0.5292,179,0.0000
1773894666.965,0.4428,0.2546,0.1882,0.0000,0.0066,0.0633,0.0000,0.5228,0.5228,178,0.0000
1773894667.165,0.4437,0.2542,0.1895,0.0000,0.0059,0.0632,0.0000,0.5170,0.5170,177,0.0000
1773894667.366,0.4445,0.2538,0.1907,0.0000,0.0054,0.0630,0.0000,0.5115,0.5115,176,0.0000
1773894667.566,0.4452,0.2533,0.1918,0.0000,0.0048,0.0627,0.0000,0.5062,0.5062,175,0.0000
1773894667.766,0.4457,0.2529,0.1928,0.0000,0.0042,0.0625,0.0000,0.5011,0.5011,175,0.0000
1773894667.966,0.4462,0.2525,0.1937,0.0000,0.0036,0.0622,0.0000,0.4960,0.4960,174,0.0000
1773894668.167,0.4466,0.2522,0.1944,0.0000,0.0031,0.0619,0.0000,0.4910,0.4910,173,0.0000
1773894668.367,0.4475,0.2524,0.1950,0.0000,0.0035,0.0620,0.0000,0.4868,0.4868,172,0.0000
1773894668.567,0.4483,0.2526,0.1957,0.0000,0.0037,0.0621,0.0000,0.4835,0.4835,172,0.0000
1773894668.768,0.4490,0.2526,0.1964,0.0000,0.0036,0.0623,0.0000,0.4810,0.4810,171,0.0000
1773894668.968,0.4496,0.2524,0.1972,0.0000,0.0034,0.0624,0.0000,0.4792,0.4792,171,0.0000
1773894669.168,0.4564,0.2589,0.1976,0.0000,0.0127,0.0657,0.0000,0.4851,0.4851,172,0.0000
1773894669.368,0.4625,0.2626,0.1999,0.0000,0.0180,0.0700,0.0000,0.5002,0.5002,175,0.0000
1773894669.569,0.4676,0.2642,0.2034,0.0000,0.0203,0.0740,0.0000,0.5229,0.5229,178,0.0000
1773894669.769,0.4655,0.2600,0.2055,0.0000,0.0142,0.0746,0.0000,0.5449,0.5449,182,0.0000
1773894669.969,0.4630,0.2570,0.2060,0.0000,0.0100,0.0736,0.0000,0.5622,0.5622,184,0.0000
1773894670.169,0.4615,0.2549,0.2066,0.0000,0.0070,0.0720,0.0000,0.5734,0.5734,186,0.0000
1773894670.370,0.4602,0.2534,0.2068,0.0000,0.0049,0.0702,0.0000,0.5788,0.5788,187,0.0000
1773894670.570,0.4590,0.2524,0.2067,0.0000,0.0034,0.0685,0.0000,0.5792,0.5792,187,0.0000
1773894670.770,0.4555,0.2517,0.2038,0.0000,0.0024,0.0668,0.0000,0.5752,0.5752,187,0.0000
1773894670.971,0.4556,0.2513,0.2043,0.0000,0.0019,0.0655,0.0000,0.5684,0.5684,185,0.0000
1773894671.171,0.4559,0.2512,0.2047,0.0000,0.0018,0.0647,0.0000,0.5603,0.5603,184,0.0000
1773894671.371,0.4562,0.2511,0.2050,0.0000,0.0016,0.0642,0.0000,0.5517,0.5517,183,0.0000
1773894671.571,0.4562,0.2509,0.2054,0.0000,0.0012,0.0637,0.0000,0.5431,0.5431,181,0.0000
1773894671.772,0.4557,0.2506,0.2051,0.0000,0.0009,0.0632,0.0000,0.5346,0.5346,180,0.0000
1773894671.972,0.4552,0.2504,0.2048,0.0000,0.0006,0.0628,0.0000,0.5262,0.5262,179,0.0000
1773894672.172,0.4516,0.2503,0.2013,0.0000,0.0004,0.0621,0.0000,0.5173,0.5173,177,0.0000
1773894672.372,0.4484,0.2502,0.1982,0.0000,0.0003,0.0613,0.0000,0.5077,0.5077,176,0.0000
1773894672.573,0.4458,0.2501,0.1957,0.0000,0.0002,0.0605,0.0000,0.4975,0.4975,174,0.0000
1773894672.773,0.4435,0.2501,0.1934,0.0000,0.0001,0.0597,0.0000,0.4868,0.4868,172,0.0000
1773894672.973,0.4416,0.2501,0.1916,0.0000,0.0001,0.0589,0.0000,0.4758,0.4758,171,0.0000
1773894673.173,0.4400,0.2500,0.1900,0.0000,0.0001,0.0583,0.0000,0.4647,0.4647,169,0.0000
1773894673.374,0.4386,0.2500,0.1886,0.0000,0.0000,0.0577,0.0000,0.4538,0.4538,167,0.0000
1773894673.574,0.4374,0.2500,0.1874,0.0000,0.0000,0.0572,0.0000,0.4431,0.4431,165,0.0000
1773894673.774,0.4364,0.2500,0.1864,0.0000,0.0000,0.0568,0.0000,0.4330,0.4330,164,0.0000
1773894673.975,0.4389,0.2526,0.1863,0.0000,0.0038,0.0578,0.0000,0.4264,0.4264,163,0.0000
1773894674.175,0.4416,0.2546,0.1870,0.0000,0.0066,0.0595,0.0000,0.4247,0.4247,162,0.0000
1773894674.375,0.4438,0.2556,0.1882,0.0000,0.0080,0.0612,0.0000,0.4275,0.4275,163,0.0000
1773894674.575,0.4441,0.2542,0.1899,0.0000,0.0059,0.0618,0.0000,0.4316,0.4316,164,0.0000
1773894674.776,0.4442,0.2530,0.1911,0.0000,0.0043,0.0618,0.0000,0.4354,0.4354,164,0.0000
1773894674.976,0.4442,0.2522,0.1920,0.0000,0.0031,0.0614,0.0000,0.4380,0.4380,165,0.0000
1773894675.176,0.4455,0.2529,0.1926,0.0000,0.0041,0.0616,0.0000,0.4406,0.4406,165,0.0000
1773894675.376,0.4462,0.2527,0.1935,0.0000,0.0038,0.0617,0.0000,0.4431,0.4431,165,0.0000
1773894675.577,0.4466,0.2523,0.1943,0.0000,0.0033,0.0616,0.0000,0.4452,0.4452,166,0.0000
1773894675.777,0.4464,0.2516,0.1947,0.0000,0.0023,0.0613,0.0000,0.4463,0.4463,166,0.0000
1773894675.977,0.4456,0.2511,0.1944,0.0000,0.0016,0.0608,0.0000,0.4460,0.4460,166,0.0000
1773894676.177,0.4454,0.2508,0.1946,0.0000,0.0011,0.0604,0.0000,0.4447,0.4447,166,0.0000
1773894676.378,0.4453,0.2506,0.1947,0.0000,0.0008,0.0600,0.0000,0.4425,0.4425,165,0.0000
1773894676.578,0.4458,0.2509,0.1948,0.0000,0.0014,0.0599,0.0000,0.4404,0.4404,165,0.0000
1773894676.778,0.4462,0.2511,0.1951,0.0000,0.0016,0.0600,0.0000,0.4387,0.4387,165,0.0000
1773894676.979,0.4461,0.2508,0.1953,0.0000,0.0011,0.0599,0.0000,0.4370,0.4370,164,0.0000
1773894677.179,0.4459,0.2506,0.1953,0.0000,0.0008,0.0597,0.0000,0.4352,0.4352,164,0.0000
1773894677.379,0.4458,0.2504,0.1954,0.0000,0.0006,0.0595,0.0000,0.4331,0.4331,164,0.0000
1773894677.579,0.4457,0.2503,0.1955,0.0000,0.0004,0.0594,0.0000,0.4309,0.4309,163,0.0000
1773894677.780,0.4456,0.2502,0.1954,0.0000,0.0003,0.0592,0.0000,0.4287,0.4287,163,0.0000
1773894677.980,0.4454,0.2501,0.1953,0.0000,0.0002,0.0590,0.0000,0.4263,0.4263,163,0.0000
1773894678.180,0.4453,0.2501,0.1952,0.0000,0.0001,0.0589,0.0000,0.4240,0.4240,162,0.0000
1773894678.380,0.4452,0.2501,0.1951,0.0000,0.0001,0.0588,0.0000,0.4218,0.4218,162,0.0000
1773894678.581,0.4450,0.2500,0.1950,0.0000,0.0001,0.0587,0.0000,0.4197,0.4197,162,0.0000
1773894678.781,0.4450,0.2500,0.1949,0.0000,0.0000,0.0587,0.0000,0.4177,0.4177,161,0.0000
1773894678.981,0.4449,0.2500,0.1949,0.0000,0.0000,0.0586,0.0000,0.4158,0.4158,161,0.0000
1773894679.182,0.4450,0.2501,0.1949,0.0000,0.0001,0.0586,0.0000,0.4142,0.4142,161,0.0000
1773894679.382,0.4449,0.2501,0.1948,0.0000,0.0001,0.0586,0.0000,0.4128,0.4128,161,0.0000
1773894679.582,0.4450,0.2501,0.1949,0.0000,0.0002,0.0586,0.0000,0.4116,0.4116,160,0.0000
1773894679.782,0.4456,0.2507,0.1949,0.0000,0.0010,0.0589,0.0000,0.4113,0.4113,160,0.0000
1773894679.983,0.4461,0.2510,0.1950,0.0000,0.0015,0.0593,0.0000,0.4119,0.4119,160,0.0000
1773894680.183,0.4466,0.2513,0.1953,0.0000,0.0018,0.0597,0.0000,0.4134,0.4134,161,0.0000
1773894680.383,0.4476,0.2520,0.1957,0.0000,0.0028,0.0603,0.0000,0.4163,0.4163,161,0.0000
1773894680.583,0.4632,0.2677,0.1955,0.0000,0.0253,0.0686,0.0000,0.4371,0.4371,164,0.0000
1773894680.784,0.4622,0.2624,0.1998,0.0000,0.0177,0.0717,0.0000,0.4635,0.4635,169,0.0000
1773894680.984,0.4607,0.2587,0.2020,0.0000,0.0124,0.0722,0.0000,0.4881,0.4881,173,0.0000
1773894681.184,0.4589,0.2561,0.2028,0.0000,0.0087,0.0712,0.0000,0.5078,0.5078,176,0.0000
1773894681.384,0.4574,0.2542,0.2031,0.0000,0.0061,0.0698,0.0000,0.5214,0.5214,178,0.0000
1773894681.585,0.4561,0.2530,0.2031,0.0000,0.0042,0.0682,0.0000,0.5293,0.5293,179,0.0000
1773894681.785,0.4550,0.2521,0.2029,0.0000,0.0030,0.0666,0.0000,0.5322,0.5322,180,0.0000
1773894681.985,0.4546,0.2515,0.2031,0.0000,0.0021,0.0654,0.0000,0.5315,0.5315,180,0.0000
1773894682.185,0.4543,0.2510,0.2033,0.0000,0.0015,0.0643,0.0000,0.5280,0.5280,179,0.0000
1773894682.386,0.4540,0.2507,0.2033,0.0000,0.0010,0.0635,0.0000,0.5229,0.5229,178,0.0000
1773894682.586,0.4538,0.2505,0.2033,0.0000,0.0007,0.0629,0.0000,0.5167,0.5167,177,0.0000
1773894682.786,0.4536,0.2503,0.2032,0.0000,0.0005,0.0624,0.0000,0.5101,0.5101,176,0.0000
1773894682.987,0.4529,0.2502,0.2027,0.0000,0.0003,0.0620,0.0000,0.5033,0.5033,175,0.0000
1773894683.187,0.4523,0.2502,0.2021,0.0000,0.0002,0.0616,0.0000,0.4964,0.4964,174,0.0000
1773894683.387,0.4518,0.2501,0.2017,0.0000,0.0002,0.0613,0.0000,0.4897,0.4897,173,0.0000
1773894683.587,0.4520,0.2503,0.2017,0.0000,0.0004,0.0611,0.0000,0.4836,0.4836,172,0.0000
1773894683.788,0.4522,0.2504,0.2018,0.0000,0.0006,0.0611,0.0000,0.4784,0.4784,171,0.0000
1773894683.988,0.4529,0.2510,0.2019,0.0000,0.0014,0.0614,0.0000,0.4745,0.4745,170,0.0000
1773894684.188,0.4534,0.2513,0.2022,0.0000,0.0018,0.0618,0.0000,0.4720,0.4720,170,0.0000
1773894684.388,0.4539,0.2514,0.2025,0.0000,0.0020,0.0621,0.0000,0.4706,0.4706,170,0.0000
1773894684.589,0.4504,0.2510,0.1995,0.0000,0.0014,0.0618,0.0000,0.4689,0.4689,170,0.0000
1773894684.789,0.4475,0.2507,0.1968,0.0000,0.0010,0.0612,0.0000,0.4661,0.4661,169,0.0000
1773894684.989,0.4489,0.2519,0.1970,0.0000,0.0027,0.0614,0.0000,0.4641,0.4641,169,0.0000
1773894685.189,0.4501,0.2526,0.1975,0.0000,0.0038,0.0620,0.0000,0.4636,0.4636,169,0.0000
1773894685.390,0.4517,0.2535,0.1982,0.0000,0.0050,0.0628,0.0000,0.4652,0.4652,169,0.0000
1773894685.590,0.4532,0.2540,0.1992,0.0000,0.0058,0.0638,0.0000,0.4689,0.4689,170,0.0000
1773894685.790,0.4545,0.2542,0.2003,0.0000,0.0059,0.0646,0.0000,0.4741,0.4741,170,0.0000
1773894685.990,0.4696,0.2688,0.2008,0.0000,0.0268,0.0724,0.0000,0.4962,0.4962,174,0.0000
1773894686.191,0.4824,0.2766,0.2058,0.0000,0.0380,0.0820,0.0000,0.5377,0.5377,181,0.0000
1773894686.391,0.4928,0.2796,0.2132,0.0000,0.0423,0.0905,0.0000,0.5877,0.5877,189,0.0000
1773894686.591,0.4862,0.2707,0.2155,0.0000,0.0296,0.0918,0.0000,0.6377,0.6377,197,0.0000
1773894686.791,0.4801,0.2645,0.2156,0.0000,0.0207,0.0895,0.0000,0.6809,0.6809,203,0.0000
1773894686.992,0.4749,0.2601,0.2147,0.0000,0.0145,0.0832,0.0000,0.7042,0.7042,207,0.0000
1773894687.192,0.4704,0.2571,0.2133,0.0000,0.0101,0.0800,0.0000,0.7163,0.7163,209,0.0000
1773894687.392,0.4672,0.2550,0.2122,0.0000,0.0071,0.0768,0.0000,0.7184,0.7184,209,0.0000
1773894687.592,0.4644,0.2535,0.2109,0.0000,0.0050,0.0738,0.0000,0.7124,0.7124,208,0.0000
1773894687.793,0.4627,0.2524,0.2103,0.0000,0.0035,0.0713,0.0000,0.7007,0.7007,207,0.0000
1773894687.993,0.4611,0.2517,0.2094,0.0000,0.0024,0.0692,0.0000,0.6850,0.6850,204,0.0000
1773894688.193,0.4586,0.2512,0.2074,0.0000,0.0017,0.0673,0.0000,0.6667,0.6667,201,0.0000
1773894688.394,0.4560,0.2508,0.2052,0.0000,0.0012,0.0657,0.0000,0.6469,0.6469,198,0.0000
1773894688.594,0.4538,0.2506,0.2032,0.0000,0.0008,0.0644,0.0000,0.6263,0.6263,195,0.0000
1773894688.794,0.4524,0.2504,0.2020,0.0000,0.0006,0.0632,0.0000,0.6057,0.6057,191,0.0000
1773894688.994,0.4512,0.2503,0.2009,0.0000,0.0004,0.0623,0.0000,0.5858,0.5858,188,0.0000
1773894689.195,0.4502,0.2502,0.2000,0.0000,0.0003,0.0616,0.0000,0.5668,0.5668,185,0.0000
1773894689.395,0.4488,0.2501,0.1987,0.0000,0.0002,0.0610,0.0000,0.5490,0.5490,182,0.0000
1773894689.595,0.4477,0.2501,0.1976,0.0000,0.0001,0.0604,0.0000,0.5324,0.5324,180,0.0000
1773894689.795,0.4465,0.2501,0.1965,0.0000,0.0001,0.0600,0.0000,0.5170,0.5170,177,0.0000
1773894689.996,0.4456,0.2500,0.1955,0.0000,0.0001,0.0595,0.0000,0.5027,0.5027,175,0.0000
1773894690.196,0.4454,0.2500,0.1954,0.0000,0.0000,0.0592,0.0000,0.4898,0.4898,173,0.0000
1773894690.396,0.4454,0.2500,0.1954,0.0000,0.0000,0.0590,0.0000,0.4782,0.4782,171,0.0000
1773894690.596,0.4459,0.2506,0.1954,0.0000,0.0008,0.0592,0.0000,0.4686,0.4686,169,0.0000
1773894690.797,0.4464,0.2508,0.1955,0.0000,0.0012,0.0594,0.0000,0.4609,0.4609,168,0.0000
1773894690.997,0.4467,0.2510,0.1958,0.0000,0.0014,0.0597,0.0000,0.4550,0.4550,167,0.0000
1773894691.197,0.4470,0.2510,0.1960,0.0000,0.0014,0.0598,0.0000,0.4505,0.4505,167,0.0000
1773894691.397,0.4461,0.2507,0.1954,0.0000,0.0010,0.0598,0.0000,0.4465,0.4465,166,0.0000
1773894691.598,0.4454,0.2505,0.1949,0.0000,0.0007,0.0596,0.0000,0.4427,0.4427,165,0.0000
1773894691.798,0.4448,0.2503,0.1944,0.0000,0.0005,0.0593,0.0000,0.4389,0.4389,165,0.0000
1773894691.998,0.4442,0.2502,0.1940,0.0000,0.0003,0.0590,0.0000,0.4350,0.4350,164,0.0000
1773894692.198,0.4438,0.2502,0.1936,0.0000,0.0002,0.0588,0.0000,0.4311,0.4311,163,0.0000
1773894692.399,0.4440,0.2504,0.1936,0.0000,0.0005,0.0587,0.0000,0.4276,0.4276,163,0.0000
1773894692.599,0.4454,0.2517,0.1937,0.0000,0.0025,0.0594,0.0000,0.4260,0.4260,163,0.0000
1773894692.799,0.4471,0.2530,0.1941,0.0000,0.0042,0.0605,0.0000,0.4271,0.4271,163,0.0000
1773894692.999,0.4486,0.2536,0.1949,0.0000,0.0052,0.0616,0.0000,0.4308,0.4308,163,0.0000
1773894693.200,0.4499,0.2539,0.1960,0.0000,0.0056,0.0626,0.0000,0.4365,0.4365,164,0.0000
1773894693.400,0.4663,0.2700,0.1963,0.0000,0.0286,0.0713,0.0000,0.4609,0.4609,168,0.0000
1773894693.600,0.4648,0.2640,0.2008,0.0000,0.0200,0.0744,0.0000,0.4904,0.4904,173,0.0000
1773894693.800,0.4626,0.2598,0.2027,0.0000,0.0140,0.0746,0.0000,0.5172,0.5172,177,0.0000
1773894694.001,0.4605,0.2569,0.2036,0.0000,0.0098,0.0733,0.0000,0.5379,0.5379,181,0.0000
1773894694.201,0.4581,0.2548,0.2033,0.0000,0.0069,0.0714,0.0000,0.5514,0.5514,183,0.0000
1773894694.401,0.4561,0.2534,0.2028,0.0000,0.0048,0.0694,0.0000,0.5581,0.5581,184,0.0000
1773894694.602,0.4550,0.2524,0.2027,0.0000,0.0034,0.0676,0.0000,0.5593,0.5593,184,0.0000
1773894694.802,0.4542,0.2516,0.2025,0.0000,0.0024,0.0660,0.0000,0.5563,0.5563,184,0.0000
1773894695.002,0.4535,0.2512,0.2023,0.0000,0.0016,0.0647,0.0000,0.5503,0.5503,183,0.0000
1773894695.202,0.4528,0.2508,0.2020,0.0000,0.0012,0.0637,0.0000,0.5423,0.5423,181,0.0000
1773894695.402,0.4522,0.2506,0.2016,0.0000,0.0008,0.0628,0.0000,0.5333,0.5333,180,0.0000
1773894695.603,0.4523,0.2505,0.2018,0.0000,0.0008,0.0623,0.0000,0.5240,0.5240,178,0.0000
1773894695.803,0.4525,0.2505,0.2020,0.0000,0.0007,0.0620,0.0000,0.5151,0.5151,177,0.0000
1773894696.003,0.4526,0.2504,0.2021,0.0000,0.0006,0.0617,0.0000,0.5067,0.5067,176,0.0000
1773894696.203,0.4520,0.2503,0.2017,0.0000,0.0004,0.0614,0.0000,0.4989,0.4989,174,0.0000
1773894696.404,0.4516,0.2502,0.2014,0.0000,0.0003,0.0612,0.0000,0.4916,0.4916,173,0.0000
1773894696.604,0.4512,0.2502,0.2011,0.0000,0.0002,0.0610,0.0000,0.4848,0.4848,172,0.0000
1773894696.804,0.4483,0.2501,0.1982,0.0000,0.0002,0.0605,0.0000,0.4778,0.4778,171,0.0000
1773894697.004,0.4457,0.2501,0.1956,0.0000,0.0001,0.0599,0.0000,0.4705,0.4705,170,0.0000
1773894697.205,0.4468,0.2512,0.1956,0.0000,0.0018,0.0601,0.0000,0.4645,0.4645,169,0.0000
1773894697.405,0.4645,0.2694,0.1950,0.0000,0.0277,0.0692,0.0000,0.4796,0.4796,171,0.0000
1773894697.605,0.4796,0.2795,0.2001,0.0000,0.0421,0.0808,0.0000,0.5197,0.5197,178,0.0000
1773894697.805,0.4924,0.2840,0.2083,0.0000,0.0486,0.0914,0.0000,0.5697,0.5697,186,0.0000
1773894698.006,0.4860,0.2738,0.2121,0.0000,0.0340,0.0936,0.0000,0.6197,0.6197,194,0.0000
1773894698.206,0.4804,0.2667,0.2137,0.0000,0.0238,0.0916,0.0000,0.6697,0.6697,202,0.0000
1773894698.406,0.4750,0.2617,0.2133,0.0000,0.0167,0.0851,0.0000,0.6990,0.6990,206,0.0000
1773894698.606,0.4706,0.2582,0.2124,0.0000,0.0117,0.0817,0.0000,0.7159,0.7159,209,0.0000
1773894698.807,0.4673,0.2557,0.2116,0.0000,0.0082,0.0757,0.0000,0.7161,0.7161,209,0.0000
1773894699.007,0.4645,0.2540,0.2105,0.0000,0.0057,0.0733,0.0000,0.7095,0.7095,208,0.0000
1773894699.207,0.4622,0.2528,0.2094,0.0000,0.0040,0.0710,0.0000,0.6976,0.6976,206,0.0000
1773894699.408,0.4590,0.2520,0.2070,0.0000,0.0028,0.0689,0.0000,0.6817,0.6817,204,0.0000
1773894699.608,0.4550,0.2514,0.2037,0.0000,0.0020,0.0668,0.0000,0.6628,0.6628,201,0.0000
1773894699.808,0.4523,0.2510,0.2013,0.0000,0.0014,0.0651,0.0000,0.6419,0.6419,197,0.0000
1773894700.008,0.4506,0.2507,0.1999,0.0000,0.0010,0.0636,0.0000,0.6203,0.6203,194,0.0000
1773894700.208,0.4503,0.2505,0.1999,0.0000,0.0007,0.0626,0.0000,0.5989,0.5989,190,0.0000
1773894700.409,0.4508,0.2508,0.2000,0.0000,0.0011,0.0621,0.0000,0.5791,0.5791,187,0.0000
1773894700.609,0.4511,0.2509,0.2002,0.0000,0.0013,0.0618,0.0000,0.5614,0.5614,184,0.0000
1773894700.809,0.4514,0.2509,0.2005,0.0000,0.0014,0.0617,0.0000,0.5460,0.5460,182,0.0000
1773894701.010,0.4684,0.2685,0.1999,0.0000,0.0264,0.0703,0.0000,0.5519,0.5519,183,0.0000
1773894701.210,0.4828,0.2781,0.2047,0.0000,0.0402,0.0813,0.0000,0.5826,0.5826,188,0.0000
1773894701.410,0.4766,0.2697,0.2069,0.0000,0.0281,0.0844,0.0000,0.6183,0.6183,193,0.0000
1773894701.610,0.4711,0.2638,0.2073,0.0000,0.0197,0.0835,0.0000,0.6486,0.6486,198,0.0000
1773894701.811,0.4665,0.2596,0.2068,0.0000,0.0138,0.0808,0.0000,0.6693,0.6693,202,0.0000
1773894702.011,0.4627,0.2567,0.2059,0.0000,0.0096,0.0775,0.0000,0.6795,0.6795,203,0.0000
1773894702.211,0.4595,0.2547,0.2047,0.0000,0.0067,0.0743,0.0000,0.6803,0.6803,203,0.0000
1773894702.411,0.4567,0.2533,0.2034,0.0000,0.0047,0.0713,0.0000,0.6734,0.6734,202,0.0000
1773894702.612,0.4550,0.2523,0.2027,0.0000,0.0033,0.0688,0.0000,0.6610,0.6610,200,0.0000
1773894702.812,0.4536,0.2516,0.2019,0.0000,0.0023,0.0667,0.0000,0.6450,0.6450,198,0.0000
1773894703.012,0.4523,0.2511,0.2012,0.0000,0.0016,0.0651,0.0000,0.6268,0.6268,195,0.0000
1773894703.212,0.4512,0.2508,0.2004,0.0000,0.0011,0.0637,0.0000,0.6077,0.6077,192,0.0000
1773894703.413,0.4502,0.2506,0.1996,0.0000,0.0008,0.0627,0.0000,0.5884,0.5884,189,0.0000
1773894703.613,0.4500,0.2504,0.1996,0.0000,0.0006,0.0619,0.0000,0.5699,0.5699,186,0.0000
1773894703.813,0.4498,0.2503,0.1995,0.0000,0.0004,0.0613,0.0000,0.5524,0.5524,183,0.0000
1773894704.013,0.4492,0.2502,0.1990,0.0000,0.0003,0.0608,0.0000,0.5363,0.5363,180,0.0000
1773894704.214,0.4486,0.2501,0.1985,0.0000,0.0002,0.0604,0.0000,0.5215,0.5215,178,0.0000
1773894704.414,0.4558,0.2577,0.1981,0.0000,0.0110,0.0639,0.0000,0.5165,0.5165,177,0.0000
1773894704.614,0.4724,0.2728,0.1996,0.0000,0.0326,0.0739,0.0000,0.5350,0.5350,180,0.0000
1773894704.815,0.4866,0.2809,0.2057,0.0000,0.0441,0.0851,0.0000,0.5775,0.5775,187,0.0000
1773894705.015,0.4986,0.2842,0.2144,0.0000,0.0488,0.0949,0.0000,0.6275,0.6275,195,0.0000
1773894705.215,0.5086,0.2845,0.2242,0.0000,0.0492,0.1025,0.0000,0.6775,0.6775,203,0.0000
1773894705.415,0.5003,0.2741,0.2262,0.0000,0.0345,0.1024,0.0000,0.7275,0.7275,211,0.0000
1773894705.616,0.4932,0.2669,0.2263,0.0000,0.0241,0.0962,0.0000,0.7740,0.7740,218,0.0000
1773894705.816,0.4872,0.2618,0.2254,0.0000,0.0169,0.0892,0.0000,0.7988,0.7988,222,0.0000
1773894706.016,0.4821,0.2583,0.2238,0.0000,0.0118,0.0831,0.0000,0.8055,0.8055,223,0.0000
1773894706.216,0.4784,0.2558,0.2226,0.0000,0.0083,0.0803,0.0000,0.8035,0.8035,223,0.0000
1773894706.417,0.4913,0.2676,0.2237,0.0000,0.0252,0.0845,0.0000,0.8099,0.8099,224,0.0000
1773894706.617,0.5023,0.2739,0.2284,0.0000,0.0341,0.0908,0.0000,0.8295,0.8295,227,0.0000
1773894706.817,0.5117,0.2765,0.2351,0.0000,0.0379,0.0970,0.0000,0.8609,0.8609,232,0.0000
1773894707.017,0.5196,0.2769,0.2427,0.0000,0.0385,0.1020,0.0000,0.9004,0.9004,239,0.0000
1773894707.218,0.5188,0.2689,0.2499,0.0000,0.0269,0.1020,0.0000,0.9356,0.9356,244,0.0000
1773894707.418,0.5155,0.2632,0.2523,0.0000,0.0189,0.0994,0.0000,0.9606,0.9606,248,0.0000
1773894707.618,0.5061,0.2592,0.2469,0.0000,0.0132,0.0921,0.0000,0.9657,0.9657,249,0.0000
1773894707.818,0.4975,0.2565,0.2411,0.0000,0.0092,0.0858,0.0000,0.9547,0.9547,247,0.0000
1773894708.019,0.4902,0.2545,0.2357,0.0000,0.0065,0.0828,0.0000,0.9369,0.9369,244,0.0000
1773894708.219,0.4840,0.2532,0.2309,0.0000,0.0045,0.0796,0.0000,0.9133,0.9133,241,0.0000
1773894708.419,0.5009,0.2699,0.2310,0.0000,0.0285,0.0860,0.0000,0.9061,0.9061,239,0.0000
1773894708.619,0.5170,0.2809,0.2362,0.0000,0.0441,0.0961,0.0000,0.9228,0.9228,242,0.0000
1773894708.820,0.5290,0.2841,0.2448,0.0000,0.0488,0.1053,0.0000,0.9594,0.9594,248,0.0000
1773894709.020,0.5343,0.2795,0.2548,0.0000,0.0422,0.1099,0.0000,1.0000,1.0000,255,0.0000
1773894709.220,0.5287,0.2707,0.2580,0.0000,0.0295,0.1089,0.0000,1.0000,1.0000,255,0.0000
1773894709.421,0.5162,0.2645,0.2517,0.0000,0.0207,0.1013,0.0000,1.0000,1.0000,255,0.0000
1773894709.621,0.5043,0.2601,0.2442,0.0000,0.0145,0.0931,0.0000,0.9999,0.9999,254,0.0000
1773894709.821,0.4936,0.2571,0.2365,0.0000,0.0101,0.0859,0.0000,0.9833,0.9833,252,0.0000
1773894710.021,0.4845,0.2550,0.2295,0.0000,0.0071,0.0824,0.0000,0.9601,0.9601,248,0.0000
1773894710.221,0.4767,0.2535,0.2232,0.0000,0.0050,0.0761,0.0000,0.9250,0.9250,242,0.0000
1773894710.422,0.4725,0.2524,0.2201,0.0000,0.0035,0.0738,0.0000,0.8882,0.8882,237,0.0000
1773894710.622,0.4689,0.2517,0.2172,0.0000,0.0024,0.0716,0.0000,0.8507,0.8507,231,0.0000
1773894710.822,0.4646,0.2512,0.2134,0.0000,0.0017,0.0696,0.0000,0.8133,0.8133,225,0.0000
1773894711.022,0.4610,0.2508,0.2101,0.0000,0.0012,0.0677,0.0000,0.7765,0.7765,219,0.0000
1773894711.223,0.4585,0.2506,0.2079,0.0000,0.0008,0.0661,0.0000,0.7409,0.7409,213,0.0000
1773894711.423,0.4566,0.2504,0.2061,0.0000,0.0006,0.0648,0.0000,0.7072,0.7072,208,0.0000
1773894711.623,0.4554,0.2503,0.2051,0.0000,0.0004,0.0638,0.0000,0.6758,0.6758,203,0.0000
1773894711.824,0.4544,0.2502,0.2042,0.0000,0.0003,0.0630,0.0000,0.6468,0.6468,198,0.0000
1773894712.024,0.4536,0.2501,0.2034,0.0000,0.0002,0.0624,0.0000,0.6205,0.6205,194,0.0000
1773894712.224,0.4523,0.2501,0.2022,0.0000,0.0001,0.0618,0.0000,0.5966,0.5966,190,0.0000
1773894712.425,0.4512,0.2501,0.2011,0.0000,0.0001,0.0613,0.0000,0.5750,0.5750,187,0.0000
1773894712.625,0.4502,0.2500,0.2001,0.0000,0.0001,0.0609,0.0000,0.5555,0.5555,183,0.0000
1773894712.825,0.4488,0.2500,0.1988,0.0000,0.0000,0.0605,0.0000,0.5379,0.5379,181,0.0000
1773894713.025,0.4477,0.2500,0.1976,0.0000,0.0000,0.0601,0.0000,0.5218,0.5218,178,0.0000
1773894713.225,0.4460,0.2500,0.1960,0.0000,0.0000,0.0596,0.0000,0.5070,0.5070,176,0.0000
1773894713.426,0.4446,0.2500,0.1946,0.0000,0.0000,0.0592,0.0000,0.4934,0.4934,173,0.0000
1773894713.626,0.4435,0.2500,0.1935,0.0000,0.0000,0.0588,0.0000,0.4808,0.4808,171,0.0000
1773894713.826,0.4425,0.2500,0.1925,0.0000,0.0000,0.0584,0.0000,0.4691,0.4691,170,0.0000
1773894714.026,0.4416,0.2500,0.1916,0.0000,0.0000,0.0581,0.0000,0.4583,0.4583,168,0.0000
1773894714.227,0.4409,0.2500,0.1909,0.0000,0.0000,0.0578,0.0000,0.4484,0.4484,166,0.0000
1773894714.427,0.4421,0.2512,0.1908,0.0000,0.0017,0.0582,0.0000,0.4408,0.4408,165,0.0000
1773894714.627,0.4430,0.2519,0.1911,0.0000,0.0027,0.0589,0.0000,0.4358,0.4358,164,0.0000
1773894714.827,0.4439,0.2522,0.1917,0.0000,0.0032,0.0595,0.0000,0.4331,0.4331,164,0.0000
1773894715.028,0.4446,0.2523,0.1923,0.0000,0.0033,0.0600,0.0000,0.4321,0.4321,164,0.0000
1773894715.228,0.4453,0.2523,0.1930,0.0000,0.0033,0.0604,0.0000,0.4324,0.4324,164,0.0000
1773894715.428,0.4458,0.2522,0.1936,0.0000,0.0031,0.0607,0.0000,0.4334,0.4334,164,0.0000
1773894715.629,0.4638,0.2705,0.1934,0.0000,0.0292,0.0700,0.0000,0.4550,0.4550,167,0.0000
1773894715.829,0.4792,0.2804,0.1988,0.0000,0.0434,0.0816,0.0000,0.5007,0.5007,175,0.0000
1773894716.029,0.4741,0.2713,0.2028,0.0000,0.0304,0.0850,0.0000,0.5500,0.5500,182,0.0000
1773894716.229,0.4697,0.2649,0.2048,0.0000,0.0213,0.0842,0.0000,0.5922,0.5922,189,0.0000
1773894716.430,0.4666,0.2604,0.2062,0.0000,0.0149,0.0816,0.0000,0.6233,0.6233,194,0.0000
1773894716.630,0.4646,0.2573,0.2073,0.0000,0.0104,0.0784,0.0000,0.6427,0.6427,197,0.0000
1773894716.831,0.4635,0.2551,0.2084,0.0000,0.0073,0.0754,0.0000,0.6520,0.6520,199,0.0000
1773894717.031,0.4626,0.2536,0.2090,0.0000,0.0051,0.0728,0.0000,0.6531,0.6531,199,0.0000
1773894717.231,0.4779,0.2686,0.2093,0.0000,0.0265,0.0786,0.0000,0.6660,0.6660,201,0.0000
1773894717.431,0.4909,0.2767,0.2142,0.0000,0.0381,0.0869,0.0000,0.6960,0.6960,206,0.0000
1773894717.632,0.5020,0.2803,0.2217,0.0000,0.0433,0.0949,0.0000,0.7409,0.7409,213,0.0000
1773894717.832,0.5114,0.2811,0.2303,0.0000,0.0445,0.1014,0.0000,0.7909,0.7909,221,0.0000
1773894718.032,0.5194,0.2802,0.2392,0.0000,0.0431,0.1062,0.0000,0.8409,0.8409,229,0.0000
1773894718.232,0.5262,0.2783,0.2480,0.0000,0.0404,0.1092,0.0000,0.8909,0.8909,237,0.0000
1773894718.433,0.5320,0.2759,0.2562,0.0000,0.0370,0.1108,0.0000,0.9409,0.9409,245,0.0000
1773894718.633,0.5371,0.2734,0.2637,0.0000,0.0334,0.1114,0.0000,0.9909,0.9909,253,0.0000
1773894718.833,0.5412,0.2707,0.2705,0.0000,0.0296,0.1112,0.0000,1.0000,1.0000,255,0.0000
1773894719.033,0.5248,0.2645,0.2602,0.0000,0.0207,0.1038,0.0000,1.0000,1.0000,255,0.0000
1773894719.234,0.5108,0.2602,0.2506,0.0000,0.0145,0.0953,0.0000,1.0000,1.0000,255,0.0000
1773894719.434,0.4989,0.2571,0.2418,0.0000,0.0102,0.0877,0.0000,0.9878,0.9878,253,0.0000
1773894719.634,0.4888,0.2550,0.2338,0.0000,0.0071,0.0814,0.0000,0.9622,0.9622,248,0.0000
1773894719.835,0.4801,0.2535,0.2266,0.0000,0.0050,0.0785,0.0000,0.9321,0.9321,244,0.0000
1773894720.035,0.4754,0.2524,0.2229,0.0000,0.0035,0.0756,0.0000,0.8988,0.8988,238,0.0000
1773894720.235,0.4720,0.2517,0.2203,0.0000,0.0024,0.0732,0.0000,0.8637,0.8637,233,0.0000
1773894720.436,0.4692,0.2512,0.2180,0.0000,0.0017,0.0710,0.0000,0.8281,0.8281,227,0.0000
1773894720.636,0.4662,0.2508,0.2153,0.0000,0.0012,0.0692,0.0000,0.7929,0.7929,221,0.0000
1773894720.836,0.4636,0.2506,0.2130,0.0000,0.0008,0.0676,0.0000,0.7588,0.7588,216,0.0000
1773894721.036,0.4613,0.2504,0.2109,0.0000,0.0006,0.0663,0.0000,0.7262,0.7262,211,0.0000
1773894721.237,0.4595,0.2503,0.2092,0.0000,0.0004,0.0652,0.0000,0.6955,0.6955,206,0.0000
1773894721.437,0.4552,0.2502,0.2050,0.0000,0.0003,0.0640,0.0000,0.6663,0.6663,201,0.0000
1773894721.637,0.4515,0.2501,0.2014,0.0000,0.0002,0.0628,0.0000,0.6384,0.6384,197,0.0000
1773894721.837,0.4485,0.2501,0.1984,0.0000,0.0001,0.0617,0.0000,0.6119,0.6119,192,0.0000
1773894722.038,0.4490,0.2507,0.1984,0.0000,0.0010,0.0613,0.0000,0.5879,0.5879,189,0.0000
1773894722.238,0.4495,0.2510,0.1985,0.0000,0.0014,0.0612,0.0000,0.5671,0.5671,185,0.0000
1773894722.438,0.4489,0.2507,0.1982,0.0000,0.0010,0.0609,0.0000,0.5486,0.5486,182,0.0000
1773894722.638,0.4477,0.2505,0.1972,0.0000,0.0007,0.0605,0.0000,0.5321,0.5321,180,0.0000
1773894722.839,0.4467,0.2503,0.1964,0.0000,0.0005,0.0601,0.0000,0.5170,0.5170,177,0.0000
1773894723.039,0.4459,0.2502,0.1956,0.0000,0.0003,0.0597,0.0000,0.5032,0.5032,175,0.0000
1773894723.239,0.4436,0.2502,0.1935,0.0000,0.0002,0.0592,0.0000,0.4902,0.4902,173,0.0000
1773894723.440,0.4417,0.2501,0.1916,0.0000,0.0002,0.0587,0.0000,0.4778,0.4778,171,0.0000
1773894723.640,0.4406,0.2501,0.1905,0.0000,0.0001,0.0582,0.0000,0.4660,0.4660,169,0.0000
1773894723.840,0.4425,0.2520,0.1904,0.0000,0.0029,0.0588,0.0000,0.4573,0.4573,168,0.0000
1773894724.040,0.4485,0.2578,0.1907,0.0000,0.0111,0.0622,0.0000,0.4573,0.4573,168,0.0000
1773894724.241,0.4492,0.2562,0.1930,0.0000,0.0088,0.0638,0.0000,0.4614,0.4614,168,0.0000
1773894724.441,0.4485,0.2543,0.1942,0.0000,0.0062,0.0640,0.0000,0.4661,0.4661,169,0.0000
1773894724.641,0.4479,0.2530,0.1948,0.0000,0.0043,0.0636,0.0000,0.4695,0.4695,170,0.0000
1773894724.841,0.4473,0.2521,0.1952,0.0000,0.0030,0.0629,0.0000,0.4709,0.4709,170,0.0000
1773894725.042,0.4475,0.2517,0.1958,0.0000,0.0024,0.0623,0.0000,0.4707,0.4707,170,0.0000
1773894725.242,0.4477,0.2514,0.1963,0.0000,0.0019,0.0618,0.0000,0.4693,0.4693,170,0.0000
1773894725.442,0.4478,0.2511,0.1967,0.0000,0.0016,0.0614,0.0000,0.4671,0.4671,169,0.0000
1773894725.642,0.4462,0.2508,0.1954,0.0000,0.0011,0.0608,0.0000,0.4638,0.4638,169,0.0000
1773894725.843,0.4448,0.2506,0.1943,0.0000,0.0008,0.0602,0.0000,0.4594,0.4594,168,0.0000
1773894726.043,0.4436,0.2504,0.1932,0.0000,0.0006,0.0596,0.0000,0.4542,0.4542,167,0.0000
1773894726.243,0.4426,0.2503,0.1923,0.0000,0.0004,0.0591,0.0000,0.4484,0.4484,166,0.0000
1773894726.444,0.4417,0.2502,0.1915,0.0000,0.0003,0.0586,0.0000,0.4422,0.4422,165,0.0000
1773894726.644,0.4410,0.2501,0.1909,0.0000,0.0002,0.0582,0.0000,0.4359,0.4359,164,0.0000
1773894726.844,0.4405,0.2501,0.1904,0.0000,0.0001,0.0579,0.0000,0.4296,0.4296,163,0.0000
1773894727.044,0.4406,0.2502,0.1904,0.0000,0.0002,0.0577,0.0000,0.4238,0.4238,162,0.0000
1773894727.244,0.4407,0.2502,0.1905,0.0000,0.0003,0.0576,0.0000,0.4185,0.4185,161,0.0000
1773894727.445,0.4414,0.2509,0.1905,0.0000,0.0012,0.0579,0.0000,0.4145,0.4145,161,0.0000
1773894727.645,0.4420,0.2512,0.1907,0.0000,0.0018,0.0583,0.0000,0.4120,0.4120,160,0.0000
1773894727.845,0.4403,0.2509,0.1895,0.0000,0.0012,0.0582,0.0000,0.4099,0.4099,160,0.0000
1773894728.045,0.4389,0.2506,0.1883,0.0000,0.0009,0.0579,0.0000,0.4074,0.4074,160,0.0000
1773894728.246,0.4377,0.2504,0.1872,0.0000,0.0006,0.0575,0.0000,0.4044,0.4044,159,0.0000
1773894728.446,0.4366,0.2503,0.1863,0.0000,0.0004,0.0571,0.0000,0.4009,0.4009,159,0.0000
1773894728.646,0.4358,0.2502,0.1855,0.0000,0.0003,0.0567,0.0000,0.3968,0.3968,158,0.0000
1773894728.847,0.4384,0.2529,0.1855,0.0000,0.0041,0.0578,0.0000,0.3957,0.3957,158,0.0000
1773894729.047,0.4399,0.2536,0.1863,0.0000,0.0052,0.0589,0.0000,0.3974,0.3974,158,0.0000
1773894729.247,0.4385,0.2525,0.1860,0.0000,0.0036,0.0591,0.0000,0.3995,0.3995,158,0.0000
1773894729.447,0.4374,0.2518,0.1856,0.0000,0.0025,0.0588,0.0000,0.4008,0.4008,159,0.0000
1773894729.648,0.4365,0.2512,0.1853,0.0000,0.0018,0.0583,0.0000,0.4008,0.4008,159,0.0000
1773894729.848,0.4358,0.2509,0.1849,0.0000,0.0012,0.0577,0.0000,0.3995,0.3995,158,0.0000
1773894730.048,0.4350,0.2506,0.1844,0.0000,0.0009,0.0572,0.0000,0.3971,0.3971,158,0.0000
1773894730.248,0.4370,0.2525,0.1845,0.0000,0.0036,0.0578,0.0000,0.3962,0.3962,158,0.0000
1773894730.449,0.4388,0.2536,0.1852,0.0000,0.0052,0.0588,0.0000,0.3978,0.3978,158,0.0000
1773894730.649,0.4403,0.2541,0.1862,0.0000,0.0059,0.0599,0.0000,0.4016,0.4016,159,0.0000
1773894730.849,0.4416,0.2542,0.1874,0.0000,0.0060,0.0607,0.0000,0.4069,0.4069,160,0.0000
1773894731.049,0.4427,0.2541,0.1886,0.0000,0.0058,0.0613,0.0000,0.4131,0.4131,161,0.0000
1773894731.250,0.4436,0.2538,0.1898,0.0000,0.0055,0.0617,0.0000,0.4194,0.4194,162,0.0000
1773894731.450,0.4417,0.2527,0.1890,0.0000,0.0038,0.0613,0.0000,0.4241,0.4241,162,0.0000
1773894731.650,0.4402,0.2519,0.1883,0.0000,0.0027,0.0605,0.0000,0.4265,0.4265,163,0.0000
1773894731.850,0.4389,0.2513,0.1876,0.0000,0.0019,0.0597,0.0000,0.4266,0.4266,163,0.0000
1773894732.051,0.4416,0.2537,0.1879,0.0000,0.0053,0.0604,0.0000,0.4279,0.4279,163,0.0000
1773894732.251,0.4438,0.2549,0.1889,0.0000,0.0071,0.0616,0.0000,0.4317,0.4317,164,0.0000
1773894732.451,0.4457,0.2554,0.1902,0.0000,0.0078,0.0627,0.0000,0.4376,0.4376,165,0.0000
1773894732.652,0.4468,0.2550,0.1918,0.0000,0.0071,0.0634,0.0000,0.4444,0.4444,166,0.0000
1773894732.852,0.4477,0.2545,0.1933,0.0000,0.0064,0.0637,0.0000,0.4513,0.4513,167,0.0000
1773894733.052,0.4485,0.2540,0.1946,0.0000,0.0057,0.0638,0.0000,0.4575,0.4575,168,0.0000
1773894733.252,0.4491,0.2534,0.1957,0.0000,0.0048,0.0637,0.0000,0.4628,0.4628,169,0.0000
1773894733.453,0.4496,0.2529,0.1967,0.0000,0.0041,0.0635,0.0000,0.4667,0.4667,169,0.0000
1773894733.653,0.4567,0.2594,0.1972,0.0000,0.0135,0.0667,0.0000,0.4772,0.4772,171,0.0000
1773894733.853,0.4627,0.2629,0.1997,0.0000,0.0185,0.0708,0.0000,0.4957,0.4957,174,0.0000
1773894734.053,0.4678,0.2644,0.2034,0.0000,0.0206,0.0746,0.0000,0.5209,0.5209,178,0.0000
1773894734.254,0.4645,0.2601,0.2044,0.0000,0.0144,0.0750,0.0000,0.5444,0.5444,182,0.0000
1773894734.454,0.4616,0.2571,0.2045,0.0000,0.0101,0.0738,0.0000,0.5622,0.5622,184,0.0000
1773894734.654,0.4592,0.2550,0.2042,0.0000,0.0071,0.0719,0.0000,0.5733,0.5733,186,0.0000
1773894734.854,0.4582,0.2535,0.2047,0.0000,0.0050,0.0699,0.0000,0.5782,0.5782,187,0.0000
1773894735.055,0.4574,0.2524,0.2050,0.0000,0.0035,0.0682,0.0000,0.5780,0.5780,187,0.0000
1773894735.255,0.4568,0.2517,0.2051,0.0000,0.0024,0.0667,0.0000,0.5739,0.5739,186,0.0000
1773894735.455,0.4556,0.2512,0.2044,0.0000,0.0017,0.0654,0.0000,0.5670,0.5670,185,0.0000
1773894735.655,0.4541,0.2508,0.2032,0.0000,0.0012,0.0643,0.0000,0.5581,0.5581,184,0.0000
1773894735.856,0.4533,0.2506,0.2027,0.0000,0.0008,0.0634,0.0000,0.5480,0.5480,182,0.0000
1773894736.056,0.4527,0.2504,0.2023,0.0000,0.0006,0.0626,0.0000,0.5375,0.5375,180,0.0000
1773894736.256,0.4523,0.2503,0.2020,0.0000,0.0004,0.0621,0.0000,0.5269,0.5269,179,0.0000
1773894736.456,0.4523,0.2502,0.2021,0.0000,0.0003,0.0617,0.0000,0.5167,0.5167,177,0.0000
1773894736.657,0.4530,0.2509,0.2021,0.0000,0.0014,0.0618,0.0000,0.5081,0.5081,176,0.0000
1773894736.857,0.4596,0.2575,0.2020,0.0000,0.0108,0.0651,0.0000,0.5082,0.5082,176,0.0000
1773894737.057,0.4652,0.2612,0.2040,0.0000,0.0160,0.0693,0.0000,0.5182,0.5182,177,0.0000
1773894737.257,0.4627,0.2578,0.2049,0.0000,0.0112,0.0705,0.0000,0.5303,0.5303,179,0.0000
1773894737.458,0.4607,0.2555,0.2052,0.0000,0.0078,0.0701,0.0000,0.5404,0.5404,181,0.0000
1773894737.658,0.4577,0.2538,0.2039,0.0000,0.0055,0.0689,0.0000,0.5466,0.5466,182,0.0000
1773894737.858,0.4547,0.2527,0.2020,0.0000,0.0038,0.0673,0.0000,0.5484,0.5484,182,0.0000
1773894738.058,0.4520,0.2519,0.2002,0.0000,0.0027,0.0657,0.0000,0.5460,0.5460,182,0.0000
1773894738.259,0.4498,0.2513,0.1984,0.0000,0.0019,0.0642,0.0000,0.5402,0.5402,181,0.0000
1773894738.459,0.4478,0.2509,0.1969,0.0000,0.0013,0.0629,0.0000,0.5318,0.5318,180,0.0000
1773894738.659,0.4468,0.2506,0.1962,0.0000,0.0009,0.0618,0.0000,0.5217,0.5217,178,0.0000
1773894738.860,0.4465,0.2505,0.1960,0.0000,0.0006,0.0610,0.0000,0.5109,0.5109,176,0.0000
1773894739.060,0.4468,0.2507,0.1962,0.0000,0.0010,0.0606,0.0000,0.5005,0.5005,175,0.0000
1773894739.260,0.4471,0.2508,0.1963,0.0000,0.0011,0.0604,0.0000,0.4909,0.4909,173,0.0000
1773894739.460,0.4474,0.2508,0.1966,0.0000,0.0012,0.0603,0.0000,0.4825,0.4825,172,0.0000
1773894739.661,0.4464,0.2506,0.1959,0.0000,0.0008,0.0600,0.0000,0.4746,0.4746,170,0.0000
1773894739.861,0.4461,0.2504,0.1957,0.0000,0.0006,0.0598,0.0000,0.4673,0.4673,169,0.0000
1773894740.061,0.4465,0.2507,0.1958,0.0000,0.0010,0.0598,0.0000,0.4610,0.4610,168,0.0000
1773894740.261,0.4470,0.2510,0.1960,0.0000,0.0014,0.0599,0.0000,0.4559,0.4559,167,0.0000
1773894740.462,0.4649,0.2695,0.1954,0.0000,0.0278,0.0692,0.0000,0.4722,0.4722,170,0.0000
1773894740.662,0.4802,0.2797,0.2005,0.0000,0.0424,0.0809,0.0000,0.5135,0.5135,177,0.0000
1773894740.862,0.4931,0.2843,0.2088,0.0000,0.0491,0.0917,0.0000,0.5635,0.5635,185,0.0000
1773894741.063,0.5041,0.2856,0.2185,0.0000,0.0509,0.1003,0.0000,0.6135,0.6135,193,0.0000
1773894741.263,0.5134,0.2847,0.2287,0.0000,0.0496,0.1066,0.0000,0.6635,0.6635,201,0.0000
1773894741.463,0.5110,0.2743,0.2366,0.0000,0.0347,0.1063,0.0000,0.7135,0.7135,209,0.0000
1773894741.663,0.5088,0.2670,0.2418,0.0000,0.0243,0.1030,0.0000,0.7635,0.7635,217,0.0000
1773894741.864,0.4998,0.2619,0.2379,0.0000,0.0170,0.0942,0.0000,0.8012,0.8012,223,0.0000
1773894742.064,0.4922,0.2583,0.2338,0.0000,0.0119,0.0869,0.0000,0.8171,0.8171,225,0.0000
1773894742.264,0.4858,0.2558,0.2300,0.0000,0.0083,0.0836,0.0000,0.8218,0.8218,226,0.0000
1773894742.464,0.4809,0.2541,0.2268,0.0000,0.0058,0.0802,0.0000,0.8171,0.8171,225,0.0000
1773894742.665,0.4767,0.2529,0.2239,0.0000,0.0041,0.0771,0.0000,0.8048,0.8048,223,0.0000
1773894742.865,0.4732,0.2520,0.2212,0.0000,0.0029,0.0743,0.0000,0.7871,0.7871,220,0.0000
1773894743.065,0.4696,0.2514,0.2182,0.0000,0.0020,0.0719,0.0000,0.7657,0.7657,217,0.0000
1773894743.265,0.4664,0.2510,0.2155,0.0000,0.0014,0.0699,0.0000,0.7419,0.7419,213,0.0000
1773894743.466,0.4633,0.2507,0.2126,0.0000,0.0010,0.0681,0.0000,0.7168,0.7168,209,0.0000
1773894743.666,0.4611,0.2505,0.2106,0.0000,0.0007,0.0666,0.0000,0.6915,0.6915,205,0.0000
1773894743.866,0.4593,0.2503,0.2089,0.0000,0.0005,0.0654,0.0000,0.6667,0.6667,201,0.0000
1773894744.066,0.4577,0.2502,0.2075,0.0000,0.0003,0.0644,0.0000,0.6429,0.6429,197,0.0000
1773894744.267,0.4564,0.2502,0.2062,0.0000,0.0002,0.0636,0.0000,0.6205,0.6205,194,0.0000
1773894744.467,0.4554,0.2501,0.2052,0.0000,0.0002,0.0629,0.0000,0.5996,0.5996,190,0.0000
1773894744.667,0.4545,0.2501,0.2044,0.0000,0.0001,0.0624,0.0000,0.5804,0.5804,187,0.0000
1773894744.868,0.4537,0.2501,0.2036,0.0000,0.0001,0.0620,0.0000,0.5629,0.5629,185,0.0000
1773894745.068,0.4529,0.2500,0.2029,0.0000,0.0001,0.0616,0.0000,0.5471,0.5471,182,0.0000
1773894745.268,0.4523,0.2500,0.2023,0.0000,0.0000,0.0613,0.0000,0.5327,0.5327,180,0.0000
1773894745.468,0.4518,0.2500,0.2018,0.0000,0.0000,0.0610,0.0000,0.5199,0.5199,178,0.0000
1773894745.669,0.4515,0.2500,0.2015,0.0000,0.0000,0.0608,0.0000,0.5084,0.5084,176,0.0000
1773894745.869,0.4517,0.2502,0.2015,0.0000,0.0003,0.0608,0.0000,0.4985,0.4985,174,0.0000
1773894746.069,0.4487,0.2502,0.1985,0.0000,0.0002,0.0605,0.0000,0.4893,0.4893,173,0.0000
1773894746.270,0.4460,0.2501,0.1959,0.0000,0.0002,0.0599,0.0000,0.4802,0.4802,171,0.0000
1773894746.470,0.4438,0.2501,0.1937,0.0000,0.0001,0.0593,0.0000,0.4711,0.4711,170,0.0000
1773894746.670,0.4418,0.2501,0.1918,0.0000,0.0001,0.0587,0.0000,0.4618,0.4618,168,0.0000
1773894746.870,0.4429,0.2511,0.1917,0.0000,0.0016,0.0589,0.0000,0.4540,0.4540,167,0.0000
1773894747.071,0.4439,0.2519,0.1920,0.0000,0.0027,0.0594,0.0000,0.4484,0.4484,166,0.0000
1773894747.271,0.4460,0.2535,0.1925,0.0000,0.0049,0.0605,0.0000,0.4463,0.4463,166,0.0000
1773894747.471,0.4639,0.2713,0.1926,0.0000,0.0304,0.0702,0.0000,0.4663,0.4663,169,0.0000
1773894747.671,0.4799,0.2816,0.1982,0.0000,0.0452,0.0823,0.0000,0.5118,0.5118,176,0.0000
1773894747.872,0.4824,0.2748,0.2076,0.0000,0.0354,0.0877,0.0000,0.5618,0.5618,184,0.0000
1773894748.072,0.4756,0.2674,0.2083,0.0000,0.0248,0.0875,0.0000,0.6100,0.6100,192,0.0000
1773894748.272,0.4698,0.2622,0.2077,0.0000,0.0174,0.0848,0.0000,0.6462,0.6462,198,0.0000
1773894748.473,0.4650,0.2585,0.2065,0.0000,0.0122,0.0784,0.0000,0.6629,0.6629,201,0.0000
1773894748.673,0.4626,0.2560,0.2066,0.0000,0.0085,0.0756,0.0000,0.6700,0.6700,202,0.0000
1773894748.873,0.4605,0.2542,0.2064,0.0000,0.0060,0.0729,0.0000,0.6690,0.6690,202,0.0000
1773894749.073,0.4588,0.2529,0.2059,0.0000,0.0042,0.0705,0.0000,0.6617,0.6617,200,0.0000
1773894749.274,0.4573,0.2520,0.2053,0.0000,0.0029,0.0684,0.0000,0.6499,0.6499,198,0.0000
1773894749.474,0.4632,0.2577,0.2056,0.0000,0.0109,0.0699,0.0000,0.6422,0.6422,197,0.0000
1773894749.674,0.4683,0.2607,0.2076,0.0000,0.0152,0.0725,0.0000,0.6415,0.6415,197,0.0000
1773894749.875,0.4642,0.2575,0.2068,0.0000,0.0107,0.0726,0.0000,0.6414,0.6414,197,0.0000
1773894750.075,0.4601,0.2552,0.2049,0.0000,0.0075,0.0713,0.0000,0.6386,0.6386,197,0.0000
1773894750.275,0.4567,0.2537,0.2030,0.0000,0.0052,0.0695,0.0000,0.6322,0.6322,196,0.0000
1773894750.475,0.4543,0.2526,0.2018,0.0000,0.0037,0.0676,0.0000,0.6222,0.6222,194,0.0000
1773894750.676,0.4524,0.2518,0.2006,0.0000,0.0026,0.0659,0.0000,0.6093,0.6093,192,0.0000
1773894750.876,0.4512,0.2513,0.1999,0.0000,0.0018,0.0645,0.0000,0.5947,0.5947,190,0.0000
1773894751.076,0.4535,0.2533,0.2002,0.0000,0.0048,0.0646,0.0000,0.5819,0.5819,188,0.0000
1773894751.277,0.4555,0.2544,0.2011,0.0000,0.0063,0.0653,0.0000,0.5725,0.5725,186,0.0000
1773894751.477,0.4540,0.2531,0.2009,0.0000,0.0044,0.0651,0.0000,0.5639,0.5639,185,0.0000
1773894751.677,0.4527,0.2522,0.2005,0.0000,0.0031,0.0645,0.0000,0.5552,0.5552,183,0.0000
1773894751.877,0.4516,0.2515,0.2001,0.0000,0.0022,0.0637,0.0000,0.5460,0.5460,182,0.0000
1773894752.078,0.4506,0.2511,0.1995,0.0000,0.0015,0.0629,0.0000,0.5361,0.5361,180,0.0000
1773894752.278,0.4497,0.2507,0.1989,0.0000,0.0011,0.0621,0.0000,0.5258,0.5258,179,0.0000
1773894752.478,0.4490,0.2505,0.1985,0.0000,0.0007,0.0615,0.0000,0.5154,0.5154,177,0.0000
1773894752.678,0.4485,0.2504,0.1981,0.0000,0.0005,0.0609,0.0000,0.5052,0.5052,175,0.0000
1773894752.879,0.4485,0.2503,0.1982,0.0000,0.0004,0.0606,0.0000,0.4955,0.4955,174,0.0000
1773894753.079,0.4486,0.2503,0.1983,0.0000,0.0004,0.0603,0.0000,0.4865,0.4865,172,0.0000
1773894753.279,0.4493,0.2509,0.1984,0.0000,0.0013,0.0605,0.0000,0.4791,0.4791,171,0.0000
1773894753.479,0.4498,0.2512,0.1986,0.0000,0.0018,0.0608,0.0000,0.4735,0.4735,170,0.0000
1773894753.679,0.4503,0.2514,0.1990,0.0000,0.0020,0.0611,0.0000,0.4694,0.4694,170,0.0000
1773894753.880,0.4508,0.2514,0.1993,0.0000,0.0020,0.0614,0.0000,0.4666,0.4666,169,0.0000
1773894754.080,0.4511,0.2514,0.1998,0.0000,0.0019,0.0615,0.0000,0.4647,0.4647,169,0.0000
1773894754.280,0.4520,0.2519,0.2001,0.0000,0.0028,0.0620,0.0000,0.4641,0.4641,169,0.0000
1773894754.480,0.4528,0.2522,0.2007,0.0000,0.0031,0.0624,0.0000,0.4648,0.4648,169,0.0000
1773894754.681,0.4529,0.2516,0.2013,0.0000,0.0023,0.0625,0.0000,0.4657,0.4657,169,0.0000
1773894754.881,0.4529,0.2511,0.2018,0.0000,0.0016,0.0624,0.0000,0.4662,0.4662,169,0.0000
1773894755.081,0.4524,0.2508,0.2016,0.0000,0.0011,0.0621,0.0000,0.4661,0.4661,169,0.0000
1773894755.281,0.4519,0.2506,0.2013,0.0000,0.0008,0.0618,0.0000,0.4653,0.4653,169,0.0000
1773894755.482,0.4514,0.2504,0.2010,0.0000,0.0006,0.0615,0.0000,0.4638,0.4638,169,0.0000
1773894755.682,0.4510,0.2503,0.2008,0.0000,0.0004,0.0612,0.0000,0.4618,0.4618,168,0.0000
1773894755.882,0.4507,0.2502,0.2005,0.0000,0.0003,0.0609,0.0000,0.4593,0.4593,168,0.0000
1773894756.082,0.4504,0.2501,0.2003,0.0000,0.0002,0.0607,0.0000,0.4567,0.4567,168,0.0000
1773894756.283,0.4503,0.2501,0.2002,0.0000,0.0001,0.0605,0.0000,0.4540,0.4540,167,0.0000
1773894756.483,0.4502,0.2501,0.2001,0.0000,0.0001,0.0604,0.0000,0.4513,0.4513,167,0.0000
1773894756.683,0.4501,0.2500,0.2001,0.0000,0.0001,0.0603,0.0000,0.4487,0.4487,166,0.0000
1773894756.884,0.4506,0.2505,0.2001,0.0000,0.0007,0.0604,0.0000,0.4469,0.4469,166,0.0000
1773894757.084,0.4678,0.2685,0.1994,0.0000,0.0264,0.0694,0.0000,0.4653,0.4653,169,0.0000
1773894757.284,0.4825,0.2783,0.2042,0.0000,0.0404,0.0807,0.0000,0.5075,0.5075,176,0.0000
1773894757.484,0.4949,0.2829,0.2120,0.0000,0.0470,0.0912,0.0000,0.5575,0.5575,184,0.0000
1773894757.685,0.5055,0.2841,0.2214,0.0000,0.0487,0.0996,0.0000,0.6075,0.6075,192,0.0000
1773894757.885,0.4976,0.2739,0.2238,0.0000,0.0341,0.1002,0.0000,0.6575,0.6575,200,0.0000
1773894758.085,0.4910,0.2667,0.2242,0.0000,0.0239,0.0970,0.0000,0.7075,0.7075,208,0.0000
1773894758.286,0.4853,0.2617,0.2236,0.0000,0.0167,0.0891,0.0000,0.7410,0.7410,213,0.0000
1773894758.486,0.4875,0.2606,0.2270,0.0000,0.0151,0.0870,0.0000,0.7646,0.7646,217,0.0000
1773894758.686,0.4894,0.2594,0.2300,0.0000,0.0134,0.0854,0.0000,0.7806,0.7806,219,0.0000
1773894758.887,0.4840,0.2566,0.2274,0.0000,0.0094,0.0827,0.0000,0.7876,0.7876,221,0.0000
1773894759.087,0.4794,0.2546,0.2248,0.0000,0.0066,0.0796,0.0000,0.7860,0.7860,220,0.0000
1773894759.288,0.4754,0.2532,0.2222,0.0000,0.0046,0.0767,0.0000,0.7772,0.7772,219,0.0000
1773894759.488,0.4689,0.2523,0.2166,0.0000,0.0032,0.0737,0.0000,0.7621,0.7621,216,0.0000
1773894759.688,0.4671,0.2516,0.2156,0.0000,0.0023,0.0714,0.0000,0.7429,0.7429,213,0.0000
1773894759.888,0.4721,0.2563,0.2158,0.0000,0.0090,0.0722,0.0000,0.7275,0.7275,211,0.0000
1773894760.089,0.4765,0.2590,0.2175,0.0000,0.0129,0.0743,0.0000,0.7187,0.7187,209,0.0000
1773894760.289,0.4802,0.2602,0.2200,0.0000,0.0146,0.0765,0.0000,0.7163,0.7163,209,0.0000
1773894760.489,0.4833,0.2604,0.2229,0.0000,0.0149,0.0783,0.0000,0.7188,0.7188,210,0.0000
1773894760.689,0.4855,0.2596,0.2259,0.0000,0.0137,0.0794,0.0000,0.7240,0.7240,210,0.0000
1773894760.890,0.4806,0.2567,0.2239,0.0000,0.0096,0.0785,0.0000,0.7269,0.7269,211,0.0000
1773894761.090,0.4831,0.2573,0.2258,0.0000,0.0104,0.0784,0.0000,0.7291,0.7291,211,0.0000
1773894761.290,0.4786,0.2551,0.2235,0.0000,0.0073,0.0769,0.0000,0.7278,0.7278,211,0.0000
1773894761.491,0.4742,0.2536,0.2207,0.0000,0.0051,0.0750,0.0000,0.7221,0.7221,210,0.0000
1773894761.691,0.4704,0.2525,0.2179,0.0000,0.0036,0.0728,0.0000,0.7122,0.7122,208,0.0000
1773894761.891,0.4667,0.2517,0.2149,0.0000,0.0025,0.0708,0.0000,0.6985,0.6985,206,0.0000
1773894762.091,0.4627,0.2512,0.2115,0.0000,0.0017,0.0688,0.0000,0.6819,0.6819,204,0.0000
1773894762.292,0.4595,0.2509,0.2086,0.0000,0.0012,0.0671,0.0000,0.6631,0.6631,201,0.0000
1773894762.492,0.4573,0.2506,0.2067,0.0000,0.0009,0.0656,0.0000,0.6433,0.6433,197,0.0000
1773894762.692,0.4556,0.2504,0.2051,0.0000,0.0006,0.0644,0.0000,0.6232,0.6232,194,0.0000
1773894762.892,0.4529,0.2503,0.2026,0.0000,0.0004,0.0633,0.0000,0.6031,0.6031,191,0.0000
1773894763.093,0.4506,0.2502,0.2004,0.0000,0.0003,0.0623,0.0000,0.5833,0.5833,188,0.0000
1773894763.293,0.4743,0.2750,0.1993,0.0000,0.0357,0.0739,0.0000,0.5920,0.5920,189,0.0000
1773894763.493,0.4944,0.2886,0.2058,0.0000,0.0552,0.0890,0.0000,0.6346,0.6346,196,0.0000
1773894763.693,0.5051,0.2882,0.2168,0.0000,0.0546,0.0997,0.0000,0.6846,0.6846,204,0.0000
1773894763.894,0.5141,0.2863,0.2278,0.0000,0.0519,0.1069,0.0000,0.7346,0.7346,212,0.0000
1773894764.094,0.5218,0.2835,0.2383,0.0000,0.0479,0.1112,0.0000,0.7846,0.7846,220,0.0000
1773894764.294,0.5329,0.2851,0.2478,0.0000,0.0501,0.1159,0.0000,0.8346,0.8346,228,0.0000
1773894764.494,0.5450,0.2873,0.2577,0.0000,0.0532,0.1210,0.0000,0.8846,0.8846,236,0.0000
1773894764.695,0.5564,0.2881,0.2683,0.0000,0.0544,0.1259,0.0000,0.9346,0.9346,244,0.0000
1773894764.895,0.5668,0.2876,0.2793,0.0000,0.0537,0.1299,0.0000,0.9846,0.9846,252,0.0000
1773894765.095,0.5756,0.2855,0.2901,0.0000,0.0508,0.1327,0.0000,1.0000,1.0000,255,0.0000
1773894765.295,0.5833,0.2829,0.3004,0.0000,0.0470,0.1342,0.0000,1.0000,1.0000,255,0.0000
1773894765.496,0.5811,0.2730,0.3081,0.0000,0.0329,0.1311,0.0000,1.0000,1.0000,255,0.0000
1773894765.696,0.5788,0.2661,0.3127,0.0000,0.0230,0.1225,0.0000,1.0000,1.0000,255,0.0000
1773894765.896,0.5676,0.2613,0.3064,0.0000,0.0161,0.1138,0.0000,1.0000,1.0000,255,0.0000
1773894766.096,0.5577,0.2579,0.2998,0.0000,0.0113,0.1063,0.0000,1.0000,1.0000,255,0.0000
1773894766.297,0.5497,0.2555,0.2942,0.0000,0.0079,0.1002,0.0000,1.0000,1.0000,255,0.0000
1773894766.497,0.5527,0.2570,0.2957,0.0000,0.0101,0.0997,0.0000,1.0000,1.0000,255,0.0000
1773894766.697,0.5572,0.2596,0.2976,0.0000,0.0138,0.1009,0.0000,1.0000,1.0000,255,0.0000
1773894766.897,0.5616,0.2613,0.3003,0.0000,0.0161,0.1027,0.0000,1.0000,1.0000,255,0.0000
1773894767.098,0.5678,0.2645,0.3033,0.0000,0.0207,0.1059,0.0000,1.0000,1.0000,255,0.0000
1773894767.298,0.5739,0.2665,0.3074,0.0000,0.0236,0.1094,0.0000,1.0000,1.0000,255,0.0000
1773894767.498,0.5731,0.2616,0.3115,0.0000,0.0165,0.1096,0.0000,1.0000,1.0000,255,0.0000
1773894767.699,0.5723,0.2581,0.3142,0.0000,0.0116,0.1083,0.0000,1.0000,1.0000,255,0.0000
1773894767.899,0.5810,0.2647,0.3162,0.0000,0.0210,0.1109,0.0000,1.0000,1.0000,255,0.0000
1773894768.099,0.5883,0.2680,0.3203,0.0000,0.0257,0.1148,0.0000,1.0000,1.0000,255,0.0000
1773894768.300,0.5925,0.2670,0.3255,0.0000,0.0243,0.1173,0.0000,1.0000,1.0000,255,0.0000
1773894768.500,0.5942,0.2637,0.3305,0.0000,0.0195,0.1178,0.0000,1.0000,1.0000,255,0.0000
1773894768.700,0.5899,0.2596,0.3303,0.0000,0.0137,0.1160,0.0000,1.0000,1.0000,255,0.0000
1773894768.901,0.5862,0.2567,0.3295,0.0000,0.0096,0.1133,0.0000,1.0000,1.0000,255,0.0000
1773894769.101,0.5831,0.2547,0.3284,0.0000,0.0067,0.1105,0.0000,1.0000,1.0000,255,0.0000
1773894769.301,0.5805,0.2533,0.3272,0.0000,0.0047,0.1078,0.0000,1.0000,1.0000,255,0.0000
1773894769.501,0.5787,0.2523,0.3264,0.0000,0.0033,0.1055,0.0000,1.0000,1.0000,255,0.0000
1773894769.702,0.5767,0.2516,0.3251,0.0000,0.0023,0.1035,0.0000,1.0000,1.0000,255,0.0000
1773894769.902,0.5582,0.2511,0.3071,0.0000,0.0016,0.1001,0.0000,1.0000,1.0000,255,0.0000
1773894770.102,0.5418,0.2508,0.2910,0.0000,0.0011,0.0931,0.0000,0.9991,0.9991,254,0.0000
1773894770.303,0.5278,0.2506,0.2773,0.0000,0.0008,0.0899,0.0000,0.9912,0.9912,253,0.0000
1773894770.503,0.5148,0.2504,0.2644,0.0000,0.0006,0.0839,0.0000,0.9705,0.9705,250,0.0000
1773894770.703,0.5038,0.2503,0.2535,0.0000,0.0004,0.0813,0.0000,0.9458,0.9458,246,0.0000
1773894770.903,0.4944,0.2502,0.2442,0.0000,0.0003,0.0786,0.0000,0.9176,0.9176,241,0.0000
1773894771.104,0.4870,0.2501,0.2369,0.0000,0.0002,0.0760,0.0000,0.8869,0.8869,236,0.0000
1773894771.304,0.4813,0.2501,0.2312,0.0000,0.0001,0.0737,0.0000,0.8547,0.8547,231,0.0000
1773894771.504,0.4757,0.2501,0.2257,0.0000,0.0001,0.0716,0.0000,0.8219,0.8219,226,0.0000
1773894771.705,0.4712,0.2500,0.2211,0.0000,0.0001,0.0698,0.0000,0.7892,0.7892,221,0.0000
1773894771.905,0.4673,0.2500,0.2173,0.0000,0.0000,0.0682,0.0000,0.7570,0.7570,216,0.0000
1773894772.105,0.4645,0.2500,0.2145,0.0000,0.0000,0.0669,0.0000,0.7261,0.7261,211,0.0000
1773894772.305,0.4622,0.2500,0.2122,0.0000,0.0000,0.0657,0.0000,0.6968,0.6968,206,0.0000
1773894772.506,0.4602,0.2500,0.2102,0.0000,0.0000,0.0648,0.0000,0.6694,0.6694,202,0.0000
1773894772.706,0.4578,0.2500,0.2078,0.0000,0.0000,0.0640,0.0000,0.6438,0.6438,198,0.0000
1773894772.906,0.4553,0.2500,0.2053,0.0000,0.0000,0.0631,0.0000,0.6199,0.6199,194,0.0000
1773894773.106,0.4538,0.2500,0.2038,0.0000,0.0000,0.0624,0.0000,0.5978,0.5978,190,0.0000
1773894773.307,0.4526,0.2500,0.2026,0.0000,0.0000,0.0619,0.0000,0.5774,0.5774,187,0.0000
1773894773.507,0.4515,0.2500,0.2015,0.0000,0.0000,0.0614,0.0000,0.5588,0.5588,184,0.0000
1773894773.707,0.4499,0.2500,0.1999,0.0000,0.0000,0.0609,0.0000,0.5417,0.5417,181,0.0000
1773894773.908,0.4474,0.2500,0.1974,0.0000,0.0000,0.0603,0.0000,0.5257,0.5257,179,0.0000
1773894774.108,0.4453,0.2500,0.1953,0.0000,0.0000,0.0597,0.0000,0.5107,0.5107,176,0.0000
1773894774.308,0.4435,0.2500,0.1935,0.0000,0.0000,0.0591,0.0000,0.4964,0.4964,174,0.0000
1773894774.509,0.4425,0.2500,0.1925,0.0000,0.0000,0.0587,0.0000,0.4830,0.4830,172,0.0000
1773894774.709,0.4430,0.2504,0.1925,0.0000,0.0006,0.0586,0.0000,0.4713,0.4713,170,0.0000
1773894774.909,0.4432,0.2506,0.1926,0.0000,0.0008,0.0586,0.0000,0.4613,0.4613,168,0.0000
1773894775.110,0.4441,0.2513,0.1928,0.0000,0.0018,0.0590,0.0000,0.4536,0.4536,167,0.0000
1773894775.310,0.4448,0.2517,0.1931,0.0000,0.0024,0.0594,0.0000,0.4481,0.4481,166,0.0000
1773894775.510,0.4454,0.2518,0.1936,0.0000,0.0026,0.0599,0.0000,0.4445,0.4445,166,0.0000
1773894775.710,0.4459,0.2518,0.1941,0.0000,0.0026,0.0602,0.0000,0.4424,0.4424,165,0.0000
1773894775.911,0.4535,0.2593,0.1943,0.0000,0.0132,0.0642,0.0000,0.4495,0.4495,166,0.0000
1773894776.111,0.4600,0.2633,0.1967,0.0000,0.0190,0.0690,0.0000,0.4671,0.4671,169,0.0000
1773894776.311,0.4655,0.2651,0.2004,0.0000,0.0216,0.0735,0.0000,0.4931,0.4931,173,0.0000
1773894776.512,0.4637,0.2606,0.2031,0.0000,0.0151,0.0744,0.0000,0.5186,0.5186,177,0.0000
1773894776.712,0.4620,0.2574,0.2046,0.0000,0.0106,0.0735,0.0000,0.5394,0.5394,181,0.0000
1773894776.912,0.4607,0.2552,0.2055,0.0000,0.0074,0.0720,0.0000,0.5538,0.5538,183,0.0000
1773894777.112,0.4661,0.2593,0.2068,0.0000,0.0134,0.0732,0.0000,0.5686,0.5686,185,0.0000
1773894777.313,0.4708,0.2614,0.2094,0.0000,0.0163,0.0752,0.0000,0.5860,0.5860,188,0.0000
1773894777.513,0.4752,0.2626,0.2126,0.0000,0.0180,0.0775,0.0000,0.6062,0.6062,191,0.0000
1773894777.713,0.4894,0.2737,0.2156,0.0000,0.0339,0.0849,0.0000,0.6403,0.6403,197,0.0000
1773894777.914,0.5093,0.2875,0.2218,0.0000,0.0536,0.0972,0.0000,0.6903,0.6903,205,0.0000
1773894778.114,0.5262,0.2940,0.2322,0.0000,0.0629,0.1096,0.0000,0.7403,0.7403,213,0.0000
1773894778.314,0.5353,0.2904,0.2449,0.0000,0.0577,0.1172,0.0000,0.7903,0.7903,221,0.0000
1773894778.515,0.5399,0.2830,0.2568,0.0000,0.0472,0.1196,0.0000,0.8403,0.8403,229,0.0000
1773894778.715,0.5437,0.2772,0.2665,0.0000,0.0388,0.1193,0.0000,0.8903,0.8903,237,0.0000
1773894778.915,0.5470,0.2725,0.2745,0.0000,0.0321,0.1176,0.0000,0.9403,0.9403,245,0.0000
1773894779.116,0.5537,0.2728,0.2809,0.0000,0.0326,0.1173,0.0000,0.9903,0.9903,253,0.0000
1773894779.316,0.5398,0.2660,0.2738,0.0000,0.0228,0.1099,0.0000,1.0000,1.0000,255,0.0000
1773894779.516,0.5436,0.2652,0.2784,0.0000,0.0217,0.1083,0.0000,1.0000,1.0000,255,0.0000
1773894779.716,0.5526,0.2700,0.2825,0.0000,0.0286,0.1101,0.0000,1.0000,1.0000,255,0.0000
1773894779.916,0.5622,0.2742,0.2880,0.0000,0.0345,0.1139,0.0000,1.0000,1.0000,255,0.0000
1773894780.117,0.5691,0.2742,0.2949,0.0000,0.0345,0.1171,0.0000,1.0000,1.0000,255,0.0000
1773894780.317,0.5785,0.2768,0.3017,0.0000,0.0382,0.1212,0.0000,1.0000,1.0000,255,0.0000
1773894780.517,0.5822,0.2726,0.3096,0.0000,0.0323,0.1226,0.0000,1.0000,1.0000,255,0.0000
1773894780.718,0.5838,0.2675,0.3163,0.0000,0.0249,0.1216,0.0000,1.0000,1.0000,255,0.0000
1773894780.918,0.5851,0.2636,0.3215,0.0000,0.0194,0.1196,0.0000,1.0000,1.0000,255,0.0000
1773894781.118,0.5880,0.2626,0.3254,0.0000,0.0180,0.1182,0.0000,1.0000,1.0000,255,0.0000
1773894781.318,0.5884,0.2592,0.3292,0.0000,0.0131,0.1160,0.0000,1.0000,1.0000,255,0.0000
1773894781.519,0.5906,0.2588,0.3318,0.0000,0.0126,0.1146,0.0000,1.0000,1.0000,255,0.0000
1773894781.719,0.5919,0.2575,0.3344,0.0000,0.0107,0.1134,0.0000,1.0000,1.0000,255,0.0000
1773894781.919,0.5930,0.2564,0.3366,0.0000,0.0091,0.1122,0.0000,1.0000,1.0000,255,0.0000
1773894782.119,0.5952,0.2568,0.3384,0.0000,0.0097,0.1119,0.0000,1.0000,1.0000,255,0.0000
1773894782.320,0.5969,0.2565,0.3403,0.0000,0.0093,0.1117,0.0000,1.0000,1.0000,255,0.0000
1773894782.520,0.5994,0.2572,0.3422,0.0000,0.0103,0.1121,0.0000,1.0000,1.0000,255,0.0000
1773894782.720,0.6011,0.2569,0.3442,0.0000,0.0098,0.1125,0.0000,1.0000,1.0000,255,0.0000
1773894782.920,0.6026,0.2564,0.3462,0.0000,0.0091,0.1126,0.0000,1.0000,1.0000,255,0.0000
1773894783.121,0.6036,0.2555,0.3481,0.0000,0.0078,0.1125,0.0000,1.0000,1.0000,255,0.0000
1773894783.321,0.6042,0.2545,0.3497,0.0000,0.0064,0.1121,0.0000,1.0000,1.0000,255,0.0000
1773894783.521,0.6067,0.2558,0.3509,0.0000,0.0083,0.1126,0.0000,1.0000,1.0000,255,0.0000
1773894783.721,0.6089,0.2564,0.3525,0.0000,0.0091,0.1134,0.0000,1.0000,1.0000,255,0.0000
1773894783.922,0.6074,0.2545,0.3530,0.0000,0.0064,0.1130,0.0000,1.0000,1.0000,255,0.0000
1773894784.122,0.6062,0.2531,0.3530,0.0000,0.0045,0.1121,0.0000,1.0000,1.0000,255,0.0000
1773894784.322,0.6051,0.2522,0.3529,0.0000,0.0031,0.1110,0.0000,1.0000,1.0000,255,0.0000
1773894784.522,0.5948,0.2515,0.3432,0.0000,0.0022,0.1090,0.0000,1.0000,1.0000,255,0.0000
1773894784.723,0.5702,0.2511,0.3191,0.0000,0.0015,0.1019,0.0000,1.0000,1.0000,255,0.0000
1773894784.923,0.5508,0.2507,0.3001,0.0000,0.0011,0.0954,0.0000,1.0000,1.0000,255,0.0000
1773894785.123,0.5356,0.2505,0.2851,0.0000,0.0007,0.0922,0.0000,0.9972,0.9972,254,0.0000
1773894785.323,0.5339,0.2504,0.2836,0.0000,0.0005,0.0899,0.0000,0.9894,0.9894,253,0.0000
1773894785.524,0.5325,0.2503,0.2822,0.0000,0.0004,0.0882,0.0000,0.9785,0.9785,251,0.0000
1773894785.724,0.5277,0.2502,0.2775,0.0000,0.0003,0.0866,0.0000,0.9650,0.9650,249,0.0000
1773894785.924,0.5216,0.2501,0.2715,0.0000,0.0002,0.0848,0.0000,0.9491,0.9491,246,0.0000
1773894786.124,0.5165,0.2501,0.2664,0.0000,0.0001,0.0832,0.0000,0.9313,0.9313,244,0.0000
1773894786.325,0.5143,0.2501,0.2642,0.0000,0.0001,0.0818,0.0000,0.9127,0.9127,241,0.0000
1773894786.525,0.5125,0.2500,0.2624,0.0000,0.0001,0.0808,0.0000,0.8939,0.8939,238,0.0000
1773894786.725,0.5204,0.2584,0.2620,0.0000,0.0119,0.0842,0.0000,0.8851,0.8851,236,0.0000
1773894786.925,0.5272,0.2630,0.2642,0.0000,0.0185,0.0889,0.0000,0.8886,0.8886,237,0.0000
1773894787.125,0.5373,0.2697,0.2676,0.0000,0.0282,0.0958,0.0000,0.9077,0.9077,240,0.0000
1773894787.326,0.5460,0.2730,0.2731,0.0000,0.0328,0.1024,0.0000,0.9404,0.9404,245,0.0000
1773894787.526,0.5546,0.2751,0.2795,0.0000,0.0359,0.1085,0.0000,0.9837,0.9837,252,0.0000
1773894787.726,0.5608,0.2740,0.2867,0.0000,0.0343,0.1126,0.0000,1.0000,1.0000,255,0.0000
1773894787.927,0.5653,0.2716,0.2937,0.0000,0.0309,0.1148,0.0000,1.0000,1.0000,255,0.0000
1773894788.127,0.5673,0.2672,0.3001,0.0000,0.0245,0.1147,0.0000,1.0000,1.0000,255,0.0000
1773894788.327,0.5689,0.2637,0.3052,0.0000,0.0196,0.1135,0.0000,1.0000,1.0000,255,0.0000
1773894788.528,0.5702,0.2609,0.3092,0.0000,0.0156,0.1117,0.0000,1.0000,1.0000,255,0.0000
1773894788.728,0.5732,0.2608,0.3124,0.0000,0.0155,0.1108,0.0000,1.0000,1.0000,255,0.0000
1773894788.928,0.5721,0.2576,0.3145,0.0000,0.0108,0.1089,0.0000,1.0000,1.0000,255,0.0000
1773894789.129,0.5743,0.2576,0.3167,0.0000,0.0109,0.1078,0.0000,1.0000,1.0000,255,0.0000
1773894789.329,0.5762,0.2573,0.3189,0.0000,0.0104,0.1072,0.0000,1.0000,1.0000,255,0.0000
1773894789.529,0.5824,0.2617,0.3207,0.0000,0.0167,0.1092,0.0000,1.0000,1.0000,255,0.0000
1773894789.729,0.5884,0.2645,0.3239,0.0000,0.0207,0.1123,0.0000,1.0000,1.0000,255,0.0000
1773894789.930,0.5947,0.2667,0.3280,0.0000,0.0238,0.1157,0.0000,1.0000,1.0000,255,0.0000
1773894790.130,0.5988,0.2660,0.3328,0.0000,0.0229,0.1182,0.0000,1.0000,1.0000,255,0.0000
1773894790.330,0.6023,0.2649,0.3374,0.0000,0.0213,0.1197,0.0000,1.0000,1.0000,255,0.0000
1773894790.530,0.6045,0.2628,0.3418,0.0000,0.0182,0.1201,0.0000,1.0000,1.0000,255,0.0000
1773894790.731,0.6064,0.2609,0.3455,0.0000,0.0156,0.1198,0.0000,1.0000,1.0000,255,0.0000
1773894790.931,0.6080,0.2593,0.3487,0.0000,0.0134,0.1191,0.0000,1.0000,1.0000,255,0.0000
1773894791.131,0.6060,0.2565,0.3495,0.0000,0.0093,0.1174,0.0000,1.0000,1.0000,255,0.0000
1773894791.331,0.6085,0.2571,0.3513,0.0000,0.0102,0.1168,0.0000,1.0000,1.0000,255,0.0000
1773894791.532,0.6105,0.2571,0.3534,0.0000,0.0102,0.1166,0.0000,1.0000,1.0000,255,0.0000
1773894791.732,0.6123,0.2568,0.3554,0.0000,0.0098,0.1165,0.0000,1.0000,1.0000,255,0.0000
1773894791.932,0.6144,0.2570,0.3574,0.0000,0.0100,0.1168,0.0000,1.0000,1.0000,255,0.0000
1773894792.132,0.6121,0.2549,0.3572,0.0000,0.0070,0.1159,0.0000,1.0000,1.0000,255,0.0000
1773894792.333,0.6099,0.2534,0.3564,0.0000,0.0049,0.1144,0.0000,1.0000,1.0000,255,0.0000
1773894792.533,0.6077,0.2524,0.3553,0.0000,0.0034,0.1129,0.0000,1.0000,1.0000,255,0.0000
1773894792.733,0.6061,0.2517,0.3545,0.0000,0.0024,0.1114,0.0000,1.0000,1.0000,255,0.0000
1773894792.933,0.6020,0.2512,0.3508,0.0000,0.0017,0.1099,0.0000,1.0000,1.0000,255,0.0000
1773894793.134,0.5965,0.2508,0.3457,0.0000,0.0012,0.1081,0.0000,1.0000,1.0000,255,0.0000
1773894793.334,0.5919,0.2506,0.3413,0.0000,0.0008,0.1064,0.0000,1.0000,1.0000,255,0.0000
1773894793.534,0.5879,0.2504,0.3375,0.0000,0.0006,0.1048,0.0000,1.0000,1.0000,255,0.0000
1773894793.734,0.5849,0.2503,0.3347,0.0000,0.0004,0.1034,0.0000,1.0000,1.0000,255,0.0000
1773894793.935,0.5720,0.2502,0.3218,0.0000,0.0003,0.1011,0.0000,1.0000,1.0000,255,0.0000
1773894794.135,0.5610,0.2501,0.3108,0.0000,0.0002,0.0984,0.0000,1.0000,1.0000,255,0.0000
1773894794.335,0.5516,0.2501,0.3015,0.0000,0.0001,0.0957,0.0000,1.0000,1.0000,255,0.0000
1773894794.535,0.5574,0.2562,0.3013,0.0000,0.0088,0.0969,0.0000,1.0000,1.0000,255,0.0000
1773894794.736,0.5623,0.2595,0.3029,0.0000,0.0135,0.0995,0.0000,1.0000,1.0000,255,0.0000
1773894794.936,0.5671,0.2616,0.3055,0.0000,0.0166,0.1026,0.0000,1.0000,1.0000,255,0.0000
1773894795.136,0.5748,0.2663,0.3086,0.0000,0.0232,0.1072,0.0000,1.0000,1.0000,255,0.0000
1773894795.336,0.5837,0.2707,0.3130,0.0000,0.0296,0.1129,0.0000,1.0000,1.0000,255,0.0000
1773894795.536,0.5887,0.2698,0.3190,0.0000,0.0282,0.1168,0.0000,1.0000,1.0000,255,0.0000
1773894795.737,0.5856,0.2638,0.3218,0.0000,0.0198,0.1166,0.0000,1.0000,1.0000,255,0.0000
1773894795.937,0.5726,0.2597,0.3129,0.0000,0.0138,0.1135,0.0000,1.0000,1.0000,255,0.0000
1773894796.137,0.5571,0.2568,0.3003,0.0000,0.0097,0.1053,0.0000,1.0000,1.0000,255,0.0000
1773894796.337,0.5434,0.2547,0.2887,0.0000,0.0068,0.0981,0.0000,1.0000,1.0000,255,0.0000
1773894796.538,0.5317,0.2533,0.2784,0.0000,0.0047,0.0947,0.0000,1.0000,1.0000,255,0.0000
1773894796.738,0.5217,0.2523,0.2694,0.0000,0.0033,0.0883,0.0000,0.9886,0.9886,253,0.0000
1773894796.938,0.5377,0.2684,0.2693,0.0000,0.0263,0.0949,0.0000,0.9925,0.9925,253,0.0000
1773894797.139,0.5524,0.2784,0.2741,0.0000,0.0405,0.1046,0.0000,1.0000,1.0000,255,0.0000
1773894797.339,0.5656,0.2837,0.2819,0.0000,0.0481,0.1145,0.0000,1.0000,1.0000,255,0.0000
1773894797.539,0.5762,0.2847,0.2915,0.0000,0.0495,0.1223,0.0000,1.0000,1.0000,255,0.0000
1773894797.739,0.5842,0.2827,0.3015,0.0000,0.0468,0.1275,0.0000,1.0000,1.0000,255,0.0000
1773894797.940,0.5880,0.2769,0.3111,0.0000,0.0384,0.1290,0.0000,1.0000,1.0000,255,0.0000
1773894798.140,0.5905,0.2715,0.3190,0.0000,0.0307,0.1281,0.0000,1.0000,1.0000,255,0.0000
1773894798.340,0.5927,0.2673,0.3254,0.0000,0.0247,0.1261,0.0000,1.0000,1.0000,255,0.0000
1773894798.541,0.5940,0.2635,0.3305,0.0000,0.0192,0.1234,0.0000,1.0000,1.0000,255,0.0000
1773894798.741,0.5950,0.2605,0.3345,0.0000,0.0150,0.1206,0.0000,1.0000,1.0000,255,0.0000
1773894798.941,0.5958,0.2582,0.3376,0.0000,0.0118,0.1179,0.0000,1.0000,1.0000,255,0.0000
1773894799.141,0.5959,0.2559,0.3401,0.0000,0.0084,0.1153,0.0000,1.0000,1.0000,255,0.0000
1773894799.342,0.5960,0.2542,0.3418,0.0000,0.0060,0.1129,0.0000,1.0000,1.0000,255,0.0000
1773894799.542,0.5961,0.2530,0.3431,0.0000,0.0043,0.1109,0.0000,1.0000,1.0000,255,0.0000
1773894799.742,0.5969,0.2530,0.3439,0.0000,0.0042,0.1097,0.0000,1.0000,1.0000,255,0.0000
1773894799.943,0.6021,0.2576,0.3445,0.0000,0.0108,0.1113,0.0000,1.0000,1.0000,255,0.0000
1773894800.143,0.6032,0.2564,0.3468,0.0000,0.0092,0.1119,0.0000,1.0000,1.0000,255,0.0000
1773894800.343,0.6041,0.2555,0.3486,0.0000,0.0078,0.1121,0.0000,1.0000,1.0000,255,0.0000
1773894800.543,0.6042,0.2540,0.3503,0.0000,0.0057,0.1116,0.0000,1.0000,1.0000,255,0.0000
1773894800.744,0.6076,0.2563,0.3513,0.0000,0.0090,0.1126,0.0000,1.0000,1.0000,255,0.0000
1773894800.944,0.6118,0.2588,0.3530,0.0000,0.0126,0.1146,0.0000,1.0000,1.0000,255,0.0000
1773894801.144,0.6154,0.2599,0.3554,0.0000,0.0142,0.1168,0.0000,1.0000,1.0000,255,0.0000
1773894801.345,0.6158,0.2574,0.3584,0.0000,0.0105,0.1172,0.0000,1.0000,1.0000,255,0.0000
1773894801.545,0.6159,0.2553,0.3606,0.0000,0.0076,0.1167,0.0000,1.0000,1.0000,255,0.0000
1773894801.745,0.6156,0.2537,0.3618,0.0000,0.0053,0.1157,0.0000,1.0000,1.0000,255,0.0000
1773894801.946,0.6100,0.2526,0.3574,0.0000,0.0037,0.1141,0.0000,1.0000,1.0000,255,0.0000
1773894802.146,0.5930,0.2518,0.3412,0.0000,0.0026,0.1109,0.0000,1.0000,1.0000,255,0.0000
1773894802.346,0.5787,0.2513,0.3274,0.0000,0.0018,0.1044,0.0000,1.0000,1.0000,255,0.0000
1773894802.546,0.5666,0.2509,0.3157,0.0000,0.0013,0.1014,0.0000,1.0000,1.0000,255,0.0000
1773894802.747,0.5563,0.2506,0.3056,0.0000,0.0009,0.0983,0.0000,1.0000,1.0000,255,0.0000
1773894802.947,0.5575,0.2518,0.3058,0.0000,0.0025,0.0969,0.0000,1.0000,1.0000,255,0.0000
1773894803.147,0.5586,0.2524,0.3062,0.0000,0.0034,0.0963,0.0000,1.0000,1.0000,255,0.0000
1773894803.347,0.5495,0.2516,0.2978,0.0000,0.0024,0.0947,0.0000,1.0000,1.0000,255,0.0000
1773894803.548,0.5416,0.2512,0.2904,0.0000,0.0016,0.0926,0.0000,0.9981,0.9981,254,0.0000
1773894803.748,0.5349,0.2508,0.2841,0.0000,0.0012,0.0904,0.0000,0.9914,0.9914,253,0.0000
1773894803.948,0.5293,0.2506,0.2788,0.0000,0.0008,0.0883,0.0000,0.9806,0.9806,251,0.0000
1773894804.148,0.5250,0.2504,0.2746,0.0000,0.0006,0.0864,0.0000,0.9667,0.9667,249,0.0000
1773894804.349,0.5214,0.2503,0.2711,0.0000,0.0004,0.0848,0.0000,0.9505,0.9505,247,0.0000
1773894804.549,0.5182,0.2502,0.2680,0.0000,0.0003,0.0834,0.0000,0.9329,0.9329,244,0.0000
1773894804.749,0.5155,0.2501,0.2654,0.0000,0.0002,0.0821,0.0000,0.9147,0.9147,241,0.0000
1773894804.949,0.5129,0.2501,0.2628,0.0000,0.0001,0.0810,0.0000,0.8963,0.8963,238,0.0000
1773894805.150,0.5105,0.2501,0.2604,0.0000,0.0001,0.0800,0.0000,0.8780,0.8780,235,0.0000
1773894805.350,0.5007,0.2500,0.2507,0.0000,0.0001,0.0784,0.0000,0.8584,0.8584,232,0.0000
1773894805.550,0.4918,0.2500,0.2417,0.0000,0.0000,0.0763,0.0000,0.8367,0.8367,228,0.0000
1773894805.750,0.4847,0.2500,0.2347,0.0000,0.0000,0.0743,0.0000,0.8131,0.8131,225,0.0000
1773894805.951,0.4782,0.2500,0.2282,0.0000,0.0000,0.0722,0.0000,0.7879,0.7879,221,0.0000
1773894806.151,0.4732,0.2500,0.2232,0.0000,0.0000,0.0704,0.0000,0.7617,0.7617,216,0.0000
1773894806.351,0.4690,0.2500,0.2190,0.0000,0.0000,0.0688,0.0000,0.7351,0.7351,212,0.0000
1773894806.552,0.4655,0.2500,0.2155,0.0000,0.0000,0.0673,0.0000,0.7088,0.7088,208,0.0000
1773894806.752,0.4624,0.2500,0.2124,0.0000,0.0000,0.0661,0.0000,0.6830,0.6830,204,0.0000
1773894806.952,0.4599,0.2500,0.2099,0.0000,0.0000,0.0650,0.0000,0.6582,0.6582,200,0.0000
1773894807.152,0.4596,0.2500,0.2096,0.0000,0.0000,0.0642,0.0000,0.6351,0.6351,196,0.0000
1773894807.353,0.4599,0.2503,0.2095,0.0000,0.0005,0.0639,0.0000,0.6144,0.6144,193,0.0000
1773894807.553,0.4659,0.2566,0.2093,0.0000,0.0094,0.0668,0.0000,0.6031,0.6031,191,0.0000
1773894807.753,0.4711,0.2600,0.2111,0.0000,0.0143,0.0706,0.0000,0.6022,0.6022,191,0.0000
1773894807.953,0.4755,0.2616,0.2139,0.0000,0.0166,0.0742,0.0000,0.6103,0.6103,192,0.0000
1773894808.153,0.4703,0.2581,0.2122,0.0000,0.0116,0.0746,0.0000,0.6191,0.6191,194,0.0000
1773894808.354,0.4660,0.2557,0.2103,0.0000,0.0081,0.0734,0.0000,0.6246,0.6246,194,0.0000
1773894808.554,0.4623,0.2540,0.2083,0.0000,0.0057,0.0716,0.0000,0.6254,0.6254,195,0.0000
1773894808.754,0.4591,0.2528,0.2063,0.0000,0.0040,0.0696,0.0000,0.6213,0.6213,194,0.0000
1773894808.955,0.4649,0.2580,0.2069,0.0000,0.0115,0.0710,0.0000,0.6205,0.6205,194,0.0000
1773894809.155,0.4706,0.2616,0.2090,0.0000,0.0166,0.0739,0.0000,0.6263,0.6263,195,0.0000
1773894809.355,0.4753,0.2631,0.2122,0.0000,0.0187,0.0769,0.0000,0.6383,0.6383,197,0.0000
1773894809.556,0.4709,0.2592,0.2117,0.0000,0.0131,0.0768,0.0000,0.6491,0.6491,198,0.0000
1773894809.756,0.4749,0.2606,0.2142,0.0000,0.0152,0.0777,0.0000,0.6607,0.6607,200,0.0000
1773894809.956,0.4783,0.2610,0.2173,0.0000,0.0157,0.0788,0.0000,0.6734,0.6734,202,0.0000
1773894810.156,0.4812,0.2608,0.2204,0.0000,0.0154,0.0798,0.0000,0.6867,0.6867,204,0.0000
1773894810.357,0.4836,0.2601,0.2235,0.0000,0.0145,0.0804,0.0000,0.6997,0.6997,206,0.0000
1773894810.557,0.4791,0.2571,0.2220,0.0000,0.0101,0.0791,0.0000,0.7082,0.7082,208,0.0000
1773894810.757,0.4752,0.2550,0.2202,0.0000,0.0071,0.0770,0.0000,0.7107,0.7107,208,0.0000
1773894810.958,0.4719,0.2535,0.2184,0.0000,0.0050,0.0747,0.0000,0.7073,0.7073,208,0.0000
1773894811.158,0.4679,0.2524,0.2155,0.0000,0.0035,0.0724,0.0000,0.6987,0.6987,206,0.0000
1773894811.358,0.4638,0.2517,0.2121,0.0000,0.0024,0.0702,0.0000,0.6857,0.6857,204,0.0000
1773894811.558,0.4604,0.2512,0.2092,0.0000,0.0017,0.0682,0.0000,0.6695,0.6695,202,0.0000
1773894811.759,0.4575,0.2508,0.2067,0.0000,0.0012,0.0664,0.0000,0.6511,0.6511,199,0.0000
1773894811.959,0.4550,0.2506,0.2045,0.0000,0.0008,0.0649,0.0000,0.6314,0.6314,196,0.0000
1773894812.160,0.4536,0.2504,0.2032,0.0000,0.0006,0.0637,0.0000,0.6115,0.6115,192,0.0000
1773894812.360,0.4528,0.2503,0.2025,0.0000,0.0004,0.0628,0.0000,0.5920,0.5920,189,0.0000
1773894812.560,0.4517,0.2502,0.2015,0.0000,0.0003,0.0621,0.0000,0.5734,0.5734,186,0.0000
1773894812.760,0.4508,0.2501,0.2006,0.0000,0.0002,0.0615,0.0000,0.5559,0.5559,183,0.0000
1773894812.961,0.4500,0.2501,0.1999,0.0000,0.0001,0.0610,0.0000,0.5397,0.5397,181,0.0000
1773894813.161,0.4493,0.2501,0.1993,0.0000,0.0001,0.0606,0.0000,0.5248,0.5248,178,0.0000
1773894813.361,0.4493,0.2500,0.1992,0.0000,0.0001,0.0603,0.0000,0.5114,0.5114,176,0.0000
1773894813.562,0.4493,0.2501,0.1992,0.0000,0.0001,0.0602,0.0000,0.4996,0.4996,174,0.0000
1773894813.762,0.4492,0.2501,0.1991,0.0000,0.0001,0.0601,0.0000,0.4891,0.4891,173,0.0000
1773894813.962,0.4466,0.2500,0.1965,0.0000,0.0001,0.0597,0.0000,0.4794,0.4794,171,0.0000
1773894814.163,0.4469,0.2504,0.1965,0.0000,0.0005,0.0596,0.0000,0.4709,0.4709,170,0.0000
1773894814.363,0.4479,0.2513,0.1966,0.0000,0.0018,0.0600,0.0000,0.4645,0.4645,169,0.0000
1773894814.563,0.4487,0.2517,0.1969,0.0000,0.0025,0.0606,0.0000,0.4603,0.4603,168,0.0000
1773894814.764,0.4493,0.2519,0.1974,0.0000,0.0027,0.0611,0.0000,0.4580,0.4580,168,0.0000
1773894814.964,0.4494,0.2514,0.1980,0.0000,0.0020,0.0612,0.0000,0.4564,0.4564,168,0.0000
1773894815.164,0.4488,0.2510,0.1978,0.0000,0.0014,0.0610,0.0000,0.4548,0.4548,167,0.0000
1773894815.365,0.4483,0.2507,0.1976,0.0000,0.0010,0.0608,0.0000,0.4529,0.4529,167,0.0000
1773894815.565,0.4484,0.2506,0.1978,0.0000,0.0008,0.0605,0.0000,0.4508,0.4508,167,0.0000
1773894815.766,0.4485,0.2505,0.1980,0.0000,0.0007,0.0604,0.0000,0.4486,0.4486,166,0.0000
1773894815.966,0.4485,0.2504,0.1981,0.0000,0.0006,0.0603,0.0000,0.4464,0.4464,166,0.0000
1773894816.166,0.4486,0.2503,0.1983,0.0000,0.0005,0.0602,0.0000,0.4442,0.4442,166,0.0000
1773894816.366,0.4481,0.2502,0.1979,0.0000,0.0003,0.0600,0.0000,0.4420,0.4420,165,0.0000
1773894816.567,0.4477,0.2502,0.1975,0.0000,0.0002,0.0598,0.0000,0.4396,0.4396,165,0.0000
1773894816.767,0.4474,0.2501,0.1973,0.0000,0.0002,0.0597,0.0000,0.4372,0.4372,164,0.0000
1773894816.967,0.4471,0.2501,0.1970,0.0000,0.0001,0.0595,0.0000,0.4348,0.4348,164,0.0000
1773894817.168,0.4469,0.2501,0.1968,0.0000,0.0001,0.0594,0.0000,0.4324,0.4324,164,0.0000
1773894817.368,0.4466,0.2500,0.1966,0.0000,0.0001,0.0593,0.0000,0.4300,0.4300,163,0.0000
1773894817.568,0.4465,0.2500,0.1964,0.0000,0.0000,0.0592,0.0000,0.4277,0.4277,163,0.0000
1773894817.769,0.4462,0.2500,0.1961,0.0000,0.0000,0.0591,0.0000,0.4256,0.4256,163,0.0000
1773894817.969,0.4459,0.2500,0.1959,0.0000,0.0000,0.0590,0.0000,0.4235,0.4235,162,0.0000
1773894818.169,0.4452,0.2500,0.1952,0.0000,0.0000,0.0588,0.0000,0.4213,0.4213,162,0.0000
1773894818.369,0.4451,0.2500,0.1951,0.0000,0.0000,0.0587,0.0000,0.4193,0.4193,162,0.0000
1773894818.570,0.4444,0.2500,0.1944,0.0000,0.0000,0.0586,0.0000,0.4172,0.4172,161,0.0000
1773894818.770,0.4439,0.2500,0.1939,0.0000,0.0000,0.0584,0.0000,0.4150,0.4150,161,0.0000
1773894818.971,0.4428,0.2500,0.1928,0.0000,0.0000,0.0582,0.0000,0.4127,0.4127,161,0.0000
1773894819.171,0.4419,0.2500,0.1919,0.0000,0.0000,0.0580,0.0000,0.4101,0.4101,160,0.0000
1773894819.371,0.4279,0.2500,0.1779,0.0000,0.0000,0.0564,0.0000,0.4043,0.4043,159,0.0000
1773894819.571,0.4071,0.2500,0.1571,0.0000,0.0000,0.0532,0.0000,0.3918,0.3918,157,0.0000
1773894819.772,0.3793,0.2500,0.1293,0.0000,0.0000,0.0445,0.0000,0.3614,0.3614,152,0.0000
1773894819.972,0.3503,0.2500,0.1003,0.0000,0.0000,0.0359,0.0000,0.3144,0.3144,145,0.0000
1773894820.172,0.3238,0.2500,0.0738,0.0000,0.0000,0.0276,0.0000,0.2538,0.2538,137,0.0000
1773894820.373,0.3007,0.2500,0.0507,0.0000,0.0000,0.0202,0.0000,0.1830,0.1830,129,0.0000
1773894820.573,0.2807,0.2500,0.0307,0.0000,0.0000,0.0136,0.0000,0.1380,0.0000,121,0.0000
1773894820.774,0.2637,0.2500,0.0137,0.0000,0.0000,0.0103,0.0000,0.0930,0.0000,113,0.0000
1773894820.974,0.2493,0.2500,-0.0007,0.0000,0.0000,0.0000,0.0000,0.0480,0.0000,105,0.0187
1773894821.174,0.2370,0.2500,-0.0130,0.0000,0.0000,0.0000,0.0000,0.0030,0.0000,97,0.3259
1773894821.375,0.2265,0.2500,-0.0235,0.0000,0.0000,0.0000,0.0000,0.0000,0.0000,0,0.5870
1773894821.575,0.2176,0.2500,-0.0324,0.0000,0.0000,0.0000,0.0000,0.0000,0.0000,0,0.8089
1773894821.775,0.2101,0.2500,-0.0399,0.0000,0.0000,0.0000,0.0000,0.0000,0.0000,0,0.9976
1773894821.976,0.2037,0.2500,-0.0463,0.0000,0.0000,0.0000,0.0000,0.0000,0.0000,0,1.0000
1773894822.176,0.1986,0.2500,-0.0514,0.0000,0.0000,0.0000,0.0000,0.0000,0.0000,0,1.0000
1773894822.376,0.1943,0.2500,-0.0557,0.0000,0.0000,0.0000,0.0000,0.0000,0.0000,0,1.0000
1773894822.576,0.1898,0.2500,-0.0602,0.0000,0.0000,0.0000,0.0000,0.0000,0.0000,0,1.0000
1773894822.777,0.1854,0.2500,-0.0646,0.0000,0.0000,0.0000,0.0000,0.0000,0.0000,0,1.0000
1773894822.977,0.1811,0.2500,-0.0689,0.0000,0.0000,0.0000,0.0000,0.0000,0.0000,0,1.0000
1773894823.177,0.1775,0.2500,-0.0725,0.0000,0.0000,0.0000,0.0000,0.0000,0.0000,0,1.0000
1773894823.378,0.1774,0.2500,-0.0726,0.0000,0.0000,0.0000,0.0000,0.0000,0.0000,0,1.0000
1773894823.578,0.1796,0.2524,-0.0727,0.0000,0.0034,0.0000,0.0000,0.0000,0.0000,0,1.0000
1773894823.778,0.1864,0.2588,-0.0723,0.0000,0.0125,0.0000,0.0000,0.0000,0.0000,0,1.0000
1773894823.979,0.1949,0.2650,-0.0701,0.0000,0.0215,0.0000,0.0000,0.0000,0.0000,0,1.0000
1773894824.179,0.2056,0.2717,-0.0662,0.0000,0.0310,0.0000,0.0000,0.0000,0.0000,0,1.0000
1773894824.379,0.2172,0.2774,-0.0602,0.0000,0.0392,0.0000,0.0000,0.0000,0.0000,0,1.0000
1773894824.580,0.2311,0.2838,-0.0527,0.0000,0.0483,0.0000,0.0000,0.0000,0.0000,0,1.0000
1773894824.780,0.2434,0.2866,-0.0432,0.0000,0.0523,0.0000,0.0000,0.0000,0.0000,0,1.0000
1773894824.980,0.2570,0.2898,-0.0329,0.0000,0.0569,0.0240,0.0000,0.0500,0.0500,95,0.8219
1773894825.180,0.2721,0.2938,-0.0217,0.0000,0.0625,0.0423,0.0000,0.0978,0.0978,103,0.5420
1773894825.381,0.2866,0.2959,-0.0093,0.0000,0.0656,0.0575,0.0000,0.1478,0.1478,111,0.2318
1773894825.581,0.2996,0.2958,0.0039,0.0000,0.0654,0.0607,0.0000,0.1977,0.1977,119,0.0000
1773894825.782,0.3125,0.2955,0.0169,0.0000,0.0651,0.0640,0.0000,0.2449,0.2449,127,0.0000
1773894825.982,0.3240,0.2940,0.0300,0.0000,0.0629,0.0667,0.0000,0.2903,0.2903,135,0.0000
1773894826.182,0.3335,0.2907,0.0428,0.0000,0.0582,0.0682,0.0000,0.3322,0.3322,143,0.0000
1773894826.382,0.3415,0.2869,0.0546,0.0000,0.0528,0.0685,0.0000,0.3687,0.3687,151,0.0000
1773894826.583,0.3475,0.2821,0.0654,0.0000,0.0459,0.0675,0.0000,0.3975,0.3975,158,0.0000
1773894826.783,0.3517,0.2769,0.0748,0.0000,0.0385,0.0652,0.0000,0.4168,0.4168,161,0.0000
1773894826.983,0.3553,0.2727,0.0827,0.0000,0.0324,0.0624,0.0000,0.4264,0.4264,163,0.0000
1773894827.184,0.3598,0.2706,0.0893,0.0000,0.0294,0.0602,0.0000,0.4290,0.4290,163,0.0000
1773894827.384,0.3644,0.2692,0.0952,0.0000,0.0275,0.0588,0.0000,0.4272,0.4272,163,0.0000
1773894827.584,0.3676,0.2668,0.1008,0.0000,0.0239,0.0571,0.0000,0.4214,0.4214,162,0.0000
1773894827.784,0.3705,0.2648,0.1057,0.0000,0.0211,0.0556,0.0000,0.4125,0.4125,161,0.0000
1773894827.985,0.3727,0.2627,0.1100,0.0000,0.0181,0.0540,0.0000,0.4008,0.4008,159,0.0000
1773894828.185,0.3748,0.2611,0.1137,0.0000,0.0159,0.0526,0.0000,0.3872,0.3872,156,0.0000
1773894828.385,0.3778,0.2609,0.1169,0.0000,0.0156,0.0519,0.0000,0.3735,0.3735,154,0.0000
1773894828.586,0.3818,0.2618,0.1200,0.0000,0.0168,0.0523,0.0000,0.3621,0.3621,152,0.0000
1773894828.786,0.3854,0.2621,0.1233,0.0000,0.0172,0.0529,0.0000,0.3539,0.3539,151,0.0000
1773894828.986,0.3892,0.2625,0.1267,0.0000,0.0178,0.0540,0.0000,0.3492,0.3492,150,0.0000
1773894829.186,0.3934,0.2631,0.1303,0.0000,0.0187,0.0553,0.0000,0.3484,0.3484,150,0.0000
1773894829.387,0.3971,0.2630,0.1340,0.0000,0.0186,0.0566,0.0000,0.3509,0.3509,151,0.0000
1773894829.587,0.4002,0.2624,0.1378,0.0000,0.0177,0.0574,0.0000,0.3553,0.3553,151,0.0000
1773894829.787,0.4035,0.2622,0.1414,0.0000,0.0174,0.0583,0.0000,0.3613,0.3613,152,0.0000
1773894829.988,0.4095,0.2648,0.1447,0.0000,0.0212,0.0605,0.0000,0.3716,0.3716,154,0.0000
1773894830.188,0.4154,0.2666,0.1489,0.0000,0.0237,0.0632,0.0000,0.3871,0.3871,156,0.0000
1773894830.388,0.4211,0.2675,0.1535,0.0000,0.0251,0.0660,0.0000,0.4071,0.4071,160,0.0000
1773894830.588,0.4259,0.2673,0.1586,0.0000,0.0247,0.0682,0.0000,0.4299,0.4299,163,0.0000
1773894830.789,0.4300,0.2664,0.1636,0.0000,0.0234,0.0697,0.0000,0.4535,0.4535,167,0.0000
1773894830.989,0.4316,0.2632,0.1684,0.0000,0.0189,0.0696,0.0000,0.4739,0.4739,170,0.0000
1773894831.189,0.4325,0.2602,0.1723,0.0000,0.0146,0.0685,0.0000,0.4891,0.4891,173,0.0000
1773894831.390,0.4332,0.2578,0.1754,0.0000,0.0112,0.0668,0.0000,0.4983,0.4983,174,0.0000
1773894831.590,0.4337,0.2560,0.1777,0.0000,0.0086,0.0651,0.0000,0.5020,0.5020,175,0.0000
1773894831.790,0.4343,0.2548,0.1795,0.0000,0.0069,0.0636,0.0000,0.5013,0.5013,175,0.0000
1773894831.991,0.4353,0.2544,0.1809,0.0000,0.0064,0.0625,0.0000,0.4978,0.4978,174,0.0000
1773894832.191,0.4368,0.2547,0.1821,0.0000,0.0067,0.0621,0.0000,0.4935,0.4935,173,0.0000
1773894832.391,0.4381,0.2546,0.1835,0.0000,0.0066,0.0620,0.0000,0.4892,0.4892,173,0.0000
1773894832.592,0.4398,0.2551,0.1848,0.0000,0.0072,0.0622,0.0000,0.4859,0.4859,172,0.0000
1773894832.792,0.4413,0.2551,0.1862,0.0000,0.0073,0.0625,0.0000,0.4837,0.4837,172,0.0000
1773894832.992,0.4426,0.2549,0.1877,0.0000,0.0070,0.0628,0.0000,0.4825,0.4825,172,0.0000
1773894833.192,0.4436,0.2545,0.1891,0.0000,0.0065,0.0629,0.0000,0.4818,0.4818,172,0.0000
1773894833.393,0.4445,0.2541,0.1904,0.0000,0.0059,0.0630,0.0000,0.4814,0.4814,172,0.0000
1773894833.593,0.4458,0.2542,0.1916,0.0000,0.0060,0.0632,0.0000,0.4815,0.4815,172,0.0000
1773894833.793,0.4464,0.2536,0.1928,0.0000,0.0051,0.0631,0.0000,0.4814,0.4814,172,0.0000
1773894833.993,0.4456,0.2525,0.1931,0.0000,0.0036,0.0625,0.0000,0.4802,0.4802,171,0.0000
1773894834.194,0.4443,0.2517,0.1925,0.0000,0.0025,0.0617,0.0000,0.4772,0.4772,171,0.0000
1773894834.394,0.4431,0.2512,0.1919,0.0000,0.0017,0.0609,0.0000,0.4727,0.4727,170,0.0000
1773894834.594,0.4428,0.2509,0.1920,0.0000,0.0012,0.0602,0.0000,0.4670,0.4670,169,0.0000
1773894834.795,0.4431,0.2509,0.1922,0.0000,0.0012,0.0597,0.0000,0.4609,0.4609,168,0.0000
1773894834.995,0.4439,0.2515,0.1924,0.0000,0.0022,0.0598,0.0000,0.4557,0.4557,167,0.0000
1773894835.195,0.4460,0.2532,0.1928,0.0000,0.0045,0.0607,0.0000,0.4531,0.4531,167,0.0000
1773894835.395,0.4477,0.2540,0.1937,0.0000,0.0057,0.0618,0.0000,0.4536,0.4536,167,0.0000
1773894835.596,0.4467,0.2528,0.1939,0.0000,0.0040,0.0619,0.0000,0.4545,0.4545,167,0.0000
1773894835.796,0.4458,0.2520,0.1938,0.0000,0.0028,0.0616,0.0000,0.4546,0.4546,167,0.0000
1773894835.996,0.4535,0.2594,0.1940,0.0000,0.0135,0.0651,0.0000,0.4627,0.4627,169,0.0000
1773894836.196,0.4664,0.2702,0.1962,0.0000,0.0289,0.0730,0.0000,0.4877,0.4877,173,0.0000
1773894836.397,0.4713,0.2692,0.2020,0.0000,0.0274,0.0783,0.0000,0.5223,0.5223,178,0.0000
1773894836.597,0.4752,0.2676,0.2076,0.0000,0.0251,0.0815,0.0000,0.5606,0.5606,184,0.0000
1773894836.797,0.4646,0.2623,0.2023,0.0000,0.0176,0.0804,0.0000,0.5922,0.5922,189,0.0000
1773894836.998,0.4439,0.2586,0.1852,0.0000,0.0123,0.0729,0.0000,0.6029,0.6029,191,0.0000
1773894837.198,0.4257,0.2560,0.1696,0.0000,0.0086,0.0649,0.0000,0.5932,0.5932,189,0.0000
1773894837.398,0.4119,0.2542,0.1576,0.0000,0.0060,0.0579,0.0000,0.5676,0.5676,185,0.0000
1773894837.598,0.4141,0.2553,0.1588,0.0000,0.0075,0.0570,0.0000,0.5415,0.5415,181,0.0000
1773894837.799,0.4188,0.2586,0.1601,0.0000,0.0123,0.0581,0.0000,0.5206,0.5206,178,0.0000
1773894837.999,0.4228,0.2602,0.1625,0.0000,0.0146,0.0600,0.0000,0.5065,0.5065,176,0.0000
1773894838.199,0.4261,0.2607,0.1654,0.0000,0.0153,0.0617,0.0000,0.4984,0.4984,174,0.0000
1773894838.400,0.4172,0.2575,0.1597,0.0000,0.0107,0.0606,0.0000,0.4894,0.4894,173,0.0000
1773894838.600,0.3873,0.2553,0.1321,0.0000,0.0075,0.0525,0.0000,0.4639,0.4639,169,0.0000
1773894838.800,0.3575,0.2537,0.1038,0.0000,0.0053,0.0429,0.0000,0.4193,0.4193,162,0.0000
1773894839.000,0.3308,0.2526,0.0782,0.0000,0.0037,0.0334,0.0000,0.3580,0.3580,154,0.0000
1773894839.201,0.3066,0.2518,0.0548,0.0000,0.0026,0.0248,0.0000,0.2840,0.2840,146,0.0000
1773894839.401,0.2858,0.2513,0.0345,0.0000,0.0018,0.0172,0.0000,0.2390,0.0000,138,0.0000
1773894839.601,0.2680,0.2509,0.0171,0.0000,0.0013,0.0107,0.0000,0.1940,0.0000,130,0.0000
1773894839.801,0.2524,0.2506,0.0018,0.0000,0.0009,0.0075,0.0000,0.1490,0.0000,122,0.0000
1773894840.001,0.2386,0.2504,-0.0118,0.0000,0.0006,0.0005,0.0000,0.1040,0.0000,114,0.2947
1773894840.202,0.2269,0.2503,-0.0234,0.0000,0.0004,0.0003,0.0000,0.0590,0.0000,106,0.5852
1773894840.402,0.2164,0.2502,-0.0338,0.0000,0.0003,0.0001,0.0000,0.0140,0.0000,98,0.8449
1773894840.602,0.2071,0.2501,-0.0431,0.0000,0.0002,0.0001,0.0000,0.0000,0.0000,0,1.0000
1773894840.803,0.1996,0.2501,-0.0505,0.0000,0.0001,0.0001,0.0000,0.0000,0.0000,0,1.0000
1773894841.003,0.1933,0.2501,-0.0568,0.0000,0.0001,0.0000,0.0000,0.0000,0.0000,0,1.0000
1773894841.203,0.1905,0.2501,-0.0596,0.0000,0.0001,0.0000,0.0000,0.0000,0.0000,0,1.0000
1773894841.404,0.1973,0.2572,-0.0599,0.0000,0.0103,0.0000,0.0000,0.0000,0.0000,0,1.0000
1773894841.604,0.2145,0.2732,-0.0586,0.0000,0.0331,0.0000,0.0000,0.0000,0.0000,0,1.0000
1773894841.804,0.2418,0.2948,-0.0530,0.0000,0.0641,0.0000,0.0000,0.0000,0.0000,0,1.0000
1773894842.004,0.2729,0.3141,-0.0411,0.0000,0.0915,0.0000,0.0000,0.0000,0.0000,0,1.0000
1773894842.205,0.2995,0.3227,-0.0232,0.0000,0.1039,0.0672,0.0000,0.0500,0.0500,95,0.5811
1773894842.405,0.3220,0.3246,-0.0026,0.0000,0.1065,0.1031,0.0000,0.1000,0.1000,103,0.0640
1773894842.605,0.3412,0.3223,0.0189,0.0000,0.1033,0.1052,0.0000,0.1500,0.1500,111,0.0000
1773894842.806,0.3562,0.3164,0.0398,0.0000,0.0948,0.1057,0.0000,0.2000,0.2000,119,0.0000
1773894843.006,0.3683,0.3092,0.0591,0.0000,0.0845,0.1045,0.0000,0.2500,0.2500,127,0.0000
1773894843.206,0.3754,0.2989,0.0765,0.0000,0.0698,0.0974,0.0000,0.3000,0.3000,135,0.0000
1773894843.407,0.3672,0.2842,0.0830,0.0000,0.0489,0.0832,0.0000,0.3500,0.3500,143,0.0000
1773894843.607,0.3454,0.2739,0.0714,0.0000,0.0342,0.0667,0.0000,0.3807,0.3807,151,0.0000
1773894843.807,0.3220,0.2668,0.0552,0.0000,0.0239,0.0510,0.0000,0.3712,0.3712,154,0.0000
1773894844.008,0.2997,0.2617,0.0380,0.0000,0.0168,0.0373,0.0000,0.3297,0.3297,147,0.0000
1773894844.208,0.2804,0.2582,0.0222,0.0000,0.0117,0.0259,0.0000,0.2652,0.2652,139,0.0000
1773894844.408,0.2638,0.2557,0.0081,0.0000,0.0082,0.0168,0.0000,0.2202,0.0000,131,0.0000
1773894844.609,0.2498,0.2540,-0.0043,0.0000,0.0057,0.0054,0.0000,0.1752,0.0000,123,0.1065
1773894844.809,0.2378,0.2528,-0.0150,0.0000,0.0040,0.0032,0.0000,0.1302,0.0000,115,0.3751
1773894845.009,0.2278,0.2520,-0.0242,0.0000,0.0028,0.0018,0.0000,0.0852,0.0000,107,0.6054
1773894845.209,0.2192,0.2514,-0.0322,0.0000,0.0020,0.0009,0.0000,0.0402,0.0000,99,0.8043
1773894845.410,0.2143,0.2510,-0.0367,0.0000,0.0014,0.0004,0.0000,0.0000,0.0000,0,0.9177
1773894845.610,0.2134,0.2507,-0.0373,0.0000,0.0010,0.0003,0.0000,0.0000,0.0000,0,0.9319
1773894845.810,0.2284,0.2662,-0.0378,0.0000,0.0231,0.0054,0.0000,0.0000,0.0000,0,0.9456
1773894846.011,0.2585,0.2929,-0.0345,0.0000,0.0614,0.0228,0.0000,0.0500,0.0500,95,0.8617
1773894846.211,0.2846,0.3075,-0.0229,0.0000,0.0822,0.0537,0.0000,0.1000,0.1000,103,0.5723
1773894846.411,0.3069,0.3137,-0.0067,0.0000,0.0910,0.0830,0.0000,0.1500,0.1500,111,0.1687
1773894846.612,0.3264,0.3151,0.0114,0.0000,0.0929,0.0877,0.0000,0.2000,0.2000,119,0.0000
1773894846.812,0.3436,0.3136,0.0300,0.0000,0.0909,0.0919,0.0000,0.2500,0.2500,127,0.0000
1773894847.012,0.3583,0.3099,0.0484,0.0000,0.0855,0.0948,0.0000,0.3000,0.3000,135,0.0000
1773894847.213,0.3618,0.2956,0.0662,0.0000,0.0651,0.0913,0.0000,0.3500,0.3500,143,0.0000
1773894847.413,0.3456,0.2819,0.0637,0.0000,0.0456,0.0753,0.0000,0.3999,0.3999,151,0.0000
1773894847.613,0.3245,0.2723,0.0522,0.0000,0.0319,0.0587,0.0000,0.4062,0.4062,159,0.0000
1773894847.813,0.3027,0.2656,0.0371,0.0000,0.0223,0.0435,0.0000,0.3755,0.3755,155,0.0000
1773894848.014,0.2828,0.2609,0.0219,0.0000,0.0156,0.0307,0.0000,0.3169,0.3169,147,0.0000
1773894848.214,0.2655,0.2577,0.0078,0.0000,0.0109,0.0203,0.0000,0.2397,0.2397,139,0.0000
1773894848.414,0.2508,0.2554,-0.0046,0.0000,0.0077,0.0072,0.0000,0.1947,0.0000,131,0.1147
1773894848.615,0.2402,0.2538,-0.0136,0.0000,0.0054,0.0044,0.0000,0.1497,0.0000,123,0.3398
1773894848.815,0.2354,0.2526,-0.0172,0.0000,0.0038,0.0028,0.0000,0.1047,0.0000,115,0.4296
1773894849.015,0.2364,0.2529,-0.0164,0.0000,0.0041,0.0031,0.0000,0.0597,0.0000,107,0.4111
1773894849.215,0.2505,0.2668,-0.0163,0.0000,0.0241,0.0185,0.0000,0.0147,0.0000,99,0.4072
1773894849.416,0.2780,0.2906,-0.0126,0.0000,0.0580,0.0480,0.0000,0.0647,0.0647,105,0.3153
1773894849.616,0.3108,0.3129,-0.0021,0.0000,0.0899,0.0875,0.0000,0.1147,0.1147,113,0.0518
1773894849.816,0.3418,0.3266,0.0152,0.0000,0.1094,0.0968,0.0000,0.1647,0.1647,121,0.0000
1773894850.016,0.3652,0.3282,0.0371,0.0000,0.1117,0.1059,0.0000,0.2147,0.2147,129,0.0000
1773894850.216,0.3851,0.3256,0.0595,0.0000,0.1080,0.1129,0.0000,0.2647,0.2647,137,0.0000
1773894850.417,0.4019,0.3205,0.0814,0.0000,0.1007,0.1172,0.0000,0.3147,0.3147,145,0.0000
1773894850.617,0.4084,0.3062,0.1022,0.0000,0.0803,0.1150,0.0000,0.3647,0.3647,153,0.0000
1773894850.817,0.3991,0.2893,0.1098,0.0000,0.0562,0.0995,0.0000,0.4147,0.4147,161,0.0000
1773894851.017,0.3797,0.2775,0.1021,0.0000,0.0393,0.0818,0.0000,0.4647,0.4647,169,0.0000
1773894851.218,0.3570,0.2693,0.0877,0.0000,0.0275,0.0650,0.0000,0.4766,0.4766,171,0.0000
1773894851.418,0.3348,0.2635,0.0713,0.0000,0.0193,0.0504,0.0000,0.4522,0.4522,167,0.0000
1773894851.618,0.3159,0.2594,0.0564,0.0000,0.0135,0.0384,0.0000,0.4013,0.4013,159,0.0000
1773894851.818,0.2998,0.2566,0.0432,0.0000,0.0094,0.0288,0.0000,0.3327,0.3327,151,0.0000
1773894852.018,0.2866,0.2546,0.0320,0.0000,0.0066,0.0212,0.0000,0.2539,0.2539,143,0.0000
1773894852.219,0.2755,0.2532,0.0223,0.0000,0.0046,0.0178,0.0000,0.2089,0.0000,135,0.0000
1773894852.419,0.2661,0.2523,0.0138,0.0000,0.0032,0.0115,0.0000,0.1639,0.0000,127,0.0000
1773894852.619,0.2580,0.2516,0.0064,0.0000,0.0023,0.0090,0.0000,0.1189,0.0000,119,0.0000
1773894852.820,0.2511,0.2511,0.0000,0.0000,0.0016,0.0064,0.0000,0.0739,0.0000,111,0.0000
1773894853.020,0.2453,0.2508,-0.0055,0.0000,0.0011,0.0010,0.0000,0.0289,0.0000,103,0.1372
1773894853.220,0.2758,0.2826,-0.0068,0.0000,0.0466,0.0424,0.0000,0.0789,0.0789,107,0.1695
1773894853.421,0.3024,0.3007,0.0017,0.0000,0.0724,0.0531,0.0000,0.1289,0.1289,115,0.0000
1773894853.621,0.3251,0.3094,0.0157,0.0000,0.0848,0.0659,0.0000,0.1789,0.1789,123,0.0000
1773894853.821,0.3449,0.3123,0.0326,0.0000,0.0890,0.0774,0.0000,0.2289,0.2289,131,0.0000
1773894854.021,0.3617,0.3113,0.0504,0.0000,0.0876,0.0863,0.0000,0.2789,0.2789,139,0.0000
1773894854.222,0.3761,0.3080,0.0681,0.0000,0.0829,0.0922,0.0000,0.3289,0.3289,147,0.0000
1773894854.422,0.3944,0.3098,0.0846,0.0000,0.0854,0.0987,0.0000,0.3789,0.3789,155,0.0000
1773894854.622,0.4020,0.2999,0.1021,0.0000,0.0712,0.0998,0.0000,0.4289,0.4289,163,0.0000
1773894854.822,0.4084,0.2916,0.1168,0.0000,0.0594,0.0980,0.0000,0.4789,0.4789,171,0.0000
1773894855.023,0.4133,0.2843,0.1290,0.0000,0.0490,0.0918,0.0000,0.5289,0.5289,179,0.0000
1773894855.223,0.4175,0.2784,0.1391,0.0000,0.0406,0.0885,0.0000,0.5789,0.5789,187,0.0000
1773894855.423,0.4205,0.2731,0.1475,0.0000,0.0330,0.0817,0.0000,0.6129,0.6129,193,0.0000
1773894855.623,0.4230,0.2687,0.1543,0.0000,0.0267,0.0787,0.0000,0.6348,0.6348,196,0.0000
1773894855.824,0.4257,0.2659,0.1598,0.0000,0.0228,0.0759,0.0000,0.6465,0.6465,198,0.0000
1773894856.024,0.4285,0.2641,0.1644,0.0000,0.0202,0.0737,0.0000,0.6506,0.6506,199,0.0000
1773894856.224,0.4310,0.2624,0.1685,0.0000,0.0178,0.0718,0.0000,0.6491,0.6491,198,0.0000
1773894856.425,0.4338,0.2617,0.1721,0.0000,0.0166,0.0706,0.0000,0.6443,0.6443,198,0.0000
1773894856.625,0.4355,0.2600,0.1755,0.0000,0.0143,0.0693,0.0000,0.6368,0.6368,196,0.0000
1773894856.825,0.4370,0.2586,0.1784,0.0000,0.0122,0.0681,0.0000,0.6272,0.6272,195,0.0000
1773894857.026,0.4383,0.2573,0.1809,0.0000,0.0105,0.0669,0.0000,0.6159,0.6159,193,0.0000
1773894857.226,0.4398,0.2568,0.1831,0.0000,0.0097,0.0661,0.0000,0.6041,0.6041,191,0.0000
1773894857.426,0.4493,0.2647,0.1846,0.0000,0.0210,0.0697,0.0000,0.6016,0.6016,191,0.0000
1773894857.626,0.4669,0.2787,0.1882,0.0000,0.0410,0.0794,0.0000,0.6216,0.6216,194,0.0000
1773894857.827,0.4721,0.2756,0.1965,0.0000,0.0366,0.0851,0.0000,0.6530,0.6530,199,0.0000
1773894858.027,0.4708,0.2679,0.2029,0.0000,0.0256,0.0856,0.0000,0.6828,0.6828,204,0.0000
1773894858.227,0.4852,0.2776,0.2075,0.0000,0.0394,0.0912,0.0000,0.7217,0.7217,210,0.0000
1773894858.427,0.4973,0.2821,0.2152,0.0000,0.0459,0.0979,0.0000,0.7713,0.7713,218,0.0000
1773894858.628,0.4889,0.2725,0.2164,0.0000,0.0321,0.0976,0.0000,0.8148,0.8148,225,0.0000
1773894858.828,0.4811,0.2657,0.2153,0.0000,0.0225,0.0913,0.0000,0.8386,0.8386,229,0.0000
1773894859.028,0.4744,0.2610,0.2134,0.0000,0.0157,0.0844,0.0000,0.8428,0.8428,229,0.0000
1773894859.228,0.4688,0.2577,0.2111,0.0000,0.0110,0.0784,0.0000,0.8314,0.8314,228,0.0000
1773894859.429,0.4802,0.2674,0.2128,0.0000,0.0248,0.0820,0.0000,0.8279,0.8279,227,0.0000
1773894859.629,0.5036,0.2867,0.2169,0.0000,0.0524,0.0944,0.0000,0.8522,0.8522,231,0.0000
1773894859.829,0.5234,0.2965,0.2269,0.0000,0.0665,0.1084,0.0000,0.9022,0.9022,239,0.0000
1773894860.029,0.5203,0.2826,0.2378,0.0000,0.0465,0.1117,0.0000,0.9522,0.9522,247,0.0000
1773894860.230,0.5175,0.2728,0.2447,0.0000,0.0326,0.1097,0.0000,0.9989,0.9989,254,0.0000
1773894860.430,0.5266,0.2756,0.2511,0.0000,0.0365,0.1105,0.0000,1.0000,1.0000,255,0.0000
1773894860.630,0.5434,0.2855,0.2579,0.0000,0.0507,0.1166,0.0000,1.0000,1.0000,255,0.0000
1773894860.830,0.5578,0.2900,0.2678,0.0000,0.0571,0.1239,0.0000,1.0000,1.0000,255,0.0000
1773894861.031,0.5700,0.2908,0.2792,0.0000,0.0583,0.1303,0.0000,1.0000,1.0000,255,0.0000
1773894861.231,0.5744,0.2831,0.2912,0.0000,0.0473,0.1318,0.0000,1.0000,1.0000,255,0.0000
1773894861.431,0.5787,0.2778,0.3009,0.0000,0.0396,0.1312,0.0000,1.0000,1.0000,255,0.0000
1773894861.632,0.5864,0.2775,0.3089,0.0000,0.0393,0.1314,0.0000,1.0000,1.0000,255,0.0000
1773894861.832,0.5930,0.2762,0.3168,0.0000,0.0375,0.1318,0.0000,1.0000,1.0000,255,0.0000
1773894862.032,0.5980,0.2736,0.3244,0.0000,0.0337,0.1316,0.0000,1.0000,1.0000,255,0.0000
1773894862.232,0.5932,0.2665,0.3266,0.0000,0.0236,0.1281,0.0000,1.0000,1.0000,255,0.0000
1773894862.433,0.5890,0.2616,0.3274,0.0000,0.0165,0.1201,0.0000,1.0000,1.0000,255,0.0000
1773894862.633,0.5855,0.2581,0.3274,0.0000,0.0116,0.1139,0.0000,1.0000,1.0000,255,0.0000
1773894862.833,0.5825,0.2557,0.3268,0.0000,0.0081,0.1112,0.0000,1.0000,1.0000,255,0.0000
1773894863.034,0.5800,0.2540,0.3260,0.0000,0.0057,0.1085,0.0000,1.0000,1.0000,255,0.0000
1773894863.234,0.5778,0.2528,0.3250,0.0000,0.0040,0.1060,0.0000,1.0000,1.0000,255,0.0000
1773894863.434,0.5759,0.2519,0.3240,0.0000,0.0028,0.1039,0.0000,1.0000,1.0000,255,0.0000
1773894863.634,0.5744,0.2514,0.3230,0.0000,0.0019,0.1021,0.0000,1.0000,1.0000,255,0.0000
1773894863.835,0.5731,0.2510,0.3221,0.0000,0.0014,0.1007,0.0000,1.0000,1.0000,255,0.0000
1773894864.035,0.5719,0.2507,0.3213,0.0000,0.0010,0.0995,0.0000,1.0000,1.0000,255,0.0000
1773894864.235,0.5710,0.2505,0.3205,0.0000,0.0007,0.0986,0.0000,1.0000,1.0000,255,0.0000
1773894864.436,0.5761,0.2557,0.3204,0.0000,0.0081,0.1006,0.0000,1.0000,1.0000,255,0.0000
1773894864.636,0.5798,0.2579,0.3219,0.0000,0.0112,0.1031,0.0000,1.0000,1.0000,255,0.0000
1773894864.836,0.5776,0.2555,0.3221,0.0000,0.0079,0.1036,0.0000,1.0000,1.0000,255,0.0000
1773894865.036,0.5758,0.2538,0.3220,0.0000,0.0055,0.1031,0.0000,1.0000,1.0000,255,0.0000
1773894865.237,0.5793,0.2563,0.3230,0.0000,0.0091,0.1041,0.0000,1.0000,1.0000,255,0.0000
1773894865.437,0.5828,0.2582,0.3247,0.0000,0.0117,0.1058,0.0000,1.0000,1.0000,255,0.0000
1773894865.637,0.5872,0.2603,0.3269,0.0000,0.0147,0.1083,0.0000,1.0000,1.0000,255,0.0000
1773894865.838,0.5896,0.2597,0.3299,0.0000,0.0138,0.1098,0.0000,1.0000,1.0000,255,0.0000
1773894866.038,0.5963,0.2638,0.3324,0.0000,0.0198,0.1132,0.0000,1.0000,1.0000,255,0.0000
1773894866.238,0.6013,0.2650,0.3363,0.0000,0.0214,0.1164,0.0000,1.0000,1.0000,255,0.0000
1773894866.438,0.6056,0.2650,0.3406,0.0000,0.0214,0.1189,0.0000,1.0000,1.0000,255,0.0000
1773894866.639,0.6087,0.2638,0.3450,0.0000,0.0197,0.1204,0.0000,1.0000,1.0000,255,0.0000
1773894866.839,0.6093,0.2603,0.3491,0.0000,0.0147,0.1200,0.0000,1.0000,1.0000,255,0.0000
1773894867.039,0.6087,0.2572,0.3515,0.0000,0.0103,0.1185,0.0000,1.0000,1.0000,255,0.0000
1773894867.240,0.6080,0.2550,0.3530,0.0000,0.0072,0.1166,0.0000,1.0000,1.0000,255,0.0000
1773894867.440,0.6073,0.2535,0.3538,0.0000,0.0050,0.1147,0.0000,1.0000,1.0000,255,0.0000
1773894867.640,0.6054,0.2525,0.3529,0.0000,0.0035,0.1129,0.0000,1.0000,1.0000,255,0.0000
1773894867.840,0.6025,0.2517,0.3508,0.0000,0.0025,0.1110,0.0000,1.0000,1.0000,255,0.0000
1773894868.041,0.6002,0.2512,0.3490,0.0000,0.0017,0.1094,0.0000,1.0000,1.0000,255,0.0000
1773894868.241,0.5982,0.2508,0.3474,0.0000,0.0012,0.1080,0.0000,1.0000,1.0000,255,0.0000
1773894868.441,0.5992,0.2516,0.3476,0.0000,0.0023,0.1075,0.0000,1.0000,1.0000,255,0.0000
1773894868.641,0.5994,0.2514,0.3480,0.0000,0.0020,0.1071,0.0000,1.0000,1.0000,255,0.0000
1773894868.842,0.5996,0.2512,0.3484,0.0000,0.0017,0.1068,0.0000,1.0000,1.0000,255,0.0000
1773894869.042,0.5985,0.2508,0.3477,0.0000,0.0012,0.1063,0.0000,1.0000,1.0000,255,0.0000
1773894869.242,0.5969,0.2506,0.3463,0.0000,0.0008,0.1058,0.0000,1.0000,1.0000,255,0.0000
1773894869.442,0.5924,0.2504,0.3420,0.0000,0.0006,0.1049,0.0000,1.0000,1.0000,255,0.0000
1773894869.643,0.5887,0.2503,0.3384,0.0000,0.0004,0.1038,0.0000,1.0000,1.0000,255,0.0000
1773894869.843,0.5898,0.2514,0.3384,0.0000,0.0019,0.1037,0.0000,1.0000,1.0000,255,0.0000
1773894870.043,0.5914,0.2527,0.3387,0.0000,0.0038,0.1043,0.0000,1.0000,1.0000,255,0.0000
1773894870.244,0.5922,0.2527,0.3395,0.0000,0.0038,0.1048,0.0000,1.0000,1.0000,255,0.0000
1773894870.444,0.5927,0.2524,0.3403,0.0000,0.0035,0.1050,0.0000,1.0000,1.0000,255,0.0000
1773894870.644,0.5886,0.2517,0.3369,0.0000,0.0024,0.1045,0.0000,1.0000,1.0000,255,0.0000
1773894870.844,0.5852,0.2512,0.3340,0.0000,0.0017,0.1036,0.0000,1.0000,1.0000,255,0.0000
1773894871.045,0.5829,0.2508,0.3321,0.0000,0.0012,0.1026,0.0000,1.0000,1.0000,255,0.0000
1773894871.245,0.5829,0.2506,0.3323,0.0000,0.0008,0.1019,0.0000,1.0000,1.0000,255,0.0000
1773894871.445,0.5835,0.2510,0.3325,0.0000,0.0015,0.1017,0.0000,1.0000,1.0000,255,0.0000
1773894871.645,0.5839,0.2511,0.3328,0.0000,0.0016,0.1016,0.0000,1.0000,1.0000,255,0.0000
1773894871.846,0.5844,0.2513,0.3331,0.0000,0.0018,0.1016,0.0000,1.0000,1.0000,255,0.0000
1773894872.046,0.5848,0.2513,0.3334,0.0000,0.0019,0.1017,0.0000,1.0000,1.0000,255,0.0000
1773894872.246,0.5857,0.2519,0.3338,0.0000,0.0028,0.1021,0.0000,1.0000,1.0000,255,0.0000
1773894872.447,0.5864,0.2521,0.3343,0.0000,0.0030,0.1025,0.0000,1.0000,1.0000,255,0.0000
