Time(s),FilteredDistance(m),SafeDistance(m),DistanceError(m),TargetVelocity(m/s),MeasuredVelocity(m/s),VelocityError(m/s),PIDOutput,PWMOutput
0.0,2.779,0.15,2.629,0.35,0.0,0.35,86.3,86
0.15,2.599,0.152,2.446,0.35,0.019,0.331,89.4,89
0.3,2.445,0.155,2.29,0.35,0.023,0.327,108.3,108
0.45,2.317,0.157,2.161,0.35,0.024,0.326,127.3,127
0.6,2.224,0.159,2.066,0.35,0.029,0.321,145.2,145
0.75,2.149,0.161,1.989,0.35,0.035,0.315,162.8,162
0.9,2.094,0.163,1.931,0.35,0.043,0.307,179.5,179
1.05,2.045,0.166,1.878,0.35,0.05,0.3,195.9,195
1.2,2.018,0.169,1.849,0.35,0.058,0.292,211.9,211
1.35,1.998,0.173,1.825,0.35,0.067,0.283,227.0,226
1.5,1.993,0.177,1.816,0.35,0.075,0.275,241.7,241
1.65,1.989,0.18,1.808,0.35,0.083,0.267,256.3,255
1.8,1.994,0.184,1.81,0.35,0.091,0.259,254.6,254
1.95,2.002,0.188,1.814,0.35,0.098,0.252,268.4,255
2.1,2.009,0.191,1.817,0.35,0.103,0.247,267.3,255
2.25,2.022,0.195,1.827,0.35,0.111,0.239,265.6,255
2.4,2.041,0.198,1.842,0.35,0.117,0.233,264.3,255
2.55,2.061,0.202,1.859,0.35,0.124,0.226,262.9,255
2.7,2.09,0.205,1.885,0.35,0.132,0.218,261.0,255
2.85,2.115,0.209,1.907,0.35,0.138,0.212,260.0,255
3.0,2.147,0.212,1.935,0.35,0.142,0.208,259.1,255
3.15,2.171,0.215,1.956,0.35,0.147,0.203,258.1,255
3.3,2.209,0.218,1.991,0.35,0.155,0.195,256.4,255
3.45,2.246,0.221,2.024,0.35,0.161,0.189,255.0,255
3.6,2.278,0.224,2.054,0.35,0.166,0.184,254.1,254
3.75,2.307,0.227,2.08,0.35,0.171,0.179,263.8,255
3.9,2.335,0.23,2.105,0.35,0.175,0.175,263.1,255
4.05,2.369,0.232,2.137,0.35,0.178,0.172,262.4,255
4.2,2.404,0.235,2.169,0.35,0.185,0.165,260.7,255
4.35,2.434,0.237,2.197,0.35,0.188,0.162,260.2,255
4.5,2.468,0.239,2.229,0.35,0.192,0.158,259.4,255
4.65,2.493,0.241,2.251,0.35,0.196,0.154,258.6,255
4.8,2.529,0.244,2.285,0.35,0.203,0.147,257.0,255
4.95,2.549,0.246,2.302,0.35,0.207,0.143,256.3,255
5.1,2.574,0.248,2.326,0.35,0.21,0.14,255.8,255
5.25,2.595,0.25,2.345,0.35,0.213,0.137,255.1,255
5.4,2.625,0.252,2.372,0.35,0.216,0.134,254.4,254
5.55,2.65,0.254,2.396,0.35,0.221,0.129,261.1,255
5.7,2.674,0.257,2.417,0.35,0.227,0.123,259.7,255
5.85,2.7,0.259,2.44,0.35,0.234,0.116,258.3,255
6.0,2.727,0.262,2.465,0.35,0.24,0.11,257.2,255
6.15,2.755,0.264,2.49,0.35,0.243,0.107,256.6,255
6.3,2.779,0.266,2.513,0.35,0.245,0.105,256.3,255
6.45,2.79,0.268,2.522,0.35,0.249,0.101,255.2,255
6.6,2.805,0.27,2.534,0.35,0.253,0.097,254.4,254
6.75,2.826,0.272,2.553,0.35,0.257,0.093,259.3,255
6.9,2.836,0.274,2.561,0.35,0.26,0.09,258.7,255
7.05,2.85,0.276,2.574,0.35,0.263,0.087,258.0,255
7.2,2.856,0.278,2.578,0.35,0.265,0.085,257.6,255
7.35,2.872,0.28,2.592,0.35,0.271,0.079,256.3,255
7.5,2.884,0.282,2.603,0.35,0.275,0.075,255.4,255
7.65,2.892,0.284,2.609,0.35,0.279,0.071,254.6,254
7.8,2.902,0.285,2.617,0.35,0.281,0.069,258.4,255
7.95,2.909,0.287,2.622,0.35,0.284,0.066,257.9,255
8.1,2.92,0.289,2.631,0.35,0.288,0.062,257.0,255
8.25,2.927,0.29,2.637,0.35,0.288,0.062,257.0,255
8.4,2.926,0.291,2.635,0.35,0.29,0.06,256.5,255
8.55,2.926,0.292,2.634,0.35,0.291,0.059,256.4,255
8.7,2.924,0.293,2.631,0.35,0.292,0.058,256.1,255
8.85,2.928,0.295,2.633,0.35,0.297,0.053,255.0,255
9.0,2.924,0.296,2.628,0.35,0.298,0.052,254.9,254
9.15,2.913,0.297,2.616,0.35,0.298,0.052,257.9,255
9.3,2.911,0.297,2.613,0.35,0.299,0.051,257.7,255
9.45,2.909,0.298,2.611,0.35,0.303,0.047,256.7,255
9.6,2.905,0.299,2.606,0.35,0.304,0.046,256.6,255
9.75,2.892,0.3,2.592,0.35,0.306,0.044,256.2,255
9.9,2.89,0.301,2.589,0.35,0.31,0.04,255.4,255
10.05,2.878,0.302,2.575,0.35,0.311,0.039,255.2,255
10.2,2.858,0.303,2.555,0.35,0.313,0.037,254.8,254
10.35,2.839,0.305,2.534,0.35,0.316,0.034,256.1,255
10.5,2.823,0.306,2.517,0.35,0.317,0.033,256.1,255
10.65,2.814,0.307,2.508,0.35,0.32,0.03,255.5,255
10.8,2.801,0.307,2.493,0.35,0.32,0.03,255.6,255
10.95,2.779,0.308,2.471,0.35,0.322,0.028,254.9,254
11.1,2.754,0.309,2.445,0.35,0.324,0.026,256.2,255
11.25,2.74,0.31,2.43,0.35,0.327,0.023,255.6,255
11.4,2.722,0.311,2.41,0.35,0.329,0.021,255.2,255
11.55,2.698,0.312,2.386,0.35,0.332,0.018,254.6,254
11.7,2.67,0.314,2.357,0.35,0.335,0.015,255.0,254
11.85,2.645,0.315,2.331,0.35,0.335,0.015,256.0,255
12.0,2.614,0.315,2.299,0.35,0.335,0.015,256.0,255
12.15,2.586,0.316,2.27,0.35,0.336,0.014,255.7,255
12.3,2.556,0.317,2.239,0.35,0.34,0.01,254.8,254
12.45,2.531,0.318,2.213,0.35,0.342,0.008,255.1,255
12.6,2.509,0.319,2.19,0.35,0.345,0.005,254.4,254
12.75,2.475,0.32,2.155,0.35,0.348,0.002,254.1,254
12.9,2.451,0.321,2.129,0.35,0.349,0.001,254.0,253
13.05,2.415,0.323,2.092,0.35,0.352,-0.002,253.3,253
13.2,2.381,0.323,2.058,0.35,0.352,-0.002,253.3,253
13.35,2.355,0.324,2.031,0.35,0.353,-0.003,253.0,252
13.5,2.319,0.325,1.995,0.35,0.352,-0.002,253.1,253
13.65,2.279,0.325,1.954,0.35,0.355,-0.005,252.1,252
13.8,2.245,0.326,1.919,0.35,0.357,-0.007,251.6,251
13.95,2.208,0.327,1.881,0.35,0.356,-0.006,251.4,251
14.1,2.167,0.327,1.839,0.35,0.359,-0.009,250.3,250
14.25,2.135,0.328,1.807,0.35,0.359,-0.009,249.8,249
14.4,2.091,0.328,1.763,0.35,0.359,-0.009,249.4,249
14.55,2.056,0.329,1.728,0.35,0.359,-0.009,248.7,248
14.7,2.009,0.329,1.68,0.35,0.358,-0.008,248.6,248
14.85,1.964,0.329,1.635,0.35,0.359,-0.009,247.9,247
15.0,1.924,0.329,1.595,0.35,0.359,-0.009,247.4,247
15.15,1.883,0.329,1.554,0.35,0.361,-0.011,246.3,246
15.3,1.841,0.329,1.511,0.35,0.359,-0.009,246.2,246
15.45,1.803,0.33,1.473,0.35,0.36,-0.01,245.3,245
15.6,1.761,0.33,1.431,0.35,0.362,-0.012,244.4,244
15.75,1.727,0.33,1.397,0.35,0.363,-0.013,243.4,243
15.9,1.685,0.331,1.354,0.35,0.365,-0.015,242.3,242
16.05,1.65,0.331,1.319,0.35,0.363,-0.013,241.9,241
16.2,1.603,0.331,1.272,0.35,0.365,-0.015,240.5,240
16.35,1.553,0.331,1.221,0.35,0.363,-0.013,240.2,240
16.5,1.509,0.331,1.177,0.35,0.362,-0.012,239.6,239
16.65,1.471,0.332,1.139,0.35,0.364,-0.014,238.4,238
16.8,1.43,0.332,1.098,0.35,0.365,-0.015,237.3,237
16.95,1.388,0.332,1.056,0.35,0.367,-0.017,236.1,236
17.1,1.338,0.333,1.005,0.35,0.369,-0.019,234.6,234
17.25,1.301,0.333,0.967,0.35,0.369,-0.019,233.5,233
17.4,1.256,0.333,0.922,0.35,0.368,-0.018,232.8,232
17.55,1.221,0.333,0.888,0.35,0.366,-0.016,232.2,232
17.7,1.182,0.333,0.849,0.35,0.363,-0.013,231.8,231
17.85,1.138,0.332,0.805,0.35,0.362,-0.012,231.4,231
18.0,1.098,0.332,0.766,0.35,0.359,-0.009,231.1,231
18.15,1.054,0.331,0.723,0.35,0.361,-0.011,230.1,230
18.3,1.017,0.331,0.686,0.35,0.359,-0.009,230.2,230
18.45,0.972,0.33,0.641,0.35,0.358,-0.008,229.7,229
18.6,0.93,0.33,0.599,0.35,0.359,-0.009,229.0,229
18.75,0.89,0.33,0.56,0.35,0.357,-0.007,228.9,228
18.9,0.855,0.329,0.525,0.35,0.356,-0.006,228.8,228
19.05,0.811,0.329,0.482,0.35,0.354,-0.004,229.0,228
19.2,0.776,0.328,0.448,0.35,0.354,-0.004,228.4,228
19.35,0.747,0.328,0.419,0.35,0.353,-0.003,228.6,228
19.5,0.706,0.327,0.379,0.35,0.352,-0.002,228.7,228
19.65,0.666,0.327,0.34,0.35,0.351,-0.001,228.7,228
19.8,0.628,0.327,0.302,0.35,0.351,-0.001,228.6,228
19.95,0.597,0.326,0.271,0.35,0.349,0.001,229.0,228
20.1,0.564,0.326,0.239,0.35,0.349,0.001,229.0,229
20.25,0.526,0.326,0.2,0.35,0.352,-0.002,228.5,228
20.4,0.494,0.326,0.168,0.35,0.351,-0.001,228.6,228
20.55,0.459,0.326,0.133,0.35,0.351,-0.001,228.6,228
20.7,0.43,0.326,0.104,0.35,0.351,-0.001,228.5,228
20.85,0.402,0.326,0.077,0.35,0.352,-0.002,228.2,228
21.0,0.38,0.326,0.054,0.35,0.354,-0.004,227.6,227
21.15,0.355,0.326,0.029,0.35,0.356,-0.006,227.1,227
21.3,0.337,0.327,0.01,0.35,0.355,-0.005,227.0,227
21.45,0.315,0.327,-0.012,0.32,0.356,-0.036,219.0,219
21.6,0.286,0.327,-0.041,0.29,0.355,-0.065,210.9,210
21.75,0.265,0.327,-0.062,0.26,0.353,-0.093,201.2,201
21.9,0.248,0.327,-0.079,0.23,0.354,-0.124,189.2,189
22.05,0.224,0.327,-0.103,0.2,0.353,-0.153,175.9,175
22.2,0.205,0.326,-0.121,0.17,0.349,-0.179,161.6,161
22.35,0.19,0.325,-0.136,0.14,0.346,-0.206,145.4,145
22.5,0.178,0.325,-0.147,0.11,0.345,-0.235,127.2,127
22.65,0.168,0.324,-0.156,0.08,0.344,-0.264,107.4,107
22.8,0.158,0.323,-0.165,0.05,0.341,-0.291,86.4,86
22.95,0.149,0.322,-0.173,0.02,0.336,-0.316,-67.3,0
23.1,0.128,0.32,-0.192,0.0,0.329,-0.329,-69.6,0
23.25,0.111,0.318,-0.207,0.0,0.322,-0.322,-79.4,0
23.4,0.103,0.315,-0.212,0.0,0.313,-0.313,-77.1,0
23.55,0.101,0.312,-0.21,0.0,0.303,-0.303,-74.8,0
23.7,0.094,0.308,-0.214,0.0,0.295,-0.295,-72.8,0
23.85,0.087,0.305,-0.217,0.0,0.289,-0.289,-71.4,0
24.0,0.082,0.301,-0.219,0.0,0.281,-0.281,-69.4,0
24.15,0.082,0.298,-0.216,0.0,0.276,-0.276,-68.0,0
24.3,0.075,0.294,-0.22,0.0,0.268,-0.268,-66.1,0
24.45,0.077,0.291,-0.214,0.0,0.262,-0.262,-64.5,0
24.6,0.084,0.288,-0.203,0.0,0.255,-0.255,-63.0,0
24.75,0.091,0.284,-0.193,0.0,0.248,-0.248,-61.1,0
24.9,0.099,0.281,-0.182,0.0,0.241,-0.241,-59.3,0
25.05,0.097,0.278,-0.181,0.0,0.237,-0.237,-58.4,0
25.2,0.108,0.275,-0.167,0.0,0.233,-0.233,-57.4,0
25.35,0.116,0.272,-0.156,0.0,0.228,-0.228,-56.2,0
25.5,0.119,0.269,-0.151,0.0,0.221,-0.221,-54.6,0
25.65,0.13,0.266,-0.136,0.0,0.216,-0.216,-45.2,0
25.8,0.146,0.263,-0.117,0.0,0.208,-0.208,-43.5,0
25.95,0.151,0.26,-0.109,0.0,0.203,-0.203,-42.4,0
26.1,0.156,0.258,-0.102,0.0,0.199,-0.199,-41.6,0
26.25,0.173,0.255,-0.082,0.0,0.196,-0.196,-41.1,0
26.4,0.183,0.253,-0.07,0.0,0.189,-0.189,-39.4,0
26.55,0.2,0.25,-0.05,0.0,0.183,-0.183,-38.2,0
26.7,0.215,0.247,-0.032,0.0,0.177,-0.177,-37.0,0
26.85,0.239,0.244,-0.005,0.099,0.173,-0.073,-11.6,0
27.0,0.265,0.242,0.023,0.346,0.171,0.176,46.0,46
27.15,0.281,0.24,0.041,0.35,0.167,0.183,48.9,48
27.3,0.309,0.238,0.071,0.35,0.167,0.183,59.5,59
27.45,0.326,0.237,0.09,0.35,0.163,0.187,71.2,71
27.6,0.354,0.235,0.119,0.35,0.161,0.189,82.3,82
27.75,0.381,0.234,0.147,0.35,0.16,0.19,93.6,93
27.9,0.402,0.233,0.169,0.35,0.158,0.192,105.3,105
28.05,0.432,0.232,0.201,0.35,0.158,0.192,116.3,116
28.2,0.465,0.231,0.235,0.35,0.157,0.193,127.9,127
28.35,0.491,0.23,0.261,0.35,0.156,0.194,139.3,139
28.5,0.524,0.23,0.294,0.35,0.157,0.193,150.4,150
28.65,0.563,0.23,0.333,0.35,0.16,0.19,161.1,161
28.8,0.6,0.23,0.37,0.35,0.162,0.188,171.8,171
28.95,0.63,0.23,0.4,0.35,0.164,0.186,182.4,182
29.1,0.671,0.231,0.439,0.35,0.168,0.182,192.3,192
29.25,0.705,0.233,0.472,0.35,0.173,0.177,202.0,201
29.4,0.737,0.234,0.502,0.35,0.178,0.172,211.3,211
29.55,0.77,0.236,0.534,0.35,0.182,0.168,220.6,220
29.7,0.805,0.238,0.567,0.35,0.187,0.163,229.2,229
29.85,0.845,0.24,0.606,0.35,0.191,0.159,238.0,238
30.0,0.882,0.242,0.64,0.35,0.197,0.153,245.9,245
30.15,0.914,0.244,0.67,0.35,0.2,0.15,254.4,254
30.3,0.949,0.246,0.703,0.35,0.203,0.147,262.5,255
30.45,0.989,0.248,0.741,0.35,0.206,0.144,261.9,255
30.6,1.027,0.25,0.777,0.35,0.213,0.137,260.2,255
30.75,1.066,0.252,0.814,0.35,0.219,0.131,259.1,255
30.9,1.104,0.254,0.85,0.35,0.222,0.128,258.5,255
31.05,1.142,0.257,0.885,0.35,0.227,0.123,257.4,255
31.2,1.19,0.259,0.931,0.35,0.233,0.117,256.0,255
31.35,1.238,0.262,0.977,0.35,0.238,0.112,255.1,255
31.5,1.281,0.264,1.017,0.35,0.243,0.107,254.2,254
31.65,1.328,0.266,1.061,0.35,0.246,0.104,259.9,255
31.8,1.367,0.269,1.099,0.35,0.251,0.099,258.6,255
31.95,1.412,0.271,1.141,0.35,0.255,0.095,257.8,255
32.1,1.461,0.273,1.188,0.35,0.258,0.092,257.2,255
32.25,1.508,0.275,1.233,0.35,0.264,0.086,256.0,255
32.4,1.549,0.277,1.272,0.35,0.267,0.083,255.4,255
32.55,1.588,0.279,1.308,0.35,0.272,0.078,254.2,254
32.7,1.624,0.281,1.343,0.35,0.274,0.076,258.5,255
32.85,1.66,0.283,1.377,0.35,0.279,0.071,257.4,255
33.0,1.701,0.285,1.416,0.35,0.279,0.071,257.4,255
33.15,1.752,0.287,1.466,0.35,0.283,0.067,256.5,255
33.3,1.794,0.288,1.506,0.35,0.287,0.063,255.8,255
33.45,1.836,0.29,1.546,0.35,0.287,0.063,255.7,255
33.6,1.877,0.291,1.586,0.35,0.293,0.057,254.5,254
33.75,1.922,0.293,1.629,0.35,0.297,0.053,257.0,255
33.9,1.969,0.295,1.674,0.35,0.3,0.05,256.4,255
34.05,2.015,0.296,1.718,0.35,0.302,0.048,255.9,255
34.2,2.058,0.298,1.76,0.35,0.305,0.045,255.3,255
34.35,2.091,0.299,1.792,0.35,0.308,0.042,254.7,254
34.5,2.124,0.301,1.823,0.35,0.311,0.039,256.6,255
34.65,2.158,0.302,1.855,0.35,0.314,0.036,255.8,255
34.8,2.203,0.304,1.899,0.35,0.316,0.034,255.5,255
34.95,2.245,0.305,1.94,0.35,0.317,0.033,255.4,255
35.1,2.282,0.306,1.977,0.35,0.316,0.034,255.5,255
35.25,2.314,0.306,2.007,0.35,0.317,0.033,255.4,255
35.4,2.344,0.307,2.037,0.35,0.316,0.034,255.5,255
35.55,2.382,0.307,2.075,0.35,0.319,0.031,254.9,254
35.7,2.407,0.308,2.099,0.35,0.322,0.028,255.9,255
35.85,2.437,0.31,2.127,0.35,0.326,0.024,255.1,255
36.0,2.467,0.311,2.156,0.35,0.33,0.02,254.3,254
36.15,2.501,0.312,2.189,0.35,0.329,0.021,255.8,255
36.3,2.535,0.313,2.222,0.35,0.33,0.02,255.6,255
36.45,2.571,0.313,2.257,0.35,0.332,0.018,255.1,255
36.6,2.59,0.314,2.276,0.35,0.335,0.015,254.5,254
36.75,2.617,0.316,2.302,0.35,0.338,0.012,254.7,254
36.9,2.64,0.316,2.324,0.35,0.337,0.013,255.8,255
37.05,2.66,0.317,2.342,0.35,0.341,0.009,254.7,254
37.2,2.687,0.319,2.369,0.35,0.345,0.005,254.4,254
37.35,2.717,0.32,2.397,0.35,0.347,0.003,254.3,254
37.5,2.736,0.321,2.415,0.35,0.35,0.0,253.9,253
37.65,2.763,0.322,2.441,0.35,0.35,0.0,254.0,254
37.8,2.785,0.323,2.462,0.35,0.352,-0.002,253.4,253
37.95,2.801,0.324,2.477,0.35,0.355,-0.005,252.8,252
38.1,2.818,0.325,2.494,0.35,0.353,-0.003,252.9,252
38.25,2.83,0.325,2.504,0.35,0.352,-0.002,253.0,253
38.4,2.849,0.325,2.524,0.35,0.352,-0.002,252.9,252
38.55,2.86,0.326,2.534,0.35,0.355,-0.005,252.1,252
38.7,2.868,0.326,2.542,0.35,0.356,-0.006,251.7,251
38.85,2.886,0.327,2.559,0.35,0.356,-0.006,251.4,251
39.0,2.892,0.327,2.564,0.35,0.359,-0.009,250.3,250
39.15,2.895,0.328,2.567,0.35,0.36,-0.01,249.7,249
39.3,2.903,0.329,2.575,0.35,0.362,-0.012,248.5,248
39.45,2.914,0.33,2.584,0.35,0.364,-0.014,247.5,247
39.6,2.912,0.33,2.582,0.35,0.366,-0.016,246.3,246
39.75,2.92,0.331,2.589,0.35,0.367,-0.017,245.1,245
39.9,2.916,0.332,2.584,0.35,0.366,-0.016,244.4,244
40.05,2.922,0.332,2.589,0.35,0.368,-0.018,242.8,242
40.2,2.928,0.333,2.595,0.35,0.369,-0.019,241.6,241
40.35,2.926,0.334,2.593,0.35,0.371,-0.021,240.2,240
40.5,2.917,0.334,2.583,0.35,0.372,-0.022,238.7,238
40.65,2.915,0.335,2.581,0.35,0.373,-0.023,237.2,237
40.8,2.917,0.335,2.582,0.35,0.374,-0.024,235.8,235
40.95,2.905,0.336,2.569,0.35,0.374,-0.024,234.4,234
41.1,2.899,0.336,2.564,0.35,0.372,-0.022,233.5,233
41.25,2.897,0.336,2.561,0.35,0.373,-0.023,231.9,231
41.4,2.887,0.336,2.551,0.35,0.374,-0.024,230.4,230
41.55,2.88,0.336,2.544,0.35,0.373,-0.023,229.2,229
41.7,2.864,0.336,2.528,0.35,0.371,-0.021,228.4,228
41.85,2.846,0.336,2.509,0.35,0.373,-0.023,226.7,226
42.0,2.828,0.336,2.492,0.35,0.371,-0.021,225.8,225
42.15,2.807,0.336,2.471,0.35,0.37,-0.02,224.7,224
42.3,2.788,0.335,2.453,0.35,0.37,-0.02,223.6,223
42.45,2.772,0.335,2.437,0.35,0.368,-0.018,222.9,222
42.6,2.746,0.335,2.411,0.35,0.367,-0.017,221.9,221
42.75,2.72,0.335,2.386,0.35,0.367,-0.017,220.8,220
42.9,2.702,0.334,2.368,0.35,0.367,-0.017,220.0,220
43.05,2.684,0.334,2.351,0.35,0.365,-0.015,219.3,219
43.2,2.66,0.333,2.326,0.35,0.363,-0.013,218.9,218
43.35,2.633,0.333,2.301,0.35,0.361,-0.011,218.7,218
43.5,2.606,0.332,2.274,0.35,0.36,-0.01,218.2,218
43.65,2.581,0.332,2.25,0.35,0.362,-0.012,217.2,217
43.8,2.554,0.331,2.223,0.35,0.362,-0.012,216.4,216
43.95,2.529,0.331,2.197,0.35,0.361,-0.011,216.1,216
44.1,2.498,0.331,2.167,0.35,0.361,-0.011,215.2,215
44.25,2.47,0.331,2.139,0.35,0.362,-0.012,214.4,214
44.4,2.434,0.331,2.103,0.35,0.361,-0.011,214.1,214
44.55,2.397,0.33,2.066,0.35,0.358,-0.008,214.0,213
44.7,2.359,0.33,2.029,0.35,0.359,-0.009,213.2,213
44.85,2.319,0.33,1.989,0.35,0.358,-0.008,213.0,213
45.0,2.285,0.33,1.956,0.35,0.359,-0.009,212.3,212
45.15,2.245,0.33,1.916,0.35,0.36,-0.01,211.5,211
45.3,2.205,0.33,1.876,0.35,0.357,-0.007,211.6,211
45.45,2.165,0.329,1.836,0.35,0.356,-0.006,211.4,211
45.6,2.136,0.328,1.808,0.35,0.353,-0.003,211.8,211
45.75,2.097,0.328,1.769,0.35,0.355,-0.005,211.0,211
45.9,2.06,0.328,1.733,0.35,0.352,-0.002,211.5,211
46.05,2.019,0.327,1.692,0.35,0.351,-0.001,211.5,211
46.2,1.981,0.326,1.655,0.35,0.348,0.002,212.1,212
46.35,1.937,0.326,1.611,0.35,0.348,0.002,212.2,212
46.5,1.898,0.325,1.573,0.35,0.347,0.003,212.6,212
46.65,1.862,0.324,1.538,0.35,0.345,0.005,213.2,213
46.8,1.818,0.324,1.494,0.35,0.345,0.005,213.5,213
46.95,1.777,0.323,1.454,0.35,0.343,0.007,214.3,214
47.1,1.735,0.323,1.412,0.35,0.343,0.007,214.5,214
47.25,1.698,0.322,1.376,0.35,0.341,0.009,215.5,215
47.4,1.656,0.322,1.334,0.35,0.339,0.011,216.5,216
47.55,1.613,0.321,1.292,0.35,0.338,0.012,217.2,217
47.7,1.565,0.321,1.244,0.35,0.339,0.011,217.7,217
47.85,1.525,0.321,1.204,0.35,0.341,0.009,217.9,217
48.0,1.486,0.321,1.166,0.35,0.341,0.009,218.4,218
48.15,1.445,0.32,1.125,0.35,0.339,0.011,219.4,219
48.3,1.41,0.32,1.09,0.35,0.342,0.008,219.3,219
48.45,1.367,0.321,1.046,0.35,0.343,0.007,219.7,219
48.6,1.33,0.321,1.009,0.35,0.343,0.007,220.1,220
48.75,1.283,0.321,0.962,0.35,0.344,0.006,220.2,220
48.9,1.235,0.322,0.913,0.35,0.346,0.004,220.0,220
49.05,1.187,0.322,0.865,0.35,0.348,0.002,220.0,219
49.2,1.146,0.323,0.823,0.35,0.348,0.002,220.1,220
49.35,1.099,0.323,0.776,0.35,0.345,0.005,220.9,220
49.5,1.064,0.323,0.741,0.35,0.344,0.006,221.3,221
49.65,1.025,0.323,0.702,0.35,0.345,0.005,221.3,221
49.8,0.993,0.322,0.67,0.35,0.344,0.006,222.0,222
49.95,0.956,0.322,0.634,0.35,0.345,0.005,222.1,222
50.1,0.916,0.322,0.594,0.35,0.345,0.005,222.4,222
50.25,0.871,0.323,0.549,0.35,0.345,0.005,222.6,222
50.4,0.839,0.322,0.517,0.35,0.343,0.007,223.4,223
50.55,0.802,0.322,0.481,0.35,0.341,0.009,224.2,224
50.7,0.762,0.321,0.44,0.35,0.34,0.01,224.9,224
50.85,0.719,0.321,0.398,0.35,0.342,0.008,225.0,225
51.0,0.686,0.321,0.365,0.35,0.341,0.009,225.7,225
51.15,0.649,0.321,0.328,0.35,0.343,0.007,225.8,225
51.3,0.619,0.321,0.298,0.35,0.341,0.009,226.6,226
51.45,0.592,0.321,0.271,0.35,0.34,0.01,227.4,227
51.6,0.557,0.321,0.236,0.35,0.341,0.009,227.7,227
51.75,0.518,0.321,0.197,0.35,0.341,0.009,228.4,228
51.9,0.488,0.321,0.167,0.35,0.342,0.008,228.6,228
52.05,0.464,0.321,0.143,0.35,0.343,0.007,228.8,228
52.2,0.437,0.321,0.116,0.35,0.343,0.007,229.3,229
52.35,0.411,0.321,0.09,0.35,0.342,0.008,230.0,230
52.5,0.384,0.321,0.063,0.35,0.344,0.006,229.9,229
52.65,0.356,0.321,0.035,0.35,0.344,0.006,230.3,230
52.8,0.338,0.321,0.016,0.35,0.343,0.007,231.0,231
52.95,0.308,0.321,-0.013,0.32,0.341,-0.021,224.4,224
53.1,0.289,0.321,-0.033,0.29,0.342,-0.052,216.5,216
53.25,0.271,0.321,-0.05,0.26,0.344,-0.084,206.7,206
53.4,0.253,0.321,-0.068,0.23,0.343,-0.113,195.9,195
53.55,0.231,0.322,-0.09,0.2,0.344,-0.144,182.6,182
53.7,0.204,0.321,-0.117,0.17,0.342,-0.172,168.3,168
53.85,0.189,0.321,-0.133,0.14,0.342,-0.202,152.1,152
54.0,0.173,0.321,-0.148,0.11,0.337,-0.227,135.0,135
54.15,0.165,0.32,-0.155,0.08,0.334,-0.254,116.1,116
54.3,0.154,0.319,-0.165,0.05,0.333,-0.283,95.2,95
54.45,0.143,0.318,-0.175,0.02,0.33,-0.31,-66.2,0
54.6,0.134,0.316,-0.182,0.0,0.32,-0.32,-67.6,0
54.75,0.129,0.313,-0.185,0.0,0.311,-0.311,-65.1,0
54.9,0.12,0.31,-0.191,0.0,0.303,-0.303,-74.7,0
55.05,0.111,0.307,-0.196,0.0,0.296,-0.296,-73.0,0
55.2,0.105,0.304,-0.2,0.0,0.291,-0.291,-71.7,0
55.35,0.098,0.301,-0.203,0.0,0.285,-0.285,-70.4,0
55.5,0.096,0.298,-0.202,0.0,0.28,-0.28,-69.0,0
55.65,0.095,0.296,-0.201,0.0,0.274,-0.274,-67.5,0
55.8,0.092,0.292,-0.201,0.0,0.266,-0.266,-65.5,0
55.95,0.096,0.289,-0.193,0.0,0.261,-0.261,-64.3,0
56.1,0.098,0.287,-0.189,0.0,0.256,-0.256,-63.2,0
56.25,0.103,0.284,-0.181,0.0,0.251,-0.251,-61.9,0
56.4,0.11,0.281,-0.171,0.0,0.243,-0.243,-60.0,0
56.55,0.108,0.278,-0.17,0.0,0.238,-0.238,-58.7,0
56.7,0.107,0.275,-0.168,0.0,0.231,-0.231,-57.0,0
56.85,0.109,0.272,-0.163,0.0,0.225,-0.225,-55.6,0
57.0,0.122,0.269,-0.147,0.0,0.22,-0.22,-46.1,0
57.15,0.127,0.266,-0.139,0.0,0.214,-0.214,-44.8,0
57.3,0.141,0.263,-0.122,0.0,0.208,-0.208,-43.6,0
57.45,0.152,0.26,-0.108,0.0,0.201,-0.201,-41.9,0
57.6,0.164,0.257,-0.093,0.0,0.197,-0.197,-41.2,0
57.75,0.177,0.254,-0.077,0.0,0.191,-0.191,-40.0,0
57.9,0.195,0.252,-0.057,0.0,0.189,-0.189,-39.6,0
58.05,0.22,0.249,-0.03,0.0,0.185,-0.185,-38.6,0
58.2,0.241,0.247,-0.007,0.08,0.18,-0.1,-17.9,0
58.35,0.261,0.245,0.016,0.307,0.175,0.131,36.1,36
58.5,0.283,0.243,0.04,0.35,0.175,0.175,46.2,46
58.65,0.302,0.241,0.061,0.35,0.174,0.176,54.9,54
58.8,0.318,0.24,0.078,0.35,0.171,0.179,65.9,65
58.95,0.344,0.239,0.105,0.35,0.17,0.18,76.6,76
59.1,0.372,0.238,0.135,0.35,0.169,0.181,87.3,87
59.25,0.392,0.237,0.155,0.35,0.17,0.18,97.6,97
59.4,0.425,0.236,0.188,0.35,0.17,0.18,108.1,108
59.55,0.455,0.236,0.219,0.35,0.168,0.182,119.1,119
59.7,0.491,0.235,0.255,0.35,0.166,0.184,130.2,130
59.85,0.519,0.235,0.284,0.35,0.169,0.181,140.3,140
60.0,0.546,0.235,0.311,0.35,0.172,0.178,150.2,150
60.15,0.572,0.235,0.337,0.35,0.172,0.178,160.7,160
60.3,0.604,0.236,0.369,0.35,0.172,0.178,171.2,171
60.45,0.636,0.236,0.401,0.35,0.173,0.177,181.3,181
60.6,0.666,0.236,0.43,0.35,0.176,0.174,190.9,190
60.75,0.706,0.237,0.469,0.35,0.177,0.173,201.0,200
60.9,0.737,0.238,0.499,0.35,0.179,0.171,210.5,210
61.05,0.776,0.239,0.537,0.35,0.184,0.166,219.4,219
61.2,0.82,0.24,0.58,0.35,0.188,0.162,228.4,228
61.35,0.852,0.241,0.611,0.35,0.191,0.159,237.3,237
61.5,0.892,0.243,0.649,0.35,0.197,0.153,245.1,245
61.65,0.93,0.245,0.685,0.35,0.2,0.15,253.5,253
61.8,0.969,0.247,0.722,0.35,0.204,0.146,261.6,255
61.95,1.006,0.249,0.757,0.35,0.209,0.141,260.4,255
62.1,1.047,0.251,0.796,0.35,0.214,0.136,259.4,255
62.25,1.095,0.253,0.842,0.35,0.22,0.13,257.9,255
62.4,1.144,0.255,0.889,0.35,0.225,0.125,257.0,255
62.55,1.182,0.258,0.924,0.35,0.23,0.12,256.1,255
62.7,1.22,0.26,0.959,0.35,0.236,0.114,254.8,254
62.85,1.27,0.263,1.007,0.35,0.24,0.11,260.6,255
63.0,1.304,0.265,1.039,0.35,0.245,0.105,259.4,255
63.15,1.348,0.267,1.081,0.35,0.247,0.103,259.1,255
63.3,1.386,0.269,1.117,0.35,0.251,0.099,258.3,255
63.45,1.425,0.271,1.154,0.35,0.253,0.097,258.0,255
63.6,1.465,0.273,1.193,0.35,0.255,0.095,257.5,255
63.75,1.514,0.274,1.24,0.35,0.258,0.092,256.9,255
63.9,1.556,0.276,1.279,0.35,0.264,0.086,255.6,255
64.05,1.593,0.278,1.315,0.35,0.266,0.084,255.3,255
64.2,1.636,0.279,1.356,0.35,0.269,0.081,254.6,254
64.35,1.679,0.281,1.398,0.35,0.272,0.078,258.7,255
64.5,1.727,0.283,1.444,0.35,0.276,0.074,257.7,255
64.65,1.777,0.285,1.492,0.35,0.281,0.069,256.8,255
64.8,1.822,0.287,1.535,0.35,0.286,0.064,255.6,255
64.95,1.867,0.289,1.578,0.35,0.291,0.059,254.7,254
65.1,1.914,0.291,1.623,0.35,0.294,0.056,257.4,255
65.25,1.952,0.293,1.659,0.35,0.298,0.052,256.6,255
65.4,1.988,0.295,1.693,0.35,0.3,0.05,256.2,255
65.55,2.023,0.296,1.727,0.35,0.301,0.049,256.1,255
65.7,2.06,0.298,1.762,0.35,0.304,0.046,255.3,255
65.85,2.104,0.299,1.805,0.35,0.307,0.043,254.8,254
66.0,2.142,0.301,1.841,0.35,0.311,0.039,256.5,255
66.15,2.186,0.302,1.884,0.35,0.311,0.039,256.6,255
66.3,2.227,0.303,1.924,0.35,0.315,0.035,255.6,255
66.45,2.265,0.305,1.961,0.35,0.317,0.033,255.2,255
66.6,2.303,0.306,1.997,0.35,0.32,0.03,254.6,254
66.75,2.33,0.307,2.023,0.35,0.324,0.026,255.5,255
66.9,2.363,0.309,2.054,0.35,0.325,0.025,255.4,255
67.05,2.392,0.31,2.082,0.35,0.324,0.026,255.5,255
67.2,2.423,0.311,2.112,0.35,0.328,0.022,254.7,254
67.35,2.453,0.312,2.141,0.35,0.328,0.022,256.0,255
67.5,2.488,0.313,2.176,0.35,0.332,0.018,255.0,255
67.65,2.522,0.314,2.208,0.35,0.333,0.017,255.1,255
67.8,2.556,0.314,2.241,0.35,0.334,0.016,254.8,254
67.95,2.586,0.315,2.271,0.35,0.333,0.017,255.9,255
68.1,2.617,0.316,2.301,0.35,0.336,0.014,255.3,255
68.25,2.64,0.317,2.324,0.35,0.339,0.011,254.7,254
68.4,2.667,0.317,2.349,0.35,0.338,0.012,255.6,255
68.55,2.689,0.318,2.371,0.35,0.338,0.012,255.5,255
68.7,2.71,0.319,2.391,0.35,0.342,0.008,254.6,254
68.85,2.738,0.32,2.418,0.35,0.346,0.004,254.2,254
69.0,2.751,0.321,2.431,0.35,0.349,0.001,253.9,253
69.15,2.765,0.322,2.443,0.35,0.35,0.0,253.8,253
69.3,2.778,0.323,2.456,0.35,0.35,0.0,253.9,253
69.45,2.792,0.323,2.468,0.35,0.351,-0.001,253.5,253
69.6,2.809,0.324,2.485,0.35,0.353,-0.003,253.0,252
69.75,2.833,0.325,2.509,0.35,0.353,-0.003,253.0,253
69.9,2.844,0.325,2.519,0.35,0.355,-0.005,252.2,252
70.05,2.865,0.326,2.539,0.35,0.359,-0.009,251.2,251
70.2,2.875,0.327,2.547,0.35,0.361,-0.011,250.2,250
70.35,2.88,0.328,2.552,0.35,0.359,-0.009,250.1,250
70.5,2.886,0.328,2.558,0.35,0.36,-0.01,249.3,249
70.65,2.891,0.329,2.562,0.35,0.36,-0.01,248.7,248
70.8,2.904,0.33,2.575,0.35,0.363,-0.013,247.4,247
70.95,2.915,0.33,2.585,0.35,0.363,-0.013,246.9,246
71.1,2.924,0.331,2.593,0.35,0.365,-0.015,245.5,245
71.25,2.93,0.331,2.599,0.35,0.363,-0.013,245.1,245
71.4,2.931,0.331,2.599,0.35,0.366,-0.016,243.6,243
71.55,2.927,0.332,2.595,0.35,0.366,-0.016,242.9,242
71.7,2.925,0.332,2.594,0.35,0.365,-0.015,242.1,242
71.85,2.919,0.332,2.587,0.35,0.364,-0.014,241.4,241
72.0,2.919,0.332,2.587,0.35,0.366,-0.016,240.1,240
72.15,2.909,0.332,2.576,0.35,0.365,-0.015,239.5,239
72.3,2.906,0.332,2.574,0.35,0.363,-0.013,239.0,239
72.45,2.906,0.332,2.574,0.35,0.363,-0.013,238.3,238
72.6,2.892,0.332,2.56,0.35,0.361,-0.011,237.8,237
72.75,2.875,0.331,2.544,0.35,0.362,-0.012,237.1,237
72.9,2.871,0.331,2.539,0.35,0.363,-0.013,236.2,236
73.05,2.852,0.331,2.521,0.35,0.362,-0.012,235.7,235
73.2,2.84,0.331,2.509,0.35,0.364,-0.014,234.5,234
73.35,2.828,0.332,2.496,0.35,0.365,-0.015,233.3,233
73.5,2.818,0.332,2.486,0.35,0.365,-0.015,232.6,232
73.65,2.805,0.332,2.473,0.35,0.363,-0.013,232.2,232
73.8,2.788,0.332,2.456,0.35,0.365,-0.015,230.9,230
73.95,2.762,0.332,2.43,0.35,0.365,-0.015,230.1,230
74.1,2.744,0.332,2.412,0.35,0.362,-0.012,229.8,229
74.25,2.726,0.332,2.394,0.35,0.363,-0.013,228.8,228
74.4,2.699,0.332,2.367,0.35,0.365,-0.015,227.7,227
74.55,2.675,0.332,2.343,0.35,0.363,-0.013,227.4,227
74.7,2.646,0.332,2.314,0.35,0.365,-0.015,226.1,226
74.85,2.622,0.332,2.289,0.35,0.366,-0.016,224.9,224
75.0,2.588,0.332,2.256,0.35,0.365,-0.015,224.4,224
75.15,2.556,0.332,2.224,0.35,0.363,-0.013,223.9,223
75.3,2.535,0.332,2.203,0.35,0.363,-0.013,223.0,222
75.45,2.511,0.332,2.179,0.35,0.363,-0.013,222.3,222
75.6,2.481,0.332,2.149,0.35,0.364,-0.014,221.2,221
75.75,2.455,0.332,2.123,0.35,0.362,-0.012,220.9,220
75.9,2.427,0.331,2.096,0.35,0.359,-0.009,220.8,220
76.05,2.397,0.331,2.066,0.35,0.359,-0.009,220.2,220
76.2,2.362,0.331,2.031,0.35,0.36,-0.01,219.4,219
76.35,2.329,0.331,1.998,0.35,0.361,-0.011,218.6,218
76.5,2.293,0.331,1.962,0.35,0.361,-0.011,218.1,218
76.65,2.261,0.331,1.93,0.35,0.362,-0.012,217.1,217
76.8,2.225,0.331,1.894,0.35,0.363,-0.013,216.3,216
76.95,2.191,0.331,1.86,0.35,0.364,-0.014,215.4,215
77.1,2.15,0.331,1.818,0.35,0.365,-0.015,214.3,214
77.25,2.11,0.331,1.779,0.35,0.363,-0.013,213.9,213
77.4,2.063,0.332,1.731,0.35,0.363,-0.013,213.1,213
77.55,2.014,0.331,1.683,0.35,0.363,-0.013,212.4,212
77.7,1.974,0.331,1.642,0.35,0.362,-0.012,211.8,211
77.85,1.931,0.331,1.6,0.35,0.359,-0.009,211.8,211
78.0,1.894,0.331,1.563,0.35,0.36,-0.01,210.9,210
78.15,1.848,0.331,1.517,0.35,0.361,-0.011,210.0,210
78.3,1.803,0.33,1.473,0.35,0.359,-0.009,210.0,210
78.45,1.763,0.33,1.433,0.35,0.358,-0.008,209.8,209
78.6,1.721,0.33,1.391,0.35,0.359,-0.009,209.0,208
78.75,1.674,0.329,1.344,0.35,0.357,-0.007,209.0,209
78.9,1.638,0.329,1.309,0.35,0.354,-0.004,209.2,209
79.05,1.594,0.328,1.266,0.35,0.351,-0.001,209.5,209
79.2,1.556,0.327,1.229,0.35,0.349,0.001,209.8,209
79.35,1.506,0.327,1.18,0.35,0.349,0.001,209.9,209
79.5,1.461,0.326,1.135,0.35,0.351,-0.001,209.5,209
79.65,1.417,0.326,1.091,0.35,0.351,-0.001,209.5,209
79.8,1.371,0.326,1.045,0.35,0.348,0.002,210.1,210
79.95,1.326,0.325,1.0,0.35,0.349,0.001,209.9,209
80.1,1.288,0.325,0.963,0.35,0.351,-0.001,209.5,209
80.25,1.25,0.326,0.925,0.35,0.352,-0.002,209.3,209
80.4,1.212,0.325,0.887,0.35,0.35,0.0,209.7,209
80.55,1.165,0.325,0.84,0.35,0.348,0.002,210.1,210
80.7,1.118,0.325,0.794,0.35,0.346,0.004,210.6,210
80.85,1.077,0.324,0.753,0.35,0.344,0.006,211.2,211
81.0,1.033,0.324,0.709,0.35,0.345,0.005,211.4,211
81.15,0.987,0.323,0.664,0.35,0.344,0.006,211.9,211
81.3,0.955,0.323,0.632,0.35,0.344,0.006,212.3,212
81.45,0.922,0.323,0.599,0.35,0.346,0.004,212.1,212
81.6,0.884,0.323,0.561,0.35,0.348,0.002,211.9,211
81.75,0.851,0.323,0.527,0.35,0.347,0.003,212.2,212
81.9,0.811,0.323,0.488,0.35,0.345,0.005,213.0,213
82.05,0.777,0.323,0.454,0.35,0.346,0.004,213.0,213
82.2,0.743,0.323,0.42,0.35,0.343,0.007,213.9,213
82.35,0.707,0.322,0.385,0.35,0.343,0.007,214.3,214
82.5,0.665,0.322,0.343,0.35,0.344,0.006,214.4,214
82.65,0.634,0.322,0.312,0.35,0.342,0.008,215.2,215
82.8,0.607,0.322,0.286,0.35,0.34,0.01,216.1,216
82.95,0.573,0.321,0.253,0.35,0.338,0.012,217.1,217
83.1,0.535,0.32,0.214,0.35,0.337,0.013,218.0,218
83.25,0.503,0.32,0.184,0.35,0.335,0.015,219.2,219
83.4,0.475,0.319,0.156,0.35,0.337,0.013,219.4,219
83.55,0.439,0.32,0.12,0.35,0.34,0.01,219.7,219
83.7,0.407,0.32,0.087,0.35,0.34,0.01,220.2,220
83.85,0.382,0.32,0.062,0.35,0.34,0.01,221.0,221
84.0,0.357,0.32,0.037,0.35,0.34,0.01,221.5,221
84.15,0.338,0.32,0.018,0.35,0.342,0.008,221.5,221
84.3,0.31,0.321,-0.011,0.32,0.345,-0.025,214.1,214
84.45,0.282,0.321,-0.039,0.29,0.346,-0.056,206.0,206
84.6,0.264,0.322,-0.058,0.26,0.345,-0.085,196.8,196
84.75,0.25,0.322,-0.072,0.23,0.343,-0.113,185.9,185
84.9,0.223,0.322,-0.099,0.2,0.343,-0.143,173.1,173
85.05,0.208,0.321,-0.113,0.17,0.339,-0.169,159.3,159
85.2,0.193,0.32,-0.127,0.14,0.335,-0.195,144.0,144
85.35,0.171,0.319,-0.148,0.11,0.331,-0.221,127.1,127
85.5,0.15,0.318,-0.167,0.08,0.329,-0.249,108.2,108
85.65,0.14,0.317,-0.177,0.05,0.326,-0.276,-59.0,0
85.8,0.135,0.315,-0.18,0.02,0.319,-0.299,-63.6,0
85.95,0.116,0.313,-0.197,0.0,0.312,-0.312,-77.0,0
86.1,0.111,0.31,-0.2,0.0,0.305,-0.305,-75.2,0
86.25,0.107,0.307,-0.2,0.0,0.296,-0.296,-73.1,0
86.4,0.094,0.304,-0.21,0.0,0.29,-0.29,-71.6,0
86.55,0.083,0.301,-0.218,0.0,0.282,-0.282,-69.6,0
86.7,0.074,0.298,-0.223,0.0,0.277,-0.277,-68.3,0
86.85,0.068,0.295,-0.227,0.0,0.271,-0.271,-66.8,0
87.0,0.064,0.292,-0.228,0.0,0.264,-0.264,-65.2,0
87.15,0.064,0.288,-0.224,0.0,0.257,-0.257,-63.3,0
87.3,0.062,0.285,-0.223,0.0,0.252,-0.252,-62.1,0
87.45,0.062,0.282,-0.22,0.0,0.245,-0.245,-60.5,0
87.6,0.059,0.279,-0.22,0.0,0.238,-0.238,-58.7,0
87.75,0.062,0.275,-0.213,0.0,0.23,-0.23,-56.7,0
87.9,0.075,0.272,-0.198,0.0,0.226,-0.226,-55.9,0
88.05,0.087,0.27,-0.182,0.0,0.222,-0.222,-54.8,0
88.2,0.092,0.267,-0.175,0.0,0.217,-0.217,-53.6,0
88.35,0.101,0.264,-0.163,0.0,0.212,-0.212,-52.3,0
88.5,0.11,0.261,-0.151,0.0,0.205,-0.205,-50.6,0
88.65,0.123,0.259,-0.136,0.0,0.201,-0.201,-42.2,0
88.8,0.129,0.256,-0.126,0.0,0.194,-0.194,-40.5,0
88.95,0.145,0.253,-0.108,0.0,0.189,-0.189,-39.5,0
89.1,0.169,0.25,-0.081,0.0,0.185,-0.185,-38.7,0
89.25,0.191,0.248,-0.057,0.0,0.18,-0.18,-37.6,0
89.4,0.208,0.245,-0.037,0.0,0.176,-0.176,-36.8,0
89.55,0.231,0.243,-0.013,0.0,0.173,-0.173,-36.3,0
89.7,0.242,0.241,0.002,0.186,0.168,0.018,10.7,10
89.85,0.262,0.239,0.024,0.349,0.166,0.183,45.5,45
90.0,0.287,0.237,0.05,0.35,0.165,0.185,50.7,50
90.15,0.303,0.236,0.067,0.35,0.164,0.186,61.7,61
90.3,0.334,0.234,0.099,0.35,0.161,0.189,73.4,73
90.45,0.359,0.233,0.125,0.35,0.16,0.19,84.6,84
90.6,0.38,0.233,0.148,0.35,0.161,0.189,95.3,95
90.75,0.404,0.232,0.171,0.35,0.162,0.188,106.1,106
90.9,0.429,0.232,0.197,0.35,0.164,0.186,116.8,116
91.05,0.464,0.232,0.232,0.35,0.164,0.186,127.6,127
91.2,0.491,0.232,0.259,0.35,0.165,0.185,138.2,138
91.35,0.52,0.233,0.287,0.35,0.168,0.182,148.5,148
91.5,0.555,0.233,0.322,0.35,0.172,0.178,158.3,158
91.65,0.596,0.234,0.361,0.35,0.173,0.177,168.6,168
91.8,0.629,0.235,0.394,0.35,0.173,0.177,179.0,178
91.95,0.664,0.235,0.429,0.35,0.175,0.175,188.7,188
92.1,0.705,0.236,0.469,0.35,0.176,0.174,198.8,198
92.25,0.737,0.237,0.5,0.35,0.181,0.169,207.9,207
92.4,0.77,0.238,0.532,0.35,0.184,0.166,217.1,217
92.55,0.8,0.24,0.56,0.35,0.187,0.163,226.2,226
92.7,0.832,0.241,0.592,0.35,0.189,0.161,235.4,235
92.85,0.879,0.242,0.637,0.35,0.192,0.158,244.1,244
93.0,0.92,0.244,0.676,0.35,0.198,0.152,251.9,251
93.15,0.964,0.246,0.718,0.35,0.202,0.148,260.1,255
93.3,1.0,0.248,0.752,0.35,0.207,0.143,258.9,255
93.45,1.039,0.25,0.789,0.35,0.213,0.137,257.7,255
93.6,1.083,0.252,0.83,0.35,0.22,0.13,256.3,255
93.75,1.123,0.255,0.869,0.35,0.223,0.127,255.7,255
93.9,1.159,0.257,0.902,0.35,0.228,0.122,254.7,254
94.05,1.198,0.259,0.939,0.35,0.231,0.119,261.3,255
94.2,1.244,0.261,0.984,0.35,0.233,0.117,260.9,255
94.35,1.292,0.263,1.029,0.35,0.235,0.115,260.3,255
94.5,1.34,0.264,1.076,0.35,0.237,0.113,259.9,255
94.65,1.375,0.266,1.109,0.35,0.243,0.107,258.7,255
94.8,1.416,0.268,1.148,0.35,0.245,0.105,258.3,255
94.95,1.452,0.269,1.183,0.35,0.248,0.102,257.6,255
95.1,1.494,0.271,1.222,0.35,0.254,0.096,256.3,255
95.25,1.542,0.273,1.268,0.35,0.259,0.091,255.2,255
95.4,1.582,0.275,1.307,0.35,0.262,0.088,254.8,254
95.55,1.633,0.277,1.356,0.35,0.266,0.084,258.9,255
95.7,1.678,0.279,1.399,0.35,0.268,0.082,258.7,255
95.85,1.72,0.281,1.439,0.35,0.273,0.077,257.4,255
96.0,1.765,0.283,1.482,0.35,0.279,0.071,256.3,255
96.15,1.805,0.285,1.52,0.35,0.282,0.068,255.6,255
96.3,1.852,0.287,1.565,0.35,0.286,0.064,254.7,254
96.45,1.892,0.289,1.603,0.35,0.287,0.063,258.3,255
96.6,1.939,0.29,1.648,0.35,0.292,0.058,257.3,255
96.75,1.974,0.292,1.682,0.35,0.293,0.057,257.1,255
96.9,2.01,0.293,1.717,0.35,0.295,0.055,256.7,255
97.05,2.048,0.295,1.754,0.35,0.298,0.052,256.0,255
97.2,2.092,0.296,1.796,0.35,0.302,0.048,255.1,255
97.35,2.126,0.298,1.828,0.35,0.306,0.044,254.3,254
97.5,2.168,0.299,1.868,0.35,0.307,0.043,256.8,255
97.65,2.205,0.3,1.905,0.35,0.307,0.043,256.7,255
97.8,2.239,0.302,1.937,0.35,0.311,0.039,255.7,255
97.95,2.279,0.303,1.977,0.35,0.313,0.037,255.5,255
98.1,2.307,0.304,2.003,0.35,0.313,0.037,255.6,255
98.25,2.335,0.305,2.03,0.35,0.316,0.034,254.8,254
98.4,2.377,0.306,2.071,0.35,0.318,0.032,256.4,255
98.55,2.407,0.307,2.101,0.35,0.319,0.031,256.2,255
98.7,2.446,0.308,2.138,0.35,0.322,0.028,255.6,255
98.85,2.473,0.309,2.164,0.35,0.322,0.028,255.7,255
99.0,2.498,0.31,2.188,0.35,0.325,0.025,254.9,254
99.15,2.525,0.311,2.214,0.35,0.329,0.021,255.6,255
99.3,2.557,0.312,2.245,0.35,0.331,0.019,255.2,255
99.45,2.585,0.313,2.272,0.35,0.334,0.016,254.6,254
99.6,2.617,0.314,2.303,0.35,0.337,0.013,254.8,254
99.75,2.644,0.316,2.328,0.35,0.339,0.011,255.1,255
99.9,2.673,0.317,2.356,0.35,0.342,0.008,254.5,254
100.05,2.694,0.318,2.376,0.35,0.344,0.006,254.5,254
100.2,2.724,0.319,2.404,0.35,0.344,0.006,255.0,254
100.35,2.751,0.32,2.431,0.35,0.345,0.005,255.0,255
100.5,2.763,0.321,2.442,0.35,0.348,0.002,254.3,254
100.65,2.788,0.322,2.466,0.35,0.351,-0.001,253.8,253
100.8,2.806,0.323,2.482,0.35,0.354,-0.004,253.2,253
100.95,2.814,0.324,2.49,0.35,0.354,-0.004,253.1,253
101.1,2.836,0.325,2.511,0.35,0.354,-0.004,252.7,252
101.25,2.855,0.325,2.529,0.35,0.353,-0.003,252.8,252
101.4,2.87,0.326,2.544,0.35,0.353,-0.003,252.6,252
101.55,2.883,0.326,2.557,0.35,0.354,-0.004,252.1,252
101.7,2.892,0.326,2.566,0.35,0.354,-0.004,252.0,252
101.85,2.907,0.327,2.581,0.35,0.355,-0.005,251.5,251
102.0,2.914,0.327,2.587,0.35,0.358,-0.008,250.4,250
102.15,2.922,0.328,2.594,0.35,0.361,-0.011,249.3,249
102.3,2.93,0.329,2.602,0.35,0.361,-0.011,248.9,248
102.45,2.934,0.329,2.605,0.35,0.362,-0.012,247.9,247
102.6,2.938,0.33,2.608,0.35,0.362,-0.012,247.3,247
102.75,2.944,0.33,2.614,0.35,0.362,-0.012,246.6,246
102.9,2.94,0.33,2.61,0.35,0.364,-0.014,245.4,245
103.05,2.939,0.331,2.608,0.35,0.364,-0.014,244.7,244
103.2,2.941,0.331,2.611,0.35,0.362,-0.012,244.4,244
103.35,2.933,0.331,2.603,0.35,0.36,-0.01,244.1,244
103.5,2.928,0.331,2.597,0.35,0.363,-0.013,242.7,242
103.65,2.917,0.331,2.586,0.35,0.365,-0.015,241.6,241
103.8,2.904,0.332,2.572,0.35,0.365,-0.015,240.7,240
103.95,2.896,0.332,2.564,0.35,0.363,-0.013,240.3,240
104.1,2.893,0.332,2.561,0.35,0.366,-0.016,238.8,238
104.25,2.885,0.332,2.553,0.35,0.366,-0.016,237.9,237
104.4,2.88,0.333,2.547,0.35,0.368,-0.018,236.4,236
104.55,2.863,0.333,2.529,0.35,0.371,-0.021,234.8,234
104.7,2.849,0.334,2.515,0.35,0.371,-0.021,233.6,233
104.85,2.836,0.334,2.502,0.35,0.369,-0.019,233.0,232
105.0,2.81,0.334,2.476,0.35,0.371,-0.021,231.3,231
105.15,2.792,0.335,2.457,0.35,0.37,-0.02,230.2,230
105.3,2.775,0.335,2.44,0.35,0.371,-0.021,228.9,228
105.45,2.751,0.335,2.416,0.35,0.371,-0.021,227.6,227
105.6,2.73,0.335,2.395,0.35,0.372,-0.022,226.2,226
105.75,2.711,0.335,2.376,0.35,0.37,-0.02,225.3,225
105.9,2.692,0.335,2.357,0.35,0.367,-0.017,224.8,224
106.05,2.66,0.335,2.325,0.35,0.368,-0.018,223.4,223
106.2,2.639,0.334,2.304,0.35,0.368,-0.018,222.6,222
106.35,2.605,0.334,2.27,0.35,0.366,-0.016,221.9,221
106.5,2.572,0.334,2.238,0.35,0.368,-0.018,220.5,220
106.65,2.552,0.334,2.218,0.35,0.366,-0.016,219.9,219
106.8,2.519,0.334,2.186,0.35,0.366,-0.016,219.0,218
106.95,2.488,0.333,2.155,0.35,0.364,-0.014,218.5,218
107.1,2.452,0.333,2.119,0.35,0.364,-0.014,217.6,217
107.25,2.416,0.332,2.084,0.35,0.362,-0.012,217.4,217
107.4,2.379,0.332,2.047,0.35,0.359,-0.009,217.3,217
107.55,2.346,0.331,2.015,0.35,0.358,-0.008,216.9,216
107.7,2.308,0.33,1.978,0.35,0.356,-0.006,216.9,216
107.85,2.282,0.33,1.952,0.35,0.355,-0.005,216.6,216
108.0,2.247,0.329,1.918,0.35,0.356,-0.006,216.1,216
108.15,2.205,0.329,1.876,0.35,0.356,-0.006,215.9,215
108.3,2.165,0.328,1.836,0.35,0.355,-0.005,215.8,215
108.45,2.137,0.328,1.809,0.35,0.353,-0.003,216.0,216
108.6,2.103,0.328,1.775,0.35,0.353,-0.003,215.5,215
108.75,2.059,0.327,1.732,0.35,0.353,-0.003,215.5,215
108.9,2.028,0.327,1.701,0.35,0.353,-0.003,215.3,215
109.05,1.984,0.327,1.657,0.35,0.353,-0.003,215.0,215
109.2,1.943,0.327,1.616,0.35,0.354,-0.004,214.7,214
109.35,1.901,0.327,1.574,0.35,0.355,-0.005,214.2,214
109.5,1.857,0.327,1.53,0.35,0.355,-0.005,214.1,214
109.65,1.815,0.327,1.488,0.35,0.356,-0.006,213.5,213
109.8,1.772,0.327,1.445,0.35,0.353,-0.003,213.9,213
109.95,1.736,0.327,1.409,0.35,0.354,-0.004,213.4,213
110.1,1.691,0.327,1.364,0.35,0.354,-0.004,213.1,213
110.25,1.652,0.327,1.325,0.35,0.356,-0.006,212.4,212
110.4,1.618,0.327,1.29,0.35,0.356,-0.006,212.2,212
110.55,1.573,0.327,1.246,0.35,0.355,-0.005,212.2,212
110.7,1.537,0.327,1.21,0.35,0.352,-0.002,212.5,212
110.85,1.485,0.327,1.159,0.35,0.351,-0.001,212.5,212
111.0,1.442,0.327,1.115,0.35,0.353,-0.003,212.0,212
111.15,1.403,0.327,1.076,0.35,0.353,-0.003,211.8,211
111.3,1.353,0.326,1.027,0.35,0.352,-0.002,212.0,211
111.45,1.315,0.326,0.989,0.35,0.352,-0.002,211.8,211
111.6,1.276,0.326,0.95,0.35,0.352,-0.002,211.7,211
111.75,1.24,0.326,0.914,0.35,0.352,-0.002,211.5,211
111.9,1.204,0.326,0.878,0.35,0.353,-0.003,211.1,211
112.05,1.164,0.326,0.838,0.35,0.352,-0.002,211.2,211
112.2,1.117,0.326,0.791,0.35,0.351,-0.001,211.4,211
112.35,1.068,0.326,0.742,0.35,0.348,0.002,212.0,211
112.5,1.024,0.325,0.699,0.35,0.347,0.003,212.1,212
112.65,0.984,0.325,0.66,0.35,0.346,0.004,212.5,212
112.8,0.949,0.324,0.624,0.35,0.347,0.003,212.6,212
112.95,0.902,0.324,0.578,0.35,0.347,0.003,212.8,212
113.1,0.858,0.324,0.534,0.35,0.346,0.004,213.1,213
113.25,0.82,0.324,0.496,0.35,0.346,0.004,213.4,213
113.4,0.779,0.323,0.456,0.35,0.343,0.007,214.3,214
113.55,0.744,0.323,0.421,0.35,0.345,0.005,214.2,214
113.7,0.708,0.323,0.385,0.35,0.346,0.004,214.3,214
113.85,0.67,0.323,0.347,0.35,0.346,0.004,214.5,214
114.0,0.644,0.323,0.321,0.35,0.345,0.005,215.1,215
114.15,0.614,0.323,0.291,0.35,0.345,0.005,215.2,215
114.3,0.575,0.323,0.252,0.35,0.343,0.007,216.0,215
114.45,0.537,0.322,0.214,0.35,0.342,0.008,216.7,216
114.6,0.507,0.322,0.185,0.35,0.344,0.006,216.6,216
114.75,0.472,0.322,0.15,0.35,0.346,0.004,216.4,216
114.9,0.438,0.323,0.115,0.35,0.348,0.002,216.4,216
115.05,0.419,0.323,0.097,0.35,0.346,0.004,216.9,216
115.2,0.399,0.323,0.076,0.35,0.344,0.006,217.6,217
115.35,0.378,0.323,0.056,0.35,0.345,0.005,217.7,217
115.5,0.349,0.323,0.026,0.35,0.345,0.005,218.0,218
115.65,0.321,0.323,-0.002,0.336,0.347,-0.011,214.4,214
115.8,0.304,0.323,-0.019,0.306,0.346,-0.04,207.1,207
115.95,0.273,0.323,-0.05,0.276,0.346,-0.07,198.6,198
116.1,0.251,0.323,-0.072,0.246,0.345,-0.099,188.4,188
116.25,0.236,0.323,-0.087,0.216,0.344,-0.128,176.6,176
116.4,0.216,0.322,-0.106,0.186,0.34,-0.154,163.8,163
116.55,0.194,0.321,-0.127,0.156,0.335,-0.179,149.4,149
116.7,0.181,0.32,-0.139,0.126,0.335,-0.209,132.6,132
116.85,0.17,0.319,-0.149,0.096,0.334,-0.238,114.3,114
117.0,0.159,0.318,-0.159,0.066,0.331,-0.264,94.9,94
117.15,0.149,0.317,-0.168,0.036,0.328,-0.292,-62.2,0
117.3,0.14,0.315,-0.176,0.006,0.32,-0.313,-66.6,0
117.45,0.119,0.313,-0.194,0.0,0.313,-0.313,-77.2,0
117.6,0.116,0.311,-0.194,0.0,0.307,-0.307,-75.8,0
117.75,0.102,0.308,-0.206,0.0,0.298,-0.298,-73.6,0
117.9,0.1,0.305,-0.205,0.0,0.292,-0.292,-72.0,0
118.05,0.098,0.302,-0.204,0.0,0.286,-0.286,-70.6,0
118.2,0.091,0.299,-0.208,0.0,0.279,-0.279,-68.8,0
118.35,0.081,0.296,-0.215,0.0,0.272,-0.272,-67.0,0
118.5,0.084,0.292,-0.209,0.0,0.266,-0.266,-65.5,0
118.65,0.081,0.289,-0.208,0.0,0.261,-0.261,-64.4,0
118.8,0.081,0.287,-0.206,0.0,0.256,-0.256,-63.2,0
118.95,0.087,0.284,-0.197,0.0,0.252,-0.252,-62.1,0
119.1,0.084,0.281,-0.197,0.0,0.244,-0.244,-60.2,0
119.25,0.093,0.278,-0.185,0.0,0.236,-0.236,-58.3,0
119.4,0.091,0.274,-0.183,0.0,0.228,-0.228,-56.3,0
119.55,0.095,0.271,-0.177,0.0,0.224,-0.224,-55.2,0
119.7,0.106,0.268,-0.162,0.0,0.22,-0.22,-54.3,0
119.85,0.12,0.266,-0.146,0.0,0.215,-0.215,-53.0,0
120.0,0.124,0.263,-0.139,0.0,0.208,-0.208,-43.4,0
120.15,0.133,0.26,-0.127,0.0,0.204,-0.204,-42.6,0
120.3,0.149,0.258,-0.109,0.0,0.2,-0.2,-42.0,0
120.45,0.158,0.255,-0.097,0.0,0.195,-0.195,-40.7,0
120.6,0.174,0.253,-0.078,0.0,0.191,-0.191,-40.1,0
120.75,0.187,0.25,-0.063,0.0,0.187,-0.187,-39.1,0
120.9,0.209,0.248,-0.039,0.0,0.185,-0.185,-38.7,0
121.05,0.231,0.246,-0.015,0.0,0.18,-0.18,-37.6,0
121.2,0.249,0.244,0.004,0.22,0.176,0.044,17.5,17
121.35,0.265,0.242,0.022,0.346,0.175,0.171,43.2,43
121.5,0.292,0.241,0.051,0.35,0.172,0.178,50.1,50
121.65,0.322,0.239,0.083,0.35,0.169,0.181,61.1,61
121.8,0.353,0.238,0.115,0.35,0.166,0.184,72.3,72
121.95,0.374,0.236,0.138,0.35,0.165,0.185,83.1,83
122.1,0.396,0.235,0.161,0.35,0.165,0.185,94.0,94
122.25,0.429,0.235,0.194,0.35,0.166,0.184,104.5,104
122.4,0.454,0.234,0.22,0.35,0.166,0.184,115.4,115
122.55,0.479,0.234,0.245,0.35,0.165,0.185,126.5,126
122.7,0.505,0.234,0.271,0.35,0.167,0.183,136.8,136
122.85,0.535,0.234,0.301,0.35,0.169,0.181,147.0,146
123.0,0.563,0.234,0.328,0.35,0.17,0.18,157.5,157
123.15,0.592,0.234,0.358,0.35,0.171,0.179,167.7,167
123.3,0.634,0.235,0.399,0.35,0.171,0.179,178.2,178
123.45,0.677,0.235,0.442,0.35,0.173,0.177,188.2,188
123.6,0.717,0.236,0.482,0.35,0.175,0.175,198.1,198
123.75,0.751,0.237,0.514,0.35,0.18,0.17,207.1,207
123.9,0.781,0.238,0.543,0.35,0.185,0.165,216.0,215
124.05,0.813,0.24,0.574,0.35,0.189,0.161,225.0,225
124.2,0.861,0.242,0.619,0.35,0.195,0.155,233.0,232
124.35,0.898,0.244,0.654,0.35,0.199,0.151,241.3,241
124.5,0.94,0.246,0.695,0.35,0.203,0.147,249.4,249
124.65,0.979,0.248,0.731,0.35,0.207,0.143,257.1,255
124.8,1.018,0.249,0.769,0.35,0.209,0.141,256.7,255
124.95,1.066,0.251,0.815,0.35,0.215,0.135,255.5,255
125.1,1.109,0.254,0.855,0.35,0.221,0.129,254.2,254
125.25,1.154,0.256,0.898,0.35,0.224,0.126,261.2,255
125.4,1.191,0.258,0.933,0.35,0.229,0.121,260.1,255
125.55,1.227,0.26,0.967,0.35,0.234,0.116,259.1,255
125.7,1.267,0.262,1.005,0.35,0.235,0.115,258.8,255
125.85,1.31,0.264,1.046,0.35,0.241,0.109,257.4,255
126.0,1.36,0.266,1.093,0.35,0.245,0.105,256.6,255
126.15,1.397,0.268,1.129,0.35,0.249,0.101,255.8,255
126.3,1.445,0.27,1.175,0.35,0.252,0.098,255.2,255
126.45,1.481,0.272,1.209,0.35,0.254,0.096,254.9,254
126.6,1.517,0.274,1.243,0.35,0.258,0.092,259.5,255
126.75,1.563,0.275,1.288,0.35,0.261,0.089,259.0,255
126.9,1.614,0.277,1.337,0.35,0.263,0.087,258.5,255
127.05,1.655,0.279,1.376,0.35,0.266,0.084,258.0,255
127.2,1.701,0.28,1.421,0.35,0.272,0.078,256.7,255
127.35,1.736,0.282,1.453,0.35,0.277,0.073,255.5,255
127.5,1.776,0.284,1.491,0.35,0.28,0.07,255.0,254
127.65,1.825,0.286,1.539,0.35,0.283,0.067,258.5,255
127.8,1.861,0.288,1.573,0.35,0.288,0.062,257.4,255
127.95,1.896,0.29,1.607,0.35,0.288,0.062,257.5,255
128.1,1.942,0.291,1.651,0.35,0.289,0.061,257.3,255
128.25,1.982,0.292,1.69,0.35,0.291,0.059,256.8,255
128.4,2.026,0.293,1.733,0.35,0.292,0.058,256.6,255
128.55,2.059,0.294,1.765,0.35,0.294,0.056,256.2,255
128.7,2.104,0.295,1.809,0.35,0.298,0.052,255.2,255
128.85,2.146,0.297,1.849,0.35,0.303,0.047,254.3,254
129.0,2.182,0.298,1.884,0.35,0.303,0.047,257.0,255
129.15,2.223,0.299,1.924,0.35,0.307,0.043,256.1,255
129.3,2.264,0.301,1.964,0.35,0.308,0.042,256.0,255
129.45,2.294,0.302,1.992,0.35,0.311,0.039,255.3,255
129.6,2.327,0.303,2.024,0.35,0.314,0.036,254.7,254
129.75,2.364,0.304,2.06,0.35,0.314,0.036,256.8,255
129.9,2.392,0.305,2.087,0.35,0.318,0.032,255.9,255
130.05,2.428,0.307,2.122,0.35,0.32,0.03,255.5,255
130.2,2.455,0.308,2.147,0.35,0.324,0.026,254.7,254
130.35,2.486,0.309,2.177,0.35,0.324,0.026,256.3,255
130.5,2.516,0.31,2.206,0.35,0.327,0.023,255.7,255
130.65,2.551,0.311,2.239,0.35,0.33,0.02,254.9,254
130.8,2.581,0.313,2.268,0.35,0.333,0.017,255.6,255
130.95,2.602,0.314,2.289,0.35,0.335,0.015,255.0,255
131.1,2.636,0.315,2.321,0.35,0.338,0.012,254.6,254
131.25,2.668,0.316,2.352,0.35,0.337,0.013,255.5,255
131.4,2.694,0.317,2.377,0.35,0.34,0.01,254.7,254
131.55,2.721,0.318,2.403,0.35,0.344,0.006,254.4,254
131.7,2.741,0.319,2.422,0.35,0.345,0.005,254.8,254
131.85,2.755,0.32,2.435,0.35,0.347,0.003,254.4,254
132.0,2.77,0.322,2.448,0.35,0.35,-0.0,254.0,253
132.15,2.79,0.322,2.468,0.35,0.349,0.001,254.3,254
132.3,2.803,0.323,2.48,0.35,0.352,-0.002,253.6,253
132.45,2.815,0.324,2.491,0.35,0.351,-0.001,253.9,253
132.6,2.824,0.324,2.5,0.35,0.351,-0.001,253.8,253
132.75,2.841,0.324,2.517,0.35,0.35,-0.0,253.9,253
132.9,2.85,0.325,2.525,0.35,0.354,-0.004,253.0,253
133.05,2.869,0.325,2.543,0.35,0.353,-0.003,253.0,253
133.2,2.873,0.326,2.547,0.35,0.353,-0.003,252.8,252
133.35,2.883,0.326,2.557,0.35,0.355,-0.005,252.3,252
133.5,2.889,0.326,2.563,0.35,0.353,-0.003,252.4,252
133.65,2.906,0.327,2.579,0.35,0.356,-0.006,251.4,251
133.8,2.916,0.327,2.589,0.35,0.359,-0.009,250.6,250
133.95,2.914,0.328,2.586,0.35,0.358,-0.008,250.3,250
134.1,2.919,0.328,2.591,0.35,0.361,-0.011,249.1,249
134.25,2.922,0.329,2.593,0.35,0.364,-0.014,247.9,247
134.4,2.924,0.33,2.594,0.35,0.364,-0.014,247.2,247
134.55,2.922,0.331,2.592,0.35,0.365,-0.015,246.0,246
134.7,2.926,0.331,2.595,0.35,0.368,-0.018,244.5,244
134.85,2.926,0.332,2.594,0.35,0.369,-0.019,243.2,243
135.0,2.927,0.333,2.594,0.35,0.37,-0.02,241.9,241
135.15,2.923,0.334,2.589,0.35,0.372,-0.022,240.4,240
135.3,2.91,0.334,2.576,0.35,0.373,-0.023,238.8,238
135.45,2.897,0.335,2.562,0.35,0.371,-0.021,238.0,237
135.6,2.881,0.335,2.546,0.35,0.373,-0.023,236.2,236
135.75,2.875,0.336,2.539,0.35,0.375,-0.025,234.4,234
135.9,2.862,0.336,2.526,0.35,0.375,-0.025,233.1,233
136.05,2.852,0.336,2.515,0.35,0.374,-0.024,231.8,231
136.2,2.833,0.337,2.496,0.35,0.375,-0.025,230.1,230
136.35,2.823,0.337,2.486,0.35,0.375,-0.025,228.8,228
136.5,2.802,0.337,2.465,0.35,0.374,-0.024,227.4,227
136.65,2.787,0.337,2.45,0.35,0.374,-0.024,225.9,225
136.8,2.772,0.337,2.435,0.35,0.374,-0.024,224.7,224
136.95,2.753,0.337,2.416,0.35,0.371,-0.021,224.0,224
137.1,2.727,0.336,2.391,0.35,0.369,-0.019,223.0,223
137.25,2.695,0.336,2.36,0.35,0.368,-0.018,222.3,222
137.4,2.672,0.335,2.337,0.35,0.369,-0.019,220.9,220
137.55,2.64,0.335,2.306,0.35,0.367,-0.017,220.3,220
137.7,2.622,0.334,2.288,0.35,0.366,-0.016,219.5,219
137.85,2.594,0.334,2.26,0.35,0.364,-0.014,219.0,218
138.0,2.571,0.333,2.238,0.35,0.362,-0.012,218.7,218
138.15,2.543,0.332,2.211,0.35,0.36,-0.01,218.2,218
138.3,2.513,0.332,2.181,0.35,0.36,-0.01,217.7,217
138.45,2.483,0.331,2.152,0.35,0.357,-0.007,217.8,217
138.6,2.451,0.33,2.121,0.35,0.357,-0.007,217.2,217
138.75,2.417,0.33,2.088,0.35,0.356,-0.006,217.2,217
138.9,2.386,0.329,2.057,0.35,0.355,-0.005,217.0,217
139.05,2.352,0.328,2.024,0.35,0.352,-0.002,217.4,217
139.2,2.317,0.328,1.989,0.35,0.354,-0.004,216.7,216
139.35,2.286,0.328,1.959,0.35,0.353,-0.003,216.8,216
139.5,2.252,0.327,1.924,0.35,0.353,-0.003,216.5,216
139.65,2.215,0.327,1.888,0.35,0.354,-0.004,216.2,216
139.8,2.173,0.327,1.846,0.35,0.353,-0.003,216.1,216
139.95,2.135,0.327,1.808,0.35,0.355,-0.005,215.5,215
140.1,2.087,0.327,1.76,0.35,0.354,-0.004,215.4,215
140.25,2.048,0.327,1.72,0.35,0.356,-0.006,214.7,214
140.4,2.004,0.328,1.676,0.35,0.356,-0.006,214.4,214
140.55,1.963,0.328,1.635,0.35,0.356,-0.006,214.0,214
140.7,1.923,0.328,1.595,0.35,0.354,-0.004,214.1,214
140.85,1.887,0.327,1.56,0.35,0.354,-0.004,213.9,213
141.0,1.847,0.327,1.52,0.35,0.353,-0.003,214.0,213
141.15,1.802,0.327,1.475,0.35,0.351,-0.001,214.1,214
141.3,1.765,0.327,1.439,0.35,0.352,-0.002,213.8,213
141.45,1.72,0.326,1.394,0.35,0.352,-0.002,213.6,213
141.6,1.678,0.327,1.352,0.35,0.354,-0.004,213.1,213
141.75,1.637,0.327,1.31,0.35,0.355,-0.005,212.8,212
141.9,1.592,0.327,1.265,0.35,0.356,-0.006,212.2,212
142.05,1.554,0.327,1.227,0.35,0.354,-0.004,212.4,212
142.2,1.511,0.327,1.184,0.35,0.353,-0.003,212.4,212
142.35,1.46,0.327,1.133,0.35,0.353,-0.003,212.1,212
142.5,1.411,0.327,1.084,0.35,0.353,-0.003,212.1,212
142.65,1.362,0.327,1.036,0.35,0.354,-0.004,211.5,211
142.8,1.321,0.327,0.994,0.35,0.355,-0.005,211.0,211
142.95,1.285,0.327,0.958,0.35,0.354,-0.004,211.1,211
143.1,1.237,0.327,0.91,0.35,0.356,-0.006,210.3,210
143.25,1.198,0.328,0.87,0.35,0.357,-0.007,209.8,209
143.4,1.161,0.328,0.834,0.35,0.358,-0.008,209.3,209
143.55,1.118,0.328,0.789,0.35,0.359,-0.009,208.5,208
143.7,1.084,0.328,0.756,0.35,0.358,-0.008,208.3,208
143.85,1.039,0.329,0.71,0.35,0.358,-0.008,207.7,207
144.0,0.996,0.329,0.667,0.35,0.359,-0.009,207.0,207
144.15,0.96,0.329,0.631,0.35,0.359,-0.009,206.5,206
144.3,0.926,0.329,0.597,0.35,0.357,-0.007,206.6,206
144.45,0.887,0.329,0.559,0.35,0.357,-0.007,206.1,206
144.6,0.844,0.329,0.516,0.35,0.356,-0.006,206.0,205
144.75,0.812,0.328,0.484,0.35,0.354,-0.004,206.0,205
144.9,0.779,0.328,0.451,0.35,0.355,-0.005,205.5,205
145.05,0.735,0.328,0.407,0.35,0.355,-0.005,205.3,205
145.2,0.697,0.327,0.369,0.35,0.352,-0.002,205.8,205
145.35,0.667,0.327,0.341,0.35,0.348,0.002,206.3,206
145.5,0.633,0.326,0.307,0.35,0.346,0.004,206.9,206
145.65,0.606,0.325,0.281,0.35,0.348,0.002,206.6,206
145.8,0.569,0.325,0.244,0.35,0.348,0.002,206.7,206
145.95,0.536,0.325,0.211,0.35,0.35,0.0,206.4,206
146.1,0.505,0.325,0.181,0.35,0.347,0.003,207.1,207
146.25,0.481,0.324,0.157,0.35,0.345,0.005,207.7,207
146.4,0.449,0.323,0.125,0.35,0.343,0.007,208.5,208
146.55,0.426,0.323,0.102,0.35,0.345,0.005,208.3,208
146.7,0.395,0.323,0.072,0.35,0.343,0.007,209.2,209
146.85,0.374,0.322,0.052,0.35,0.343,0.007,209.5,209
147.0,0.345,0.322,0.023,0.35,0.344,0.006,209.6,209
147.15,0.318,0.322,-0.004,0.32,0.344,-0.024,202.5,202
147.3,0.297,0.323,-0.026,0.29,0.346,-0.056,194.4,194
147.45,0.27,0.322,-0.052,0.26,0.343,-0.083,185.7,185
147.6,0.245,0.322,-0.077,0.23,0.339,-0.109,175.4,175
147.75,0.23,0.321,-0.092,0.2,0.339,-0.139,162.6,162
147.9,0.214,0.32,-0.107,0.17,0.337,-0.167,148.7,148
148.05,0.197,0.32,-0.122,0.14,0.336,-0.196,132.7,132
148.2,0.175,0.319,-0.143,0.11,0.333,-0.223,115.7,115
148.35,0.166,0.318,-0.152,0.08,0.329,-0.249,97.3,97
148.5,0.148,0.316,-0.169,0.05,0.325,-0.275,-58.8,0
148.65,0.128,0.315,-0.187,0.02,0.319,-0.299,-63.6,0
148.8,0.122,0.312,-0.191,0.0,0.311,-0.311,-65.8,0
148.95,0.118,0.31,-0.192,0.0,0.305,-0.305,-75.3,0
149.1,0.11,0.307,-0.197,0.0,0.297,-0.297,-73.4,0
149.25,0.097,0.304,-0.207,0.0,0.29,-0.29,-71.5,0
149.4,0.089,0.301,-0.213,0.0,0.284,-0.284,-70.0,0
149.55,0.084,0.298,-0.213,0.0,0.275,-0.275,-67.9,0
149.7,0.086,0.294,-0.208,0.0,0.266,-0.266,-65.7,0
149.85,0.088,0.291,-0.203,0.0,0.262,-0.262,-64.6,0
150.0,0.079,0.288,-0.209,0.0,0.256,-0.256,-63.2,0
150.15,0.075,0.284,-0.209,0.0,0.25,-0.25,-61.6,0
150.3,0.072,0.281,-0.21,0.0,0.245,-0.245,-60.5,0
150.45,0.082,0.279,-0.197,0.0,0.242,-0.242,-59.6,0
150.6,0.085,0.276,-0.191,0.0,0.235,-0.235,-58.0,0
150.75,0.088,0.273,-0.185,0.0,0.229,-0.229,-56.5,0
150.9,0.097,0.27,-0.173,0.0,0.221,-0.221,-54.5,0
151.05,0.102,0.267,-0.164,0.0,0.213,-0.213,-52.6,0
151.2,0.116,0.263,-0.148,0.0,0.207,-0.207,-51.2,0
151.35,0.119,0.26,-0.141,0.0,0.2,-0.2,-49.4,0
151.5,0.131,0.257,-0.126,0.0,0.197,-0.197,-41.1,0
151.65,0.137,0.254,-0.117,0.0,0.189,-0.189,-39.5,0
151.8,0.159,0.251,-0.092,0.0,0.184,-0.184,-38.3,0
151.95,0.18,0.248,-0.068,0.0,0.179,-0.179,-37.5,0
152.1,0.188,0.245,-0.057,0.0,0.173,-0.173,-36.0,0
152.25,0.207,0.242,-0.036,0.0,0.168,-0.168,-35.0,0
152.4,0.23,0.239,-0.009,0.0,0.161,-0.161,-33.7,0
152.55,0.252,0.237,0.015,0.292,0.158,0.135,39.1,39
152.7,0.277,0.234,0.043,0.35,0.155,0.195,51.1,51
152.85,0.291,0.232,0.059,0.35,0.152,0.198,61.1,61
153.0,0.308,0.231,0.078,0.35,0.151,0.199,72.7,72
153.15,0.339,0.229,0.11,0.35,0.152,0.198,84.2,84
153.3,0.357,0.229,0.128,0.35,0.152,0.198,95.7,95
153.45,0.383,0.228,0.155,0.35,0.152,0.198,107.2,107
153.6,0.415,0.228,0.188,0.35,0.155,0.195,118.3,118
153.75,0.451,0.228,0.223,0.35,0.155,0.195,129.7,129
153.9,0.472,0.228,0.245,0.35,0.155,0.195,141.1,141
154.05,0.501,0.228,0.273,0.35,0.157,0.193,152.1,152
154.2,0.539,0.228,0.311,0.35,0.157,0.193,163.4,163
154.35,0.563,0.228,0.335,0.35,0.157,0.193,174.7,174
154.5,0.59,0.229,0.361,0.35,0.16,0.19,185.2,185
154.65,0.631,0.229,0.401,0.35,0.163,0.187,195.7,195
154.8,0.667,0.23,0.437,0.35,0.166,0.184,205.9,205
154.95,0.7,0.232,0.469,0.35,0.171,0.179,215.6,215
155.1,0.732,0.233,0.499,0.35,0.178,0.172,224.5,224
155.25,0.773,0.235,0.538,0.35,0.183,0.167,233.7,233
155.4,0.818,0.238,0.58,0.35,0.19,0.16,241.9,241
155.55,0.853,0.24,0.614,0.35,0.192,0.158,251.0,250
155.7,0.892,0.242,0.65,0.35,0.195,0.155,259.5,255
155.85,0.937,0.244,0.693,0.35,0.201,0.149,258.2,255
156.0,0.974,0.246,0.728,0.35,0.207,0.143,256.9,255
156.15,1.012,0.249,0.763,0.35,0.21,0.14,256.4,255
156.3,1.056,0.25,0.806,0.35,0.213,0.137,255.8,255
156.45,1.089,0.253,0.836,0.35,0.22,0.13,254.2,254
156.6,1.124,0.255,0.869,0.35,0.225,0.125,260.7,255
156.75,1.161,0.258,0.903,0.35,0.23,0.12,259.8,255
156.9,1.201,0.26,0.94,0.35,0.236,0.114,258.5,255
157.05,1.241,0.263,0.978,0.35,0.242,0.108,257.2,255
157.2,1.286,0.266,1.021,0.35,0.246,0.104,256.3,255
157.35,1.326,0.268,1.058,0.35,0.251,0.099,255.3,255
157.5,1.377,0.271,1.107,0.35,0.257,0.093,254.1,254
157.65,1.416,0.273,1.143,0.35,0.261,0.089,258.7,255
157.8,1.463,0.276,1.187,0.35,0.266,0.084,257.7,255
157.95,1.504,0.278,1.226,0.35,0.271,0.079,256.6,255
158.1,1.54,0.28,1.26,0.35,0.275,0.075,255.7,255
158.25,1.591,0.282,1.308,0.35,0.277,0.073,255.5,255
158.4,1.632,0.284,1.348,0.35,0.281,0.069,254.6,254
158.55,1.683,0.287,1.396,0.35,0.286,0.064,257.4,255
158.7,1.731,0.289,1.442,0.35,0.29,0.06,256.8,255
158.85,1.777,0.291,1.486,0.35,0.292,0.058,256.3,255
159.0,1.817,0.292,1.525,0.35,0.296,0.054,255.3,255
159.15,1.858,0.294,1.564,0.35,0.298,0.052,255.1,255
159.3,1.895,0.296,1.599,0.35,0.302,0.048,254.1,254
159.45,1.932,0.297,1.634,0.35,0.304,0.046,256.7,255
159.6,1.971,0.299,1.673,0.35,0.306,0.044,256.3,255
159.75,2.011,0.3,1.711,0.35,0.307,0.043,255.9,255
159.9,2.051,0.301,1.75,0.35,0.311,0.039,255.2,255
160.05,2.093,0.302,1.791,0.35,0.311,0.039,255.3,255
160.2,2.135,0.304,1.831,0.35,0.315,0.035,254.2,254
160.35,2.171,0.305,1.866,0.35,0.318,0.032,255.7,255
160.5,2.201,0.306,1.895,0.35,0.319,0.031,255.5,255
160.65,2.231,0.307,1.924,0.35,0.321,0.029,255.1,255
160.8,2.271,0.308,1.963,0.35,0.321,0.029,255.1,255
160.95,2.305,0.309,1.996,0.35,0.325,0.025,254.1,254
161.1,2.343,0.31,2.033,0.35,0.326,0.024,255.6,255
161.25,2.383,0.311,2.072,0.35,0.326,0.024,255.5,255
161.4,2.408,0.312,2.097,0.35,0.329,0.021,254.8,254
161.55,2.445,0.313,2.132,0.35,0.333,0.017,255.1,255
161.7,2.48,0.314,2.166,0.35,0.334,0.016,255.1,255
161.85,2.514,0.315,2.199,0.35,0.335,0.015,254.8,254
162.0,2.543,0.316,2.227,0.35,0.338,0.012,255.1,255
162.15,2.566,0.317,2.249,0.35,0.337,0.013,255.3,255
162.3,2.598,0.317,2.28,0.35,0.341,0.009,254.5,254
162.45,2.63,0.319,2.312,0.35,0.344,0.006,254.2,254
162.6,2.659,0.32,2.34,0.35,0.345,0.005,254.6,254
162.75,2.681,0.32,2.361,0.35,0.345,0.005,254.9,254
162.9,2.71,0.321,2.388,0.35,0.348,0.002,254.3,254
163.05,2.734,0.322,2.411,0.35,0.352,-0.002,253.8,253
163.2,2.756,0.323,2.433,0.35,0.353,-0.003,253.4,253
163.35,2.776,0.325,2.452,0.35,0.356,-0.006,252.7,252
163.5,2.795,0.325,2.47,0.35,0.355,-0.005,252.5,252
163.65,2.81,0.326,2.484,0.35,0.358,-0.008,251.6,251
163.8,2.83,0.327,2.503,0.35,0.36,-0.01,250.6,250
163.95,2.837,0.328,2.508,0.35,0.363,-0.013,249.4,249
164.1,2.844,0.329,2.515,0.35,0.364,-0.014,248.5,248
164.25,2.854,0.33,2.524,0.35,0.364,-0.014,247.6,247
164.4,2.867,0.331,2.536,0.35,0.366,-0.016,246.3,246
164.55,2.886,0.332,2.554,0.35,0.369,-0.019,244.9,244
164.7,2.898,0.332,2.565,0.35,0.369,-0.019,243.8,243
164.85,2.908,0.333,2.575,0.35,0.371,-0.021,242.2,242
165.0,2.913,0.334,2.579,0.35,0.371,-0.021,241.1,241
165.15,2.923,0.334,2.589,0.35,0.37,-0.02,240.2,240
165.3,2.919,0.334,2.585,0.35,0.372,-0.022,238.5,238
165.45,2.916,0.335,2.581,0.35,0.372,-0.022,237.1,237
165.6,2.915,0.335,2.58,0.35,0.373,-0.023,235.6,235
165.75,2.922,0.336,2.587,0.35,0.373,-0.023,234.4,234
165.9,2.923,0.336,2.587,0.35,0.373,-0.023,233.0,232
166.05,2.929,0.336,2.593,0.35,0.371,-0.021,232.1,232
166.2,2.924,0.336,2.588,0.35,0.373,-0.023,230.3,230
166.35,2.914,0.336,2.578,0.35,0.375,-0.025,228.5,228
166.5,2.904,0.337,2.567,0.35,0.377,-0.027,226.7,226
166.65,2.892,0.337,2.555,0.35,0.376,-0.026,225.5,225
166.8,2.891,0.337,2.554,0.35,0.374,-0.024,224.2,224
166.95,2.878,0.337,2.541,0.35,0.373,-0.023,223.2,223
167.1,2.862,0.337,2.525,0.35,0.374,-0.024,221.4,221
167.25,2.857,0.337,2.52,0.35,0.375,-0.025,220.0,219
167.4,2.839,0.337,2.502,0.35,0.373,-0.023,218.8,218
167.55,2.833,0.337,2.496,0.35,0.375,-0.025,217.1,217
167.7,2.823,0.337,2.487,0.35,0.372,-0.022,216.4,216
167.85,2.799,0.336,2.463,0.35,0.371,-0.021,215.2,215
168.0,2.788,0.336,2.451,0.35,0.372,-0.022,213.8,213
168.15,2.767,0.336,2.431,0.35,0.37,-0.02,213.0,213
168.3,2.74,0.336,2.404,0.35,0.37,-0.02,211.8,211
168.45,2.718,0.335,2.382,0.35,0.368,-0.018,211.0,211
168.6,2.695,0.335,2.36,0.35,0.365,-0.015,210.7,210
168.75,2.676,0.334,2.342,0.35,0.364,-0.014,210.0,209
168.9,2.652,0.333,2.319,0.35,0.361,-0.011,209.9,209
169.05,2.634,0.332,2.302,0.35,0.36,-0.01,209.4,209
169.2,2.609,0.332,2.277,0.35,0.361,-0.011,208.4,208
169.35,2.577,0.332,2.245,0.35,0.361,-0.011,207.8,207
169.5,2.554,0.332,2.223,0.35,0.363,-0.013,206.7,206
169.65,2.527,0.332,2.195,0.35,0.363,-0.013,206.0,206
169.8,2.489,0.331,2.158,0.35,0.361,-0.011,205.9,205
169.95,2.451,0.331,2.12,0.35,0.359,-0.009,205.6,205
170.1,2.424,0.33,2.094,0.35,0.356,-0.006,205.7,205
170.25,2.394,0.329,2.065,0.35,0.353,-0.003,206.0,205
170.4,2.363,0.328,2.034,0.35,0.351,-0.001,206.2,206
170.55,2.321,0.327,1.993,0.35,0.348,0.002,206.8,206
170.7,2.293,0.327,1.967,0.35,0.349,0.001,206.4,206
170.85,2.253,0.326,1.928,0.35,0.347,0.003,207.1,207
171.0,2.223,0.325,1.897,0.35,0.346,0.004,207.5,207
171.15,2.184,0.324,1.859,0.35,0.344,0.006,208.1,208
171.3,2.138,0.324,1.814,0.35,0.345,0.005,208.3,208
171.45,2.106,0.323,1.783,0.35,0.344,0.006,208.8,208
171.6,2.072,0.323,1.749,0.35,0.343,0.007,209.3,209
171.75,2.036,0.323,1.713,0.35,0.345,0.005,209.3,209
171.9,1.992,0.323,1.669,0.35,0.347,0.003,209.1,209
172.05,1.948,0.323,1.625,0.35,0.346,0.004,209.7,209
172.2,1.904,0.323,1.582,0.35,0.344,0.006,210.2,210
172.35,1.858,0.322,1.535,0.35,0.343,0.007,210.8,210
172.5,1.82,0.322,1.498,0.35,0.344,0.006,211.0,210
172.65,1.775,0.322,1.453,0.35,0.346,0.004,210.8,210
172.8,1.739,0.323,1.417,0.35,0.346,0.004,211.2,211
172.95,1.695,0.323,1.372,0.35,0.348,0.002,211.0,210
173.1,1.654,0.323,1.331,0.35,0.349,0.001,210.9,210
173.25,1.615,0.324,1.292,0.35,0.35,0.0,210.7,210
173.4,1.579,0.324,1.255,0.35,0.352,-0.002,210.3,210
173.55,1.532,0.325,1.207,0.35,0.351,-0.001,210.4,210
173.7,1.486,0.325,1.162,0.35,0.351,-0.001,210.5,210
173.85,1.439,0.325,1.114,0.35,0.35,0.0,210.7,210
174.0,1.393,0.325,1.069,0.35,0.348,0.002,211.1,211
174.15,1.344,0.324,1.02,0.35,0.346,0.004,211.7,211
174.3,1.302,0.324,0.978,0.35,0.345,0.005,212.0,211
174.45,1.263,0.323,0.94,0.35,0.345,0.005,212.4,212
174.6,1.215,0.323,0.892,0.35,0.345,0.005,212.6,212
174.75,1.18,0.323,0.857,0.35,0.346,0.004,212.7,212
174.9,1.138,0.323,0.815,0.35,0.347,0.003,212.7,212
175.05,1.103,0.323,0.78,0.35,0.349,0.001,212.5,212
175.2,1.065,0.324,0.742,0.35,0.348,0.002,212.9,212
175.35,1.02,0.324,0.697,0.35,0.348,0.002,212.9,212
175.5,0.982,0.324,0.658,0.35,0.349,0.001,212.8,212
175.65,0.946,0.324,0.622,0.35,0.347,0.003,213.5,213
175.8,0.91,0.324,0.586,0.35,0.348,0.002,213.3,213
175.95,0.865,0.324,0.541,0.35,0.349,0.001,213.1,213
176.1,0.828,0.324,0.504,0.35,0.349,0.001,213.3,213
176.25,0.795,0.324,0.471,0.35,0.347,0.003,213.7,213
176.4,0.757,0.324,0.434,0.35,0.345,0.005,214.5,214
176.55,0.719,0.323,0.396,0.35,0.345,0.005,214.7,214
176.7,0.686,0.323,0.362,0.35,0.347,0.003,214.5,214
176.85,0.652,0.324,0.329,0.35,0.349,0.001,214.2,214
177.0,0.614,0.324,0.29,0.35,0.351,-0.001,213.9,213
177.15,0.585,0.324,0.261,0.35,0.351,-0.001,213.9,213
177.3,0.546,0.325,0.221,0.35,0.352,-0.002,213.6,213
177.45,0.517,0.325,0.192,0.35,0.352,-0.002,213.5,213
177.6,0.48,0.325,0.154,0.35,0.351,-0.001,213.6,213
177.75,0.458,0.326,0.132,0.35,0.353,-0.003,213.1,213
177.9,0.424,0.326,0.098,0.35,0.354,-0.004,212.6,212
178.05,0.391,0.326,0.065,0.35,0.355,-0.005,212.3,212
178.2,0.372,0.326,0.045,0.35,0.353,-0.003,212.5,212
178.35,0.351,0.327,0.024,0.35,0.354,-0.004,212.0,211
178.5,0.331,0.326,0.005,0.35,0.352,-0.002,212.3,212
178.65,0.314,0.326,-0.012,0.32,0.349,-0.029,205.3,205
178.8,0.282,0.325,-0.044,0.29,0.348,-0.058,197.5,197
178.95,0.261,0.325,-0.064,0.26,0.347,-0.087,188.1,188
179.1,0.238,0.325,-0.087,0.23,0.347,-0.117,176.6,176
179.25,0.212,0.324,-0.113,0.2,0.346,-0.146,163.6,163
179.4,0.195,0.324,-0.128,0.17,0.343,-0.173,149.5,149
179.55,0.185,0.323,-0.138,0.14,0.34,-0.2,133.8,133
179.7,0.166,0.322,-0.156,0.11,0.338,-0.228,116.1,116
179.85,0.147,0.321,-0.173,0.08,0.334,-0.254,-54.3,0
180.0,0.128,0.319,-0.191,0.05,0.325,-0.275,-58.6,0
180.15,0.113,0.316,-0.203,0.02,0.318,-0.298,-73.5,0
180.3,0.1,0.314,-0.213,0.0,0.311,-0.311,-76.8,0
180.45,0.1,0.311,-0.211,0.0,0.304,-0.304,-74.9,0
180.6,0.088,0.308,-0.219,0.0,0.298,-0.298,-73.6,0
180.75,0.088,0.305,-0.217,0.0,0.291,-0.291,-71.8,0
180.9,0.087,0.301,-0.215,0.0,0.284,-0.284,-70.0,0
181.05,0.079,0.298,-0.219,0.0,0.278,-0.278,-68.6,0
181.2,0.083,0.295,-0.212,0.0,0.269,-0.269,-66.3,0
181.35,0.079,0.292,-0.212,0.0,0.264,-0.264,-65.0,0
181.5,0.079,0.288,-0.209,0.0,0.258,-0.258,-63.7,0
181.65,0.075,0.285,-0.21,0.0,0.25,-0.25,-61.7,0
181.8,0.077,0.282,-0.204,0.0,0.243,-0.243,-59.9,0
181.95,0.08,0.278,-0.198,0.0,0.236,-0.236,-58.3,0
182.1,0.08,0.275,-0.195,0.0,0.228,-0.228,-56.4,0
182.25,0.089,0.271,-0.182,0.0,0.221,-0.221,-54.6,0
182.4,0.101,0.268,-0.167,0.0,0.218,-0.218,-53.8,0
182.55,0.11,0.265,-0.155,0.0,0.21,-0.21,-51.9,0
182.7,0.116,0.262,-0.145,0.0,0.203,-0.203,-50.0,0
182.85,0.131,0.258,-0.127,0.0,0.197,-0.197,-41.1,0
183.0,0.14,0.255,-0.115,0.0,0.189,-0.189,-39.5,0
183.15,0.159,0.252,-0.093,0.0,0.186,-0.186,-38.9,0
183.3,0.165,0.249,-0.084,0.0,0.18,-0.18,-37.6,0
183.45,0.175,0.246,-0.072,0.0,0.176,-0.176,-36.8,0
183.6,0.187,0.244,-0.057,0.0,0.173,-0.173,-36.2,0
183.75,0.213,0.241,-0.028,0.0,0.168,-0.168,-35.1,0
183.9,0.239,0.239,0.0,0.167,0.164,0.003,6.8,6
184.05,0.255,0.237,0.018,0.315,0.162,0.153,37.8,37
184.2,0.272,0.235,0.036,0.35,0.161,0.189,50.2,50
184.35,0.299,0.234,0.065,0.35,0.159,0.191,60.3,60
184.5,0.325,0.233,0.093,0.35,0.159,0.191,71.5,71
184.65,0.354,0.232,0.123,0.35,0.157,0.193,83.1,83
184.8,0.376,0.231,0.145,0.35,0.156,0.194,94.7,94
184.95,0.407,0.23,0.176,0.35,0.158,0.192,105.5,105
185.1,0.436,0.23,0.206,0.35,0.156,0.194,117.2,117
185.25,0.468,0.229,0.239,0.35,0.155,0.195,128.8,128
185.4,0.504,0.229,0.275,0.35,0.155,0.195,140.1,140
185.55,0.535,0.228,0.307,0.35,0.155,0.195,151.5,151
185.7,0.572,0.229,0.343,0.35,0.157,0.193,162.4,162
185.85,0.601,0.229,0.372,0.35,0.162,0.188,172.7,172
186.0,0.628,0.23,0.398,0.35,0.163,0.187,183.5,183
186.15,0.663,0.231,0.432,0.35,0.167,0.183,193.4,193
186.3,0.694,0.232,0.463,0.35,0.169,0.181,203.8,203
186.45,0.73,0.233,0.497,0.35,0.174,0.176,213.3,213
186.6,0.76,0.235,0.525,0.35,0.179,0.171,222.5,222
186.75,0.794,0.236,0.557,0.35,0.183,0.167,231.7,231
186.9,0.826,0.238,0.588,0.35,0.188,0.162,240.4,240
187.05,0.868,0.24,0.627,0.35,0.193,0.157,248.7,248
187.2,0.909,0.243,0.666,0.35,0.199,0.151,256.8,255
187.35,0.953,0.245,0.708,0.35,0.203,0.147,255.9,255
187.5,0.996,0.247,0.749,0.35,0.209,0.141,254.5,254
187.65,1.032,0.249,0.783,0.35,0.212,0.138,262.4,255
187.8,1.071,0.252,0.819,0.35,0.219,0.131,260.8,255
187.95,1.112,0.254,0.857,0.35,0.224,0.126,259.7,255
188.1,1.153,0.257,0.896,0.35,0.227,0.123,259.0,255
188.25,1.197,0.259,0.938,0.35,0.232,0.118,257.9,255
188.4,1.237,0.262,0.976,0.35,0.239,0.111,256.5,255
188.55,1.278,0.264,1.014,0.35,0.243,0.107,255.7,255
188.7,1.327,0.266,1.06,0.35,0.245,0.105,255.4,255
188.85,1.363,0.268,1.094,0.35,0.248,0.102,254.6,254
189.0,1.405,0.27,1.134,0.35,0.252,0.098,259.8,255
189.15,1.447,0.272,1.175,0.35,0.255,0.095,259.2,255
189.3,1.483,0.274,1.209,0.35,0.256,0.094,259.0,255
189.45,1.521,0.275,1.246,0.35,0.26,0.09,258.1,255
189.6,1.559,0.277,1.282,0.35,0.261,0.089,258.0,255
189.75,1.61,0.278,1.332,0.35,0.263,0.087,257.6,255
189.9,1.652,0.279,1.373,0.35,0.264,0.086,257.3,255
190.05,1.702,0.28,1.421,0.35,0.269,0.081,256.2,255
190.2,1.747,0.282,1.465,0.35,0.273,0.077,255.5,255
190.35,1.792,0.283,1.509,0.35,0.275,0.075,255.2,255
190.5,1.835,0.284,1.551,0.35,0.276,0.074,254.8,254
190.65,1.879,0.285,1.594,0.35,0.277,0.073,259.0,255
190.8,1.923,0.287,1.637,0.35,0.28,0.07,258.3,255
190.95,1.968,0.288,1.68,0.35,0.285,0.065,257.3,255
191.1,2.005,0.29,1.716,0.35,0.289,0.061,256.3,255
191.25,2.045,0.291,1.755,0.35,0.29,0.06,256.4,255
191.4,2.086,0.292,1.794,0.35,0.293,0.057,255.6,255
191.55,2.126,0.294,1.832,0.35,0.295,0.055,255.2,255
191.7,2.162,0.295,1.867,0.35,0.298,0.052,254.5,254
191.85,2.194,0.297,1.897,0.35,0.303,0.047,256.5,255
192.0,2.232,0.298,1.934,0.35,0.306,0.044,255.7,255
192.15,2.262,0.3,1.962,0.35,0.307,0.043,255.7,255
192.3,2.298,0.301,1.997,0.35,0.311,0.039,254.7,254
192.45,2.338,0.303,2.035,0.35,0.316,0.034,256.0,255
192.6,2.373,0.304,2.069,0.35,0.319,0.031,255.3,255
192.75,2.412,0.306,2.105,0.35,0.323,0.027,254.4,254
192.9,2.446,0.308,2.138,0.35,0.327,0.023,255.3,255
193.05,2.48,0.309,2.171,0.35,0.327,0.023,255.4,255
193.2,2.506,0.311,2.195,0.35,0.331,0.019,254.5,254
193.35,2.538,0.312,2.226,0.35,0.334,0.016,254.8,254
193.5,2.561,0.314,2.247,0.35,0.336,0.014,255.5,255
193.65,2.583,0.315,2.268,0.35,0.336,0.014,255.5,255
193.8,2.612,0.316,2.297,0.35,0.336,0.014,255.5,255
193.95,2.638,0.316,2.321,0.35,0.336,0.014,255.6,255
194.1,2.668,0.317,2.351,0.35,0.335,0.015,255.7,255
194.25,2.695,0.317,2.378,0.35,0.336,0.014,255.6,255
194.4,2.721,0.317,2.404,0.35,0.335,0.015,255.8,255
194.55,2.74,0.317,2.423,0.35,0.335,0.015,255.8,255
194.7,2.762,0.317,2.445,0.35,0.334,0.016,255.9,255
194.85,2.787,0.317,2.47,0.35,0.336,0.014,255.4,255
195.0,2.799,0.318,2.481,0.35,0.34,0.01,254.5,254
195.15,2.815,0.319,2.496,0.35,0.34,0.01,255.2,255
195.3,2.826,0.319,2.507,0.35,0.34,0.01,255.3,255
195.45,2.842,0.32,2.523,0.35,0.343,0.007,254.5,254
195.6,2.859,0.32,2.539,0.35,0.343,0.007,255.0,254
195.75,2.878,0.32,2.557,0.35,0.343,0.007,255.5,255
195.9,2.887,0.321,2.566,0.35,0.343,0.007,255.5,255
196.05,2.894,0.321,2.572,0.35,0.346,0.004,254.7,254
196.2,2.903,0.322,2.582,0.35,0.345,0.005,255.3,255
196.35,2.904,0.322,2.582,0.35,0.346,0.004,255.0,255
196.5,2.905,0.322,2.583,0.35,0.345,0.005,255.3,255
196.65,2.917,0.322,2.595,0.35,0.345,0.005,255.3,255
196.8,2.925,0.322,2.602,0.35,0.347,0.003,254.8,254
196.95,2.922,0.323,2.6,0.35,0.348,0.002,254.8,254
197.1,2.929,0.323,2.605,0.35,0.349,0.001,254.6,254
197.25,2.924,0.324,2.6,0.35,0.352,-0.002,254.1,254
197.4,2.916,0.324,2.592,0.35,0.351,-0.001,254.3,254
197.55,2.921,0.325,2.596,0.35,0.351,-0.001,254.2,254
197.7,2.916,0.325,2.591,0.35,0.352,-0.002,253.8,253
197.85,2.916,0.325,2.591,0.35,0.353,-0.003,253.5,253
198.0,2.904,0.326,2.578,0.35,0.355,-0.005,252.8,252
198.15,2.899,0.326,2.572,0.35,0.356,-0.006,252.4,252
198.3,2.884,0.327,2.557,0.35,0.356,-0.006,252.2,252
198.45,2.877,0.327,2.55,0.35,0.356,-0.006,251.9,251
198.6,2.86,0.328,2.532,0.35,0.359,-0.009,250.8,250
198.75,2.852,0.328,2.524,0.35,0.36,-0.01,250.0,249
198.9,2.836,0.329,2.507,0.35,0.359,-0.009,249.7,249
199.05,2.822,0.329,2.493,0.35,0.362,-0.012,248.3,248
199.2,2.801,0.33,2.471,0.35,0.363,-0.013,247.6,247
199.35,2.784,0.33,2.453,0.35,0.362,-0.012,247.0,247
199.5,2.769,0.331,2.438,0.35,0.365,-0.015,245.7,245
199.65,2.753,0.331,2.422,0.35,0.364,-0.014,245.2,245
199.8,2.725,0.331,2.394,0.35,0.365,-0.015,244.0,244
199.95,2.706,0.331,2.375,0.35,0.363,-0.013,243.6,243
200.1,2.685,0.331,2.354,0.35,0.361,-0.011,243.2,243
200.25,2.667,0.331,2.336,0.35,0.363,-0.013,242.1,242
200.4,2.635,0.331,2.304,0.35,0.363,-0.013,241.4,241
200.55,2.603,0.331,2.272,0.35,0.362,-0.012,240.9,240
200.7,2.577,0.331,2.246,0.35,0.361,-0.011,240.3,240
200.85,2.552,0.331,2.221,0.35,0.361,-0.011,239.6,239
201.0,2.521,0.331,2.19,0.35,0.362,-0.012,238.8,238
201.15,2.488,0.331,2.157,0.35,0.362,-0.012,238.1,238
201.3,2.455,0.331,2.124,0.35,0.364,-0.014,236.8,236
201.45,2.42,0.331,2.089,0.35,0.363,-0.013,236.4,236
201.6,2.39,0.331,2.058,0.35,0.362,-0.012,235.9,235
201.75,2.352,0.331,2.021,0.35,0.363,-0.013,234.9,234
201.9,2.319,0.331,1.988,0.35,0.364,-0.014,234.0,233
202.05,2.284,0.332,1.952,0.35,0.365,-0.015,232.8,232
202.2,2.245,0.332,1.913,0.35,0.367,-0.017,231.5,231
202.35,2.219,0.333,1.886,0.35,0.369,-0.019,230.2,230
202.5,2.18,0.333,1.847,0.35,0.371,-0.021,228.7,228
202.65,2.139,0.334,1.805,0.35,0.372,-0.022,227.2,227
202.8,2.099,0.335,1.764,0.35,0.374,-0.024,225.5,225
202.95,2.056,0.335,1.721,0.35,0.374,-0.024,224.0,224
203.1,2.025,0.336,1.689,0.35,0.374,-0.024,222.6,222
203.25,1.993,0.336,1.657,0.35,0.373,-0.023,221.6,221
203.4,1.947,0.336,1.612,0.35,0.37,-0.02,220.9,220
203.55,1.906,0.336,1.57,0.35,0.372,-0.022,219.2,219
203.7,1.873,0.336,1.537,0.35,0.371,-0.021,218.1,218
203.85,1.831,0.336,1.495,0.35,0.373,-0.023,216.4,216
204.0,1.794,0.336,1.458,0.35,0.371,-0.021,215.6,215
204.15,1.748,0.336,1.413,0.35,0.369,-0.019,214.7,214
204.3,1.701,0.335,1.366,0.35,0.369,-0.019,213.7,213
204.45,1.667,0.335,1.332,0.35,0.37,-0.02,212.3,212
204.6,1.628,0.335,1.293,0.35,0.368,-0.018,211.6,211
204.75,1.584,0.335,1.249,0.35,0.369,-0.019,210.2,210
204.9,1.535,0.334,1.201,0.35,0.366,-0.016,209.8,209
205.05,1.499,0.334,1.165,0.35,0.365,-0.015,209.1,209
205.2,1.45,0.333,1.117,0.35,0.364,-0.014,208.5,208
205.35,1.403,0.333,1.07,0.35,0.363,-0.013,207.7,207
205.5,1.356,0.333,1.023,0.35,0.364,-0.014,206.8,206
205.65,1.323,0.333,0.99,0.35,0.364,-0.014,206.0,206
205.8,1.279,0.332,0.947,0.35,0.362,-0.012,205.6,205
205.95,1.238,0.332,0.906,0.35,0.363,-0.013,204.7,204
206.1,1.196,0.332,0.864,0.35,0.36,-0.01,204.6,204
206.25,1.147,0.331,0.816,0.35,0.359,-0.009,204.1,204
206.4,1.104,0.331,0.774,0.35,0.359,-0.009,203.7,203
206.55,1.068,0.33,0.738,0.35,0.359,-0.009,203.1,203
206.7,1.032,0.33,0.702,0.35,0.357,-0.007,203.0,203
206.85,0.996,0.33,0.667,0.35,0.358,-0.008,202.3,202
207.0,0.95,0.329,0.621,0.35,0.357,-0.007,202.3,202
207.15,0.911,0.329,0.583,0.35,0.355,-0.005,202.3,202
207.3,0.872,0.328,0.543,0.35,0.355,-0.005,202.0,201
207.45,0.832,0.328,0.504,0.35,0.354,-0.004,201.9,201
207.6,0.801,0.327,0.473,0.35,0.35,-0.0,202.5,202
207.75,0.766,0.327,0.439,0.35,0.35,-0.0,202.4,202
207.9,0.729,0.326,0.403,0.35,0.35,0.0,202.5,202
208.05,0.688,0.326,0.362,0.35,0.351,-0.001,202.2,202
208.2,0.656,0.326,0.33,0.35,0.35,0.0,202.5,202
208.35,0.625,0.325,0.299,0.35,0.348,0.002,203.0,202
208.5,0.598,0.325,0.273,0.35,0.347,0.003,203.1,203
208.65,0.566,0.324,0.242,0.35,0.347,0.003,203.4,203
208.8,0.531,0.324,0.207,0.35,0.348,0.002,203.3,203
208.95,0.495,0.324,0.171,0.35,0.348,0.002,203.5,203
209.1,0.472,0.324,0.148,0.35,0.348,0.002,203.7,203
209.25,0.445,0.324,0.122,0.35,0.345,0.005,204.4,204
209.4,0.422,0.323,0.099,0.35,0.344,0.006,204.9,204
209.55,0.4,0.323,0.078,0.35,0.341,0.009,205.8,205
209.7,0.371,0.322,0.048,0.35,0.343,0.007,205.9,205
209.85,0.344,0.322,0.022,0.35,0.341,0.009,206.9,206
210.0,0.31,0.321,-0.011,0.32,0.34,-0.02,200.2,200
210.15,0.282,0.321,-0.039,0.29,0.34,-0.05,192.7,192
210.3,0.267,0.321,-0.053,0.26,0.34,-0.08,183.4,183
210.45,0.252,0.32,-0.068,0.23,0.339,-0.109,172.7,172
210.6,0.236,0.32,-0.084,0.2,0.336,-0.136,160.8,160
210.75,0.219,0.319,-0.1,0.17,0.335,-0.165,146.6,146
210.9,0.202,0.318,-0.116,0.14,0.331,-0.191,131.6,131
211.05,0.188,0.317,-0.129,0.11,0.327,-0.217,115.0,115
211.2,0.172,0.316,-0.144,0.08,0.326,-0.246,96.2,96
211.35,0.149,0.315,-0.166,0.05,0.323,-0.273,-58.4,0
211.5,0.13,0.313,-0.183,0.02,0.314,-0.294,-62.6,0
211.65,0.12,0.31,-0.19,0.0,0.305,-0.305,-64.4,0
211.8,0.113,0.307,-0.194,0.0,0.297,-0.297,-73.2,0
211.95,0.108,0.304,-0.196,0.0,0.288,-0.288,-71.1,0
212.1,0.097,0.301,-0.203,0.0,0.281,-0.281,-69.4,0
212.25,0.085,0.298,-0.213,0.0,0.276,-0.276,-68.1,0
212.4,0.073,0.294,-0.221,0.0,0.268,-0.268,-66.1,0
212.55,0.066,0.291,-0.224,0.0,0.26,-0.26,-64.1,0
212.7,0.067,0.287,-0.22,0.0,0.253,-0.253,-62.3,0
212.85,0.064,0.283,-0.22,0.0,0.245,-0.245,-60.4,0
213.0,0.062,0.28,-0.218,0.0,0.241,-0.241,-59.5,0
213.15,0.07,0.277,-0.207,0.0,0.234,-0.234,-57.7,0
213.3,0.068,0.274,-0.206,0.0,0.228,-0.228,-56.3,0
213.45,0.068,0.271,-0.203,0.0,0.224,-0.224,-55.2,0
213.6,0.071,0.268,-0.197,0.0,0.22,-0.22,-54.2,0
213.75,0.083,0.265,-0.182,0.0,0.213,-0.213,-52.6,0
213.9,0.092,0.262,-0.17,0.0,0.206,-0.206,-50.8,0
214.05,0.097,0.259,-0.163,0.0,0.203,-0.203,-50.1,0
214.2,0.109,0.257,-0.148,0.0,0.197,-0.197,-48.7,0
214.35,0.128,0.254,-0.126,0.0,0.19,-0.19,-39.6,0
214.5,0.144,0.251,-0.107,0.0,0.187,-0.187,-39.1,0
214.65,0.158,0.248,-0.091,0.0,0.181,-0.181,-37.7,0
214.8,0.179,0.246,-0.067,0.0,0.176,-0.176,-36.8,0
214.95,0.195,0.243,-0.048,0.0,0.17,-0.17,-35.4,0
215.1,0.215,0.241,-0.026,0.0,0.167,-0.167,-35.1,0
215.25,0.237,0.238,-0.001,0.147,0.161,-0.015,2.5,2
215.4,0.259,0.236,0.023,0.342,0.155,0.187,45.8,45
215.55,0.276,0.233,0.042,0.35,0.153,0.197,51.8,51
215.7,0.297,0.232,0.065,0.35,0.153,0.197,63.1,63
215.85,0.314,0.23,0.084,0.35,0.153,0.197,74.5,74
216.0,0.335,0.229,0.105,0.35,0.152,0.198,86.3,86
216.15,0.359,0.228,0.13,0.35,0.152,0.198,97.9,97
216.3,0.379,0.228,0.151,0.35,0.153,0.197,109.2,109
216.45,0.415,0.228,0.188,0.35,0.155,0.195,120.4,120
216.6,0.444,0.228,0.216,0.35,0.156,0.194,131.6,131
216.75,0.473,0.228,0.244,0.35,0.159,0.191,142.1,142
216.9,0.507,0.229,0.278,0.35,0.162,0.188,152.7,152
217.05,0.532,0.23,0.302,0.35,0.166,0.184,162.7,162
217.2,0.564,0.231,0.332,0.35,0.17,0.18,172.8,172
217.35,0.592,0.232,0.36,0.35,0.17,0.18,183.4,183
217.5,0.62,0.233,0.387,0.35,0.171,0.179,193.7,193
217.65,0.664,0.234,0.43,0.35,0.176,0.174,203.1,203
217.8,0.697,0.236,0.462,0.35,0.179,0.171,212.6,212
217.95,0.733,0.237,0.496,0.35,0.182,0.168,222.1,222
218.1,0.772,0.238,0.533,0.35,0.185,0.165,231.2,231
218.25,0.81,0.24,0.571,0.35,0.188,0.162,240.3,240
218.4,0.843,0.241,0.601,0.35,0.192,0.158,248.8,248
218.55,0.876,0.243,0.633,0.35,0.197,0.153,256.9,255
218.7,0.921,0.245,0.676,0.35,0.2,0.15,256.4,255
218.85,0.966,0.247,0.719,0.35,0.204,0.146,255.6,255
219.0,1.012,0.248,0.764,0.35,0.208,0.142,254.8,254
219.15,1.054,0.251,0.803,0.35,0.214,0.136,261.8,255
219.3,1.099,0.253,0.846,0.35,0.221,0.129,260.3,255
219.45,1.144,0.255,0.889,0.35,0.223,0.127,260.0,255
219.6,1.176,0.257,0.919,0.35,0.227,0.123,259.1,255
219.75,1.216,0.259,0.957,0.35,0.233,0.117,257.7,255
219.9,1.252,0.262,0.99,0.35,0.238,0.112,256.7,255
220.05,1.29,0.264,1.026,0.35,0.242,0.108,255.9,255
220.2,1.34,0.266,1.073,0.35,0.245,0.105,255.3,255
220.35,1.377,0.268,1.108,0.35,0.25,0.1,254.3,254
220.5,1.414,0.271,1.144,0.35,0.255,0.095,259.1,255
220.65,1.462,0.273,1.189,0.35,0.26,0.09,258.1,255
220.8,1.51,0.275,1.235,0.35,0.263,0.087,257.4,255
220.95,1.548,0.277,1.271,0.35,0.268,0.082,256.2,255
221.1,1.595,0.28,1.315,0.35,0.272,0.078,255.5,255
221.25,1.64,0.281,1.358,0.35,0.275,0.075,255.0,254
221.4,1.683,0.283,1.4,0.35,0.276,0.074,259.0,255
221.55,1.719,0.285,1.434,0.35,0.279,0.071,258.5,255
221.7,1.759,0.286,1.472,0.35,0.283,0.067,257.5,255
221.85,1.806,0.288,1.518,0.35,0.288,0.062,256.5,255
222.0,1.848,0.29,1.558,0.35,0.291,0.059,256.0,255
222.15,1.888,0.292,1.596,0.35,0.293,0.057,255.5,255
222.3,1.926,0.293,1.633,0.35,0.294,0.056,255.5,255
222.45,1.968,0.294,1.673,0.35,0.295,0.055,255.1,255
222.6,2.006,0.295,1.711,0.35,0.298,0.052,254.5,254
222.75,2.049,0.297,1.753,0.35,0.301,0.049,256.8,255
222.9,2.087,0.298,1.788,0.35,0.306,0.044,255.9,255
223.05,2.128,0.299,1.828,0.35,0.306,0.044,256.0,255
223.2,2.173,0.3,1.873,0.35,0.306,0.044,256.0,255
223.35,2.216,0.301,1.915,0.35,0.306,0.044,255.9,255
223.5,2.249,0.302,1.947,0.35,0.311,0.039,254.8,254
223.65,2.281,0.303,1.978,0.35,0.311,0.039,257.3,255
223.8,2.321,0.304,2.017,0.35,0.312,0.038,257.0,255
223.95,2.351,0.305,2.046,0.35,0.316,0.034,256.0,255
224.1,2.391,0.306,2.085,0.35,0.318,0.032,255.7,255
224.25,2.417,0.307,2.111,0.35,0.319,0.031,255.5,255
224.4,2.446,0.308,2.138,0.35,0.323,0.027,254.6,254
224.55,2.475,0.309,2.166,0.35,0.323,0.027,256.2,255
224.7,2.51,0.31,2.2,0.35,0.325,0.025,255.7,255
224.85,2.539,0.311,2.229,0.35,0.326,0.024,255.6,255
225.0,2.574,0.311,2.263,0.35,0.326,0.024,255.6,255
225.15,2.595,0.312,2.283,0.35,0.33,0.02,254.6,254
225.3,2.622,0.313,2.308,0.35,0.334,0.016,255.1,255
225.45,2.646,0.314,2.332,0.35,0.335,0.015,255.0,254
225.6,2.665,0.315,2.349,0.35,0.336,0.014,255.5,255
225.75,2.688,0.316,2.371,0.35,0.34,0.01,254.7,254
225.9,2.717,0.317,2.4,0.35,0.34,0.01,255.5,255
226.05,2.737,0.318,2.419,0.35,0.342,0.008,255.0,254
226.2,2.764,0.319,2.445,0.35,0.341,0.009,255.6,255
226.35,2.79,0.32,2.471,0.35,0.344,0.006,255.0,255
226.5,2.815,0.321,2.494,0.35,0.347,0.003,254.2,254
226.65,2.833,0.322,2.512,0.35,0.35,0.0,253.9,253
226.8,2.842,0.323,2.519,0.35,0.352,-0.002,253.4,253
226.95,2.855,0.323,2.532,0.35,0.351,-0.001,253.6,253
227.1,2.868,0.324,2.544,0.35,0.353,-0.003,253.0,252
227.25,2.878,0.325,2.553,0.35,0.355,-0.005,252.4,252
227.4,2.889,0.326,2.564,0.35,0.355,-0.005,252.3,252
227.55,2.903,0.326,2.576,0.35,0.358,-0.008,251.3,251
227.7,2.915,0.327,2.588,0.35,0.359,-0.009,250.5,250
227.85,2.928,0.328,2.599,0.35,0.362,-0.012,249.4,249
228.0,2.932,0.329,2.603,0.35,0.363,-0.013,248.6,248
228.15,2.931,0.33,2.602,0.35,0.364,-0.014,247.6,247
228.3,2.929,0.331,2.599,0.35,0.366,-0.016,246.2,246
228.45,2.928,0.332,2.596,0.35,0.369,-0.019,244.6,244
228.6,2.926,0.333,2.594,0.35,0.372,-0.022,242.9,242
228.75,2.93,0.333,2.597,0.35,0.371,-0.021,242.1,242
228.9,2.921,0.334,2.586,0.35,0.373,-0.023,240.2,240
229.05,2.918,0.335,2.583,0.35,0.372,-0.022,239.2,239
229.2,2.916,0.335,2.581,0.35,0.372,-0.022,238.0,237
229.35,2.917,0.335,2.581,0.35,0.371,-0.021,236.9,236
229.5,2.912,0.335,2.577,0.35,0.372,-0.022,235.5,235
229.65,2.9,0.335,2.564,0.35,0.371,-0.021,234.4,234
229.8,2.89,0.335,2.555,0.35,0.37,-0.02,233.4,233
229.95,2.879,0.335,2.544,0.35,0.369,-0.019,232.5,232
230.1,2.862,0.335,2.527,0.35,0.37,-0.02,231.0,231
230.25,2.849,0.335,2.514,0.35,0.368,-0.018,230.3,230
230.4,2.835,0.335,2.5,0.35,0.368,-0.018,229.2,229
230.55,2.816,0.334,2.481,0.35,0.367,-0.017,228.5,228
230.7,2.801,0.334,2.467,0.35,0.368,-0.018,227.2,227
230.85,2.783,0.334,2.449,0.35,0.368,-0.018,226.2,226
231.0,2.77,0.334,2.436,0.35,0.365,-0.015,225.9,225
231.15,2.747,0.334,2.414,0.35,0.366,-0.016,224.6,224
231.3,2.719,0.333,2.386,0.35,0.365,-0.015,224.0,224
231.45,2.698,0.333,2.365,0.35,0.363,-0.013,223.6,223
231.6,2.673,0.333,2.34,0.35,0.364,-0.014,222.4,222
231.75,2.655,0.332,2.323,0.35,0.362,-0.012,222.3,222
231.9,2.628,0.332,2.296,0.35,0.359,-0.009,222.2,222
232.05,2.601,0.331,2.27,0.35,0.359,-0.009,221.6,221
232.2,2.569,0.33,2.238,0.35,0.358,-0.008,221.3,221
232.35,2.546,0.33,2.216,0.35,0.355,-0.005,221.4,221
232.5,2.523,0.329,2.194,0.35,0.355,-0.005,221.1,221
232.65,2.491,0.329,2.162,0.35,0.355,-0.005,220.8,220
232.8,2.462,0.328,2.133,0.35,0.355,-0.005,220.5,220
232.95,2.431,0.328,2.103,0.35,0.356,-0.006,220.0,219
233.1,2.399,0.328,2.071,0.35,0.355,-0.005,220.0,219
233.25,2.37,0.328,2.042,0.35,0.354,-0.004,219.9,219
233.4,2.338,0.328,2.01,0.35,0.355,-0.005,219.4,219
233.55,2.299,0.327,1.972,0.35,0.352,-0.002,219.8,219
233.7,2.266,0.327,1.94,0.35,0.351,-0.001,219.9,219
233.85,2.22,0.327,1.894,0.35,0.352,-0.002,219.6,219
234.0,2.179,0.326,1.852,0.35,0.353,-0.003,219.3,219
234.15,2.146,0.326,1.82,0.35,0.351,-0.001,219.6,219
234.3,2.105,0.326,1.779,0.35,0.351,-0.001,219.5,219
234.45,2.065,0.326,1.739,0.35,0.349,0.001,220.0,220
234.6,2.023,0.325,1.697,0.35,0.35,-0.0,219.7,219
234.75,1.988,0.325,1.662,0.35,0.349,0.001,219.9,219
234.9,1.939,0.325,1.613,0.35,0.349,0.001,220.0,220
235.05,1.895,0.325,1.571,0.35,0.348,0.002,220.3,220
235.2,1.851,0.325,1.526,0.35,0.35,0.0,219.9,219
235.35,1.803,0.325,1.479,0.35,0.35,-0.0,219.9,219
235.5,1.757,0.325,1.432,0.35,0.349,0.001,220.2,220
235.65,1.714,0.325,1.389,0.35,0.351,-0.001,219.8,219
235.8,1.678,0.325,1.353,0.35,0.35,-0.0,219.9,219
235.95,1.642,0.325,1.317,0.35,0.35,-0.0,219.9,219
236.1,1.601,0.325,1.276,0.35,0.352,-0.002,219.3,219
236.25,1.563,0.326,1.237,0.35,0.354,-0.004,218.9,218
236.4,1.512,0.326,1.186,0.35,0.353,-0.003,218.9,218
236.55,1.472,0.326,1.146,0.35,0.355,-0.005,218.4,218
236.7,1.429,0.327,1.103,0.35,0.355,-0.005,218.1,218
236.85,1.39,0.327,1.063,0.35,0.356,-0.006,217.5,217
237.0,1.348,0.327,1.021,0.35,0.355,-0.005,217.4,217
237.15,1.307,0.327,0.98,0.35,0.355,-0.005,217.1,217
237.3,1.261,0.327,0.933,0.35,0.355,-0.005,216.8,216
237.45,1.214,0.327,0.887,0.35,0.356,-0.006,216.3,216
237.6,1.166,0.327,0.839,0.35,0.353,-0.003,216.6,216
237.75,1.133,0.327,0.806,0.35,0.354,-0.004,216.2,216
237.9,1.086,0.327,0.759,0.35,0.351,-0.001,216.6,216
238.05,1.047,0.326,0.721,0.35,0.351,-0.001,216.6,216
238.2,1.015,0.326,0.689,0.35,0.352,-0.002,216.3,216
238.35,0.969,0.326,0.643,0.35,0.351,-0.001,216.5,216
238.5,0.927,0.326,0.601,0.35,0.35,0.0,216.7,216
238.65,0.885,0.326,0.559,0.35,0.352,-0.002,216.1,216
238.8,0.852,0.325,0.527,0.35,0.349,0.001,216.7,216
238.95,0.812,0.325,0.487,0.35,0.351,-0.001,216.3,216
239.1,0.773,0.326,0.447,0.35,0.352,-0.002,216.0,215
239.25,0.737,0.326,0.411,0.35,0.353,-0.003,215.8,215
239.4,0.703,0.326,0.377,0.35,0.354,-0.004,215.4,215
239.55,0.674,0.326,0.348,0.35,0.354,-0.004,215.2,215
239.7,0.635,0.326,0.309,0.35,0.351,-0.001,215.6,215
239.85,0.606,0.326,0.28,0.35,0.353,-0.003,215.1,215
240.0,0.566,0.326,0.24,0.35,0.352,-0.002,215.0,215
240.15,0.528,0.326,0.202,0.35,0.35,-0.0,215.5,215
240.3,0.497,0.325,0.172,0.35,0.348,0.002,215.9,215
240.45,0.466,0.325,0.14,0.35,0.35,0.0,215.5,215
240.6,0.441,0.325,0.115,0.35,0.35,0.0,215.6,215
240.75,0.411,0.325,0.086,0.35,0.347,0.003,216.2,216
240.9,0.39,0.324,0.066,0.35,0.345,0.005,216.8,216
241.05,0.366,0.324,0.042,0.35,0.346,0.004,216.7,216
241.2,0.334,0.324,0.01,0.35,0.346,0.004,217.1,217
241.35,0.316,0.324,-0.008,0.32,0.348,-0.028,209.4,209
241.5,0.292,0.324,-0.031,0.29,0.346,-0.056,202.0,202
241.65,0.271,0.324,-0.053,0.26,0.347,-0.087,192.2,192
241.8,0.246,0.323,-0.078,0.23,0.347,-0.117,180.9,180
241.95,0.223,0.323,-0.1,0.2,0.344,-0.144,168.5,168
242.1,0.2,0.323,-0.123,0.17,0.344,-0.174,153.5,153
242.25,0.179,0.322,-0.143,0.14,0.339,-0.199,138.2,138
242.4,0.158,0.321,-0.163,0.11,0.335,-0.225,121.1,121
242.55,0.153,0.32,-0.167,0.08,0.332,-0.252,102.2,102
242.7,0.139,0.318,-0.179,0.05,0.326,-0.276,-58.8,0
242.85,0.132,0.316,-0.183,0.02,0.317,-0.297,-63.1,0
243.0,0.125,0.313,-0.188,0.0,0.307,-0.307,-64.9,0
243.15,0.114,0.309,-0.195,0.0,0.298,-0.298,-73.6,0
243.3,0.102,0.306,-0.204,0.0,0.293,-0.293,-72.2,0
243.45,0.1,0.302,-0.202,0.0,0.283,-0.283,-69.8,0
243.6,0.086,0.299,-0.213,0.0,0.277,-0.277,-68.3,0
243.75,0.078,0.295,-0.218,0.0,0.268,-0.268,-66.0,0
243.9,0.073,0.291,-0.219,0.0,0.259,-0.259,-63.8,0
244.05,0.064,0.287,-0.223,0.0,0.252,-0.252,-62.2,0
244.2,0.072,0.284,-0.212,0.0,0.247,-0.247,-60.9,0
244.35,0.065,0.281,-0.216,0.0,0.242,-0.242,-59.8,0
244.5,0.068,0.278,-0.21,0.0,0.238,-0.238,-58.8,0
244.65,0.069,0.275,-0.206,0.0,0.234,-0.234,-57.8,0
244.8,0.071,0.273,-0.202,0.0,0.23,-0.23,-56.7,0
244.95,0.079,0.27,-0.191,0.0,0.225,-0.225,-55.6,0
245.1,0.088,0.267,-0.179,0.0,0.218,-0.218,-53.7,0
245.25,0.093,0.265,-0.172,0.0,0.213,-0.213,-52.6,0
245.4,0.097,0.262,-0.165,0.0,0.206,-0.206,-50.9,0
245.55,0.103,0.259,-0.156,0.0,0.202,-0.202,-49.8,0
245.7,0.123,0.256,-0.133,0.0,0.197,-0.197,-41.1,0
245.85,0.136,0.254,-0.117,0.0,0.192,-0.192,-40.1,0
246.0,0.155,0.251,-0.096,0.0,0.189,-0.189,-39.6,0
246.15,0.176,0.249,-0.073,0.0,0.186,-0.186,-38.9,0
246.3,0.187,0.247,-0.061,0.0,0.182,-0.182,-38.0,0
246.45,0.201,0.245,-0.044,0.0,0.178,-0.178,-37.2,0
246.6,0.224,0.243,-0.02,0.0,0.175,-0.175,-36.7,0
246.75,0.245,0.241,0.003,0.208,0.171,0.037,15.5,15
246.9,0.269,0.239,0.029,0.35,0.166,0.184,46.1,46
247.05,0.282,0.238,0.044,0.35,0.166,0.184,51.6,51
247.2,0.304,0.236,0.068,0.35,0.165,0.185,62.5,62
247.35,0.328,0.235,0.092,0.35,0.163,0.187,73.8,73
247.5,0.351,0.234,0.117,0.35,0.163,0.187,84.7,84
247.65,0.379,0.234,0.146,0.35,0.163,0.187,95.7,95
247.8,0.41,0.233,0.177,0.35,0.161,0.189,107.0,107
247.95,0.436,0.232,0.204,0.35,0.162,0.188,117.8,117
248.1,0.472,0.232,0.24,0.35,0.162,0.188,128.9,128
248.25,0.498,0.232,0.266,0.35,0.163,0.187,139.6,139
248.4,0.523,0.232,0.291,0.35,0.163,0.187,150.7,150
248.55,0.558,0.232,0.326,0.35,0.164,0.186,161.4,161
248.7,0.584,0.232,0.352,0.35,0.164,0.186,172.3,172
248.85,0.62,0.232,0.388,0.35,0.164,0.186,183.1,183
249.0,0.655,0.232,0.423,0.35,0.166,0.184,193.5,193
249.15,0.691,0.233,0.459,0.35,0.168,0.182,203.9,203
249.3,0.73,0.233,0.497,0.35,0.172,0.178,213.5,213
249.45,0.768,0.235,0.533,0.35,0.178,0.172,222.7,222
249.6,0.802,0.236,0.565,0.35,0.18,0.17,232.5,232
249.75,0.836,0.238,0.599,0.35,0.184,0.166,241.4,241
249.9,0.876,0.24,0.636,0.35,0.191,0.159,249.6,249
250.05,0.917,0.242,0.675,0.35,0.195,0.155,258.3,255
250.2,0.951,0.244,0.707,0.35,0.202,0.148,256.6,255
250.35,0.996,0.246,0.749,0.35,0.208,0.142,255.4,255
250.5,1.032,0.249,0.783,0.35,0.214,0.136,254.1,254
250.65,1.076,0.252,0.824,0.35,0.22,0.13,260.8,255
250.8,1.122,0.254,0.867,0.35,0.223,0.127,260.2,255
250.95,1.158,0.257,0.901,0.35,0.228,0.122,259.3,255
251.1,1.202,0.259,0.943,0.35,0.232,0.118,258.4,255
251.25,1.238,0.261,0.977,0.35,0.235,0.115,257.8,255
251.4,1.284,0.263,1.021,0.35,0.237,0.113,257.3,255
251.55,1.327,0.265,1.062,0.35,0.241,0.109,256.5,255
251.7,1.376,0.267,1.11,0.35,0.244,0.106,255.9,255
251.85,1.411,0.269,1.142,0.35,0.25,0.1,254.6,254
252.0,1.447,0.271,1.176,0.35,0.256,0.094,259.1,255
252.15,1.495,0.273,1.222,0.35,0.26,0.09,258.4,255
252.3,1.538,0.275,1.263,0.35,0.261,0.089,258.1,255
252.45,1.587,0.277,1.31,0.35,0.265,0.085,257.3,255
252.6,1.633,0.279,1.354,0.35,0.27,0.08,256.3,255
252.75,1.681,0.281,1.4,0.35,0.272,0.078,256.0,255
252.9,1.72,0.282,1.438,0.35,0.275,0.075,255.3,255
253.05,1.754,0.284,1.47,0.35,0.28,0.07,254.2,254
253.2,1.796,0.286,1.51,0.35,0.284,0.066,257.4,255
253.35,1.844,0.288,1.556,0.35,0.285,0.065,257.3,255
253.5,1.886,0.29,1.596,0.35,0.29,0.06,256.0,255
253.65,1.932,0.292,1.64,0.35,0.296,0.054,255.0,254
253.8,1.974,0.293,1.681,0.35,0.297,0.053,258.0,255
253.95,2.011,0.295,1.716,0.35,0.3,0.05,257.3,255
254.1,2.042,0.296,1.746,0.35,0.301,0.049,257.2,255
254.25,2.078,0.298,1.78,0.35,0.306,0.044,256.1,255
254.4,2.121,0.3,1.821,0.35,0.31,0.04,255.2,255
254.55,2.151,0.301,1.85,0.35,0.31,0.04,255.3,255
254.7,2.185,0.302,1.882,0.35,0.312,0.038,254.7,254
254.85,2.222,0.304,1.919,0.35,0.315,0.035,256.4,255
255.0,2.264,0.305,1.959,0.35,0.318,0.032,255.6,255
255.15,2.296,0.306,1.99,0.35,0.321,0.029,255.1,255
255.3,2.33,0.308,2.022,0.35,0.324,0.026,254.4,254
255.45,2.365,0.309,2.055,0.35,0.328,0.022,255.1,255
255.6,2.395,0.311,2.084,0.35,0.33,0.02,254.7,254
255.75,2.429,0.312,2.117,0.35,0.331,0.019,255.7,255
255.9,2.465,0.313,2.152,0.35,0.332,0.018,255.6,255
256.05,2.5,0.314,2.186,0.35,0.335,0.015,254.9,254
256.2,2.525,0.315,2.21,0.35,0.337,0.013,255.4,255
256.35,2.55,0.316,2.234,0.35,0.336,0.014,255.6,255
256.5,2.581,0.317,2.265,0.35,0.337,0.013,255.2,255
256.65,2.609,0.317,2.291,0.35,0.339,0.011,255.0,255
256.8,2.634,0.318,2.316,0.35,0.339,0.011,254.9,254
256.95,2.661,0.319,2.342,0.35,0.342,0.008,255.0,254
257.1,2.69,0.319,2.371,0.35,0.342,0.008,255.4,255
257.25,2.719,0.32,2.399,0.35,0.344,0.006,254.9,254
257.4,2.738,0.321,2.417,0.35,0.348,0.002,254.4,254
257.55,2.753,0.322,2.431,0.35,0.348,0.002,254.6,254
257.7,2.777,0.322,2.455,0.35,0.347,0.003,254.9,254
257.85,2.802,0.323,2.479,0.35,0.35,-0.0,254.3,254
258.0,2.821,0.324,2.497,0.35,0.351,-0.001,254.2,254
258.15,2.843,0.325,2.519,0.35,0.355,-0.005,253.3,253
258.3,2.856,0.325,2.531,0.35,0.355,-0.005,253.0,252
258.45,2.875,0.326,2.549,0.35,0.358,-0.008,251.9,251
258.6,2.891,0.327,2.564,0.35,0.359,-0.009,251.5,251
258.75,2.906,0.328,2.578,0.35,0.359,-0.009,250.8,250
258.9,2.919,0.329,2.59,0.35,0.362,-0.012,249.6,249
259.05,2.925,0.329,2.595,0.35,0.363,-0.013,248.9,248
259.2,2.933,0.33,2.604,0.35,0.361,-0.011,248.6,248
259.35,2.928,0.33,2.598,0.35,0.363,-0.013,247.3,247
259.5,2.933,0.331,2.603,0.35,0.365,-0.015,246.2,246
259.65,2.938,0.331,2.606,0.35,0.366,-0.016,245.0,245
259.8,2.943,0.332,2.612,0.35,0.366,-0.016,244.2,244
259.95,2.944,0.332,2.611,0.35,0.368,-0.018,242.8,242
260.1,2.944,0.333,2.611,0.35,0.366,-0.016,242.2,242
260.25,2.935,0.333,2.603,0.35,0.366,-0.016,241.2,241
260.4,2.926,0.333,2.593,0.35,0.369,-0.019,239.5,239
260.55,2.915,0.333,2.581,0.35,0.368,-0.018,238.8,238
260.7,2.909,0.334,2.575,0.35,0.37,-0.02,237.3,237
260.85,2.907,0.334,2.572,0.35,0.371,-0.021,235.8,235
261.0,2.896,0.334,2.561,0.35,0.369,-0.019,235.2,235
261.15,2.885,0.334,2.551,0.35,0.37,-0.02,233.8,233
261.3,2.871,0.334,2.537,0.35,0.367,-0.017,233.2,233
261.45,2.855,0.334,2.521,0.35,0.366,-0.016,232.5,232
261.6,2.846,0.334,2.512,0.35,0.365,-0.015,231.8,231
261.75,2.837,0.333,2.504,0.35,0.366,-0.016,230.7,230
261.9,2.83,0.333,2.497,0.35,0.364,-0.014,230.3,230
262.05,2.812,0.333,2.48,0.35,0.363,-0.013,229.5,229
262.2,2.791,0.332,2.458,0.35,0.363,-0.013,228.7,228
262.35,2.769,0.332,2.437,0.35,0.362,-0.012,228.3,228
262.5,2.751,0.332,2.419,0.35,0.362,-0.012,227.5,227
262.65,2.733,0.332,2.401,0.35,0.364,-0.014,226.4,226
262.8,2.706,0.332,2.374,0.35,0.366,-0.016,225.2,225
262.95,2.681,0.332,2.349,0.35,0.363,-0.013,225.0,224
263.1,2.659,0.332,2.327,0.35,0.365,-0.015,223.7,223
263.25,2.642,0.332,2.31,0.35,0.362,-0.012,223.4,223
263.4,2.608,0.332,2.277,0.35,0.362,-0.012,222.8,222
263.55,2.587,0.332,2.256,0.35,0.363,-0.013,221.9,221
263.7,2.563,0.331,2.232,0.35,0.361,-0.011,221.7,221
263.85,2.532,0.331,2.201,0.35,0.358,-0.008,221.6,221
264.0,2.507,0.33,2.177,0.35,0.356,-0.006,221.4,221
264.15,2.477,0.33,2.147,0.35,0.357,-0.007,220.8,220
264.3,2.437,0.329,2.107,0.35,0.357,-0.007,220.4,220
264.45,2.397,0.329,2.068,0.35,0.356,-0.006,220.3,220
264.6,2.371,0.329,2.043,0.35,0.357,-0.007,219.6,219
264.75,2.343,0.329,2.015,0.35,0.355,-0.005,219.8,219
264.9,2.306,0.329,1.978,0.35,0.357,-0.007,219.0,218
265.05,2.274,0.329,1.946,0.35,0.358,-0.008,218.4,218
265.2,2.231,0.329,1.903,0.35,0.357,-0.007,218.2,218
265.35,2.199,0.328,1.87,0.35,0.356,-0.006,217.9,217
265.5,2.156,0.328,1.828,0.35,0.356,-0.006,217.5,217
265.65,2.113,0.328,1.785,0.35,0.357,-0.007,217.1,217
265.8,2.081,0.328,1.753,0.35,0.356,-0.006,216.8,216
265.95,2.033,0.328,1.705,0.35,0.357,-0.007,216.3,216
266.1,2.0,0.329,1.672,0.35,0.358,-0.008,215.6,215
266.25,1.953,0.329,1.625,0.35,0.359,-0.009,215.0,214
266.4,1.909,0.329,1.58,0.35,0.358,-0.008,214.8,214
266.55,1.865,0.329,1.536,0.35,0.356,-0.006,214.7,214
266.7,1.828,0.328,1.5,0.35,0.354,-0.004,214.7,214
266.85,1.789,0.328,1.462,0.35,0.354,-0.004,214.5,214
267.0,1.754,0.328,1.427,0.35,0.355,-0.005,214.1,214
267.15,1.719,0.328,1.391,0.35,0.356,-0.006,213.5,213
267.3,1.673,0.328,1.346,0.35,0.354,-0.004,213.7,213
267.45,1.627,0.328,1.299,0.35,0.355,-0.005,213.0,213
267.6,1.579,0.328,1.252,0.35,0.356,-0.006,212.6,212
267.75,1.535,0.328,1.207,0.35,0.354,-0.004,212.8,212
267.9,1.486,0.327,1.159,0.35,0.352,-0.002,213.1,213
268.05,1.441,0.327,1.114,0.35,0.352,-0.002,212.8,212
268.2,1.398,0.327,1.071,0.35,0.351,-0.001,212.9,212
268.35,1.356,0.326,1.03,0.35,0.349,0.001,213.5,213
268.5,1.31,0.325,0.984,0.35,0.346,0.004,214.1,214
268.65,1.27,0.325,0.946,0.35,0.346,0.004,214.3,214
268.8,1.229,0.324,0.904,0.35,0.346,0.004,214.5,214
268.95,1.193,0.324,0.869,0.35,0.347,0.003,214.5,214
269.1,1.149,0.324,0.825,0.35,0.348,0.002,214.4,214
269.25,1.106,0.324,0.782,0.35,0.348,0.002,214.6,214
269.4,1.071,0.324,0.747,0.35,0.348,0.002,214.7,214
269.55,1.024,0.324,0.701,0.35,0.347,0.003,214.9,214
269.7,0.989,0.324,0.666,0.35,0.346,0.004,215.5,215
269.85,0.952,0.323,0.629,0.35,0.343,0.007,216.3,216
270.0,0.919,0.323,0.596,0.35,0.341,0.009,217.1,217
270.15,0.884,0.322,0.563,0.35,0.339,0.011,218.1,218
270.3,0.844,0.321,0.523,0.35,0.338,0.012,219.0,219
270.45,0.811,0.32,0.49,0.35,0.337,0.013,219.8,219
270.6,0.769,0.32,0.449,0.35,0.336,0.014,220.9,220
270.75,0.727,0.319,0.407,0.35,0.337,0.013,221.4,221
270.9,0.688,0.319,0.369,0.35,0.338,0.012,221.9,221
271.05,0.659,0.319,0.34,0.35,0.337,0.013,223.0,222
271.2,0.624,0.319,0.305,0.35,0.336,0.014,223.9,223
271.35,0.588,0.319,0.27,0.35,0.337,0.013,224.4,224
271.5,0.55,0.319,0.232,0.35,0.336,0.014,225.4,225
271.65,0.525,0.318,0.207,0.35,0.336,0.014,226.2,226
271.8,0.5,0.318,0.182,0.35,0.335,0.015,227.4,227
271.95,0.462,0.318,0.144,0.35,0.338,0.012,227.5,227
272.1,0.439,0.319,0.12,0.35,0.338,0.012,228.2,228
272.25,0.417,0.319,0.098,0.35,0.338,0.012,228.9,228
272.4,0.385,0.319,0.066,0.35,0.34,0.01,229.2,229
272.55,0.355,0.319,0.036,0.35,0.341,0.009,229.4,229
272.7,0.331,0.32,0.011,0.35,0.341,0.009,230.0,230
272.85,0.299,0.32,-0.021,0.32,0.34,-0.02,223.4,223
273.0,0.282,0.32,-0.038,0.29,0.341,-0.051,215.6,215
273.15,0.267,0.32,-0.053,0.26,0.341,-0.081,206.3,206
273.3,0.245,0.32,-0.076,0.23,0.341,-0.111,195.5,195
273.45,0.225,0.32,-0.096,0.2,0.342,-0.142,182.3,182
273.6,0.213,0.321,-0.108,0.17,0.343,-0.173,167.6,167
273.75,0.199,0.321,-0.121,0.14,0.341,-0.201,151.7,151
273.9,0.187,0.32,-0.133,0.11,0.336,-0.226,134.7,134
274.05,0.164,0.319,-0.155,0.08,0.333,-0.253,115.7,115
274.2,0.154,0.318,-0.164,0.05,0.328,-0.278,95.8,95
274.35,0.139,0.316,-0.177,0.02,0.322,-0.302,-64.3,0
274.5,0.13,0.314,-0.184,0.0,0.316,-0.316,-67.0,0
274.65,0.119,0.312,-0.193,0.0,0.309,-0.309,-76.3,0
274.8,0.105,0.309,-0.204,0.0,0.302,-0.302,-74.5,0
274.95,0.099,0.306,-0.207,0.0,0.297,-0.297,-73.2,0
275.1,0.087,0.304,-0.216,0.0,0.29,-0.29,-71.6,0
275.25,0.088,0.3,-0.212,0.0,0.282,-0.282,-69.6,0
275.4,0.079,0.298,-0.219,0.0,0.278,-0.278,-68.5,0
275.55,0.08,0.294,-0.214,0.0,0.268,-0.268,-66.1,0
275.7,0.072,0.291,-0.218,0.0,0.26,-0.26,-64.1,0
275.85,0.072,0.287,-0.215,0.0,0.253,-0.253,-62.4,0
276.0,0.071,0.283,-0.213,0.0,0.245,-0.245,-60.5,0
276.15,0.079,0.28,-0.201,0.0,0.238,-0.238,-58.7,0
276.3,0.088,0.276,-0.189,0.0,0.232,-0.232,-57.2,0
276.45,0.088,0.273,-0.186,0.0,0.228,-0.228,-56.3,0
276.6,0.1,0.27,-0.171,0.0,0.222,-0.222,-54.8,0
276.75,0.102,0.267,-0.165,0.0,0.218,-0.218,-53.7,0
276.9,0.104,0.265,-0.16,0.0,0.213,-0.213,-52.4,0
277.05,0.113,0.262,-0.149,0.0,0.206,-0.206,-50.9,0
277.2,0.121,0.259,-0.138,0.0,0.201,-0.201,-42.0,0
277.35,0.143,0.256,-0.113,0.0,0.195,-0.195,-40.8,0
277.5,0.154,0.253,-0.099,0.0,0.189,-0.189,-39.5,0
277.65,0.174,0.251,-0.077,0.0,0.186,-0.186,-38.9,0
277.8,0.188,0.248,-0.06,0.0,0.181,-0.181,-37.8,0
277.95,0.212,0.245,-0.033,0.0,0.174,-0.174,-36.3,0
278.1,0.233,0.243,-0.01,0.0,0.169,-0.169,-35.4,0
278.25,0.246,0.24,0.006,0.227,0.165,0.063,21.7,21
278.4,0.262,0.238,0.024,0.35,0.163,0.187,47.4,47
278.55,0.286,0.236,0.05,0.35,0.16,0.19,54.6,54
278.7,0.309,0.234,0.075,0.35,0.157,0.193,66.3,66
278.85,0.328,0.232,0.096,0.35,0.155,0.195,78.1,78
279.0,0.361,0.231,0.129,0.35,0.156,0.194,89.2,89
279.15,0.385,0.231,0.155,0.35,0.157,0.193,100.3,100
279.3,0.409,0.23,0.179,0.35,0.156,0.194,111.8,111
279.45,0.446,0.229,0.216,0.35,0.155,0.195,123.4,123
279.6,0.473,0.229,0.245,0.35,0.154,0.196,135.1,135
279.75,0.501,0.228,0.273,0.35,0.155,0.195,146.3,146
279.9,0.538,0.229,0.31,0.35,0.159,0.191,156.7,156
280.05,0.568,0.229,0.339,0.35,0.163,0.187,167.0,167
280.2,0.598,0.23,0.367,0.35,0.166,0.184,177.3,177
280.35,0.629,0.231,0.398,0.35,0.167,0.183,188.0,188
280.5,0.671,0.232,0.439,0.35,0.169,0.181,198.3,198
280.65,0.712,0.233,0.479,0.35,0.173,0.177,208.0,208
280.8,0.749,0.234,0.515,0.35,0.177,0.173,217.4,217
280.95,0.779,0.236,0.543,0.35,0.18,0.17,227.0,227
281.1,0.815,0.237,0.578,0.35,0.182,0.168,236.6,236
281.25,0.848,0.239,0.609,0.35,0.188,0.162,244.9,244
281.4,0.891,0.241,0.65,0.35,0.195,0.155,253.0,252
281.55,0.937,0.243,0.694,0.35,0.197,0.153,261.6,255
281.7,0.98,0.245,0.735,0.35,0.201,0.149,260.8,255
281.85,1.02,0.247,0.773,0.35,0.207,0.143,259.5,255
282.0,1.059,0.249,0.809,0.35,0.212,0.138,258.5,255
282.15,1.092,0.251,0.84,0.35,0.216,0.134,257.8,255
282.3,1.132,0.254,0.878,0.35,0.222,0.128,256.3,255
282.45,1.167,0.256,0.911,0.35,0.227,0.123,255.5,255
282.6,1.216,0.258,0.958,0.35,0.229,0.121,255.1,255
282.75,1.256,0.26,0.995,0.35,0.232,0.118,254.3,254
282.9,1.298,0.262,1.036,0.35,0.235,0.115,260.7,255
283.05,1.339,0.264,1.075,0.35,0.238,0.112,259.9,255
283.2,1.384,0.265,1.118,0.35,0.24,0.11,259.6,255
283.35,1.432,0.267,1.165,0.35,0.247,0.103,258.1,255
283.5,1.48,0.269,1.211,0.35,0.251,0.099,257.2,255
283.65,1.52,0.271,1.248,0.35,0.254,0.096,256.5,255
283.8,1.567,0.274,1.294,0.35,0.26,0.09,255.3,255
283.95,1.614,0.276,1.338,0.35,0.266,0.084,254.1,254
284.1,1.661,0.278,1.383,0.35,0.267,0.083,258.9,255
284.25,1.706,0.28,1.427,0.35,0.27,0.08,258.2,255
284.4,1.741,0.282,1.46,0.35,0.275,0.075,257.0,255
284.55,1.781,0.283,1.498,0.35,0.277,0.073,256.9,255
284.7,1.817,0.285,1.532,0.35,0.279,0.071,256.3,255
284.85,1.865,0.286,1.578,0.35,0.283,0.067,255.5,255
285.0,1.911,0.288,1.623,0.35,0.286,0.064,254.9,254
285.15,1.949,0.29,1.659,0.35,0.288,0.062,258.3,255
285.3,1.994,0.291,1.703,0.35,0.292,0.058,257.3,255
285.45,2.036,0.293,1.743,0.35,0.297,0.053,256.2,255
285.6,2.08,0.295,1.785,0.35,0.3,0.05,255.6,255
285.75,2.122,0.296,1.826,0.35,0.303,0.047,255.1,255
285.9,2.152,0.298,1.854,0.35,0.306,0.044,254.5,254
286.05,2.193,0.299,1.894,0.35,0.307,0.043,256.9,255
286.2,2.232,0.3,1.932,0.35,0.307,0.043,257.0,255
286.35,2.259,0.302,1.958,0.35,0.31,0.04,256.0,255
286.5,2.294,0.303,1.991,0.35,0.314,0.036,255.3,255
286.65,2.325,0.304,2.021,0.35,0.316,0.034,254.9,254
286.8,2.362,0.305,2.057,0.35,0.317,0.033,256.7,255
286.95,2.393,0.307,2.086,0.35,0.32,0.03,256.0,255
287.1,2.431,0.308,2.123,0.35,0.321,0.029,255.8,255
287.25,2.46,0.308,2.151,0.35,0.323,0.027,255.6,255
287.4,2.49,0.31,2.181,0.35,0.327,0.023,254.6,254
287.55,2.519,0.311,2.209,0.35,0.328,0.022,255.7,255
287.7,2.548,0.312,2.236,0.35,0.332,0.018,254.8,254
287.85,2.572,0.314,2.259,0.35,0.336,0.014,255.0,255
288.0,2.604,0.315,2.289,0.35,0.338,0.012,254.7,254
288.15,2.63,0.316,2.314,0.35,0.34,0.01,255.0,254
288.3,2.657,0.317,2.339,0.35,0.339,0.011,255.8,255
288.45,2.683,0.318,2.365,0.35,0.338,0.012,256.0,255
288.6,2.699,0.318,2.381,0.35,0.337,0.013,256.2,255
288.75,2.725,0.318,2.406,0.35,0.338,0.012,256.0,255
288.9,2.752,0.319,2.433,0.35,0.34,0.01,255.6,255
289.05,2.766,0.319,2.446,0.35,0.343,0.007,254.9,254
289.2,2.782,0.32,2.461,0.35,0.345,0.005,255.0,254
289.35,2.805,0.321,2.485,0.35,0.344,0.006,255.4,255
289.5,2.821,0.321,2.5,0.35,0.344,0.006,255.5,255
289.65,2.834,0.322,2.513,0.35,0.346,0.004,255.0,254
289.8,2.844,0.322,2.522,0.35,0.349,0.001,254.6,254
289.95,2.861,0.323,2.538,0.35,0.349,0.001,254.8,254
290.1,2.872,0.323,2.549,0.35,0.35,-0.0,254.5,254
290.25,2.885,0.324,2.561,0.35,0.351,-0.001,254.4,254
290.4,2.894,0.325,2.569,0.35,0.354,-0.004,253.7,253
290.55,2.895,0.325,2.57,0.35,0.354,-0.004,253.6,253
290.7,2.9,0.325,2.575,0.35,0.353,-0.003,253.5,253
290.85,2.907,0.326,2.581,0.35,0.356,-0.006,252.5,252
291.0,2.907,0.327,2.58,0.35,0.359,-0.009,251.5,251
291.15,2.911,0.328,2.583,0.35,0.363,-0.013,250.3,250
291.3,2.913,0.329,2.584,0.35,0.364,-0.014,249.3,249
291.45,2.909,0.33,2.579,0.35,0.366,-0.016,248.1,248
291.6,2.915,0.331,2.584,0.35,0.369,-0.019,246.5,246
291.75,2.914,0.332,2.582,0.35,0.369,-0.019,245.5,245
291.9,2.913,0.333,2.58,0.35,0.371,-0.021,243.8,243
292.05,2.903,0.334,2.569,0.35,0.371,-0.021,242.7,242
292.2,2.893,0.334,2.559,0.35,0.37,-0.02,241.7,241
292.35,2.886,0.334,2.552,0.35,0.369,-0.019,240.8,240
292.5,2.884,0.334,2.55,0.35,0.368,-0.018,239.9,239
292.65,2.883,0.334,2.549,0.35,0.368,-0.018,238.8,238
292.8,2.878,0.334,2.544,0.35,0.368,-0.018,237.7,237
292.95,2.866,0.334,2.533,0.35,0.367,-0.017,237.0,236
293.1,2.856,0.334,2.523,0.35,0.366,-0.016,236.2,236
293.25,2.835,0.333,2.502,0.35,0.364,-0.014,235.7,235
293.4,2.825,0.333,2.492,0.35,0.365,-0.015,234.6,234
293.55,2.813,0.333,2.48,0.35,0.364,-0.014,234.0,234
293.7,2.795,0.332,2.463,0.35,0.361,-0.011,233.7,233
293.85,2.78,0.332,2.448,0.35,0.363,-0.013,232.6,232
294.0,2.755,0.332,2.423,0.35,0.365,-0.015,231.4,231
294.15,2.735,0.332,2.403,0.35,0.364,-0.014,230.8,230
294.3,2.714,0.332,2.381,0.35,0.366,-0.016,229.5,229
294.45,2.691,0.332,2.359,0.35,0.366,-0.016,228.7,228
294.6,2.658,0.332,2.326,0.35,0.363,-0.013,228.3,228
294.75,2.632,0.332,2.299,0.35,0.365,-0.015,227.0,227
294.9,2.609,0.333,2.276,0.35,0.367,-0.017,225.7,225
295.05,2.581,0.333,2.248,0.35,0.369,-0.019,224.3,224
295.2,2.546,0.333,2.212,0.35,0.369,-0.019,223.4,223
295.35,2.508,0.334,2.174,0.35,0.369,-0.019,222.3,222
295.5,2.473,0.334,2.139,0.35,0.366,-0.016,221.7,221
295.65,2.44,0.333,2.107,0.35,0.366,-0.016,220.7,220
295.8,2.41,0.333,2.077,0.35,0.365,-0.015,220.1,220
295.95,2.376,0.333,2.043,0.35,0.363,-0.013,219.7,219
296.1,2.338,0.332,2.006,0.35,0.363,-0.013,218.9,218
296.25,2.307,0.332,1.975,0.35,0.365,-0.015,217.7,217
296.4,2.274,0.333,1.942,0.35,0.366,-0.016,216.4,216
296.55,2.245,0.333,1.913,0.35,0.366,-0.016,215.7,215
296.7,2.208,0.333,1.875,0.35,0.366,-0.016,214.7,214
296.85,2.176,0.333,1.843,0.35,0.366,-0.016,213.7,213
297.0,2.14,0.333,1.806,0.35,0.368,-0.018,212.4,212
297.15,2.101,0.333,1.768,0.35,0.369,-0.019,211.1,211
297.3,2.062,0.333,1.729,0.35,0.366,-0.016,210.7,210
297.45,2.02,0.333,1.687,0.35,0.367,-0.017,209.5,209
297.6,1.982,0.333,1.649,0.35,0.365,-0.015,209.0,208
297.75,1.937,0.333,1.604,0.35,0.365,-0.015,208.0,208
297.9,1.9,0.333,1.567,0.35,0.364,-0.014,207.4,207
298.05,1.857,0.333,1.524,0.35,0.366,-0.016,206.2,206
298.2,1.814,0.333,1.481,0.35,0.366,-0.016,205.1,205
298.35,1.769,0.333,1.436,0.35,0.365,-0.015,204.6,204
298.5,1.725,0.333,1.392,0.35,0.364,-0.014,203.8,203
298.65,1.69,0.332,1.358,0.35,0.362,-0.012,203.4,203
298.8,1.639,0.332,1.308,0.35,0.362,-0.012,202.8,202
298.95,1.6,0.331,1.269,0.35,0.359,-0.009,202.8,202
299.1,1.551,0.331,1.22,0.35,0.36,-0.01,201.9,201
299.25,1.509,0.33,1.179,0.35,0.356,-0.006,202.2,202
299.4,1.463,0.33,1.134,0.35,0.355,-0.005,202.0,201
299.55,1.42,0.329,1.091,0.35,0.353,-0.003,202.1,202
299.7,1.377,0.328,1.048,0.35,0.354,-0.004,201.6,201
299.85,1.33,0.328,1.002,0.35,0.354,-0.004,201.4,201
300.0,1.288,0.328,0.96,0.35,0.353,-0.003,201.6,201
300.15,1.25,0.327,0.923,0.35,0.351,-0.001,201.7,201
300.3,1.207,0.327,0.88,0.35,0.349,0.001,202.0,202
300.45,1.17,0.326,0.844,0.35,0.348,0.002,202.5,202
300.6,1.13,0.325,0.805,0.35,0.344,0.006,203.3,203
300.75,1.087,0.324,0.763,0.35,0.345,0.005,203.3,203
300.9,1.049,0.324,0.725,0.35,0.346,0.004,203.4,203
301.05,1.006,0.324,0.682,0.35,0.348,0.002,203.3,203
301.2,0.968,0.324,0.644,0.35,0.347,0.003,203.7,203
301.35,0.923,0.324,0.599,0.35,0.346,0.004,204.0,204
301.5,0.88,0.323,0.557,0.35,0.345,0.005,204.4,204
301.65,0.84,0.323,0.517,0.35,0.342,0.008,205.4,205
301.8,0.8,0.322,0.478,0.35,0.341,0.009,206.0,206
301.95,0.764,0.322,0.442,0.35,0.342,0.008,206.4,206
302.1,0.73,0.322,0.408,0.35,0.343,0.007,206.7,206
302.25,0.697,0.321,0.375,0.35,0.341,0.009,207.4,207
302.4,0.658,0.321,0.337,0.35,0.342,0.008,207.8,207
302.55,0.629,0.321,0.308,0.35,0.342,0.008,208.3,208
302.7,0.594,0.321,0.273,0.35,0.341,0.009,209.0,209
302.85,0.562,0.321,0.241,0.35,0.341,0.009,209.4,209
303.0,0.533,0.321,0.212,0.35,0.341,0.009,209.9,209
303.15,0.508,0.321,0.187,0.35,0.342,0.008,210.2,210
303.3,0.47,0.321,0.149,0.35,0.342,0.008,210.8,210
303.45,0.437,0.321,0.116,0.35,0.342,0.008,211.2,211
303.6,0.403,0.321,0.082,0.35,0.343,0.007,211.6,211
303.75,0.371,0.321,0.05,0.35,0.341,0.009,212.5,212
303.9,0.353,0.321,0.032,0.35,0.342,0.008,212.6,212
304.05,0.324,0.321,0.003,0.35,0.342,0.008,213.2,213
304.2,0.299,0.321,-0.021,0.32,0.339,-0.019,206.9,206
304.35,0.271,0.32,-0.049,0.29,0.34,-0.05,199.1,199
304.5,0.258,0.32,-0.062,0.26,0.339,-0.079,190.3,190
304.65,0.246,0.32,-0.074,0.23,0.336,-0.106,179.9,179
304.8,0.22,0.319,-0.099,0.2,0.334,-0.134,167.9,167
304.95,0.207,0.318,-0.111,0.17,0.333,-0.163,153.9,153
305.1,0.193,0.318,-0.125,0.14,0.331,-0.191,138.5,138
305.25,0.175,0.317,-0.142,0.11,0.327,-0.217,122.1,122
305.4,0.161,0.315,-0.155,0.08,0.324,-0.244,103.5,103
305.55,0.153,0.314,-0.161,0.05,0.32,-0.27,83.8,83
305.7,0.134,0.312,-0.178,0.02,0.314,-0.294,-62.5,0
305.85,0.116,0.31,-0.193,0.0,0.304,-0.304,-75.0,0
306.0,0.108,0.307,-0.199,0.0,0.295,-0.295,-72.8,0
306.15,0.093,0.303,-0.211,0.0,0.288,-0.288,-70.9,0
306.3,0.088,0.3,-0.212,0.0,0.282,-0.282,-69.5,0
306.45,0.081,0.297,-0.215,0.0,0.273,-0.273,-67.4,0
306.6,0.084,0.294,-0.21,0.0,0.268,-0.268,-66.0,0
306.75,0.078,0.29,-0.212,0.0,0.26,-0.26,-64.1,0
306.9,0.073,0.287,-0.213,0.0,0.251,-0.251,-61.9,0
307.05,0.073,0.283,-0.21,0.0,0.243,-0.243,-60.1,0
307.2,0.068,0.28,-0.212,0.0,0.24,-0.24,-59.2,0
307.35,0.072,0.276,-0.205,0.0,0.234,-0.234,-57.6,0
307.5,0.078,0.273,-0.195,0.0,0.226,-0.226,-55.8,0
307.65,0.075,0.27,-0.195,0.0,0.222,-0.222,-54.7,0
307.8,0.083,0.267,-0.184,0.0,0.216,-0.216,-53.2,0
307.95,0.092,0.264,-0.172,0.0,0.213,-0.213,-52.5,0
308.1,0.105,0.261,-0.156,0.0,0.205,-0.205,-50.6,0
308.25,0.106,0.259,-0.152,0.0,0.201,-0.201,-49.5,0
308.4,0.114,0.256,-0.142,0.0,0.193,-0.193,-47.6,0
308.55,0.125,0.253,-0.128,0.0,0.19,-0.19,-39.8,0
308.7,0.145,0.251,-0.105,0.0,0.187,-0.187,-39.1,0
308.85,0.158,0.248,-0.09,0.0,0.182,-0.182,-38.1,0
309.0,0.176,0.246,-0.07,0.0,0.176,-0.176,-36.7,0
309.15,0.196,0.243,-0.047,0.0,0.171,-0.171,-35.6,0
309.3,0.208,0.241,-0.033,0.0,0.166,-0.166,-34.8,0
309.45,0.23,0.238,-0.008,0.0,0.164,-0.164,-34.4,0
309.6,0.255,0.236,0.018,0.314,0.16,0.154,44.0,43
309.75,0.267,0.235,0.032,0.35,0.159,0.191,50.6,50
309.9,0.292,0.233,0.059,0.35,0.157,0.193,60.9,60
310.05,0.319,0.232,0.087,0.35,0.157,0.193,72.0,72
310.2,0.342,0.231,0.111,0.35,0.156,0.194,83.7,83
310.35,0.37,0.23,0.139,0.35,0.157,0.193,94.8,94
310.5,0.394,0.23,0.165,0.35,0.155,0.195,106.4,106
310.65,0.42,0.229,0.191,0.35,0.158,0.192,117.2,117
310.8,0.452,0.229,0.222,0.35,0.158,0.192,128.4,128
310.95,0.474,0.23,0.244,0.35,0.161,0.189,139.0,139
311.1,0.497,0.23,0.267,0.35,0.16,0.19,150.3,150
311.25,0.532,0.23,0.302,0.35,0.161,0.189,161.1,161
311.4,0.57,0.231,0.339,0.35,0.166,0.184,171.1,171
311.55,0.594,0.232,0.362,0.35,0.168,0.182,181.4,181
311.7,0.629,0.232,0.396,0.35,0.17,0.18,191.7,191
311.85,0.661,0.233,0.427,0.35,0.173,0.177,201.5,201
312.0,0.692,0.235,0.457,0.35,0.175,0.175,211.5,211
312.15,0.727,0.235,0.491,0.35,0.177,0.173,221.4,221
312.3,0.758,0.237,0.521,0.35,0.18,0.17,230.7,230
312.45,0.795,0.238,0.557,0.35,0.184,0.166,239.8,239
312.6,0.827,0.24,0.587,0.35,0.191,0.159,248.0,248
312.75,0.866,0.242,0.624,0.35,0.195,0.155,256.6,255
312.9,0.912,0.244,0.668,0.35,0.201,0.149,255.2,255
313.05,0.95,0.246,0.704,0.35,0.204,0.146,254.8,254
313.2,0.988,0.248,0.74,0.35,0.208,0.142,262.4,255
313.35,1.025,0.25,0.775,0.35,0.211,0.139,261.9,255
313.5,1.063,0.252,0.811,0.35,0.216,0.134,260.7,255
313.65,1.109,0.254,0.855,0.35,0.22,0.13,260.0,255
313.8,1.148,0.256,0.892,0.35,0.226,0.124,258.6,255
313.95,1.189,0.258,0.931,0.35,0.228,0.122,258.3,255
314.1,1.227,0.26,0.966,0.35,0.234,0.116,256.7,255
314.25,1.272,0.263,1.009,0.35,0.241,0.109,255.4,255
314.4,1.313,0.265,1.048,0.35,0.243,0.107,255.0,254
314.55,1.352,0.267,1.085,0.35,0.246,0.104,260.7,255
314.7,1.397,0.269,1.128,0.35,0.251,0.099,259.5,255
314.85,1.437,0.271,1.165,0.35,0.255,0.095,258.7,255
315.0,1.482,0.273,1.209,0.35,0.258,0.092,258.2,255
315.15,1.525,0.275,1.25,0.35,0.261,0.089,257.5,255
315.3,1.563,0.277,1.286,0.35,0.266,0.084,256.3,255
315.45,1.602,0.279,1.323,0.35,0.269,0.081,256.0,255
315.6,1.644,0.28,1.363,0.35,0.271,0.079,255.5,255
315.75,1.695,0.282,1.412,0.35,0.276,0.074,254.3,254
315.9,1.734,0.284,1.45,0.35,0.278,0.072,258.3,255
316.05,1.78,0.286,1.494,0.35,0.283,0.067,257.1,255
316.2,1.828,0.288,1.541,0.35,0.285,0.065,256.7,255
316.35,1.874,0.29,1.584,0.35,0.291,0.059,255.5,255
316.5,1.922,0.291,1.631,0.35,0.293,0.057,255.2,255
316.65,1.959,0.293,1.666,0.35,0.295,0.055,254.6,254
316.8,1.992,0.294,1.698,0.35,0.297,0.053,257.6,255
316.95,2.027,0.296,1.731,0.35,0.301,0.049,256.5,255
317.1,2.068,0.297,1.77,0.35,0.304,0.046,256.1,255
317.25,2.106,0.299,1.807,0.35,0.308,0.042,255.2,255
317.4,2.147,0.3,1.846,0.35,0.309,0.041,255.0,255
317.55,2.182,0.301,1.881,0.35,0.309,0.041,255.1,255
317.7,2.222,0.303,1.919,0.35,0.313,0.037,254.0,254
317.85,2.253,0.304,1.949,0.35,0.317,0.033,255.3,255
318.0,2.286,0.306,1.981,0.35,0.32,0.03,254.9,254
318.15,2.323,0.307,2.016,0.35,0.322,0.028,256.2,255
318.3,2.363,0.308,2.054,0.35,0.326,0.024,255.4,255
318.45,2.404,0.309,2.095,0.35,0.325,0.025,255.6,255
318.6,2.443,0.31,2.132,0.35,0.326,0.024,255.4,255
318.75,2.478,0.311,2.167,0.35,0.328,0.022,254.9,254
318.9,2.505,0.312,2.193,0.35,0.328,0.022,256.2,255
319.05,2.533,0.313,2.22,0.35,0.329,0.021,256.1,255
319.2,2.558,0.313,2.245,0.35,0.33,0.02,255.8,255
319.35,2.594,0.314,2.28,0.35,0.331,0.019,255.7,255
319.5,2.624,0.314,2.31,0.35,0.332,0.018,255.5,255
319.65,2.655,0.315,2.341,0.35,0.333,0.017,255.2,255
319.8,2.678,0.315,2.362,0.35,0.335,0.015,254.8,254
319.95,2.7,0.316,2.383,0.35,0.338,0.012,255.1,255
320.1,2.723,0.317,2.406,0.35,0.341,0.009,254.4,254
320.25,2.737,0.318,2.419,0.35,0.34,0.01,255.3,255
320.4,2.757,0.318,2.438,0.35,0.34,0.01,255.2,255
320.55,2.778,0.319,2.459,0.35,0.342,0.008,254.6,254
320.7,2.801,0.32,2.481,0.35,0.343,0.007,254.9,254
320.85,2.81,0.321,2.489,0.35,0.347,0.003,254.6,254
321.0,2.829,0.321,2.508,0.35,0.347,0.003,254.6,254
321.15,2.837,0.322,2.515,0.35,0.348,0.002,254.7,254
321.3,2.856,0.323,2.533,0.35,0.349,0.001,254.6,254
321.45,2.871,0.323,2.548,0.35,0.348,0.002,255.0,254
321.6,2.882,0.323,2.558,0.35,0.349,0.001,254.9,254
321.75,2.889,0.324,2.565,0.35,0.352,-0.002,254.2,254
321.9,2.904,0.325,2.579,0.35,0.353,-0.003,254.0,254
322.05,2.915,0.325,2.59,0.35,0.352,-0.002,254.1,254
322.2,2.926,0.325,2.6,0.35,0.354,-0.004,253.5,253
322.35,2.925,0.326,2.6,0.35,0.352,-0.002,253.6,253
322.5,2.929,0.326,2.603,0.35,0.353,-0.003,253.4,253
322.65,2.93,0.326,2.604,0.35,0.352,-0.002,253.5,253
322.8,2.924,0.326,2.598,0.35,0.354,-0.004,252.8,252
322.95,2.925,0.327,2.598,0.35,0.357,-0.007,251.9,251
323.1,2.927,0.327,2.6,0.35,0.36,-0.01,250.9,250
323.25,2.917,0.328,2.589,0.35,0.36,-0.01,250.4,250
323.4,2.921,0.329,2.592,0.35,0.363,-0.013,249.1,249
323.55,2.916,0.33,2.587,0.35,0.365,-0.015,247.9,247
323.7,2.905,0.331,2.574,0.35,0.367,-0.017,246.7,246
323.85,2.901,0.331,2.57,0.35,0.367,-0.017,245.8,245
324.0,2.891,0.332,2.559,0.35,0.369,-0.019,244.2,244
324.15,2.883,0.333,2.551,0.35,0.367,-0.017,243.6,243
324.3,2.877,0.333,2.543,0.35,0.37,-0.02,241.9,241
324.45,2.862,0.333,2.529,0.35,0.368,-0.018,241.3,241
324.6,2.841,0.333,2.507,0.35,0.366,-0.016,240.6,240
324.75,2.819,0.333,2.486,0.35,0.364,-0.014,240.0,240
324.9,2.811,0.333,2.478,0.35,0.364,-0.014,239.2,239
325.05,2.79,0.333,2.457,0.35,0.365,-0.015,238.1,238
325.2,2.769,0.332,2.437,0.35,0.363,-0.013,237.8,237
325.35,2.75,0.332,2.417,0.35,0.364,-0.014,236.6,236
325.5,2.727,0.332,2.395,0.35,0.364,-0.014,235.9,235
325.65,2.713,0.332,2.38,0.35,0.365,-0.015,234.8,234
325.8,2.687,0.333,2.355,0.35,0.366,-0.016,233.7,233
325.95,2.66,0.332,2.328,0.35,0.364,-0.014,233.3,233
326.1,2.628,0.332,2.295,0.35,0.363,-0.013,232.6,232
326.25,2.599,0.332,2.267,0.35,0.366,-0.016,231.1,231
326.4,2.57,0.333,2.237,0.35,0.368,-0.018,229.9,229
326.55,2.538,0.333,2.205,0.35,0.368,-0.018,228.7,228
326.7,2.515,0.333,2.181,0.35,0.368,-0.018,227.8,227
326.85,2.48,0.334,2.146,0.35,0.368,-0.018,226.6,226
327.0,2.445,0.333,2.112,0.35,0.366,-0.016,226.2,226
327.15,2.416,0.333,2.083,0.35,0.366,-0.016,225.1,225
327.3,2.39,0.333,2.056,0.35,0.367,-0.017,224.0,224
327.45,2.353,0.333,2.02,0.35,0.367,-0.017,222.9,222
327.6,2.326,0.333,1.993,0.35,0.365,-0.015,222.4,222
327.75,2.286,0.333,1.953,0.35,0.366,-0.016,221.2,221
327.9,2.248,0.333,1.915,0.35,0.365,-0.015,220.7,220
328.05,2.213,0.333,1.88,0.35,0.363,-0.013,220.1,220
328.2,2.171,0.333,1.838,0.35,0.364,-0.014,219.0,219
328.35,2.141,0.333,1.808,0.35,0.365,-0.015,218.0,218
328.5,2.101,0.332,1.769,0.35,0.364,-0.014,217.3,217
328.65,2.063,0.333,1.73,0.35,0.366,-0.016,216.1,216
328.8,2.027,0.333,1.694,0.35,0.367,-0.017,214.9,214
328.95,1.994,0.333,1.662,0.35,0.364,-0.014,214.7,214
329.1,1.949,0.332,1.617,0.35,0.363,-0.013,213.9,213
329.25,1.908,0.332,1.576,0.35,0.364,-0.014,213.0,212
329.4,1.873,0.332,1.541,0.35,0.365,-0.015,211.8,211
329.55,1.837,0.333,1.505,0.35,0.367,-0.017,210.7,210
329.7,1.794,0.333,1.461,0.35,0.367,-0.017,209.6,209
329.85,1.743,0.333,1.41,0.35,0.367,-0.017,208.8,208
330.0,1.705,0.333,1.372,0.35,0.367,-0.017,207.6,207
330.15,1.669,0.333,1.335,0.35,0.369,-0.019,206.3,206
330.3,1.622,0.334,1.288,0.35,0.369,-0.019,205.2,205
330.45,1.584,0.334,1.25,0.35,0.367,-0.017,204.5,204
330.6,1.539,0.333,1.206,0.35,0.365,-0.015,204.0,203
330.75,1.492,0.333,1.159,0.35,0.364,-0.014,203.2,203
330.9,1.448,0.333,1.115,0.35,0.362,-0.012,203.0,202
331.05,1.412,0.332,1.08,0.35,0.359,-0.009,202.8,202
331.2,1.37,0.331,1.039,0.35,0.356,-0.006,202.9,202
331.35,1.323,0.33,0.993,0.35,0.357,-0.007,202.2,202
331.5,1.283,0.33,0.953,0.35,0.357,-0.007,202.0,201
331.65,1.243,0.329,0.914,0.35,0.355,-0.005,201.9,201
331.8,1.203,0.329,0.875,0.35,0.353,-0.003,202.0,202
331.95,1.16,0.328,0.831,0.35,0.355,-0.005,201.4,201
332.1,1.117,0.328,0.79,0.35,0.352,-0.002,201.8,201
332.25,1.079,0.327,0.752,0.35,0.349,0.001,202.4,202
332.4,1.036,0.326,0.709,0.35,0.349,0.001,202.3,202
332.55,0.997,0.326,0.671,0.35,0.346,0.004,203.1,203
332.7,0.948,0.325,0.623,0.35,0.346,0.004,203.2,203
332.85,0.907,0.324,0.582,0.35,0.344,0.006,204.0,204
333.0,0.874,0.323,0.551,0.35,0.342,0.008,204.7,204
333.15,0.836,0.323,0.514,0.35,0.342,0.008,205.2,205
333.3,0.793,0.322,0.471,0.35,0.34,0.01,206.1,206
333.45,0.763,0.322,0.441,0.35,0.342,0.008,206.2,206
333.6,0.732,0.321,0.411,0.35,0.341,0.009,206.8,206
333.75,0.694,0.321,0.373,0.35,0.34,0.01,207.6,207
333.9,0.655,0.321,0.334,0.35,0.341,0.009,208.0,207
334.05,0.628,0.321,0.307,0.35,0.34,0.01,208.9,208
334.2,0.594,0.32,0.274,0.35,0.338,0.012,209.8,209
334.35,0.559,0.32,0.239,0.35,0.337,0.013,210.8,210
334.5,0.528,0.319,0.208,0.35,0.337,0.013,211.4,211
334.65,0.499,0.319,0.18,0.35,0.336,0.014,212.4,212
334.8,0.463,0.319,0.145,0.35,0.334,0.016,213.7,213
334.95,0.441,0.318,0.123,0.35,0.334,0.016,214.5,214
335.1,0.417,0.318,0.099,0.35,0.334,0.016,215.4,215
335.25,0.389,0.317,0.072,0.35,0.332,0.018,217.0,216
335.4,0.355,0.317,0.038,0.35,0.332,0.018,217.8,217
335.55,0.325,0.317,0.008,0.35,0.335,0.015,218.3,218
335.7,0.307,0.317,-0.011,0.32,0.336,-0.016,211.7,211
335.85,0.289,0.317,-0.028,0.29,0.335,-0.045,204.5,204
336.0,0.265,0.317,-0.052,0.26,0.334,-0.074,195.9,195
336.15,0.24,0.317,-0.077,0.23,0.332,-0.102,185.8,185
336.3,0.227,0.316,-0.09,0.2,0.329,-0.129,174.1,174
336.45,0.214,0.316,-0.102,0.17,0.329,-0.159,160.0,160
336.6,0.194,0.316,-0.121,0.14,0.328,-0.188,144.7,144
336.75,0.182,0.315,-0.133,0.11,0.324,-0.214,128.4,128
336.9,0.172,0.314,-0.141,0.08,0.322,-0.242,109.9,109
337.05,0.149,0.313,-0.164,0.05,0.319,-0.269,-57.6,0
337.2,0.134,0.311,-0.177,0.02,0.312,-0.292,-62.1,0
337.35,0.127,0.309,-0.182,0.0,0.304,-0.304,-64.2,0
337.5,0.112,0.306,-0.193,0.0,0.294,-0.294,-72.5,0
337.65,0.103,0.302,-0.199,0.0,0.285,-0.285,-70.3,0
337.8,0.093,0.299,-0.206,0.0,0.278,-0.278,-68.6,0
337.95,0.084,0.296,-0.212,0.0,0.273,-0.273,-67.3,0
338.1,0.075,0.293,-0.218,0.0,0.268,-0.268,-66.0,0
338.25,0.066,0.29,-0.224,0.0,0.261,-0.261,-64.5,0
338.4,0.069,0.286,-0.218,0.0,0.253,-0.253,-62.3,0
338.55,0.07,0.283,-0.214,0.0,0.246,-0.246,-60.7,0
338.7,0.065,0.28,-0.215,0.0,0.242,-0.242,-59.8,0
338.85,0.062,0.277,-0.215,0.0,0.238,-0.238,-58.7,0
339.0,0.066,0.275,-0.208,0.0,0.233,-0.233,-57.5,0
339.15,0.075,0.272,-0.197,0.0,0.226,-0.226,-55.7,0
339.3,0.089,0.269,-0.18,0.0,0.222,-0.222,-54.7,0
339.45,0.096,0.267,-0.171,0.0,0.218,-0.218,-53.8,0
339.6,0.109,0.264,-0.155,0.0,0.212,-0.212,-52.3,0
339.75,0.122,0.261,-0.139,0.0,0.205,-0.205,-42.8,0
339.9,0.134,0.258,-0.125,0.0,0.201,-0.201,-42.0,0
340.05,0.147,0.256,-0.109,0.0,0.194,-0.194,-40.6,0
340.2,0.159,0.253,-0.094,0.0,0.187,-0.187,-39.0,0
340.35,0.167,0.25,-0.083,0.0,0.182,-0.182,-38.0,0
340.5,0.188,0.247,-0.058,0.0,0.175,-0.175,-36.6,0
340.65,0.211,0.244,-0.033,0.0,0.173,-0.173,-36.2,0
340.8,0.222,0.242,-0.019,0.0,0.169,-0.169,-35.4,0
340.95,0.243,0.24,0.003,0.204,0.167,0.037,15.3,15
341.1,0.255,0.238,0.017,0.307,0.164,0.144,36.2,36
341.25,0.28,0.236,0.044,0.35,0.16,0.19,52.3,52
341.4,0.307,0.234,0.073,0.35,0.158,0.192,62.2,62
341.55,0.332,0.232,0.1,0.35,0.154,0.196,74.3,74
341.7,0.353,0.231,0.122,0.35,0.152,0.198,86.2,86
341.85,0.382,0.229,0.153,0.35,0.15,0.2,98.1,98
342.0,0.403,0.228,0.174,0.35,0.15,0.2,109.6,109
342.15,0.429,0.227,0.201,0.35,0.15,0.2,121.4,121
342.3,0.453,0.227,0.226,0.35,0.151,0.199,132.8,132
342.45,0.479,0.227,0.252,0.35,0.154,0.196,143.8,143
342.6,0.51,0.227,0.283,0.35,0.154,0.196,155.4,155
342.75,0.541,0.227,0.314,0.35,0.156,0.194,166.2,166
342.9,0.575,0.228,0.347,0.35,0.157,0.193,177.5,177
343.05,0.601,0.228,0.373,0.35,0.16,0.19,188.1,188
343.2,0.636,0.229,0.407,0.35,0.161,0.189,199.0,198
343.35,0.668,0.23,0.438,0.35,0.167,0.183,208.7,208
343.5,0.703,0.231,0.471,0.35,0.171,0.179,218.5,218
343.65,0.738,0.233,0.505,0.35,0.176,0.174,228.1,228
343.8,0.772,0.235,0.537,0.35,0.179,0.171,237.5,237
343.95,0.806,0.236,0.57,0.35,0.182,0.168,246.9,246
344.1,0.852,0.238,0.614,0.35,0.189,0.161,255.2,255
344.25,0.892,0.24,0.651,0.35,0.192,0.158,254.7,254
344.4,0.932,0.242,0.69,0.35,0.195,0.155,263.3,255
344.55,0.979,0.244,0.735,0.35,0.2,0.15,262.1,255
344.7,1.022,0.246,0.775,0.35,0.206,0.144,260.8,255
344.85,1.064,0.248,0.816,0.35,0.209,0.141,260.3,255
345.0,1.11,0.25,0.86,0.35,0.212,0.138,259.6,255
345.15,1.143,0.252,0.891,0.35,0.216,0.134,258.7,255
345.3,1.184,0.254,0.93,0.35,0.221,0.129,257.8,255
345.45,1.231,0.256,0.975,0.35,0.224,0.126,257.2,255
345.6,1.267,0.258,1.009,0.35,0.227,0.123,256.5,255
345.75,1.314,0.26,1.054,0.35,0.23,0.12,256.0,255
345.9,1.353,0.262,1.092,0.35,0.235,0.115,254.8,254
346.05,1.402,0.264,1.138,0.35,0.238,0.112,261.0,255
346.2,1.443,0.266,1.178,0.35,0.244,0.106,259.7,255
346.35,1.488,0.268,1.22,0.35,0.247,0.103,259.1,255
346.5,1.53,0.27,1.26,0.35,0.25,0.1,258.4,255
346.65,1.575,0.272,1.303,0.35,0.255,0.095,257.2,255
346.8,1.621,0.274,1.347,0.35,0.26,0.09,256.3,255
346.95,1.658,0.276,1.382,0.35,0.264,0.086,255.5,255
347.1,1.7,0.278,1.422,0.35,0.266,0.084,255.1,255
347.25,1.747,0.279,1.468,0.35,0.27,0.08,254.4,254
347.4,1.781,0.281,1.5,0.35,0.273,0.077,258.4,255
347.55,1.824,0.283,1.541,0.35,0.276,0.074,257.8,255
347.7,1.868,0.285,1.584,0.35,0.28,0.07,256.8,255
347.85,1.911,0.286,1.624,0.35,0.282,0.068,256.4,255
348.0,1.949,0.288,1.661,0.35,0.286,0.064,255.6,255
348.15,1.984,0.289,1.695,0.35,0.288,0.062,255.2,255
348.3,2.029,0.291,1.739,0.35,0.289,0.061,255.0,254
348.45,2.067,0.292,1.775,0.35,0.294,0.056,257.5,255
348.6,2.101,0.294,1.807,0.35,0.298,0.052,256.7,255
348.75,2.133,0.295,1.838,0.35,0.299,0.051,256.5,255
348.9,2.166,0.297,1.869,0.35,0.301,0.049,256.1,255
349.05,2.202,0.298,1.904,0.35,0.303,0.047,255.5,255
349.2,2.235,0.299,1.936,0.35,0.304,0.046,255.6,255
349.35,2.273,0.3,1.973,0.35,0.306,0.044,254.9,254
349.5,2.306,0.301,2.005,0.35,0.307,0.043,257.4,255
349.65,2.34,0.302,2.038,0.35,0.31,0.04,256.8,255
349.8,2.379,0.303,2.076,0.35,0.311,0.039,256.4,255
349.95,2.41,0.304,2.107,0.35,0.314,0.036,255.8,255
350.1,2.448,0.305,2.143,0.35,0.315,0.035,255.7,255
350.25,2.482,0.306,2.176,0.35,0.316,0.034,255.6,255
350.4,2.516,0.306,2.21,0.35,0.316,0.034,255.6,255
350.55,2.539,0.307,2.233,0.35,0.316,0.034,255.5,255
350.7,2.568,0.307,2.261,0.35,0.316,0.034,255.6,255
350.85,2.603,0.308,2.295,0.35,0.319,0.031,254.8,254
351.0,2.627,0.308,2.319,0.35,0.32,0.03,256.5,255
351.15,2.661,0.309,2.352,0.35,0.321,0.029,256.2,255
351.3,2.69,0.309,2.381,0.35,0.321,0.029,256.3,255
351.45,2.708,0.31,2.399,0.35,0.322,0.028,256.0,255
351.6,2.727,0.311,2.417,0.35,0.326,0.024,255.0,254
351.75,2.744,0.311,2.432,0.35,0.328,0.022,256.1,255
351.9,2.761,0.312,2.449,0.35,0.329,0.021,256.1,255
352.05,2.782,0.313,2.469,0.35,0.332,0.018,255.2,255
352.2,2.807,0.314,2.493,0.35,0.335,0.015,254.7,254
352.35,2.828,0.315,2.513,0.35,0.335,0.015,255.5,255
352.5,2.848,0.316,2.532,0.35,0.339,0.011,254.6,254
352.65,2.864,0.317,2.547,0.35,0.341,0.009,255.0,254
352.8,2.882,0.318,2.564,0.35,0.343,0.007,255.0,255
352.95,2.895,0.32,2.576,0.35,0.347,0.003,254.2,254
353.1,2.91,0.321,2.589,0.35,0.349,0.001,253.9,253
353.25,2.919,0.322,2.598,0.35,0.349,0.001,254.0,253
353.4,2.928,0.323,2.605,0.35,0.353,-0.003,253.2,253
353.55,2.931,0.324,2.607,0.35,0.356,-0.006,252.3,252
353.7,2.937,0.325,2.612,0.35,0.356,-0.006,252.0,252
353.85,2.931,0.326,2.605,0.35,0.356,-0.006,251.9,251
354.0,2.94,0.326,2.614,0.35,0.355,-0.005,251.6,251
354.15,2.94,0.327,2.613,0.35,0.358,-0.008,250.7,250
354.3,2.943,0.328,2.616,0.35,0.36,-0.01,249.6,249
354.45,2.935,0.329,2.606,0.35,0.362,-0.012,248.7,248
354.6,2.929,0.33,2.6,0.35,0.365,-0.015,247.4,247
354.75,2.918,0.33,2.588,0.35,0.363,-0.013,247.0,246
354.9,2.916,0.33,2.586,0.35,0.363,-0.013,246.3,246
355.05,2.904,0.331,2.573,0.35,0.365,-0.015,245.1,245
355.2,2.894,0.331,2.562,0.35,0.366,-0.016,243.9,243
355.35,2.887,0.332,2.555,0.35,0.365,-0.015,243.4,243
355.5,2.885,0.332,2.553,0.35,0.367,-0.017,241.9,241
355.65,2.873,0.332,2.54,0.35,0.367,-0.017,241.0,240
355.8,2.862,0.333,2.529,0.35,0.367,-0.017,240.0,240
355.95,2.845,0.333,2.512,0.35,0.369,-0.019,238.5,238
356.1,2.834,0.334,2.5,0.35,0.371,-0.021,236.9,236
356.25,2.818,0.334,2.484,0.35,0.37,-0.02,236.2,236
356.4,2.806,0.334,2.472,0.35,0.368,-0.018,235.3,235
356.55,2.78,0.334,2.446,0.35,0.367,-0.017,234.5,234
356.7,2.756,0.334,2.422,0.35,0.366,-0.016,233.7,233
356.85,2.729,0.334,2.396,0.35,0.368,-0.018,232.2,232
357.0,2.709,0.334,2.375,0.35,0.37,-0.02,230.8,230
357.15,2.681,0.334,2.347,0.35,0.368,-0.018,230.1,230
357.3,2.662,0.334,2.328,0.35,0.37,-0.02,228.4,228
357.45,2.637,0.335,2.302,0.35,0.372,-0.022,227.0,227
357.6,2.612,0.335,2.277,0.35,0.372,-0.022,225.6,225
357.75,2.584,0.335,2.249,0.35,0.372,-0.022,224.6,224
357.9,2.56,0.335,2.225,0.35,0.371,-0.021,223.5,223
358.05,2.534,0.335,2.198,0.35,0.371,-0.021,222.1,222
358.2,2.507,0.335,2.172,0.35,0.372,-0.022,220.8,220
358.35,2.477,0.335,2.142,0.35,0.369,-0.019,220.1,220
358.5,2.442,0.335,2.107,0.35,0.366,-0.016,219.6,219
358.65,2.414,0.334,2.079,0.35,0.367,-0.017,218.4,218
358.8,2.387,0.334,2.053,0.35,0.365,-0.015,217.8,217
358.95,2.354,0.333,2.02,0.35,0.363,-0.013,217.4,217
359.1,2.318,0.333,1.985,0.35,0.36,-0.01,217.2,217
359.25,2.284,0.332,1.952,0.35,0.36,-0.01,216.5,216
359.4,2.243,0.332,1.912,0.35,0.361,-0.011,215.8,215
359.55,2.207,0.331,1.875,0.35,0.36,-0.01,215.3,215
359.7,2.175,0.331,1.844,0.35,0.361,-0.011,214.6,214
359.85,2.141,0.331,1.811,0.35,0.359,-0.009,214.4,214
360.0,2.102,0.33,1.772,0.35,0.36,-0.01,213.6,213
360.15,2.058,0.33,1.727,0.35,0.36,-0.01,212.9,212
360.3,2.015,0.33,1.685,0.35,0.358,-0.008,212.9,212
360.45,1.97,0.33,1.641,0.35,0.357,-0.007,212.7,212
360.6,1.929,0.329,1.6,0.35,0.357,-0.007,212.1,212
360.75,1.89,0.329,1.561,0.35,0.357,-0.007,211.7,211
360.9,1.85,0.329,1.521,0.35,0.358,-0.008,211.2,211
361.05,1.801,0.329,1.473,0.35,0.356,-0.006,211.1,211
361.2,1.756,0.329,1.428,0.35,0.355,-0.005,210.9,210
361.35,1.713,0.328,1.385,0.35,0.353,-0.003,211.1,211
361.5,1.673,0.328,1.345,0.35,0.354,-0.004,210.5,210
361.65,1.63,0.328,1.302,0.35,0.353,-0.003,210.7,210
361.8,1.594,0.327,1.266,0.35,0.354,-0.004,210.1,210
361.95,1.552,0.327,1.225,0.35,0.354,-0.004,210.0,209
362.1,1.513,0.327,1.186,0.35,0.354,-0.004,209.8,209
362.25,1.464,0.327,1.137,0.35,0.355,-0.005,209.3,209
362.4,1.418,0.327,1.091,0.35,0.352,-0.002,209.7,209
362.55,1.373,0.327,1.046,0.35,0.351,-0.001,209.8,209
362.7,1.335,0.326,1.008,0.35,0.349,0.001,210.1,210
362.85,1.29,0.326,0.964,0.35,0.35,0.0,210.0,209
363.0,1.251,0.326,0.925,0.35,0.35,0.0,210.0,210
363.15,1.214,0.325,0.888,0.35,0.349,0.001,210.2,210
363.3,1.173,0.325,0.848,0.35,0.349,0.001,210.3,210
363.45,1.126,0.325,0.801,0.35,0.35,-0.0,210.0,209
363.6,1.092,0.325,0.767,0.35,0.35,0.0,210.2,210
363.75,1.048,0.325,0.723,0.35,0.351,-0.001,209.7,209
363.9,1.01,0.325,0.685,0.35,0.349,0.001,210.3,210
364.05,0.968,0.325,0.644,0.35,0.347,0.003,210.9,210
364.2,0.934,0.324,0.61,0.35,0.345,0.005,211.3,211
364.35,0.901,0.324,0.577,0.35,0.345,0.005,211.7,211
364.5,0.858,0.323,0.535,0.35,0.343,0.007,212.4,212
364.65,0.826,0.322,0.503,0.35,0.341,0.009,213.2,213
364.8,0.792,0.322,0.47,0.35,0.34,0.01,214.0,214
364.95,0.745,0.321,0.424,0.35,0.339,0.011,214.7,214
365.1,0.714,0.321,0.394,0.35,0.338,0.012,215.7,215
365.25,0.677,0.32,0.356,0.35,0.34,0.01,215.8,215
365.4,0.636,0.32,0.316,0.35,0.34,0.01,216.3,216
365.55,0.602,0.32,0.282,0.35,0.34,0.01,217.0,217
365.7,0.574,0.32,0.254,0.35,0.341,0.009,217.4,217
365.85,0.542,0.32,0.222,0.35,0.339,0.011,218.3,218
366.0,0.516,0.32,0.196,0.35,0.34,0.01,218.8,218
366.15,0.487,0.32,0.167,0.35,0.338,0.012,219.8,219
366.3,0.456,0.32,0.136,0.35,0.338,0.012,220.5,220
366.45,0.429,0.319,0.109,0.35,0.338,0.012,221.3,221
366.6,0.399,0.32,0.08,0.35,0.34,0.01,221.4,221
366.75,0.365,0.32,0.046,0.35,0.341,0.009,221.9,221
366.9,0.344,0.32,0.024,0.35,0.339,0.011,222.9,222
367.05,0.324,0.32,0.004,0.35,0.342,0.008,222.8,222
367.2,0.297,0.32,-0.023,0.32,0.342,-0.022,215.9,215
367.35,0.267,0.321,-0.054,0.29,0.343,-0.053,208.0,208
367.5,0.25,0.321,-0.071,0.26,0.345,-0.085,198.2,198
367.65,0.235,0.321,-0.086,0.23,0.344,-0.114,187.2,187
367.8,0.209,0.321,-0.112,0.2,0.344,-0.144,174.3,174
367.95,0.199,0.321,-0.122,0.17,0.34,-0.17,160.6,160
368.1,0.184,0.321,-0.137,0.14,0.34,-0.2,144.2,144
368.25,0.168,0.32,-0.152,0.11,0.336,-0.226,127.2,127
368.4,0.15,0.319,-0.169,0.08,0.331,-0.251,-53.8,0
368.55,0.135,0.317,-0.182,0.05,0.324,-0.274,-58.3,0
368.7,0.118,0.315,-0.197,0.02,0.315,-0.295,-72.8,0
368.85,0.111,0.312,-0.201,0.0,0.31,-0.31,-76.4,0
369.0,0.099,0.31,-0.211,0.0,0.304,-0.304,-74.9,0
369.15,0.098,0.307,-0.208,0.0,0.297,-0.297,-73.4,0
369.3,0.094,0.304,-0.21,0.0,0.291,-0.291,-71.9,0
369.45,0.089,0.301,-0.211,0.0,0.282,-0.282,-69.6,0
369.6,0.078,0.298,-0.219,0.0,0.277,-0.277,-68.3,0
369.75,0.071,0.295,-0.223,0.0,0.272,-0.272,-67.1,0
369.9,0.064,0.292,-0.228,0.0,0.265,-0.265,-65.3,0
370.05,0.069,0.289,-0.22,0.0,0.259,-0.259,-63.9,0
370.2,0.068,0.286,-0.218,0.0,0.254,-0.254,-62.5,0
370.35,0.065,0.283,-0.218,0.0,0.249,-0.249,-61.5,0
370.5,0.075,0.28,-0.205,0.0,0.242,-0.242,-59.8,0
370.65,0.076,0.277,-0.201,0.0,0.236,-0.236,-58.2,0
370.8,0.08,0.274,-0.194,0.0,0.229,-0.229,-56.5,0
370.95,0.083,0.271,-0.188,0.0,0.224,-0.224,-55.2,0
371.1,0.102,0.268,-0.166,0.0,0.218,-0.218,-53.9,0
371.25,0.118,0.265,-0.148,0.0,0.215,-0.215,-53.1,0
371.4,0.135,0.263,-0.128,0.0,0.211,-0.211,-44.2,0
371.55,0.14,0.261,-0.121,0.0,0.207,-0.207,-43.3,0
371.7,0.162,0.258,-0.097,0.0,0.202,-0.202,-42.2,0
371.85,0.169,0.255,-0.086,0.0,0.194,-0.194,-40.6,0
372.0,0.186,0.253,-0.067,0.0,0.191,-0.191,-40.0,0
372.15,0.2,0.25,-0.05,0.0,0.185,-0.185,-38.6,0
372.3,0.214,0.248,-0.034,0.0,0.182,-0.182,-38.0,0
372.45,0.23,0.245,-0.016,0.0,0.175,-0.175,-36.6,0
372.6,0.249,0.243,0.006,0.232,0.17,0.063,21.9,21
372.75,0.279,0.241,0.038,0.35,0.169,0.181,46.1,46
372.9,0.308,0.239,0.07,0.35,0.165,0.185,53.3,53
373.05,0.335,0.237,0.099,0.35,0.161,0.189,64.8,64
373.2,0.361,0.235,0.126,0.35,0.159,0.191,76.2,76
373.35,0.384,0.234,0.15,0.35,0.159,0.191,87.4,87
373.5,0.41,0.233,0.177,0.35,0.161,0.189,98.1,98
373.65,0.441,0.232,0.209,0.35,0.162,0.188,108.8,108
373.8,0.475,0.232,0.243,0.35,0.161,0.189,120.3,120
373.95,0.503,0.231,0.272,0.35,0.159,0.191,131.7,131
374.1,0.53,0.231,0.299,0.35,0.16,0.19,142.7,142
374.25,0.563,0.231,0.332,0.35,0.162,0.188,153.2,153
374.4,0.6,0.231,0.369,0.35,0.164,0.186,164.0,163
374.55,0.628,0.232,0.397,0.35,0.166,0.184,174.2,174
374.7,0.661,0.233,0.428,0.35,0.17,0.18,184.1,184
374.85,0.701,0.233,0.467,0.35,0.172,0.178,194.3,194
375.0,0.744,0.235,0.509,0.35,0.176,0.174,203.9,203
375.15,0.785,0.236,0.55,0.35,0.177,0.173,213.8,213
375.3,0.824,0.237,0.587,0.35,0.179,0.171,223.5,223
375.45,0.86,0.238,0.622,0.35,0.185,0.165,232.2,232
375.6,0.892,0.24,0.652,0.35,0.189,0.161,241.0,241
375.75,0.931,0.242,0.69,0.35,0.195,0.155,249.1,249
375.9,0.975,0.244,0.731,0.35,0.201,0.149,256.8,255
376.05,1.009,0.246,0.763,0.35,0.208,0.142,255.4,255
376.2,1.053,0.249,0.804,0.35,0.212,0.138,254.8,254
376.35,1.089,0.251,0.838,0.35,0.218,0.132,261.4,255
376.5,1.126,0.254,0.872,0.35,0.225,0.125,259.9,255
376.65,1.168,0.257,0.912,0.35,0.228,0.122,259.4,255
376.8,1.207,0.259,0.948,0.35,0.233,0.117,258.2,255
376.95,1.254,0.262,0.992,0.35,0.239,0.111,256.9,255
377.1,1.289,0.264,1.025,0.35,0.241,0.109,256.8,255
377.25,1.331,0.266,1.065,0.35,0.245,0.105,255.9,255
377.4,1.371,0.268,1.102,0.35,0.249,0.101,255.0,254
377.55,1.412,0.27,1.142,0.35,0.251,0.099,260.6,255
377.7,1.45,0.272,1.179,0.35,0.254,0.096,259.9,255
377.85,1.493,0.273,1.219,0.35,0.257,0.093,259.3,255
378.0,1.531,0.275,1.255,0.35,0.262,0.088,258.1,255
378.15,1.571,0.277,1.294,0.35,0.267,0.083,257.2,255
378.3,1.612,0.279,1.333,0.35,0.269,0.081,256.8,255
378.45,1.658,0.281,1.377,0.35,0.271,0.079,256.4,255
378.6,1.698,0.282,1.416,0.35,0.274,0.076,255.6,255
378.75,1.739,0.284,1.456,0.35,0.277,0.073,255.1,255
378.9,1.78,0.285,1.494,0.35,0.281,0.069,254.3,254
379.05,1.82,0.287,1.533,0.35,0.282,0.068,258.2,255
379.2,1.86,0.288,1.571,0.35,0.286,0.064,257.3,255
379.35,1.902,0.29,1.612,0.35,0.287,0.063,257.0,255
379.5,1.94,0.291,1.649,0.35,0.289,0.061,256.7,255
379.65,1.983,0.292,1.691,0.35,0.291,0.059,256.3,255
379.8,2.022,0.293,1.729,0.35,0.293,0.057,255.9,255
379.95,2.064,0.294,1.77,0.35,0.295,0.055,255.5,255
380.1,2.111,0.295,1.816,0.35,0.299,0.051,254.6,254
380.25,2.157,0.297,1.861,0.35,0.3,0.05,257.4,255
380.4,2.199,0.298,1.902,0.35,0.301,0.049,257.2,255
380.55,2.238,0.298,1.94,0.35,0.302,0.048,257.0,255
380.7,2.27,0.3,1.97,0.35,0.306,0.044,256.0,255
380.85,2.31,0.301,2.01,0.35,0.307,0.043,255.9,255
381.0,2.34,0.302,2.038,0.35,0.309,0.041,255.3,255
381.15,2.374,0.303,2.071,0.35,0.312,0.038,254.9,254
381.3,2.415,0.304,2.111,0.35,0.314,0.036,256.7,255
381.45,2.453,0.305,2.148,0.35,0.316,0.034,256.1,255
381.6,2.486,0.306,2.18,0.35,0.32,0.03,255.4,255
381.75,2.521,0.308,2.214,0.35,0.324,0.026,254.6,254
381.9,2.543,0.309,2.234,0.35,0.326,0.024,255.7,255
382.05,2.575,0.31,2.265,0.35,0.329,0.021,254.9,254
382.2,2.606,0.312,2.295,0.35,0.332,0.018,255.6,255
382.35,2.635,0.313,2.322,0.35,0.332,0.018,255.8,255
382.5,2.659,0.313,2.346,0.35,0.331,0.019,255.9,255
382.65,2.676,0.314,2.362,0.35,0.331,0.019,256.0,255
382.8,2.707,0.315,2.392,0.35,0.334,0.016,255.2,255
382.95,2.734,0.316,2.418,0.35,0.338,0.012,254.3,254
383.1,2.746,0.317,2.429,0.35,0.342,0.008,254.2,254
383.25,2.766,0.318,2.447,0.35,0.343,0.007,254.4,254
383.4,2.78,0.319,2.461,0.35,0.344,0.006,254.8,254
383.55,2.793,0.32,2.473,0.35,0.347,0.003,254.3,254
383.7,2.811,0.321,2.489,0.35,0.349,0.001,254.0,254
383.85,2.834,0.322,2.511,0.35,0.351,-0.001,253.7,253
384.0,2.847,0.324,2.524,0.35,0.354,-0.004,253.1,253
384.15,2.855,0.324,2.531,0.35,0.354,-0.004,252.9,252
384.3,2.869,0.325,2.544,0.35,0.353,-0.003,252.8,252
384.45,2.875,0.326,2.55,0.35,0.356,-0.006,251.9,251
384.6,2.891,0.326,2.565,0.35,0.357,-0.007,251.5,251
384.75,2.907,0.327,2.58,0.35,0.36,-0.01,250.4,250
384.9,2.911,0.328,2.583,0.35,0.36,-0.01,249.8,249
385.05,2.923,0.328,2.595,0.35,0.359,-0.009,249.5,249
385.2,2.919,0.329,2.591,0.35,0.359,-0.009,249.1,249
385.35,2.917,0.329,2.588,0.35,0.359,-0.009,248.4,248
385.5,2.913,0.329,2.584,0.35,0.359,-0.009,247.9,247
385.65,2.912,0.329,2.583,0.35,0.36,-0.01,247.2,247
385.8,2.915,0.329,2.585,0.35,0.359,-0.009,246.8,246
385.95,2.917,0.329,2.588,0.35,0.359,-0.009,246.4,246
386.1,2.921,0.329,2.592,0.35,0.359,-0.009,245.7,245
386.25,2.923,0.329,2.593,0.35,0.359,-0.009,245.2,245
386.4,2.922,0.33,2.593,0.35,0.36,-0.01,244.5,244
386.55,2.921,0.33,2.591,0.35,0.359,-0.009,244.2,244
386.7,2.912,0.33,2.582,0.35,0.36,-0.01,243.4,243
386.85,2.907,0.33,2.577,0.35,0.361,-0.011,242.7,242
387.0,2.9,0.33,2.57,0.35,0.361,-0.011,242.1,242
387.15,2.885,0.33,2.555,0.35,0.361,-0.011,241.4,241
387.3,2.863,0.33,2.533,0.35,0.359,-0.009,241.1,241
387.45,2.85,0.33,2.52,0.35,0.359,-0.009,240.6,240
387.6,2.837,0.33,2.507,0.35,0.358,-0.008,240.4,240
387.75,2.815,0.329,2.486,0.35,0.357,-0.007,240.1,240
387.9,2.792,0.329,2.463,0.35,0.358,-0.008,239.3,239
388.05,2.775,0.329,2.446,0.35,0.358,-0.008,239.0,239
388.2,2.757,0.329,2.428,0.35,0.358,-0.008,238.5,238
388.35,2.736,0.329,2.407,0.35,0.356,-0.006,238.5,238
388.5,2.71,0.329,2.381,0.35,0.356,-0.006,238.1,238
388.65,2.68,0.328,2.352,0.35,0.354,-0.004,238.2,238
388.8,2.656,0.328,2.328,0.35,0.355,-0.005,237.8,237
388.95,2.632,0.328,2.304,0.35,0.358,-0.008,236.8,236
389.1,2.607,0.328,2.278,0.35,0.359,-0.009,236.2,236
389.25,2.581,0.329,2.253,0.35,0.358,-0.008,235.8,235
389.4,2.55,0.329,2.222,0.35,0.358,-0.008,235.5,235
389.55,2.52,0.329,2.191,0.35,0.36,-0.01,234.4,234
389.7,2.496,0.329,2.166,0.35,0.361,-0.011,233.7,233
389.85,2.458,0.33,2.128,0.35,0.36,-0.01,233.3,233
390.0,2.428,0.33,2.098,0.35,0.36,-0.01,232.6,232
390.15,2.39,0.33,2.06,0.35,0.361,-0.011,231.8,231
390.3,2.354,0.33,2.024,0.35,0.361,-0.011,231.1,231
390.45,2.319,0.33,1.989,0.35,0.362,-0.012,230.3,230
390.6,2.289,0.33,1.958,0.35,0.362,-0.012,229.7,229
390.75,2.258,0.33,1.928,0.35,0.36,-0.01,229.4,229
390.9,2.214,0.33,1.884,0.35,0.358,-0.008,229.3,229
391.05,2.179,0.33,1.849,0.35,0.357,-0.007,229.1,229
391.2,2.143,0.329,1.814,0.35,0.358,-0.008,228.4,228
391.35,2.107,0.329,1.777,0.35,0.359,-0.009,227.6,227
391.5,2.062,0.33,1.732,0.35,0.36,-0.01,226.8,226
391.65,2.026,0.33,1.697,0.35,0.359,-0.009,226.6,226
391.8,1.98,0.33,1.65,0.35,0.36,-0.01,225.7,225
391.95,1.941,0.33,1.611,0.35,0.362,-0.012,224.8,224
392.1,1.9,0.33,1.569,0.35,0.361,-0.011,224.3,224
392.25,1.853,0.33,1.523,0.35,0.36,-0.01,223.9,223
392.4,1.809,0.33,1.478,0.35,0.361,-0.011,223.0,222
392.55,1.775,0.33,1.444,0.35,0.36,-0.01,222.7,222
392.7,1.739,0.33,1.409,0.35,0.358,-0.008,222.5,222
392.85,1.698,0.33,1.369,0.35,0.357,-0.007,222.1,222
393.0,1.657,0.329,1.328,0.35,0.356,-0.006,222.0,221
393.15,1.62,0.329,1.292,0.35,0.354,-0.004,222.2,222
393.3,1.577,0.328,1.249,0.35,0.354,-0.004,221.8,221
393.45,1.538,0.328,1.21,0.35,0.354,-0.004,221.6,221
393.6,1.492,0.328,1.164,0.35,0.354,-0.004,221.3,221
393.75,1.454,0.328,1.127,0.35,0.356,-0.006,220.5,220
393.9,1.415,0.328,1.087,0.35,0.356,-0.006,220.2,220
394.05,1.371,0.328,1.044,0.35,0.354,-0.004,220.4,220
394.2,1.328,0.328,1.0,0.35,0.355,-0.005,219.8,219
394.35,1.287,0.328,0.96,0.35,0.356,-0.006,219.4,219
394.5,1.242,0.327,0.914,0.35,0.354,-0.004,219.6,219
394.65,1.197,0.327,0.869,0.35,0.353,-0.003,219.5,219
394.8,1.148,0.327,0.821,0.35,0.355,-0.005,218.9,218
394.95,1.103,0.327,0.776,0.35,0.354,-0.004,218.8,218
395.1,1.068,0.327,0.741,0.35,0.355,-0.005,218.4,218
395.25,1.029,0.327,0.702,0.35,0.353,-0.003,218.5,218
395.4,0.988,0.327,0.66,0.35,0.355,-0.005,217.8,217
395.55,0.943,0.327,0.616,0.35,0.353,-0.003,218.1,218
395.7,0.906,0.327,0.579,0.35,0.353,-0.003,217.9,217
395.85,0.863,0.327,0.536,0.35,0.355,-0.005,217.3,217
396.0,0.82,0.327,0.493,0.35,0.352,-0.002,217.8,217
396.15,0.777,0.326,0.451,0.35,0.349,0.001,218.1,218
396.3,0.74,0.326,0.414,0.35,0.351,-0.001,217.6,217
396.45,0.709,0.326,0.383,0.35,0.349,0.001,218.3,218
396.6,0.681,0.326,0.356,0.35,0.35,-0.0,217.9,217
396.75,0.649,0.325,0.324,0.35,0.35,0.0,218.0,217
396.9,0.608,0.325,0.282,0.35,0.352,-0.002,217.6,217
397.05,0.572,0.325,0.247,0.35,0.35,0.0,218.0,217
397.2,0.546,0.325,0.221,0.35,0.347,0.003,218.5,218
397.35,0.522,0.325,0.197,0.35,0.348,0.002,218.5,218
397.5,0.495,0.325,0.171,0.35,0.349,0.001,218.3,218
397.65,0.468,0.324,0.144,0.35,0.347,0.003,218.9,218
397.8,0.44,0.324,0.116,0.35,0.349,0.001,218.6,218
397.95,0.408,0.324,0.084,0.35,0.348,0.002,219.0,219
398.1,0.379,0.324,0.055,0.35,0.349,0.001,218.8,218
398.25,0.359,0.324,0.035,0.35,0.346,0.004,219.6,219
398.4,0.332,0.324,0.008,0.35,0.345,0.005,220.0,219
398.55,0.306,0.323,-0.017,0.32,0.345,-0.025,212.9,212
398.7,0.277,0.323,-0.046,0.29,0.347,-0.057,204.7,204
398.85,0.251,0.323,-0.072,0.26,0.344,-0.084,195.8,195
399.0,0.228,0.323,-0.095,0.23,0.344,-0.114,184.4,184
399.15,0.208,0.323,-0.115,0.2,0.345,-0.145,171.4,171
399.3,0.195,0.322,-0.127,0.17,0.341,-0.171,157.5,157
399.45,0.18,0.321,-0.142,0.14,0.338,-0.198,141.9,141
399.6,0.161,0.321,-0.16,0.11,0.337,-0.227,124.1,124
399.75,0.148,0.32,-0.172,0.08,0.333,-0.253,-54.1,0
399.9,0.135,0.318,-0.183,0.05,0.326,-0.276,-58.9,0
400.05,0.13,0.316,-0.186,0.02,0.32,-0.3,-63.9,0
400.2,0.123,0.313,-0.191,0.0,0.312,-0.312,-65.9,0
400.35,0.114,0.31,-0.196,0.0,0.302,-0.302,-74.4,0
400.5,0.106,0.307,-0.201,0.0,0.296,-0.296,-73.0,0
400.65,0.103,0.304,-0.201,0.0,0.29,-0.29,-71.6,0
400.8,0.099,0.301,-0.202,0.0,0.281,-0.281,-69.3,0
400.95,0.093,0.297,-0.205,0.0,0.275,-0.275,-67.7,0
401.1,0.08,0.294,-0.214,0.0,0.269,-0.269,-66.3,0
401.25,0.083,0.291,-0.208,0.0,0.264,-0.264,-65.1,0
401.4,0.08,0.288,-0.208,0.0,0.257,-0.257,-63.3,0
401.55,0.077,0.285,-0.207,0.0,0.25,-0.25,-61.8,0
401.7,0.082,0.282,-0.2,0.0,0.244,-0.244,-60.1,0
401.85,0.081,0.278,-0.198,0.0,0.238,-0.238,-58.6,0
402.0,0.091,0.275,-0.184,0.0,0.231,-0.231,-57.1,0
402.15,0.091,0.272,-0.181,0.0,0.223,-0.223,-55.1,0
402.3,0.104,0.269,-0.165,0.0,0.218,-0.218,-53.7,0
402.45,0.108,0.265,-0.158,0.0,0.21,-0.21,-51.9,0
402.6,0.117,0.262,-0.145,0.0,0.207,-0.207,-51.1,0
402.75,0.129,0.26,-0.131,0.0,0.203,-0.203,-42.6,0
402.9,0.139,0.257,-0.118,0.0,0.198,-0.198,-41.4,0
403.05,0.159,0.254,-0.095,0.0,0.191,-0.191,-39.8,0
403.2,0.172,0.252,-0.08,0.0,0.188,-0.188,-39.5,0
403.35,0.194,0.249,-0.055,0.0,0.182,-0.182,-38.1,0
403.5,0.215,0.246,-0.031,0.0,0.177,-0.177,-37.1,0
403.65,0.237,0.244,-0.006,0.059,0.171,-0.112,-21.1,0
403.8,0.261,0.241,0.019,0.326,0.169,0.157,42.9,42
403.95,0.285,0.239,0.046,0.35,0.164,0.186,49.3,49
404.1,0.304,0.237,0.067,0.35,0.161,0.189,60.0,59
404.25,0.329,0.235,0.094,0.35,0.158,0.192,71.5,71
404.4,0.345,0.233,0.112,0.35,0.155,0.195,83.4,83
404.55,0.366,0.232,0.135,0.35,0.154,0.196,94.9,94
404.7,0.387,0.23,0.156,0.35,0.152,0.198,107.0,106
404.85,0.416,0.229,0.187,0.35,0.153,0.197,118.2,118
405.0,0.447,0.228,0.218,0.35,0.153,0.197,129.8,129
405.15,0.468,0.228,0.24,0.35,0.151,0.199,141.7,141
405.3,0.503,0.228,0.275,0.35,0.153,0.197,152.8,152
405.45,0.533,0.227,0.306,0.35,0.154,0.196,164.1,164
405.6,0.558,0.228,0.33,0.35,0.159,0.191,174.4,174
405.75,0.594,0.229,0.366,0.35,0.16,0.19,185.4,185
405.9,0.626,0.229,0.396,0.35,0.162,0.188,196.2,196
406.05,0.651,0.23,0.422,0.35,0.164,0.186,206.8,206
406.2,0.689,0.231,0.458,0.35,0.17,0.18,216.2,216
406.35,0.721,0.233,0.488,0.35,0.176,0.174,225.6,225
406.5,0.763,0.234,0.529,0.35,0.179,0.171,235.3,235
406.65,0.801,0.236,0.565,0.35,0.185,0.165,243.9,243
406.8,0.838,0.238,0.6,0.35,0.19,0.16,252.6,252
406.95,0.869,0.241,0.628,0.35,0.196,0.154,260.5,255
407.1,0.911,0.243,0.667,0.35,0.202,0.148,259.2,255
407.25,0.943,0.246,0.698,0.35,0.205,0.145,258.8,255
407.4,0.982,0.248,0.734,0.35,0.208,0.142,258.2,255
407.55,1.021,0.25,0.771,0.35,0.213,0.137,257.1,255
407.7,1.055,0.252,0.803,0.35,0.219,0.131,255.8,255
407.85,1.09,0.255,0.836,0.35,0.225,0.125,254.5,254
408.0,1.128,0.257,0.87,0.35,0.229,0.121,261.0,255
408.15,1.173,0.26,0.913,0.35,0.234,0.116,260.0,255
408.3,1.219,0.262,0.957,0.35,0.239,0.111,258.8,255
408.45,1.26,0.264,0.995,0.35,0.242,0.108,258.3,255
408.6,1.312,0.266,1.045,0.35,0.244,0.106,258.1,255
408.75,1.352,0.268,1.084,0.35,0.249,0.101,256.7,255
408.9,1.393,0.27,1.122,0.35,0.252,0.098,256.3,255
409.05,1.433,0.272,1.16,0.35,0.257,0.093,255.2,255
409.2,1.477,0.274,1.203,0.35,0.258,0.092,255.1,255
409.35,1.513,0.276,1.237,0.35,0.264,0.086,253.7,253
409.5,1.559,0.278,1.281,0.35,0.27,0.08,257.5,255
409.65,1.599,0.28,1.319,0.35,0.271,0.079,257.3,255
409.8,1.648,0.282,1.366,0.35,0.275,0.075,256.4,255
409.95,1.691,0.284,1.408,0.35,0.28,0.07,255.3,255
410.1,1.732,0.286,1.447,0.35,0.282,0.068,255.1,255
410.25,1.77,0.288,1.482,0.35,0.286,0.064,254.1,254
410.4,1.819,0.289,1.53,0.35,0.289,0.061,257.2,255
410.55,1.86,0.291,1.569,0.35,0.291,0.059,256.9,255
410.7,1.907,0.292,1.615,0.35,0.293,0.057,256.6,255
410.85,1.949,0.293,1.656,0.35,0.294,0.056,256.2,255
411.0,1.986,0.295,1.691,0.35,0.296,0.054,255.8,255
411.15,2.021,0.296,1.725,0.35,0.298,0.052,255.5,255
411.3,2.066,0.297,1.769,0.35,0.301,0.049,254.7,254
411.45,2.1,0.298,1.802,0.35,0.305,0.045,256.8,255
411.6,2.144,0.3,1.845,0.35,0.308,0.042,256.1,255
411.75,2.189,0.301,1.888,0.35,0.311,0.039,255.6,255
411.9,2.224,0.302,1.922,0.35,0.311,0.039,255.5,255
412.05,2.257,0.303,1.954,0.35,0.313,0.037,255.0,255
412.2,2.292,0.305,1.987,0.35,0.318,0.032,254.0,254
412.35,2.335,0.306,2.029,0.35,0.322,0.028,255.0,255
412.5,2.366,0.308,2.058,0.35,0.325,0.025,254.5,254
412.65,2.393,0.309,2.084,0.35,0.324,0.026,256.2,255
412.8,2.43,0.31,2.119,0.35,0.328,0.022,255.2,255
412.95,2.466,0.311,2.154,0.35,0.33,0.02,254.8,254
413.1,2.497,0.313,2.185,0.35,0.332,0.018,255.7,255
413.25,2.526,0.314,2.213,0.35,0.333,0.017,255.4,255
413.4,2.562,0.315,2.248,0.35,0.335,0.015,255.1,255
413.55,2.589,0.315,2.274,0.35,0.336,0.014,254.8,254
413.7,2.615,0.316,2.299,0.35,0.335,0.015,255.8,255
413.85,2.633,0.317,2.316,0.35,0.337,0.013,255.3,255
414.0,2.655,0.317,2.338,0.35,0.337,0.013,255.4,255
414.15,2.678,0.318,2.361,0.35,0.34,0.01,254.7,254
414.3,2.698,0.318,2.38,0.35,0.341,0.009,255.3,255
414.45,2.727,0.319,2.408,0.35,0.341,0.009,255.2,255
414.6,2.754,0.319,2.435,0.35,0.341,0.009,255.2,255
414.75,2.769,0.32,2.449,0.35,0.342,0.008,254.8,254
414.9,2.782,0.321,2.462,0.35,0.345,0.005,254.7,254
415.05,2.795,0.321,2.474,0.35,0.346,0.004,254.9,254
415.2,2.814,0.322,2.492,0.35,0.349,0.001,254.4,254
415.35,2.838,0.322,2.515,0.35,0.348,0.002,254.8,254
415.5,2.852,0.323,2.528,0.35,0.351,-0.001,254.1,254
415.65,2.859,0.324,2.535,0.35,0.351,-0.001,254.1,254
415.8,2.875,0.325,2.551,0.35,0.354,-0.004,253.3,253
415.95,2.893,0.326,2.567,0.35,0.356,-0.006,252.8,252
416.1,2.898,0.326,2.571,0.35,0.359,-0.009,251.8,251
416.25,2.899,0.328,2.571,0.35,0.362,-0.012,250.6,250
416.4,2.906,0.328,2.578,0.35,0.362,-0.012,249.9,249
416.55,2.917,0.329,2.588,0.35,0.362,-0.012,249.2,249
416.7,2.917,0.33,2.588,0.35,0.362,-0.012,248.4,248
416.85,2.918,0.33,2.588,0.35,0.362,-0.012,247.8,247
417.0,2.918,0.33,2.588,0.35,0.362,-0.012,247.2,247
417.15,2.926,0.33,2.596,0.35,0.36,-0.01,246.8,246
417.3,2.92,0.33,2.59,0.35,0.362,-0.012,245.8,245
417.45,2.924,0.331,2.593,0.35,0.363,-0.013,244.8,244
417.6,2.917,0.331,2.586,0.35,0.365,-0.015,243.7,243
417.75,2.92,0.331,2.588,0.35,0.364,-0.014,243.0,242
417.9,2.916,0.332,2.584,0.35,0.364,-0.014,242.1,242
418.05,2.902,0.332,2.57,0.35,0.364,-0.014,241.5,241
418.2,2.898,0.332,2.566,0.35,0.365,-0.015,240.2,240
418.35,2.881,0.332,2.548,0.35,0.367,-0.017,239.1,239
418.5,2.873,0.332,2.54,0.35,0.365,-0.015,238.5,238
418.65,2.866,0.333,2.533,0.35,0.366,-0.016,237.3,237
418.8,2.845,0.333,2.512,0.35,0.369,-0.019,235.7,235
418.95,2.837,0.333,2.503,0.35,0.368,-0.018,235.0,234
419.1,2.82,0.334,2.487,0.35,0.37,-0.02,233.3,233
419.25,2.801,0.334,2.467,0.35,0.373,-0.023,231.6,231
419.4,2.789,0.335,2.454,0.35,0.373,-0.023,230.3,230
419.55,2.76,0.335,2.425,0.35,0.372,-0.022,229.2,229
419.7,2.737,0.335,2.402,0.35,0.37,-0.02,228.3,228
419.85,2.721,0.335,2.386,0.35,0.37,-0.02,227.2,227
420.0,2.694,0.335,2.359,0.35,0.368,-0.018,226.4,226
420.15,2.666,0.335,2.331,0.35,0.368,-0.018,225.3,225
420.3,2.642,0.334,2.308,0.35,0.367,-0.017,224.5,224
420.45,2.609,0.334,2.275,0.35,0.369,-0.019,223.1,223
420.6,2.582,0.334,2.247,0.35,0.37,-0.02,221.7,221
420.75,2.559,0.334,2.224,0.35,0.369,-0.019,220.8,220
420.9,2.527,0.335,2.192,0.35,0.37,-0.02,219.5,219
421.05,2.499,0.335,2.164,0.35,0.37,-0.02,218.3,218
421.2,2.465,0.335,2.131,0.35,0.369,-0.019,217.5,217
421.35,2.429,0.335,2.094,0.35,0.37,-0.02,216.0,215
421.5,2.401,0.335,2.066,0.35,0.372,-0.022,214.5,214
421.65,2.372,0.335,2.036,0.35,0.373,-0.023,212.9,212
421.8,2.345,0.335,2.01,0.35,0.371,-0.021,212.2,212
421.95,2.315,0.335,1.98,0.35,0.368,-0.018,211.5,211
422.1,2.272,0.335,1.937,0.35,0.369,-0.019,210.3,210
422.25,2.23,0.335,1.895,0.35,0.369,-0.019,209.1,209
422.4,2.191,0.335,1.856,0.35,0.37,-0.02,207.6,207
422.55,2.16,0.335,1.825,0.35,0.371,-0.021,206.5,206
422.7,2.124,0.335,1.79,0.35,0.368,-0.018,205.9,205
422.85,2.085,0.334,1.751,0.35,0.366,-0.016,205.3,205
423.0,2.044,0.334,1.71,0.35,0.366,-0.016,204.2,204
423.15,2.01,0.333,1.677,0.35,0.363,-0.013,204.0,203
423.3,1.962,0.333,1.629,0.35,0.363,-0.013,203.2,203
423.45,1.921,0.333,1.588,0.35,0.364,-0.014,202.1,202
423.6,1.875,0.332,1.543,0.35,0.361,-0.011,202.1,202
423.75,1.833,0.331,1.501,0.35,0.358,-0.008,202.0,202
423.9,1.785,0.331,1.454,0.35,0.356,-0.006,202.0,202
424.05,1.747,0.329,1.417,0.35,0.353,-0.003,202.4,202
424.2,1.711,0.329,1.382,0.35,0.353,-0.003,201.9,201
424.35,1.676,0.328,1.347,0.35,0.355,-0.005,201.5,201
424.5,1.635,0.328,1.307,0.35,0.353,-0.003,201.6,201
424.65,1.587,0.327,1.26,0.35,0.35,-0.0,202.1,202
424.8,1.543,0.327,1.216,0.35,0.349,0.001,202.3,202
424.95,1.504,0.326,1.178,0.35,0.347,0.003,202.9,202
425.1,1.457,0.325,1.132,0.35,0.344,0.006,203.7,203
425.25,1.422,0.324,1.098,0.35,0.344,0.006,203.9,203
425.4,1.383,0.323,1.06,0.35,0.342,0.008,204.6,204
425.55,1.344,0.322,1.022,0.35,0.34,0.01,205.7,205
425.7,1.303,0.322,0.981,0.35,0.341,0.009,205.9,205
425.85,1.251,0.321,0.93,0.35,0.34,0.01,206.8,206
426.0,1.216,0.321,0.895,0.35,0.34,0.01,207.2,207
426.15,1.175,0.321,0.854,0.35,0.341,0.009,207.5,207
426.3,1.134,0.321,0.813,0.35,0.343,0.007,207.6,207
426.45,1.086,0.321,0.765,0.35,0.343,0.007,208.0,208
426.6,1.038,0.322,0.716,0.35,0.344,0.006,208.2,208
426.75,1.001,0.321,0.679,0.35,0.341,0.009,209.2,209
426.9,0.96,0.321,0.638,0.35,0.342,0.008,209.6,209
427.05,0.924,0.321,0.603,0.35,0.341,0.009,210.3,210
427.2,0.889,0.321,0.568,0.35,0.341,0.009,210.6,210
427.35,0.849,0.321,0.529,0.35,0.34,0.01,211.6,211
427.5,0.816,0.32,0.495,0.35,0.339,0.011,212.3,212
427.65,0.775,0.32,0.455,0.35,0.338,0.012,213.1,213
427.8,0.732,0.32,0.412,0.35,0.338,0.012,213.8,213
427.95,0.696,0.32,0.377,0.35,0.338,0.012,214.6,214
428.1,0.667,0.32,0.348,0.35,0.339,0.011,214.9,214
428.25,0.631,0.319,0.311,0.35,0.338,0.012,215.9,215
428.4,0.597,0.319,0.277,0.35,0.338,0.012,216.5,216
428.55,0.571,0.319,0.252,0.35,0.336,0.014,217.7,217
428.7,0.54,0.319,0.221,0.35,0.338,0.012,217.9,217
428.85,0.502,0.319,0.183,0.35,0.338,0.012,218.7,218
429.0,0.468,0.319,0.149,0.35,0.336,0.014,219.9,219
429.15,0.437,0.319,0.118,0.35,0.335,0.015,220.8,220
429.3,0.406,0.319,0.088,0.35,0.337,0.013,221.3,221
429.45,0.377,0.319,0.058,0.35,0.338,0.012,221.9,221
429.6,0.35,0.319,0.031,0.35,0.337,0.013,222.7,222
429.75,0.328,0.319,0.009,0.35,0.338,0.012,223.3,223
429.9,0.305,0.319,-0.014,0.32,0.339,-0.019,216.3,216
430.05,0.279,0.319,-0.04,0.29,0.339,-0.049,209.1,209
430.2,0.262,0.319,-0.057,0.26,0.337,-0.077,200.4,200
430.35,0.244,0.319,-0.075,0.23,0.337,-0.107,189.4,189
430.5,0.224,0.319,-0.095,0.2,0.338,-0.138,176.6,176
430.65,0.205,0.319,-0.114,0.17,0.335,-0.165,163.0,163
430.8,0.184,0.318,-0.134,0.14,0.333,-0.193,147.4,147
430.95,0.164,0.317,-0.153,0.11,0.33,-0.22,130.5,130
431.1,0.155,0.316,-0.161,0.08,0.326,-0.246,112.2,112
431.25,0.143,0.315,-0.172,0.05,0.322,-0.272,-58.1,0
431.4,0.133,0.313,-0.18,0.02,0.312,-0.292,-62.1,0
431.55,0.117,0.31,-0.193,0.0,0.303,-0.303,-74.7,0
431.7,0.108,0.307,-0.199,0.0,0.294,-0.294,-72.5,0
431.85,0.104,0.304,-0.2,0.0,0.289,-0.289,-71.3,0
432.0,0.098,0.3,-0.202,0.0,0.281,-0.281,-69.3,0
432.15,0.09,0.297,-0.207,0.0,0.276,-0.276,-68.0,0
432.3,0.088,0.294,-0.206,0.0,0.268,-0.268,-66.0,0
432.45,0.086,0.29,-0.204,0.0,0.259,-0.259,-64.0,0
432.6,0.082,0.287,-0.205,0.0,0.252,-0.252,-62.1,0
432.75,0.078,0.283,-0.205,0.0,0.244,-0.244,-60.2,0
432.9,0.085,0.279,-0.195,0.0,0.237,-0.237,-58.5,0
433.05,0.082,0.276,-0.193,0.0,0.23,-0.23,-56.8,0
433.2,0.091,0.272,-0.181,0.0,0.224,-0.224,-55.3,0
433.35,0.087,0.269,-0.182,0.0,0.22,-0.22,-54.2,0
433.5,0.086,0.266,-0.18,0.0,0.213,-0.213,-52.5,0
433.65,0.087,0.263,-0.176,0.0,0.206,-0.206,-50.9,0
433.8,0.092,0.26,-0.167,0.0,0.201,-0.201,-49.5,0
433.95,0.1,0.257,-0.157,0.0,0.196,-0.196,-48.3,0
434.1,0.105,0.254,-0.149,0.0,0.189,-0.189,-46.5,0
434.25,0.122,0.251,-0.129,0.0,0.186,-0.186,-38.9,0
434.4,0.131,0.248,-0.117,0.0,0.181,-0.181,-37.8,0
434.55,0.154,0.246,-0.092,0.0,0.175,-0.175,-36.5,0
434.7,0.177,0.243,-0.066,0.0,0.17,-0.17,-35.5,0
434.85,0.19,0.241,-0.051,0.0,0.167,-0.167,-35.0,0
435.0,0.203,0.238,-0.035,0.0,0.161,-0.161,-33.7,0
435.15,0.225,0.236,-0.011,0.0,0.158,-0.158,-33.1,0
435.3,0.242,0.234,0.008,0.236,0.155,0.081,25.8,25
435.45,0.257,0.232,0.026,0.35,0.151,0.199,50.8,50
435.6,0.275,0.23,0.045,0.35,0.149,0.201,58.6,58
435.75,0.303,0.228,0.074,0.35,0.146,0.204,71.1,71
435.9,0.327,0.227,0.101,0.35,0.146,0.204,83.0,82
436.05,0.36,0.226,0.134,0.35,0.147,0.203,94.5,94
436.2,0.393,0.226,0.167,0.35,0.149,0.201,106.1,106
436.35,0.419,0.225,0.194,0.35,0.147,0.203,118.4,118
436.5,0.449,0.225,0.224,0.35,0.148,0.202,129.9,129
436.65,0.479,0.225,0.254,0.35,0.149,0.201,141.5,141
436.8,0.505,0.225,0.28,0.35,0.153,0.197,152.4,152
436.95,0.543,0.226,0.317,0.35,0.155,0.195,163.5,163
437.1,0.579,0.227,0.353,0.35,0.159,0.191,174.1,174
437.25,0.613,0.228,0.385,0.35,0.163,0.187,184.4,184
437.4,0.639,0.229,0.41,0.35,0.168,0.182,194.1,194
437.55,0.675,0.231,0.444,0.35,0.171,0.179,204.2,204
437.7,0.716,0.233,0.484,0.35,0.175,0.175,213.9,213
437.85,0.744,0.234,0.509,0.35,0.179,0.171,223.4,223
438.0,0.782,0.236,0.546,0.35,0.183,0.167,232.5,232
438.15,0.818,0.238,0.581,0.35,0.185,0.165,241.8,241
438.3,0.856,0.24,0.616,0.35,0.19,0.16,250.4,250
438.45,0.893,0.242,0.651,0.35,0.196,0.154,258.5,255
438.6,0.929,0.244,0.686,0.35,0.199,0.151,257.9,255
438.75,0.969,0.246,0.724,0.35,0.204,0.146,256.8,255
438.9,1.006,0.248,0.759,0.35,0.207,0.143,256.3,255
439.05,1.049,0.25,0.799,0.35,0.211,0.139,255.3,255
439.2,1.093,0.251,0.841,0.35,0.214,0.136,254.8,254
439.35,1.132,0.253,0.878,0.35,0.218,0.132,261.7,255
439.5,1.174,0.255,0.919,0.35,0.221,0.129,261.2,255
439.65,1.216,0.257,0.959,0.35,0.226,0.124,260.2,255
439.8,1.263,0.259,1.004,0.35,0.23,0.12,259.4,255
439.95,1.302,0.261,1.042,0.35,0.232,0.118,259.0,255
440.1,1.35,0.263,1.087,0.35,0.238,0.112,257.6,255
440.25,1.394,0.265,1.129,0.35,0.244,0.106,256.4,255
440.4,1.438,0.267,1.171,0.35,0.246,0.104,256.0,255
440.55,1.483,0.269,1.214,0.35,0.248,0.102,255.6,255
440.7,1.524,0.27,1.254,0.35,0.251,0.099,255.0,255
440.85,1.566,0.272,1.294,0.35,0.257,0.093,253.7,253
441.0,1.61,0.274,1.336,0.35,0.258,0.092,259.0,255
441.15,1.65,0.276,1.374,0.35,0.264,0.086,257.6,255
441.3,1.686,0.278,1.409,0.35,0.265,0.085,257.5,255
441.45,1.724,0.28,1.445,0.35,0.271,0.079,256.1,255
441.6,1.773,0.281,1.491,0.35,0.273,0.077,255.8,255
441.75,1.817,0.283,1.534,0.35,0.278,0.072,254.7,254
441.9,1.851,0.285,1.566,0.35,0.279,0.071,258.8,255
442.05,1.887,0.287,1.6,0.35,0.284,0.066,257.7,255
442.2,1.929,0.288,1.64,0.35,0.288,0.062,256.8,255
442.35,1.976,0.29,1.686,0.35,0.29,0.06,256.5,255
442.5,2.012,0.292,1.72,0.35,0.293,0.057,255.8,255
442.65,2.056,0.293,1.762,0.35,0.295,0.055,255.3,255
442.8,2.099,0.295,1.804,0.35,0.3,0.05,254.4,254
442.95,2.139,0.297,1.842,0.35,0.304,0.046,256.5,255
443.1,2.171,0.298,1.873,0.35,0.308,0.042,255.6,255
443.25,2.206,0.3,1.906,0.35,0.31,0.04,255.1,255
443.4,2.246,0.302,1.945,0.35,0.312,0.038,254.8,254
443.55,2.277,0.303,1.974,0.35,0.313,0.037,256.8,255
443.7,2.313,0.304,2.009,0.35,0.313,0.037,256.8,255
443.85,2.344,0.305,2.039,0.35,0.314,0.036,256.5,255
444.0,2.375,0.305,2.069,0.35,0.316,0.034,256.2,255
444.15,2.405,0.307,2.098,0.35,0.32,0.03,255.3,255
444.3,2.443,0.308,2.135,0.35,0.324,0.026,254.4,254
444.45,2.482,0.309,2.173,0.35,0.324,0.026,256.1,255
444.6,2.518,0.31,2.208,0.35,0.324,0.026,256.0,255
444.75,2.541,0.311,2.23,0.35,0.326,0.024,255.6,255
444.9,2.566,0.312,2.254,0.35,0.33,0.02,254.7,254
445.05,2.601,0.313,2.289,0.35,0.332,0.018,255.4,255
445.2,2.63,0.314,2.317,0.35,0.334,0.016,255.0,255
445.35,2.653,0.315,2.338,0.35,0.337,0.013,254.5,254
445.5,2.681,0.316,2.364,0.35,0.34,0.01,254.7,254
445.65,2.698,0.317,2.381,0.35,0.339,0.011,255.5,255
445.8,2.723,0.318,2.405,0.35,0.34,0.01,255.3,255
445.95,2.74,0.318,2.422,0.35,0.339,0.011,255.4,255
446.1,2.756,0.319,2.437,0.35,0.34,0.01,255.3,255
446.25,2.776,0.319,2.457,0.35,0.34,0.01,255.2,255
446.4,2.79,0.319,2.47,0.35,0.34,0.01,255.4,255
446.55,2.811,0.32,2.491,0.35,0.343,0.007,254.5,254
446.7,2.826,0.321,2.505,0.35,0.346,0.004,254.3,254
446.85,2.845,0.322,2.523,0.35,0.35,0.0,253.7,253
447.0,2.853,0.322,2.53,0.35,0.349,0.001,254.0,253
447.15,2.865,0.323,2.542,0.35,0.352,-0.002,253.3,253
447.3,2.88,0.324,2.555,0.35,0.355,-0.005,252.6,252
447.45,2.893,0.325,2.568,0.35,0.356,-0.006,252.2,252
447.6,2.901,0.326,2.574,0.35,0.359,-0.009,251.2,251
447.75,2.909,0.327,2.581,0.35,0.362,-0.012,250.0,249
447.9,2.92,0.329,2.592,0.35,0.364,-0.014,248.8,248
448.05,2.93,0.329,2.601,0.35,0.363,-0.013,248.3,248
448.2,2.939,0.33,2.609,0.35,0.364,-0.014,247.4,247
448.35,2.934,0.331,2.603,0.35,0.364,-0.014,246.4,246
448.5,2.933,0.331,2.602,0.35,0.367,-0.017,244.9,244
448.65,2.932,0.332,2.6,0.35,0.368,-0.018,243.9,243
448.8,2.929,0.332,2.597,0.35,0.367,-0.017,243.0,243
448.95,2.921,0.333,2.588,0.35,0.37,-0.02,241.4,241
449.1,2.916,0.333,2.583,0.35,0.369,-0.019,240.4,240
449.25,2.909,0.334,2.575,0.35,0.371,-0.021,238.9,238
449.4,2.9,0.335,2.565,0.35,0.373,-0.023,237.2,237
449.55,2.896,0.335,2.561,0.35,0.375,-0.025,235.5,235
449.7,2.893,0.336,2.558,0.35,0.375,-0.025,234.2,234
449.85,2.886,0.336,2.55,0.35,0.373,-0.023,233.0,233
450.0,2.868,0.336,2.532,0.35,0.373,-0.023,231.8,231
450.15,2.851,0.336,2.514,0.35,0.374,-0.024,230.0,230
450.3,2.833,0.337,2.497,0.35,0.374,-0.024,228.6,228
450.45,2.82,0.337,2.483,0.35,0.376,-0.026,226.8,226
450.6,2.806,0.337,2.469,0.35,0.376,-0.026,225.4,225
450.75,2.782,0.337,2.445,0.35,0.376,-0.026,223.9,223
450.9,2.767,0.337,2.43,0.35,0.374,-0.024,222.8,222
451.05,2.747,0.337,2.41,0.35,0.374,-0.024,221.2,221
451.2,2.722,0.337,2.385,0.35,0.372,-0.022,220.4,220
451.35,2.696,0.337,2.36,0.35,0.374,-0.024,218.6,218
451.5,2.668,0.337,2.332,0.35,0.371,-0.021,218.0,218
451.65,2.647,0.336,2.311,0.35,0.372,-0.022,216.4,216
451.8,2.617,0.336,2.281,0.35,0.37,-0.02,215.7,215
451.95,2.593,0.336,2.258,0.35,0.368,-0.018,214.9,214
452.1,2.565,0.335,2.23,0.35,0.366,-0.016,214.3,214
452.25,2.541,0.334,2.207,0.35,0.365,-0.015,213.5,213
452.4,2.513,0.334,2.179,0.35,0.365,-0.015,212.5,212
452.55,2.477,0.333,2.143,0.35,0.364,-0.014,212.0,211
452.7,2.448,0.333,2.115,0.35,0.363,-0.013,211.2,211
452.85,2.411,0.332,2.079,0.35,0.361,-0.011,210.9,210
453.0,2.38,0.332,2.048,0.35,0.362,-0.012,210.2,210
453.15,2.351,0.332,2.02,0.35,0.362,-0.012,209.5,209
453.3,2.321,0.332,1.989,0.35,0.363,-0.013,208.5,208
453.45,2.285,0.331,1.954,0.35,0.36,-0.01,208.6,208
453.6,2.244,0.33,1.914,0.35,0.357,-0.007,208.6,208
453.75,2.209,0.33,1.879,0.35,0.355,-0.005,208.6,208
453.9,2.177,0.329,1.848,0.35,0.353,-0.003,208.7,208
454.05,2.136,0.328,1.808,0.35,0.353,-0.003,208.5,208
454.2,2.1,0.328,1.772,0.35,0.353,-0.003,208.2,208
454.35,2.059,0.328,1.731,0.35,0.353,-0.003,208.0,208
454.5,2.018,0.327,1.691,0.35,0.35,-0.0,208.6,208
454.65,1.98,0.326,1.654,0.35,0.348,0.002,209.0,209
454.8,1.94,0.326,1.614,0.35,0.347,0.003,209.3,209
454.95,1.906,0.325,1.581,0.35,0.346,0.004,209.7,209
455.1,1.866,0.325,1.541,0.35,0.348,0.002,209.4,209
455.25,1.83,0.325,1.506,0.35,0.349,0.001,209.4,209
455.4,1.782,0.325,1.457,0.35,0.351,-0.001,209.0,208
455.55,1.739,0.325,1.414,0.35,0.351,-0.001,209.1,209
455.7,1.698,0.325,1.373,0.35,0.352,-0.002,208.8,208
455.85,1.656,0.325,1.331,0.35,0.35,-0.0,209.0,209
456.0,1.612,0.325,1.287,0.35,0.349,0.001,209.3,209
456.15,1.566,0.325,1.242,0.35,0.347,0.003,209.7,209
456.3,1.524,0.324,1.2,0.35,0.345,0.005,210.4,210
456.45,1.481,0.324,1.157,0.35,0.343,0.007,211.0,210
456.6,1.432,0.323,1.109,0.35,0.342,0.008,211.7,211
456.75,1.393,0.323,1.07,0.35,0.343,0.007,211.8,211
456.9,1.35,0.322,1.027,0.35,0.344,0.006,212.1,212
457.05,1.304,0.322,0.981,0.35,0.344,0.006,212.3,212
457.2,1.255,0.322,0.933,0.35,0.344,0.006,212.8,212
457.35,1.218,0.322,0.896,0.35,0.342,0.008,213.5,213
457.5,1.181,0.322,0.859,0.35,0.344,0.006,213.4,213
457.65,1.147,0.322,0.825,0.35,0.345,0.005,213.8,213
457.8,1.105,0.322,0.783,0.35,0.345,0.005,213.9,213
457.95,1.059,0.322,0.736,0.35,0.347,0.003,213.9,213
458.1,1.018,0.323,0.695,0.35,0.348,0.002,213.8,213
458.25,0.973,0.323,0.65,0.35,0.346,0.004,214.5,214
458.4,0.927,0.323,0.604,0.35,0.344,0.006,215.1,215
458.55,0.887,0.323,0.564,0.35,0.345,0.005,215.2,215
458.7,0.847,0.322,0.524,0.35,0.343,0.007,216.0,216
458.85,0.816,0.322,0.494,0.35,0.341,0.009,216.8,216
459.0,0.783,0.322,0.461,0.35,0.342,0.008,217.0,217
459.15,0.753,0.321,0.432,0.35,0.34,0.01,218.1,218
459.3,0.713,0.321,0.392,0.35,0.338,0.012,219.1,219
459.45,0.679,0.32,0.358,0.35,0.337,0.013,219.9,219
459.6,0.642,0.32,0.322,0.35,0.339,0.011,220.2,220
459.75,0.605,0.32,0.286,0.35,0.339,0.011,220.8,220
459.9,0.568,0.32,0.248,0.35,0.342,0.008,220.9,220
460.05,0.536,0.32,0.216,0.35,0.342,0.008,221.3,221
460.2,0.5,0.32,0.179,0.35,0.341,0.009,222.0,222
460.35,0.477,0.321,0.157,0.35,0.344,0.006,221.9,221
460.5,0.442,0.321,0.12,0.35,0.346,0.004,221.7,221
460.65,0.419,0.322,0.098,0.35,0.346,0.004,222.1,222
460.8,0.398,0.322,0.076,0.35,0.346,0.004,222.4,222
460.95,0.367,0.322,0.045,0.35,0.347,0.003,222.2,222
461.1,0.34,0.323,0.017,0.35,0.346,0.004,222.9,222
461.25,0.317,0.323,-0.005,0.32,0.345,-0.025,215.7,215
461.4,0.298,0.323,-0.025,0.29,0.346,-0.056,207.7,207
461.55,0.28,0.323,-0.043,0.26,0.347,-0.087,198.0,197
461.7,0.252,0.323,-0.071,0.23,0.348,-0.118,186.4,186
461.85,0.239,0.323,-0.084,0.2,0.346,-0.146,173.7,173
462.0,0.215,0.323,-0.108,0.17,0.345,-0.175,159.1,159
462.15,0.193,0.323,-0.129,0.14,0.343,-0.203,142.9,142
462.3,0.182,0.322,-0.14,0.11,0.339,-0.229,125.7,125
462.45,0.159,0.321,-0.162,0.08,0.333,-0.253,107.2,107
462.6,0.15,0.319,-0.169,0.05,0.328,-0.278,87.2,87
462.75,0.133,0.317,-0.184,0.02,0.326,-0.306,-65.2,0
462.9,0.12,0.316,-0.195,0.0,0.32,-0.32,-67.6,0
463.05,0.103,0.313,-0.21,0.0,0.31,-0.31,-76.3,0
463.2,0.102,0.31,-0.208,0.0,0.303,-0.303,-74.8,0
463.35,0.1,0.307,-0.207,0.0,0.297,-0.297,-73.2,0
463.5,0.089,0.304,-0.215,0.0,0.288,-0.288,-71.1,0
463.65,0.084,0.301,-0.217,0.0,0.282,-0.282,-69.7,0
463.8,0.079,0.298,-0.219,0.0,0.277,-0.277,-68.4,0
463.95,0.082,0.295,-0.213,0.0,0.271,-0.271,-66.8,0
464.1,0.085,0.292,-0.206,0.0,0.265,-0.265,-65.4,0
464.25,0.078,0.288,-0.211,0.0,0.257,-0.257,-63.4,0
464.4,0.077,0.285,-0.208,0.0,0.25,-0.25,-61.6,0
464.55,0.081,0.282,-0.2,0.0,0.242,-0.242,-59.7,0
464.7,0.089,0.278,-0.19,0.0,0.238,-0.238,-58.8,0
464.85,0.09,0.275,-0.185,0.0,0.23,-0.23,-56.8,0
465.0,0.097,0.272,-0.175,0.0,0.225,-0.225,-55.5,0
465.15,0.106,0.269,-0.163,0.0,0.219,-0.219,-54.1,0
465.3,0.12,0.266,-0.146,0.0,0.212,-0.212,-52.4,0
465.45,0.128,0.263,-0.135,0.0,0.209,-0.209,-43.9,0
465.6,0.14,0.26,-0.12,0.0,0.204,-0.204,-42.5,0
465.75,0.157,0.257,-0.1,0.0,0.196,-0.196,-41.0,0
465.9,0.169,0.254,-0.086,0.0,0.192,-0.192,-40.0,0
466.05,0.185,0.252,-0.067,0.0,0.187,-0.187,-39.2,0
466.2,0.204,0.249,-0.045,0.0,0.182,-0.182,-38.1,0
466.35,0.222,0.246,-0.024,0.0,0.177,-0.177,-36.9,0
466.5,0.24,0.244,-0.004,0.123,0.173,-0.05,-5.8,0
466.65,0.26,0.241,0.019,0.322,0.168,0.153,39.7,39
466.8,0.28,0.239,0.041,0.35,0.165,0.185,49.0,49
466.95,0.301,0.237,0.064,0.35,0.164,0.186,58.9,58
467.1,0.314,0.236,0.079,0.35,0.162,0.188,70.3,70
467.25,0.331,0.234,0.096,0.35,0.16,0.19,81.6,81
467.4,0.362,0.233,0.128,0.35,0.162,0.188,92.3,92
467.55,0.393,0.233,0.16,0.35,0.161,0.189,103.6,103
467.7,0.411,0.232,0.179,0.35,0.16,0.19,114.9,114
467.85,0.435,0.231,0.203,0.35,0.16,0.19,125.9,125
468.0,0.462,0.231,0.231,0.35,0.161,0.189,136.7,136
468.15,0.494,0.231,0.263,0.35,0.16,0.19,148.1,148
468.3,0.523,0.231,0.292,0.35,0.16,0.19,159.1,159
468.45,0.559,0.231,0.328,0.35,0.165,0.185,169.1,169
468.6,0.588,0.231,0.356,0.35,0.165,0.185,180.1,180
468.75,0.624,0.232,0.392,0.35,0.167,0.183,190.4,190
468.9,0.662,0.233,0.429,0.35,0.169,0.181,200.6,200
469.05,0.702,0.233,0.469,0.35,0.171,0.179,210.9,210
469.2,0.74,0.234,0.505,0.35,0.176,0.174,220.2,220
469.35,0.776,0.236,0.54,0.35,0.178,0.172,230.1,230
469.5,0.809,0.237,0.572,0.35,0.185,0.165,238.5,238
469.65,0.849,0.239,0.61,0.35,0.188,0.162,247.6,247
469.8,0.879,0.241,0.638,0.35,0.194,0.156,255.7,255
469.95,0.922,0.243,0.679,0.35,0.201,0.149,254.3,254
470.1,0.961,0.246,0.715,0.35,0.205,0.145,262.1,255
470.25,1.006,0.248,0.759,0.35,0.208,0.142,261.6,255
470.4,1.043,0.25,0.794,0.35,0.211,0.139,260.9,255
470.55,1.087,0.252,0.835,0.35,0.217,0.133,259.6,255
470.7,1.122,0.254,0.868,0.35,0.221,0.129,258.9,255
470.85,1.168,0.256,0.912,0.35,0.225,0.125,258.0,255
471.0,1.202,0.258,0.943,0.35,0.228,0.122,257.4,255
471.15,1.238,0.26,0.978,0.35,0.232,0.118,256.7,255
471.3,1.284,0.262,1.022,0.35,0.235,0.115,255.9,255
471.45,1.318,0.264,1.055,0.35,0.238,0.112,255.2,255
471.6,1.362,0.266,1.096,0.35,0.242,0.108,254.6,254
471.75,1.4,0.267,1.133,0.35,0.246,0.104,260.1,255
471.9,1.44,0.269,1.171,0.35,0.249,0.101,259.4,255
472.05,1.479,0.271,1.208,0.35,0.252,0.098,258.7,255
472.2,1.519,0.273,1.246,0.35,0.256,0.094,257.8,255
472.35,1.562,0.274,1.288,0.35,0.259,0.091,257.4,255
472.5,1.613,0.276,1.337,0.35,0.263,0.087,256.4,255
472.65,1.654,0.278,1.375,0.35,0.269,0.081,255.2,255
472.8,1.692,0.28,1.412,0.35,0.27,0.08,255.0,254
472.95,1.741,0.281,1.46,0.35,0.271,0.079,259.4,255
473.1,1.778,0.283,1.496,0.35,0.274,0.076,258.9,255
473.25,1.824,0.284,1.54,0.35,0.276,0.074,258.3,255
473.4,1.863,0.286,1.577,0.35,0.281,0.069,257.4,255
473.55,1.901,0.287,1.614,0.35,0.285,0.065,256.4,255
473.7,1.943,0.289,1.654,0.35,0.287,0.063,256.1,255
473.85,1.987,0.29,1.697,0.35,0.288,0.062,256.1,255
474.0,2.021,0.291,1.73,0.35,0.29,0.06,255.3,255
474.15,2.069,0.293,1.776,0.35,0.294,0.056,254.6,254
474.3,2.114,0.294,1.82,0.35,0.296,0.054,257.4,255
474.45,2.153,0.295,1.858,0.35,0.299,0.051,256.9,255
474.6,2.186,0.296,1.889,0.35,0.299,0.051,257.0,255
474.75,2.222,0.298,1.924,0.35,0.303,0.047,255.9,255
474.9,2.255,0.299,1.956,0.35,0.307,0.043,255.1,255
475.05,2.296,0.301,1.995,0.35,0.312,0.038,254.1,254
475.2,2.331,0.302,2.029,0.35,0.313,0.037,256.3,255
475.35,2.374,0.303,2.07,0.35,0.315,0.035,255.8,255
475.5,2.4,0.305,2.095,0.35,0.317,0.033,255.3,255
475.65,2.431,0.306,2.125,0.35,0.321,0.029,254.4,254
475.8,2.471,0.307,2.163,0.35,0.321,0.029,256.2,255
475.95,2.496,0.308,2.188,0.35,0.321,0.029,256.2,255
476.1,2.532,0.309,2.223,0.35,0.322,0.028,256.1,255
476.25,2.559,0.309,2.249,0.35,0.322,0.028,256.0,255
476.4,2.58,0.31,2.27,0.35,0.326,0.024,255.1,255
476.55,2.613,0.311,2.302,0.35,0.326,0.024,255.2,255
476.7,2.644,0.312,2.333,0.35,0.329,0.021,254.4,254
476.85,2.666,0.313,2.353,0.35,0.332,0.018,255.0,255
477.0,2.694,0.314,2.38,0.35,0.336,0.014,254.2,254
477.15,2.718,0.316,2.403,0.35,0.34,0.01,254.3,254
477.3,2.742,0.317,2.426,0.35,0.339,0.011,255.2,255
477.45,2.76,0.317,2.443,0.35,0.339,0.011,255.2,255
477.6,2.781,0.318,2.463,0.35,0.339,0.011,255.1,255
477.75,2.791,0.318,2.473,0.35,0.34,0.01,254.9,254
477.9,2.814,0.319,2.495,0.35,0.342,0.008,255.1,255
478.05,2.829,0.319,2.51,0.35,0.341,0.009,255.4,255
478.2,2.837,0.32,2.517,0.35,0.341,0.009,255.4,255
478.35,2.859,0.32,2.539,0.35,0.341,0.009,255.2,255
478.5,2.867,0.32,2.547,0.35,0.343,0.007,254.8,254
478.65,2.878,0.321,2.558,0.35,0.344,0.006,255.1,255
478.8,2.887,0.321,2.566,0.35,0.344,0.006,255.0,254
478.95,2.893,0.321,2.571,0.35,0.345,0.005,255.1,255
479.1,2.903,0.322,2.581,0.35,0.347,0.003,254.8,254
479.25,2.903,0.322,2.581,0.35,0.348,0.002,254.6,254
479.4,2.906,0.323,2.584,0.35,0.348,0.002,254.9,254
479.55,2.906,0.323,2.583,0.35,0.35,0.0,254.5,254
479.7,2.908,0.324,2.584,0.35,0.351,-0.001,254.3,254
479.85,2.913,0.325,2.588,0.35,0.354,-0.004,253.5,253
480.0,2.912,0.326,2.586,0.35,0.356,-0.006,252.8,252
480.15,2.905,0.326,2.579,0.35,0.357,-0.007,252.3,252
480.3,2.903,0.327,2.576,0.35,0.359,-0.009,251.5,251
480.45,2.901,0.328,2.572,0.35,0.362,-0.012,250.3,250
480.6,2.899,0.329,2.571,0.35,0.361,-0.011,250.0,249
480.75,2.897,0.329,2.569,0.35,0.359,-0.009,249.6,249
480.9,2.893,0.329,2.564,0.35,0.358,-0.008,249.3,249
481.05,2.882,0.329,2.553,0.35,0.361,-0.011,248.1,248
481.2,2.873,0.33,2.544,0.35,0.361,-0.011,247.6,247
481.35,2.866,0.33,2.536,0.35,0.361,-0.011,247.0,247
481.5,2.859,0.33,2.529,0.35,0.359,-0.009,246.8,246
481.65,2.84,0.33,2.51,0.35,0.361,-0.011,245.6,245
481.8,2.818,0.33,2.488,0.35,0.363,-0.013,244.7,244
481.95,2.808,0.331,2.478,0.35,0.364,-0.014,243.7,243
482.1,2.796,0.331,2.465,0.35,0.364,-0.014,242.9,242
482.25,2.782,0.331,2.451,0.35,0.363,-0.013,242.3,242
482.4,2.765,0.331,2.434,0.35,0.363,-0.013,241.6,241
482.55,2.739,0.331,2.408,0.35,0.361,-0.011,241.2,241
482.7,2.712,0.331,2.381,0.35,0.362,-0.012,240.2,240
482.85,2.69,0.331,2.36,0.35,0.361,-0.011,239.8,239
483.0,2.663,0.331,2.332,0.35,0.362,-0.012,238.9,238
483.15,2.631,0.331,2.3,0.35,0.361,-0.011,238.5,238
483.3,2.612,0.331,2.281,0.35,0.359,-0.009,238.2,238
483.45,2.579,0.33,2.249,0.35,0.358,-0.008,237.9,237
483.6,2.552,0.33,2.222,0.35,0.356,-0.006,238.0,237
483.75,2.523,0.329,2.194,0.35,0.357,-0.007,237.3,237
483.9,2.491,0.329,2.162,0.35,0.356,-0.006,237.1,237
484.05,2.461,0.329,2.132,0.35,0.358,-0.008,236.2,236
484.2,2.424,0.329,2.095,0.35,0.359,-0.009,235.6,235
484.35,2.4,0.329,2.071,0.35,0.357,-0.007,235.6,235
484.5,2.362,0.329,2.033,0.35,0.358,-0.008,235.0,234
484.65,2.328,0.329,1.998,0.35,0.359,-0.009,234.2,234
484.8,2.296,0.329,1.966,0.35,0.36,-0.01,233.5,233
484.95,2.259,0.33,1.93,0.35,0.361,-0.011,232.6,232
485.1,2.223,0.33,1.893,0.35,0.364,-0.014,231.5,231
485.25,2.187,0.33,1.857,0.35,0.361,-0.011,231.3,231
485.4,2.155,0.331,1.825,0.35,0.363,-0.013,230.1,230
485.55,2.121,0.331,1.79,0.35,0.365,-0.015,228.9,228
485.7,2.078,0.332,1.747,0.35,0.368,-0.018,227.5,227
485.85,2.039,0.332,1.707,0.35,0.367,-0.017,226.8,226
486.0,2.001,0.332,1.668,0.35,0.366,-0.016,225.9,225
486.15,1.963,0.332,1.63,0.35,0.364,-0.014,225.3,225
486.3,1.923,0.332,1.59,0.35,0.365,-0.015,224.3,224
486.45,1.88,0.332,1.548,0.35,0.362,-0.012,224.1,224
486.6,1.839,0.332,1.507,0.35,0.363,-0.013,223.2,223
486.75,1.791,0.332,1.459,0.35,0.362,-0.012,222.6,222
486.9,1.756,0.331,1.425,0.35,0.36,-0.01,222.3,222
487.05,1.716,0.331,1.385,0.35,0.36,-0.01,221.6,221
487.2,1.678,0.331,1.347,0.35,0.359,-0.009,221.4,221
487.35,1.628,0.33,1.298,0.35,0.359,-0.009,220.7,220
487.5,1.578,0.33,1.247,0.35,0.361,-0.011,219.8,219
487.65,1.541,0.33,1.211,0.35,0.358,-0.008,219.8,219
487.8,1.505,0.33,1.175,0.35,0.36,-0.01,218.9,218
487.95,1.467,0.33,1.137,0.35,0.359,-0.009,218.5,218
488.1,1.417,0.33,1.087,0.35,0.359,-0.009,217.9,217
488.25,1.373,0.33,1.043,0.35,0.361,-0.011,216.9,216
488.4,1.332,0.33,1.002,0.35,0.362,-0.012,216.2,216
488.55,1.282,0.33,0.952,0.35,0.362,-0.012,215.5,215
488.7,1.24,0.33,0.91,0.35,0.359,-0.009,215.4,215
488.85,1.193,0.33,0.863,0.35,0.358,-0.008,215.1,215
489.0,1.158,0.33,0.828,0.35,0.357,-0.007,214.8,214
489.15,1.117,0.329,0.787,0.35,0.356,-0.006,214.5,214
489.3,1.068,0.329,0.739,0.35,0.357,-0.007,214.0,214
489.45,1.024,0.329,0.695,0.35,0.354,-0.004,214.3,214
489.6,0.978,0.328,0.65,0.35,0.356,-0.006,213.5,213
489.75,0.94,0.328,0.611,0.35,0.356,-0.006,213.3,213
489.9,0.897,0.328,0.569,0.35,0.355,-0.005,213.2,213
490.05,0.861,0.328,0.533,0.35,0.354,-0.004,213.1,213
490.2,0.827,0.328,0.499,0.35,0.355,-0.005,212.6,212
490.35,0.793,0.328,0.465,0.35,0.354,-0.004,212.5,212
490.5,0.753,0.328,0.425,0.35,0.356,-0.006,211.8,211
490.65,0.72,0.327,0.392,0.35,0.354,-0.004,212.0,212
490.8,0.691,0.327,0.363,0.35,0.352,-0.002,212.2,212
490.95,0.652,0.327,0.325,0.35,0.351,-0.001,212.2,212
491.1,0.616,0.326,0.29,0.35,0.351,-0.001,212.2,212
491.25,0.582,0.326,0.256,0.35,0.349,0.001,212.6,212
491.4,0.556,0.325,0.231,0.35,0.347,0.003,213.0,213
491.55,0.517,0.325,0.192,0.35,0.348,0.002,213.0,213
491.7,0.49,0.325,0.165,0.35,0.348,0.002,213.1,213
491.85,0.461,0.324,0.136,0.35,0.347,0.003,213.5,213
492.0,0.427,0.324,0.103,0.35,0.347,0.003,213.7,213
492.15,0.406,0.324,0.082,0.35,0.346,0.004,214.1,214
492.3,0.374,0.323,0.051,0.35,0.345,0.005,214.6,214
492.45,0.349,0.323,0.025,0.35,0.346,0.004,214.6,214
492.6,0.317,0.323,-0.006,0.32,0.344,-0.024,207.9,207
492.75,0.302,0.323,-0.021,0.29,0.345,-0.055,200.0,199
492.9,0.28,0.323,-0.042,0.26,0.344,-0.084,190.6,190
493.05,0.254,0.322,-0.069,0.23,0.343,-0.113,179.6,179
493.2,0.233,0.322,-0.089,0.2,0.343,-0.143,166.6,166
493.35,0.211,0.322,-0.111,0.17,0.342,-0.172,152.3,152
493.5,0.187,0.321,-0.134,0.14,0.337,-0.197,137.0,137
493.65,0.173,0.32,-0.147,0.11,0.336,-0.226,119.4,119
493.8,0.163,0.319,-0.156,0.08,0.333,-0.253,100.5,100
493.95,0.153,0.318,-0.165,0.05,0.327,-0.277,80.8,80
494.1,0.134,0.316,-0.182,0.02,0.321,-0.301,-64.2,0
494.25,0.117,0.314,-0.197,0.0,0.314,-0.314,-77.4,0
494.4,0.108,0.311,-0.203,0.0,0.307,-0.307,-75.6,0
494.55,0.104,0.308,-0.204,0.0,0.299,-0.299,-73.8,0
494.7,0.098,0.305,-0.206,0.0,0.289,-0.289,-71.3,0
494.85,0.086,0.301,-0.215,0.0,0.281,-0.281,-69.3,0
495.0,0.076,0.298,-0.221,0.0,0.275,-0.275,-67.8,0
495.15,0.067,0.294,-0.228,0.0,0.269,-0.269,-66.3,0
495.3,0.068,0.291,-0.223,0.0,0.261,-0.261,-64.4,0
495.45,0.074,0.287,-0.214,0.0,0.253,-0.253,-62.5,0
495.6,0.072,0.284,-0.212,0.0,0.245,-0.245,-60.4,0
495.75,0.069,0.28,-0.21,0.0,0.236,-0.236,-58.3,0
495.9,0.069,0.276,-0.207,0.0,0.232,-0.232,-57.2,0
496.05,0.072,0.273,-0.201,0.0,0.227,-0.227,-56.1,0
496.2,0.084,0.27,-0.186,0.0,0.22,-0.22,-54.4,0
496.35,0.088,0.267,-0.178,0.0,0.214,-0.214,-52.7,0
496.5,0.095,0.263,-0.168,0.0,0.207,-0.207,-51.0,0
496.65,0.106,0.26,-0.154,0.0,0.202,-0.202,-49.9,0
496.8,0.118,0.257,-0.14,0.0,0.196,-0.196,-48.5,0
496.95,0.125,0.255,-0.13,0.0,0.194,-0.194,-40.6,0
497.1,0.138,0.252,-0.114,0.0,0.189,-0.189,-39.6,0
497.25,0.154,0.25,-0.096,0.0,0.185,-0.185,-38.7,0
497.4,0.161,0.247,-0.087,0.0,0.181,-0.181,-37.8,0
497.55,0.178,0.245,-0.067,0.0,0.175,-0.175,-36.5,0
497.7,0.191,0.242,-0.051,0.0,0.169,-0.169,-35.4,0
497.85,0.216,0.24,-0.024,0.0,0.163,-0.163,-34.1,0
498.0,0.233,0.237,-0.004,0.092,0.158,-0.066,-10.2,0
498.15,0.259,0.234,0.024,0.347,0.152,0.195,50.6,50
498.3,0.277,0.232,0.045,0.35,0.15,0.2,53.5,53
498.45,0.294,0.23,0.064,0.35,0.148,0.202,65.6,65
498.6,0.312,0.228,0.084,0.35,0.145,0.205,78.0,78
498.75,0.331,0.227,0.105,0.35,0.146,0.204,89.7,89
498.9,0.354,0.226,0.128,0.35,0.147,0.203,101.3,101
499.05,0.376,0.225,0.151,0.35,0.147,0.203,113.4,113
499.2,0.406,0.225,0.181,0.35,0.149,0.201,124.8,124
499.35,0.436,0.225,0.211,0.35,0.149,0.201,136.7,136
499.5,0.471,0.225,0.246,0.35,0.152,0.198,147.7,147
499.65,0.5,0.225,0.274,0.35,0.153,0.197,159.0,158
499.8,0.537,0.226,0.311,0.35,0.157,0.193,169.7,169
499.95,0.562,0.227,0.335,0.35,0.159,0.191,180.5,180
500.1,0.597,0.228,0.369,0.35,0.161,0.189,191.4,191
500.25,0.625,0.229,0.396,0.35,0.165,0.185,201.5,201
500.4,0.657,0.23,0.426,0.35,0.169,0.181,211.5,211
500.55,0.702,0.232,0.47,0.35,0.175,0.175,220.6,220
500.7,0.738,0.234,0.504,0.35,0.179,0.171,230.3,230
500.85,0.774,0.236,0.538,0.35,0.183,0.167,239.2,239
501.0,0.808,0.238,0.57,0.35,0.19,0.16,247.6,247
501.15,0.852,0.241,0.611,0.35,0.197,0.153,255.5,255
501.3,0.895,0.243,0.652,0.35,0.201,0.149,254.7,254
501.45,0.928,0.246,0.682,0.35,0.208,0.142,261.8,255
501.6,0.974,0.249,0.725,0.35,0.214,0.136,260.6,255
501.75,1.008,0.252,0.756,0.35,0.221,0.129,259.2,255
501.9,1.042,0.255,0.788,0.35,0.227,0.123,257.8,255
502.05,1.078,0.258,0.821,0.35,0.233,0.117,256.7,255
502.2,1.115,0.26,0.855,0.35,0.238,0.112,255.6,255
502.35,1.165,0.263,0.902,0.35,0.243,0.107,254.6,254
502.5,1.215,0.266,0.949,0.35,0.248,0.102,259.7,255
502.65,1.257,0.268,0.989,0.35,0.251,0.099,259.2,255
502.8,1.303,0.27,1.032,0.35,0.252,0.098,259.0,255
502.95,1.338,0.272,1.066,0.35,0.257,0.093,257.8,255
503.1,1.374,0.275,1.1,0.35,0.262,0.088,256.8,255
503.25,1.418,0.276,1.142,0.35,0.264,0.086,256.4,255
503.4,1.466,0.278,1.187,0.35,0.265,0.085,256.3,255
503.55,1.515,0.28,1.235,0.35,0.269,0.081,255.4,255
503.7,1.561,0.281,1.28,0.35,0.274,0.076,254.4,254
503.85,1.609,0.283,1.325,0.35,0.278,0.072,257.9,255
504.0,1.654,0.285,1.369,0.35,0.282,0.068,257.1,255
504.15,1.695,0.287,1.408,0.35,0.283,0.067,257.0,255
504.3,1.737,0.289,1.448,0.35,0.288,0.062,255.8,255
504.45,1.777,0.29,1.487,0.35,0.289,0.061,255.8,255
504.6,1.811,0.292,1.519,0.35,0.292,0.058,255.0,254
504.75,1.856,0.293,1.563,0.35,0.296,0.054,257.5,255
504.9,1.891,0.295,1.596,0.35,0.3,0.05,256.8,255
505.05,1.935,0.296,1.638,0.35,0.301,0.049,256.6,255
505.2,1.978,0.298,1.68,0.35,0.305,0.045,255.7,255
505.35,2.019,0.299,1.72,0.35,0.306,0.044,255.6,255
505.5,2.053,0.3,1.753,0.35,0.308,0.042,255.1,255
505.65,2.093,0.301,1.791,0.35,0.309,0.041,254.9,254
505.8,2.137,0.303,1.835,0.35,0.312,0.038,256.7,255
505.95,2.167,0.304,1.863,0.35,0.316,0.034,255.8,255
506.1,2.209,0.305,1.903,0.35,0.318,0.032,255.3,255
506.25,2.247,0.307,1.941,0.35,0.321,0.029,254.7,254
506.4,2.285,0.308,1.977,0.35,0.325,0.025,255.5,255
506.55,2.322,0.31,2.012,0.35,0.328,0.022,255.0,255
506.7,2.361,0.311,2.05,0.35,0.33,0.02,254.5,254
506.85,2.394,0.312,2.082,0.35,0.331,0.019,255.6,255
507.0,2.43,0.313,2.117,0.35,0.332,0.018,255.3,255
507.15,2.464,0.314,2.15,0.35,0.335,0.015,254.7,254
507.3,2.496,0.315,2.181,0.35,0.337,0.013,255.2,255
507.45,2.518,0.316,2.202,0.35,0.338,0.012,255.0,255
507.6,2.547,0.317,2.231,0.35,0.337,0.013,255.3,255
507.75,2.58,0.317,2.263,0.35,0.34,0.01,254.6,254
507.9,2.607,0.318,2.288,0.35,0.342,0.008,254.6,254
508.05,2.637,0.319,2.318,0.35,0.342,0.008,255.4,255
508.2,2.666,0.32,2.347,0.35,0.344,0.006,254.7,254
508.35,2.695,0.321,2.375,0.35,0.346,0.004,254.7,254
508.5,2.723,0.321,2.402,0.35,0.346,0.004,255.1,255
508.65,2.749,0.322,2.427,0.35,0.348,0.002,254.4,254
508.8,2.774,0.322,2.451,0.35,0.348,0.002,254.8,254
508.95,2.79,0.323,2.467,0.35,0.35,0.0,254.3,254
509.1,2.807,0.324,2.483,0.35,0.352,-0.002,253.8,253
509.25,2.824,0.324,2.5,0.35,0.353,-0.003,253.7,253
509.4,2.834,0.325,2.509,0.35,0.355,-0.005,252.9,252
509.55,2.843,0.326,2.517,0.35,0.357,-0.007,252.2,252
509.7,2.851,0.327,2.524,0.35,0.358,-0.008,251.7,251
509.85,2.861,0.327,2.534,0.35,0.359,-0.009,251.0,251
510.0,2.88,0.328,2.551,0.35,0.362,-0.012,249.9,249
510.15,2.893,0.329,2.564,0.35,0.363,-0.013,248.9,248
510.3,2.907,0.329,2.578,0.35,0.361,-0.011,248.7,248
510.45,2.916,0.33,2.586,0.35,0.362,-0.012,247.8,247
510.6,2.916,0.33,2.586,0.35,0.362,-0.012,247.0,246
510.75,2.92,0.33,2.59,0.35,0.362,-0.012,246.4,246
510.9,2.92,0.331,2.59,0.35,0.362,-0.012,245.6,245
511.05,2.918,0.33,2.588,0.35,0.36,-0.01,245.3,245
511.2,2.918,0.331,2.587,0.35,0.361,-0.011,244.4,244
511.35,2.925,0.33,2.595,0.35,0.36,-0.01,244.2,244
511.5,2.923,0.33,2.593,0.35,0.361,-0.011,243.2,243
511.65,2.914,0.33,2.584,0.35,0.361,-0.011,242.7,242
511.8,2.909,0.331,2.578,0.35,0.362,-0.012,241.8,241
511.95,2.9,0.331,2.569,0.35,0.363,-0.013,240.8,240
512.1,2.899,0.331,2.567,0.35,0.365,-0.015,239.7,239
512.25,2.891,0.331,2.56,0.35,0.364,-0.014,239.2,239
512.4,2.886,0.331,2.555,0.35,0.363,-0.013,238.5,238
512.55,2.875,0.332,2.543,0.35,0.366,-0.016,237.1,237
512.7,2.86,0.332,2.528,0.35,0.367,-0.017,235.8,235
512.85,2.846,0.333,2.513,0.35,0.369,-0.019,234.4,234
513.0,2.83,0.333,2.497,0.35,0.368,-0.018,233.6,233
513.15,2.825,0.333,2.492,0.35,0.367,-0.017,232.9,232
513.3,2.813,0.333,2.479,0.35,0.367,-0.017,231.8,231
513.45,2.794,0.333,2.46,0.35,0.368,-0.018,230.6,230
513.6,2.784,0.334,2.451,0.35,0.369,-0.019,229.4,229
513.75,2.766,0.333,2.432,0.35,0.366,-0.016,228.9,228
513.9,2.75,0.333,2.417,0.35,0.367,-0.017,227.7,227
514.05,2.728,0.333,2.394,0.35,0.366,-0.016,226.9,226
514.2,2.702,0.333,2.369,0.35,0.364,-0.014,226.4,226
514.35,2.679,0.333,2.346,0.35,0.363,-0.013,225.8,225
514.5,2.658,0.333,2.326,0.35,0.364,-0.014,224.7,224
514.65,2.631,0.332,2.299,0.35,0.363,-0.013,224.3,224
514.8,2.602,0.332,2.27,0.35,0.362,-0.012,223.6,223
514.95,2.576,0.332,2.244,0.35,0.361,-0.011,223.1,223
515.1,2.545,0.332,2.213,0.35,0.363,-0.013,221.9,221
515.25,2.515,0.332,2.183,0.35,0.365,-0.015,220.8,220
515.4,2.479,0.332,2.147,0.35,0.366,-0.016,219.7,219
515.55,2.452,0.332,2.119,0.35,0.367,-0.017,218.7,218
515.7,2.417,0.333,2.084,0.35,0.368,-0.018,217.4,217
515.85,2.385,0.333,2.052,0.35,0.366,-0.016,217.0,216
516.0,2.348,0.333,2.016,0.35,0.367,-0.017,215.7,215
516.15,2.308,0.333,1.975,0.35,0.366,-0.016,214.9,214
516.3,2.277,0.333,1.944,0.35,0.364,-0.014,214.4,214
516.45,2.24,0.333,1.908,0.35,0.364,-0.014,213.5,213
516.6,2.208,0.332,1.876,0.35,0.362,-0.012,213.2,213
516.75,2.164,0.332,1.832,0.35,0.36,-0.01,212.9,212
516.9,2.125,0.331,1.794,0.35,0.359,-0.009,212.6,212
517.05,2.089,0.331,1.758,0.35,0.36,-0.01,211.8,211
517.2,2.054,0.331,1.724,0.35,0.361,-0.011,210.9,210
517.35,2.011,0.33,1.681,0.35,0.359,-0.009,210.9,210
517.5,1.978,0.33,1.648,0.35,0.356,-0.006,211.0,211
517.65,1.931,0.329,1.602,0.35,0.357,-0.007,210.4,210
517.8,1.892,0.329,1.564,0.35,0.354,-0.004,210.6,210
517.95,1.848,0.328,1.52,0.35,0.351,-0.001,211.1,211
518.1,1.806,0.328,1.479,0.35,0.353,-0.003,210.5,210
518.25,1.764,0.327,1.437,0.35,0.351,-0.001,210.7,210
518.4,1.718,0.327,1.391,0.35,0.35,-0.0,210.9,210
518.55,1.675,0.326,1.349,0.35,0.349,0.001,211.0,210
518.7,1.639,0.326,1.314,0.35,0.347,0.003,211.5,211
518.85,1.595,0.325,1.27,0.35,0.348,0.002,211.5,211
519.0,1.55,0.325,1.225,0.35,0.346,0.004,212.0,211
519.15,1.507,0.324,1.183,0.35,0.347,0.003,212.0,211
519.3,1.464,0.324,1.14,0.35,0.347,0.003,212.2,212
519.45,1.426,0.324,1.102,0.35,0.348,0.002,212.2,212
519.6,1.381,0.324,1.057,0.35,0.348,0.002,212.4,212
519.75,1.342,0.324,1.019,0.35,0.346,0.004,212.8,212
519.9,1.306,0.324,0.983,0.35,0.345,0.005,213.3,213
520.05,1.263,0.323,0.939,0.35,0.344,0.006,213.7,213
520.2,1.225,0.323,0.902,0.35,0.343,0.007,214.2,214
520.35,1.189,0.322,0.867,0.35,0.341,0.009,215.2,215
520.5,1.139,0.322,0.817,0.35,0.342,0.008,215.3,215
520.65,1.094,0.322,0.772,0.35,0.344,0.006,215.4,215
520.8,1.053,0.322,0.732,0.35,0.342,0.008,216.4,216
520.95,1.005,0.321,0.684,0.35,0.341,0.009,217.0,217
521.1,0.964,0.321,0.643,0.35,0.342,0.008,217.2,217
521.25,0.933,0.321,0.611,0.35,0.341,0.009,217.9,217
521.4,0.896,0.321,0.575,0.35,0.342,0.008,218.3,218
521.55,0.863,0.321,0.542,0.35,0.339,0.011,219.3,219
521.7,0.817,0.321,0.496,0.35,0.341,0.009,219.4,219
521.85,0.777,0.321,0.457,0.35,0.342,0.008,219.9,219
522.0,0.748,0.321,0.427,0.35,0.343,0.007,220.0,220
522.15,0.715,0.321,0.394,0.35,0.343,0.007,220.6,220
522.3,0.682,0.321,0.361,0.35,0.341,0.009,221.4,221
522.45,0.641,0.321,0.32,0.35,0.342,0.008,221.6,221
522.6,0.609,0.321,0.288,0.35,0.343,0.007,221.8,221
522.75,0.57,0.321,0.248,0.35,0.345,0.005,221.8,221
522.9,0.538,0.322,0.217,0.35,0.345,0.005,222.3,222
523.05,0.505,0.322,0.183,0.35,0.347,0.003,222.1,222
523.2,0.469,0.322,0.147,0.35,0.345,0.005,222.7,222
523.35,0.442,0.322,0.12,0.35,0.344,0.006,223.3,223
523.5,0.41,0.322,0.088,0.35,0.343,0.007,223.8,223
523.65,0.379,0.322,0.057,0.35,0.344,0.006,223.9,223
523.8,0.36,0.322,0.038,0.35,0.343,0.007,224.5,224
523.95,0.34,0.322,0.018,0.35,0.341,0.009,225.4,225
524.1,0.315,0.321,-0.007,0.32,0.343,-0.023,218.1,218
524.25,0.296,0.321,-0.026,0.29,0.343,-0.053,210.5,210
524.4,0.277,0.322,-0.044,0.26,0.344,-0.084,200.9,200
524.55,0.249,0.322,-0.073,0.23,0.344,-0.114,189.7,189
524.7,0.23,0.322,-0.092,0.2,0.343,-0.143,176.9,176
524.85,0.217,0.322,-0.105,0.17,0.343,-0.173,162.3,162
525.0,0.201,0.322,-0.12,0.14,0.343,-0.203,145.9,145
525.15,0.189,0.321,-0.132,0.11,0.34,-0.23,128.4,128
525.3,0.172,0.32,-0.148,0.08,0.335,-0.255,109.7,109
525.45,0.16,0.319,-0.159,0.05,0.333,-0.283,88.9,88
525.6,0.139,0.318,-0.179,0.02,0.328,-0.308,-65.6,0
525.75,0.133,0.316,-0.183,0.0,0.321,-0.321,-67.8,0
525.9,0.114,0.314,-0.199,0.0,0.312,-0.312,-77.1,0
526.05,0.108,0.311,-0.203,0.0,0.307,-0.307,-75.7,0
526.2,0.098,0.308,-0.21,0.0,0.3,-0.3,-74.0,0
526.35,0.085,0.306,-0.22,0.0,0.294,-0.294,-72.6,0
526.5,0.075,0.303,-0.227,0.0,0.289,-0.289,-71.3,0
526.65,0.071,0.3,-0.229,0.0,0.283,-0.283,-69.8,0
526.8,0.063,0.297,-0.233,0.0,0.275,-0.275,-67.8,0
526.95,0.06,0.294,-0.234,0.0,0.269,-0.269,-66.2,0
527.1,0.055,0.291,-0.236,0.0,0.264,-0.264,-65.2,0
527.25,0.051,0.288,-0.237,0.0,0.256,-0.256,-63.1,0
527.4,0.051,0.284,-0.233,0.0,0.248,-0.248,-61.2,0
527.55,0.057,0.281,-0.223,0.0,0.241,-0.241,-59.4,0
527.7,0.061,0.277,-0.216,0.0,0.235,-0.235,-58.0,0
527.85,0.072,0.275,-0.203,0.0,0.231,-0.231,-57.0,0
528.0,0.079,0.272,-0.193,0.0,0.227,-0.227,-55.9,0
528.15,0.096,0.269,-0.173,0.0,0.222,-0.222,-54.8,0
528.3,0.111,0.267,-0.156,0.0,0.218,-0.218,-53.8,0
528.45,0.129,0.264,-0.135,0.0,0.214,-0.214,-44.8,0
528.6,0.135,0.262,-0.127,0.0,0.21,-0.21,-43.9,0
528.75,0.157,0.259,-0.103,0.0,0.205,-0.205,-42.8,0
528.9,0.174,0.257,-0.083,0.0,0.2,-0.2,-41.9,0
529.05,0.183,0.255,-0.071,0.0,0.195,-0.195,-40.7,0
529.2,0.196,0.252,-0.057,0.0,0.191,-0.191,-40.1,0
529.35,0.213,0.25,-0.037,0.0,0.184,-0.184,-38.4,0
529.5,0.236,0.247,-0.011,0.0,0.178,-0.178,-37.1,0
529.65,0.259,0.245,0.015,0.298,0.175,0.123,36.9,36
529.8,0.283,0.242,0.041,0.35,0.171,0.179,46.9,46
529.95,0.308,0.24,0.068,0.35,0.167,0.183,56.3,56
530.1,0.332,0.238,0.093,0.35,0.167,0.183,67.0,66
530.25,0.356,0.237,0.119,0.35,0.167,0.183,77.6,77
530.4,0.382,0.236,0.147,0.35,0.164,0.186,89.1,89
530.55,0.407,0.235,0.172,0.35,0.163,0.187,100.0,100
530.7,0.434,0.234,0.2,0.35,0.162,0.188,111.3,111
530.85,0.463,0.233,0.23,0.35,0.161,0.189,122.3,122
531.0,0.489,0.233,0.257,0.35,0.162,0.188,133.1,133
531.15,0.522,0.233,0.289,0.35,0.165,0.185,143.4,143
531.3,0.554,0.233,0.322,0.35,0.165,0.185,154.4,154
531.45,0.593,0.233,0.36,0.35,0.168,0.182,164.4,164
531.6,0.633,0.234,0.399,0.35,0.17,0.18,174.6,174
531.75,0.672,0.234,0.438,0.35,0.174,0.176,184.4,184
531.9,0.709,0.235,0.474,0.35,0.175,0.175,194.5,194
532.05,0.738,0.236,0.502,0.35,0.178,0.172,204.0,203
532.2,0.768,0.237,0.531,0.35,0.179,0.171,213.9,213
532.35,0.807,0.238,0.569,0.35,0.184,0.166,222.9,222
532.5,0.849,0.24,0.609,0.35,0.188,0.162,231.6,231
532.65,0.89,0.241,0.649,0.35,0.193,0.157,240.0,239
532.8,0.927,0.243,0.684,0.35,0.197,0.153,248.6,248
532.95,0.967,0.245,0.723,0.35,0.199,0.151,257.0,255
533.1,1.009,0.247,0.763,0.35,0.204,0.146,255.9,255
533.25,1.053,0.249,0.804,0.35,0.211,0.139,254.4,254
533.4,1.096,0.251,0.845,0.35,0.217,0.133,261.4,255
533.55,1.128,0.254,0.874,0.35,0.222,0.128,260.3,255
533.7,1.162,0.256,0.906,0.35,0.224,0.126,260.0,255
533.85,1.208,0.258,0.951,0.35,0.227,0.123,259.3,255
534.0,1.246,0.259,0.987,0.35,0.23,0.12,258.7,255
534.15,1.281,0.261,1.02,0.35,0.234,0.116,257.7,255
534.3,1.325,0.263,1.061,0.35,0.239,0.111,256.6,255
534.45,1.37,0.265,1.105,0.35,0.242,0.108,256.2,255
534.6,1.414,0.267,1.147,0.35,0.248,0.102,254.8,254
534.75,1.463,0.27,1.193,0.35,0.253,0.097,259.8,255
534.9,1.512,0.272,1.24,0.35,0.255,0.095,259.4,255
535.05,1.545,0.274,1.271,0.35,0.261,0.089,258.0,255
535.2,1.585,0.276,1.309,0.35,0.263,0.087,257.7,255
535.35,1.624,0.278,1.346,0.35,0.268,0.082,256.7,255
535.5,1.659,0.28,1.379,0.35,0.272,0.078,255.9,255
535.65,1.697,0.282,1.416,0.35,0.274,0.076,255.5,255
535.8,1.738,0.283,1.455,0.35,0.278,0.072,254.5,254
535.95,1.775,0.285,1.49,0.35,0.28,0.07,258.5,255
536.1,1.82,0.286,1.534,0.35,0.281,0.069,258.1,255
536.25,1.857,0.288,1.569,0.35,0.285,0.065,257.2,255
536.4,1.895,0.29,1.606,0.35,0.289,0.061,256.5,255
536.55,1.933,0.291,1.642,0.35,0.292,0.058,255.8,255
536.7,1.97,0.293,1.677,0.35,0.294,0.056,255.4,255
536.85,2.013,0.294,1.718,0.35,0.298,0.052,254.6,254
537.0,2.049,0.296,1.754,0.35,0.301,0.049,257.1,255
537.15,2.1,0.297,1.802,0.35,0.304,0.046,256.4,255
537.3,2.141,0.299,1.843,0.35,0.305,0.045,256.1,255
537.45,2.186,0.3,1.886,0.35,0.308,0.042,255.6,255
537.6,2.231,0.301,1.93,0.35,0.308,0.042,255.6,255
537.75,2.271,0.302,1.969,0.35,0.31,0.04,255.1,255
537.9,2.31,0.303,2.007,0.35,0.315,0.035,254.1,254
538.05,2.339,0.305,2.035,0.35,0.318,0.032,255.5,255
538.2,2.38,0.306,2.074,0.35,0.318,0.032,255.7,255
538.35,2.412,0.307,2.106,0.35,0.318,0.032,255.7,255
538.5,2.437,0.307,2.129,0.35,0.32,0.03,255.2,255
538.65,2.464,0.308,2.156,0.35,0.32,0.03,255.3,255
538.8,2.492,0.308,2.183,0.35,0.32,0.03,255.2,255
538.95,2.522,0.309,2.213,0.35,0.323,0.027,254.6,254
539.1,2.559,0.31,2.249,0.35,0.326,0.024,255.5,255
539.25,2.582,0.311,2.271,0.35,0.325,0.025,255.6,255
539.4,2.614,0.312,2.302,0.35,0.329,0.021,254.8,254
539.55,2.634,0.312,2.322,0.35,0.328,0.022,256.3,255
539.7,2.666,0.313,2.353,0.35,0.329,0.021,256.0,255
539.85,2.687,0.313,2.373,0.35,0.33,0.02,255.8,255
540.0,2.716,0.314,2.401,0.35,0.334,0.016,255.0,254
540.15,2.74,0.315,2.425,0.35,0.335,0.015,255.7,255
540.3,2.767,0.316,2.451,0.35,0.339,0.011,255.0,254
540.45,2.789,0.317,2.472,0.35,0.338,0.012,255.9,255
540.6,2.811,0.317,2.493,0.35,0.337,0.013,256.0,255
540.75,2.818,0.318,2.5,0.35,0.341,0.009,255.1,255
540.9,2.831,0.319,2.512,0.35,0.342,0.008,255.0,254
541.05,2.844,0.32,2.524,0.35,0.343,0.007,255.3,255
541.2,2.864,0.32,2.544,0.35,0.342,0.008,255.5,255
541.35,2.88,0.32,2.56,0.35,0.343,0.007,255.2,255
541.5,2.889,0.321,2.568,0.35,0.346,0.004,254.5,254
541.65,2.891,0.322,2.569,0.35,0.349,0.001,254.2,254
541.8,2.904,0.323,2.581,0.35,0.352,-0.002,253.4,253
541.95,2.91,0.324,2.586,0.35,0.353,-0.003,253.2,253
542.1,2.908,0.325,2.583,0.35,0.355,-0.005,252.6,252
542.25,2.911,0.326,2.585,0.35,0.355,-0.005,252.3,252
542.4,2.919,0.326,2.593,0.35,0.356,-0.006,251.9,251
542.55,2.918,0.327,2.592,0.35,0.356,-0.006,251.5,251
542.7,2.914,0.327,2.587,0.35,0.359,-0.009,250.5,250
542.85,2.91,0.328,2.582,0.35,0.361,-0.011,249.6,249
543.0,2.905,0.329,2.576,0.35,0.363,-0.013,248.5,248
543.15,2.906,0.33,2.576,0.35,0.365,-0.015,247.4,247
543.3,2.907,0.331,2.577,0.35,0.366,-0.016,246.2,246
543.45,2.904,0.332,2.572,0.35,0.369,-0.019,244.6,244
543.6,2.906,0.333,2.573,0.35,0.371,-0.021,243.2,243
543.75,2.894,0.333,2.561,0.35,0.369,-0.019,242.4,242
543.9,2.881,0.334,2.548,0.35,0.371,-0.021,240.8,240
544.05,2.879,0.334,2.545,0.35,0.373,-0.023,239.1,239
544.2,2.864,0.335,2.53,0.35,0.371,-0.021,238.3,238
544.35,2.849,0.335,2.515,0.35,0.369,-0.019,237.5,237
544.5,2.835,0.335,2.5,0.35,0.369,-0.019,236.3,236
544.65,2.819,0.334,2.484,0.35,0.367,-0.017,235.7,235
544.8,2.804,0.334,2.47,0.35,0.365,-0.015,235.0,235
544.95,2.782,0.333,2.449,0.35,0.363,-0.013,234.6,234
545.1,2.762,0.333,2.429,0.35,0.362,-0.012,234.0,234
545.25,2.75,0.333,2.418,0.35,0.365,-0.015,232.6,232
545.4,2.734,0.333,2.402,0.35,0.366,-0.016,231.6,231
545.55,2.714,0.333,2.381,0.35,0.365,-0.015,231.0,230
545.7,2.689,0.333,2.356,0.35,0.367,-0.017,229.6,229
545.85,2.662,0.333,2.329,0.35,0.369,-0.019,228.2,228
546.0,2.641,0.333,2.307,0.35,0.368,-0.018,227.3,227
546.15,2.618,0.334,2.285,0.35,0.369,-0.019,226.0,226
546.3,2.595,0.334,2.261,0.35,0.367,-0.017,225.3,225
546.45,2.57,0.334,2.237,0.35,0.366,-0.016,224.6,224
546.6,2.534,0.333,2.201,0.35,0.363,-0.013,224.3,224
546.75,2.51,0.333,2.177,0.35,0.363,-0.013,223.4,223
546.9,2.472,0.333,2.14,0.35,0.365,-0.015,222.3,222
547.05,2.442,0.333,2.109,0.35,0.366,-0.016,221.2,221
547.2,2.405,0.333,2.073,0.35,0.364,-0.014,220.7,220
547.35,2.378,0.332,2.045,0.35,0.365,-0.015,219.7,219
547.5,2.337,0.332,2.005,0.35,0.363,-0.013,219.2,219
547.65,2.304,0.332,1.972,0.35,0.361,-0.011,219.0,219
547.8,2.272,0.331,1.941,0.35,0.359,-0.009,218.6,218
547.95,2.237,0.331,1.906,0.35,0.36,-0.01,217.7,217
548.1,2.199,0.331,1.869,0.35,0.36,-0.01,217.3,217
548.25,2.16,0.33,1.83,0.35,0.357,-0.007,217.5,217
548.4,2.124,0.33,1.794,0.35,0.358,-0.008,216.7,216
548.55,2.09,0.33,1.76,0.35,0.358,-0.008,216.3,216
548.7,2.047,0.33,1.718,0.35,0.36,-0.01,215.4,215
548.85,2.006,0.33,1.676,0.35,0.359,-0.009,215.0,215
549.0,1.961,0.329,1.632,0.35,0.357,-0.007,215.1,215
549.15,1.926,0.329,1.597,0.35,0.358,-0.008,214.4,214
549.3,1.887,0.329,1.558,0.35,0.359,-0.009,213.6,213
549.45,1.841,0.329,1.511,0.35,0.36,-0.01,212.9,212
549.6,1.801,0.33,1.471,0.35,0.36,-0.01,212.2,212
549.75,1.755,0.33,1.426,0.35,0.358,-0.008,212.2,212
549.9,1.707,0.329,1.378,0.35,0.357,-0.007,212.0,212
550.05,1.661,0.329,1.332,0.35,0.356,-0.006,211.8,211
550.2,1.618,0.329,1.29,0.35,0.357,-0.007,211.1,211
550.35,1.582,0.329,1.254,0.35,0.357,-0.007,210.8,210
550.5,1.539,0.329,1.211,0.35,0.356,-0.006,210.6,210
550.65,1.502,0.329,1.173,0.35,0.357,-0.007,209.9,209
550.8,1.459,0.329,1.131,0.35,0.358,-0.008,209.4,209
550.95,1.416,0.329,1.088,0.35,0.357,-0.007,209.1,209
551.1,1.366,0.329,1.037,0.35,0.358,-0.008,208.5,208
551.25,1.328,0.329,0.999,0.35,0.359,-0.009,207.8,207
551.4,1.284,0.329,0.956,0.35,0.358,-0.008,207.5,207
551.55,1.244,0.329,0.915,0.35,0.358,-0.008,207.1,207
551.7,1.202,0.329,0.873,0.35,0.356,-0.006,207.2,207
551.85,1.162,0.329,0.833,0.35,0.356,-0.006,206.6,206
552.0,1.126,0.328,0.797,0.35,0.356,-0.006,206.4,206
552.15,1.075,0.328,0.747,0.35,0.353,-0.003,206.7,206
552.3,1.04,0.327,0.713,0.35,0.351,-0.001,207.0,207
552.45,0.993,0.327,0.667,0.35,0.349,0.001,207.2,207
552.6,0.956,0.326,0.63,0.35,0.348,0.002,207.5,207
552.75,0.917,0.326,0.592,0.35,0.349,0.001,207.4,207
552.9,0.88,0.325,0.555,0.35,0.348,0.002,207.7,207
553.05,0.839,0.325,0.514,0.35,0.348,0.002,207.8,207
553.2,0.795,0.325,0.47,0.35,0.347,0.003,208.2,208
553.35,0.754,0.324,0.43,0.35,0.344,0.006,208.9,208
553.5,0.721,0.323,0.398,0.35,0.343,0.007,209.5,209
553.65,0.693,0.323,0.371,0.35,0.341,0.009,210.4,210
553.8,0.661,0.322,0.339,0.35,0.34,0.01,211.0,211
553.95,0.621,0.321,0.3,0.35,0.338,0.012,212.1,212
554.1,0.586,0.321,0.265,0.35,0.339,0.011,212.6,212
554.25,0.546,0.32,0.226,0.35,0.337,0.013,213.6,213
554.4,0.511,0.32,0.191,0.35,0.339,0.011,213.8,213
554.55,0.485,0.32,0.165,0.35,0.34,0.01,214.3,214
554.7,0.452,0.32,0.132,0.35,0.34,0.01,215.0,215
554.85,0.431,0.32,0.111,0.35,0.34,0.01,215.6,215
555.0,0.405,0.32,0.085,0.35,0.342,0.008,215.7,215
555.15,0.383,0.32,0.062,0.35,0.342,0.008,216.1,216
555.3,0.352,0.321,0.031,0.35,0.344,0.006,216.3,216
555.45,0.326,0.321,0.005,0.35,0.345,0.005,216.3,216
555.6,0.296,0.322,-0.026,0.32,0.345,-0.025,209.2,209
555.75,0.272,0.322,-0.05,0.29,0.346,-0.056,201.2,201
555.9,0.258,0.322,-0.064,0.26,0.344,-0.084,192.1,192
556.05,0.231,0.322,-0.091,0.23,0.341,-0.111,181.6,181
556.2,0.206,0.321,-0.115,0.2,0.34,-0.14,168.9,168
556.35,0.19,0.321,-0.131,0.17,0.338,-0.168,154.8,154
556.5,0.167,0.32,-0.153,0.14,0.337,-0.197,138.9,138
556.65,0.149,0.319,-0.17,0.11,0.332,-0.222,-47.5,0
556.8,0.138,0.318,-0.18,0.08,0.326,-0.246,-52.5,0
556.95,0.132,0.315,-0.183,0.05,0.319,-0.269,-57.2,0
557.1,0.116,0.313,-0.197,0.02,0.309,-0.289,-71.2,0
557.25,0.106,0.31,-0.204,0.0,0.301,-0.301,-74.4,0
557.4,0.097,0.306,-0.209,0.0,0.291,-0.291,-71.9,0
557.55,0.087,0.303,-0.216,0.0,0.284,-0.284,-70.1,0
557.7,0.077,0.299,-0.223,0.0,0.278,-0.278,-68.6,0
557.85,0.067,0.296,-0.229,0.0,0.273,-0.273,-67.3,0
558.0,0.063,0.293,-0.23,0.0,0.268,-0.268,-66.0,0
558.15,0.065,0.29,-0.225,0.0,0.262,-0.262,-64.5,0
558.3,0.067,0.287,-0.22,0.0,0.257,-0.257,-63.4,0
558.45,0.063,0.284,-0.221,0.0,0.25,-0.25,-61.6,0
558.6,0.072,0.281,-0.209,0.0,0.246,-0.246,-60.7,0
558.75,0.072,0.278,-0.207,0.0,0.24,-0.24,-59.3,0
558.9,0.069,0.276,-0.207,0.0,0.234,-0.234,-57.7,0
559.05,0.073,0.273,-0.2,0.0,0.227,-0.227,-55.9,0
559.2,0.081,0.269,-0.188,0.0,0.219,-0.219,-53.9,0
559.35,0.096,0.266,-0.17,0.0,0.214,-0.214,-52.7,0
559.5,0.101,0.263,-0.162,0.0,0.206,-0.206,-50.9,0
559.65,0.111,0.26,-0.149,0.0,0.202,-0.202,-49.9,0
559.8,0.129,0.257,-0.128,0.0,0.198,-0.198,-41.4,0
559.95,0.137,0.254,-0.117,0.0,0.192,-0.192,-40.1,0
560.1,0.155,0.251,-0.096,0.0,0.185,-0.185,-38.5,0
560.25,0.175,0.248,-0.074,0.0,0.179,-0.179,-37.5,0
560.4,0.186,0.246,-0.06,0.0,0.173,-0.173,-36.1,0
560.55,0.204,0.243,-0.039,0.0,0.169,-0.169,-35.4,0
560.7,0.221,0.24,-0.019,0.0,0.167,-0.167,-35.0,0
560.85,0.233,0.238,-0.006,0.059,0.165,-0.106,-19.9,0
561.0,0.257,0.236,0.02,0.327,0.16,0.167,45.1,45
561.15,0.277,0.234,0.043,0.35,0.158,0.192,51.0,50
561.3,0.301,0.233,0.068,0.35,0.158,0.192,61.3,61
561.45,0.326,0.232,0.094,0.35,0.159,0.191,72.3,72
561.6,0.346,0.231,0.115,0.35,0.157,0.193,84.1,84
561.75,0.367,0.23,0.137,0.35,0.154,0.196,95.9,95
561.9,0.393,0.23,0.164,0.35,0.155,0.195,107.1,107
562.05,0.414,0.229,0.186,0.35,0.153,0.197,118.9,118
562.2,0.451,0.228,0.223,0.35,0.154,0.196,130.2,130
562.35,0.487,0.228,0.259,0.35,0.157,0.193,141.0,140
562.5,0.518,0.229,0.289,0.35,0.16,0.19,151.7,151
562.65,0.552,0.229,0.323,0.35,0.161,0.189,162.6,162
562.8,0.584,0.23,0.354,0.35,0.165,0.185,172.7,172
562.95,0.612,0.231,0.381,0.35,0.17,0.18,182.6,182
563.1,0.643,0.232,0.411,0.35,0.171,0.179,192.9,192
563.25,0.676,0.233,0.443,0.35,0.173,0.177,203.0,203
563.4,0.707,0.234,0.473,0.35,0.175,0.175,212.9,212
563.55,0.749,0.235,0.514,0.35,0.177,0.173,222.8,222
563.7,0.786,0.237,0.549,0.35,0.183,0.167,231.5,231
563.85,0.826,0.239,0.588,0.35,0.188,0.162,240.3,240
564.0,0.863,0.24,0.622,0.35,0.192,0.158,249.0,249
564.15,0.908,0.243,0.666,0.35,0.198,0.152,256.8,255
564.3,0.952,0.245,0.707,0.35,0.202,0.148,256.0,255
564.45,0.985,0.247,0.738,0.35,0.209,0.141,254.5,254
564.6,1.019,0.25,0.769,0.35,0.214,0.136,261.7,255
564.75,1.063,0.252,0.81,0.35,0.221,0.129,260.3,255
564.9,1.107,0.255,0.852,0.35,0.227,0.123,258.9,255
565.05,1.153,0.258,0.896,0.35,0.229,0.121,258.7,255
565.2,1.191,0.26,0.931,0.35,0.236,0.114,257.1,255
565.35,1.237,0.263,0.974,0.35,0.243,0.107,255.7,255
565.5,1.276,0.266,1.01,0.35,0.248,0.102,254.6,254
565.65,1.32,0.268,1.052,0.35,0.25,0.1,260.2,255
565.8,1.355,0.27,1.084,0.35,0.254,0.096,259.3,255
565.95,1.396,0.272,1.124,0.35,0.256,0.094,259.1,255
566.1,1.433,0.274,1.159,0.35,0.259,0.091,258.3,255
566.25,1.478,0.276,1.202,0.35,0.264,0.086,257.2,255
566.4,1.525,0.278,1.247,0.35,0.268,0.082,256.4,255
566.55,1.567,0.28,1.287,0.35,0.271,0.079,255.9,255
566.7,1.606,0.282,1.324,0.35,0.276,0.074,254.6,254
566.85,1.648,0.284,1.363,0.35,0.281,0.069,257.9,255
567.0,1.693,0.286,1.407,0.35,0.285,0.065,257.3,255
567.15,1.736,0.288,1.448,0.35,0.29,0.06,256.1,255
567.3,1.772,0.29,1.481,0.35,0.292,0.058,255.8,255
567.45,1.81,0.292,1.518,0.35,0.297,0.053,254.7,254
567.6,1.858,0.294,1.564,0.35,0.298,0.052,257.8,255
567.75,1.894,0.295,1.599,0.35,0.299,0.051,257.4,255
567.9,1.935,0.297,1.638,0.35,0.303,0.047,256.4,255
568.05,1.97,0.298,1.672,0.35,0.304,0.046,256.4,255
568.2,2.015,0.299,1.716,0.35,0.305,0.045,256.1,255
568.35,2.054,0.301,1.754,0.35,0.309,0.041,255.3,255
568.5,2.099,0.302,1.797,0.35,0.313,0.037,254.5,254
568.65,2.141,0.303,1.838,0.35,0.314,0.036,256.6,255
568.8,2.18,0.305,1.875,0.35,0.318,0.032,255.6,255
568.95,2.21,0.306,1.904,0.35,0.32,0.03,255.1,255
569.1,2.254,0.307,1.947,0.35,0.321,0.029,255.0,254
569.25,2.296,0.308,1.988,0.35,0.322,0.028,256.4,255
569.4,2.324,0.309,2.015,0.35,0.322,0.028,256.4,255
569.55,2.354,0.31,2.044,0.35,0.325,0.025,255.8,255
569.7,2.387,0.311,2.076,0.35,0.326,0.024,255.5,255
569.85,2.423,0.311,2.111,0.35,0.328,0.022,255.2,255
570.0,2.452,0.312,2.14,0.35,0.331,0.019,254.7,254
570.15,2.48,0.313,2.167,0.35,0.332,0.018,255.5,255
570.3,2.509,0.314,2.195,0.35,0.332,0.018,255.6,255
570.45,2.544,0.314,2.229,0.35,0.331,0.019,255.8,255
570.6,2.579,0.315,2.264,0.35,0.333,0.017,255.3,255
570.75,2.608,0.315,2.293,0.35,0.333,0.017,255.4,255
570.9,2.64,0.316,2.324,0.35,0.333,0.017,255.4,255
571.05,2.665,0.316,2.349,0.35,0.334,0.016,255.0,255
571.2,2.687,0.316,2.37,0.35,0.334,0.016,255.1,255
571.35,2.707,0.317,2.39,0.35,0.334,0.016,255.1,255
571.5,2.725,0.317,2.408,0.35,0.334,0.016,255.1,255
571.65,2.749,0.317,2.432,0.35,0.334,0.016,255.2,255
571.8,2.764,0.317,2.447,0.35,0.335,0.015,254.9,254
571.95,2.778,0.318,2.46,0.35,0.339,0.011,255.0,254
572.1,2.803,0.318,2.485,0.35,0.341,0.009,255.3,255
572.25,2.815,0.319,2.496,0.35,0.342,0.008,254.9,254
572.4,2.83,0.32,2.51,0.35,0.345,0.005,254.6,254
572.55,2.85,0.32,2.529,0.35,0.344,0.006,255.3,255
572.7,2.867,0.321,2.546,0.35,0.348,0.002,254.4,254
572.85,2.885,0.322,2.562,0.35,0.35,0.0,254.1,254
573.0,2.888,0.323,2.565,0.35,0.35,-0.0,254.1,254
573.15,2.905,0.324,2.581,0.35,0.354,-0.004,253.2,253
573.3,2.907,0.325,2.583,0.35,0.356,-0.006,252.7,252
573.45,2.916,0.326,2.59,0.35,0.358,-0.008,251.7,251
573.6,2.924,0.327,2.597,0.35,0.357,-0.007,251.6,251
573.75,2.93,0.327,2.602,0.35,0.356,-0.006,251.4,251
573.9,2.926,0.327,2.599,0.35,0.358,-0.008,250.7,250
574.05,2.921,0.328,2.593,0.35,0.357,-0.007,250.4,250
574.2,2.929,0.328,2.601,0.35,0.359,-0.009,249.6,249
574.35,2.934,0.329,2.605,0.35,0.36,-0.01,248.7,248
574.5,2.937,0.329,2.608,0.35,0.363,-0.013,247.4,247
574.65,2.936,0.33,2.607,0.35,0.362,-0.012,247.2,247
574.8,2.926,0.33,2.596,0.35,0.363,-0.013,246.0,245
574.95,2.912,0.331,2.581,0.35,0.364,-0.014,245.1,245
575.1,2.905,0.331,2.573,0.35,0.366,-0.016,243.7,243
575.25,2.89,0.332,2.558,0.35,0.369,-0.019,242.2,242
575.4,2.881,0.333,2.548,0.35,0.371,-0.021,240.8,240
575.55,2.869,0.334,2.535,0.35,0.372,-0.022,239.2,239
575.7,2.851,0.335,2.516,0.35,0.374,-0.024,237.6,237
575.85,2.84,0.335,2.505,0.35,0.372,-0.022,236.7,236
576.0,2.824,0.335,2.488,0.35,0.374,-0.024,234.9,234
576.15,2.812,0.336,2.476,0.35,0.375,-0.025,233.3,233
576.3,2.792,0.336,2.455,0.35,0.376,-0.026,231.7,231
576.45,2.777,0.337,2.44,0.35,0.376,-0.026,230.1,230
576.6,2.759,0.337,2.422,0.35,0.373,-0.023,229.2,229
576.75,2.746,0.337,2.409,0.35,0.373,-0.023,227.9,227
576.9,2.726,0.336,2.389,0.35,0.371,-0.021,227.1,227
577.05,2.704,0.336,2.367,0.35,0.37,-0.02,225.9,225
577.2,2.685,0.336,2.349,0.35,0.372,-0.022,224.4,224
577.35,2.661,0.336,2.325,0.35,0.373,-0.023,222.7,222
577.5,2.638,0.336,2.302,0.35,0.37,-0.02,222.1,222
577.65,2.604,0.336,2.268,0.35,0.369,-0.019,221.1,221
577.8,2.575,0.335,2.24,0.35,0.367,-0.017,220.6,220
577.95,2.551,0.334,2.217,0.35,0.365,-0.015,219.9,219
578.1,2.515,0.334,2.181,0.35,0.365,-0.015,218.9,218
578.25,2.484,0.334,2.15,0.35,0.365,-0.015,218.1,218
578.4,2.45,0.333,2.117,0.35,0.363,-0.013,217.8,217
578.55,2.42,0.333,2.088,0.35,0.365,-0.015,216.5,216
578.7,2.381,0.333,2.049,0.35,0.363,-0.013,216.0,216
578.85,2.346,0.332,2.014,0.35,0.36,-0.01,216.0,215
579.0,2.313,0.332,1.982,0.35,0.362,-0.012,214.8,214
579.15,2.278,0.332,1.946,0.35,0.364,-0.014,213.7,213
579.3,2.249,0.332,1.917,0.35,0.362,-0.012,213.5,213
579.45,2.207,0.331,1.876,0.35,0.362,-0.012,212.6,212
579.6,2.167,0.331,1.836,0.35,0.361,-0.011,212.1,212
579.75,2.136,0.331,1.805,0.35,0.363,-0.013,211.0,210
579.9,2.09,0.331,1.758,0.35,0.362,-0.012,210.6,210
580.05,2.055,0.331,1.724,0.35,0.361,-0.011,210.2,210
580.2,2.018,0.331,1.687,0.35,0.361,-0.011,209.5,209
580.35,1.97,0.331,1.639,0.35,0.36,-0.01,209.2,209
580.5,1.933,0.33,1.603,0.35,0.358,-0.008,208.9,208
580.65,1.889,0.33,1.559,0.35,0.356,-0.006,208.9,208
580.8,1.852,0.329,1.523,0.35,0.355,-0.005,208.8,208
580.95,1.803,0.328,1.475,0.35,0.353,-0.003,208.8,208
581.1,1.758,0.328,1.43,0.35,0.352,-0.002,208.8,208
581.25,1.713,0.328,1.385,0.35,0.353,-0.003,208.4,208
581.4,1.665,0.327,1.337,0.35,0.353,-0.003,208.4,208
581.55,1.627,0.327,1.3,0.35,0.354,-0.004,208.0,207
581.7,1.591,0.327,1.264,0.35,0.353,-0.003,208.0,208
581.85,1.543,0.327,1.216,0.35,0.354,-0.004,207.4,207
582.0,1.496,0.327,1.169,0.35,0.356,-0.006,206.9,206
582.15,1.458,0.327,1.13,0.35,0.357,-0.007,206.4,206
582.3,1.423,0.327,1.096,0.35,0.354,-0.004,206.7,206
582.45,1.374,0.327,1.047,0.35,0.353,-0.003,206.6,206
582.6,1.329,0.327,1.002,0.35,0.354,-0.004,206.3,206
582.75,1.295,0.327,0.968,0.35,0.354,-0.004,205.9,205
582.9,1.26,0.327,0.933,0.35,0.355,-0.005,205.4,205
583.05,1.222,0.328,0.895,0.35,0.357,-0.007,204.8,204
583.2,1.18,0.328,0.852,0.35,0.357,-0.007,204.5,204
583.35,1.134,0.327,0.807,0.35,0.354,-0.004,204.8,204
583.5,1.09,0.327,0.763,0.35,0.354,-0.004,204.4,204
583.65,1.048,0.327,0.721,0.35,0.351,-0.001,205.0,204
583.8,1.01,0.327,0.683,0.35,0.352,-0.002,204.4,204
583.95,0.972,0.326,0.646,0.35,0.351,-0.001,204.7,204
584.1,0.936,0.326,0.611,0.35,0.348,0.002,205.3,205
584.25,0.892,0.325,0.567,0.35,0.349,0.001,205.1,205
584.4,0.853,0.325,0.528,0.35,0.349,0.001,205.1,205
584.55,0.816,0.325,0.491,0.35,0.348,0.002,205.4,205
584.7,0.786,0.324,0.461,0.35,0.346,0.004,206.1,206
584.85,0.746,0.324,0.422,0.35,0.345,0.005,206.5,206
585.0,0.704,0.323,0.381,0.35,0.343,0.007,207.1,207
585.15,0.663,0.323,0.34,0.35,0.342,0.008,207.9,207
585.3,0.626,0.322,0.304,0.35,0.342,0.008,208.3,208
585.45,0.589,0.322,0.268,0.35,0.34,0.01,209.3,209
585.6,0.559,0.321,0.238,0.35,0.339,0.011,210.0,209
585.75,0.53,0.32,0.209,0.35,0.337,0.013,211.1,211
585.9,0.507,0.32,0.187,0.35,0.338,0.012,211.6,211
586.05,0.479,0.32,0.159,0.35,0.34,0.01,211.8,211
586.2,0.448,0.32,0.128,0.35,0.34,0.01,212.5,212
586.35,0.421,0.32,0.102,0.35,0.338,0.012,213.5,213
586.5,0.39,0.32,0.07,0.35,0.34,0.01,213.6,213
586.65,0.365,0.32,0.044,0.35,0.342,0.008,213.7,213
586.8,0.342,0.32,0.022,0.35,0.341,0.009,214.7,214
586.95,0.324,0.32,0.004,0.35,0.34,0.01,215.3,215
587.1,0.294,0.32,-0.026,0.32,0.342,-0.022,208.0,207
587.25,0.272,0.321,-0.049,0.29,0.344,-0.054,200.1,200
587.4,0.255,0.321,-0.065,0.26,0.34,-0.08,191.5,191
587.55,0.239,0.32,-0.082,0.23,0.337,-0.107,181.1,181
587.7,0.216,0.32,-0.104,0.2,0.336,-0.136,168.9,168
587.85,0.191,0.319,-0.128,0.17,0.336,-0.166,154.5,154
588.0,0.169,0.319,-0.15,0.14,0.335,-0.195,138.8,138
588.15,0.155,0.318,-0.163,0.11,0.33,-0.22,122.2,122
588.3,0.138,0.317,-0.179,0.08,0.328,-0.248,-53.1,0
588.45,0.12,0.315,-0.195,0.05,0.319,-0.269,-66.3,0
588.6,0.111,0.313,-0.201,0.02,0.31,-0.29,-71.5,0
588.75,0.101,0.31,-0.209,0.0,0.302,-0.302,-74.6,0
588.9,0.094,0.307,-0.213,0.0,0.294,-0.294,-72.6,0
589.05,0.08,0.303,-0.223,0.0,0.287,-0.287,-70.8,0
589.2,0.071,0.3,-0.229,0.0,0.28,-0.28,-69.1,0
589.35,0.075,0.297,-0.221,0.0,0.274,-0.274,-67.6,0
589.5,0.076,0.294,-0.217,0.0,0.269,-0.269,-66.3,0
589.65,0.076,0.29,-0.214,0.0,0.261,-0.261,-64.3,0
589.8,0.078,0.287,-0.209,0.0,0.252,-0.252,-62.3,0
589.95,0.073,0.284,-0.211,0.0,0.248,-0.248,-61.1,0
590.1,0.079,0.28,-0.201,0.0,0.242,-0.242,-59.6,0
590.25,0.074,0.277,-0.203,0.0,0.234,-0.234,-57.8,0
590.4,0.08,0.274,-0.194,0.0,0.227,-0.227,-55.9,0
590.55,0.084,0.27,-0.186,0.0,0.219,-0.219,-54.1,0
590.7,0.093,0.267,-0.174,0.0,0.214,-0.214,-52.9,0
590.85,0.108,0.264,-0.156,0.0,0.207,-0.207,-51.1,0
591.0,0.11,0.261,-0.15,0.0,0.203,-0.203,-50.0,0
591.15,0.126,0.258,-0.132,0.0,0.198,-0.198,-41.4,0
591.3,0.134,0.255,-0.12,0.0,0.191,-0.191,-39.9,0
591.45,0.142,0.252,-0.11,0.0,0.189,-0.189,-39.5,0
591.6,0.154,0.25,-0.095,0.0,0.184,-0.184,-38.5,0
591.75,0.163,0.247,-0.084,0.0,0.178,-0.178,-37.1,0
591.9,0.183,0.244,-0.061,0.0,0.174,-0.174,-36.4,0
592.05,0.198,0.242,-0.044,0.0,0.169,-0.169,-35.2,0
592.2,0.22,0.24,-0.019,0.0,0.165,-0.165,-34.5,0
592.35,0.242,0.237,0.005,0.214,0.162,0.052,18.8,18
592.5,0.258,0.236,0.022,0.338,0.161,0.176,44.7,44
592.65,0.273,0.234,0.039,0.35,0.161,0.189,53.5,53
592.8,0.301,0.233,0.068,0.35,0.157,0.193,65.2,65
592.95,0.327,0.232,0.095,0.35,0.156,0.194,76.5,76
593.1,0.358,0.231,0.127,0.35,0.154,0.196,88.2,88
593.25,0.377,0.23,0.147,0.35,0.154,0.196,99.6,99
593.4,0.399,0.229,0.17,0.35,0.156,0.194,110.5,110
593.55,0.435,0.229,0.206,0.35,0.156,0.194,122.0,121
593.7,0.464,0.229,0.236,0.35,0.156,0.194,133.4,133
593.85,0.499,0.229,0.27,0.35,0.16,0.19,143.8,143
594.0,0.531,0.229,0.302,0.35,0.16,0.19,154.9,154
594.15,0.562,0.23,0.332,0.35,0.164,0.186,165.2,165
594.3,0.592,0.231,0.361,0.35,0.165,0.185,175.9,175
594.45,0.631,0.231,0.399,0.35,0.167,0.183,186.2,186
594.6,0.659,0.232,0.427,0.35,0.17,0.18,196.2,196
594.75,0.695,0.233,0.461,0.35,0.172,0.178,206.3,206
594.9,0.738,0.234,0.504,0.35,0.175,0.175,216.2,216
595.05,0.779,0.236,0.543,0.35,0.181,0.169,225.1,225
595.2,0.817,0.238,0.579,0.35,0.186,0.164,233.8,233
595.35,0.853,0.239,0.613,0.35,0.189,0.161,242.9,242
595.5,0.889,0.241,0.648,0.35,0.195,0.155,251.0,251
595.65,0.924,0.244,0.681,0.35,0.2,0.15,258.9,255
595.8,0.97,0.246,0.725,0.35,0.205,0.145,258.0,255
595.95,1.006,0.248,0.758,0.35,0.209,0.141,257.1,255
596.1,1.048,0.25,0.797,0.35,0.214,0.136,256.2,255
596.25,1.092,0.253,0.84,0.35,0.22,0.13,254.7,254
596.4,1.129,0.255,0.874,0.35,0.225,0.125,261.3,255
596.55,1.164,0.258,0.907,0.35,0.23,0.12,260.3,255
596.7,1.199,0.26,0.939,0.35,0.235,0.115,259.2,255
596.85,1.241,0.262,0.979,0.35,0.239,0.111,258.5,255
597.0,1.29,0.265,1.025,0.35,0.242,0.108,257.9,255
597.15,1.333,0.266,1.066,0.35,0.244,0.106,257.5,255
597.3,1.371,0.268,1.103,0.35,0.248,0.102,256.6,255
597.45,1.411,0.27,1.14,0.35,0.253,0.097,255.4,255
597.6,1.454,0.273,1.181,0.35,0.259,0.091,254.2,254
597.75,1.499,0.275,1.224,0.35,0.263,0.087,258.8,255
597.9,1.545,0.277,1.268,0.35,0.264,0.086,258.5,255
598.05,1.588,0.278,1.31,0.35,0.266,0.084,258.3,255
598.2,1.627,0.279,1.348,0.35,0.267,0.083,258.1,255
598.35,1.663,0.281,1.383,0.35,0.27,0.08,257.3,255
598.5,1.708,0.282,1.425,0.35,0.274,0.076,256.4,255
598.65,1.75,0.284,1.465,0.35,0.279,0.071,255.3,255
598.8,1.793,0.286,1.507,0.35,0.283,0.067,254.6,254
598.95,1.835,0.287,1.547,0.35,0.283,0.067,258.5,255
599.1,1.878,0.289,1.589,0.35,0.287,0.063,257.7,255
599.25,1.918,0.29,1.627,0.35,0.289,0.061,257.3,255
599.4,1.96,0.292,1.669,0.35,0.292,0.058,256.7,255
599.55,2.001,0.293,1.708,0.35,0.295,0.055,256.0,255
599.7,2.045,0.295,1.751,0.35,0.3,0.05,254.9,254
599.85,2.079,0.296,1.783,0.35,0.302,0.048,257.4,255
600.0,2.124,0.298,1.826,0.35,0.303,0.047,257.2,255
600.15,2.158,0.299,1.859,0.35,0.306,0.044,256.5,255
600.3,2.196,0.3,1.896,0.35,0.307,0.043,256.4,255
600.45,2.226,0.301,1.925,0.35,0.31,0.04,255.8,255
600.6,2.266,0.303,1.964,0.35,0.313,0.037,255.0,255
600.75,2.306,0.304,2.002,0.35,0.315,0.035,254.9,254
600.9,2.343,0.305,2.038,0.35,0.319,0.031,255.9,255
601.05,2.381,0.307,2.075,0.35,0.32,0.03,255.7,255
601.2,2.418,0.308,2.11,0.35,0.324,0.026,255.0,254
601.35,2.454,0.309,2.145,0.35,0.328,0.022,255.6,255
601.5,2.49,0.311,2.179,0.35,0.328,0.022,255.6,255
601.65,2.519,0.312,2.207,0.35,0.331,0.019,254.9,254
601.8,2.549,0.313,2.235,0.35,0.335,0.015,255.2,255
601.95,2.569,0.315,2.254,0.35,0.338,0.012,254.6,254
602.1,2.601,0.316,2.285,0.35,0.341,0.009,254.8,254
602.25,2.621,0.317,2.304,0.35,0.341,0.009,255.4,255
602.4,2.642,0.318,2.324,0.35,0.344,0.006,254.6,254
602.55,2.673,0.32,2.353,0.35,0.346,0.004,254.5,254
602.7,2.692,0.321,2.371,0.35,0.349,0.001,254.2,254
602.85,2.711,0.322,2.389,0.35,0.349,0.001,254.2,254
603.0,2.737,0.322,2.415,0.35,0.349,0.001,254.5,254
603.15,2.754,0.323,2.431,0.35,0.35,-0.0,254.1,254
603.3,2.773,0.324,2.449,0.35,0.354,-0.004,253.3,253
603.45,2.792,0.325,2.467,0.35,0.357,-0.007,252.5,252
603.6,2.806,0.326,2.48,0.35,0.355,-0.005,252.6,252
603.75,2.829,0.326,2.503,0.35,0.356,-0.006,252.0,251
603.9,2.85,0.327,2.523,0.35,0.358,-0.008,251.3,251
604.05,2.865,0.327,2.538,0.35,0.357,-0.007,251.1,251
604.2,2.869,0.328,2.542,0.35,0.357,-0.007,250.7,250
604.35,2.874,0.328,2.546,0.35,0.356,-0.006,250.4,250
604.5,2.879,0.328,2.551,0.35,0.357,-0.007,249.9,249
604.65,2.886,0.328,2.558,0.35,0.355,-0.005,249.9,249
604.8,2.898,0.328,2.57,0.35,0.357,-0.007,249.1,249
604.95,2.911,0.328,2.583,0.35,0.36,-0.01,248.0,248
605.1,2.921,0.329,2.592,0.35,0.363,-0.013,246.9,246
605.25,2.929,0.33,2.6,0.35,0.361,-0.011,246.6,246
605.4,2.935,0.33,2.605,0.35,0.361,-0.011,246.1,246
605.55,2.928,0.33,2.598,0.35,0.362,-0.012,245.0,245
605.7,2.928,0.33,2.598,0.35,0.361,-0.011,244.6,244
605.85,2.932,0.331,2.602,0.35,0.363,-0.013,243.5,243
606.0,2.925,0.331,2.594,0.35,0.361,-0.011,243.3,243
606.15,2.924,0.331,2.593,0.35,0.361,-0.011,242.5,242
606.3,2.921,0.331,2.59,0.35,0.363,-0.013,241.4,241
606.45,2.917,0.331,2.586,0.35,0.362,-0.012,241.0,241
606.6,2.9,0.331,2.569,0.35,0.362,-0.012,240.2,240
606.75,2.884,0.331,2.553,0.35,0.361,-0.011,239.8,239
606.9,2.873,0.331,2.543,0.35,0.36,-0.01,239.3,239
607.05,2.867,0.331,2.536,0.35,0.361,-0.011,238.4,238
607.2,2.861,0.331,2.531,0.35,0.361,-0.011,237.9,237
607.35,2.851,0.331,2.52,0.35,0.362,-0.012,236.9,236
607.5,2.837,0.331,2.507,0.35,0.362,-0.012,236.2,236
607.65,2.82,0.331,2.488,0.35,0.365,-0.015,234.8,234
607.8,2.799,0.332,2.467,0.35,0.366,-0.016,233.8,233
607.95,2.784,0.332,2.452,0.35,0.368,-0.018,232.4,232
608.1,2.765,0.333,2.432,0.35,0.368,-0.018,231.5,231
608.25,2.737,0.333,2.404,0.35,0.369,-0.019,230.2,230
608.4,2.715,0.333,2.382,0.35,0.369,-0.019,229.2,229
608.55,2.688,0.334,2.355,0.35,0.369,-0.019,228.0,228
608.7,2.664,0.334,2.33,0.35,0.368,-0.018,227.1,227
608.85,2.632,0.334,2.298,0.35,0.368,-0.018,226.0,225
609.0,2.606,0.334,2.272,0.35,0.368,-0.018,224.9,224
609.15,2.582,0.334,2.248,0.35,0.367,-0.017,224.1,224
609.3,2.556,0.334,2.222,0.35,0.366,-0.016,223.4,223
609.45,2.52,0.333,2.187,0.35,0.364,-0.014,222.9,222
609.6,2.494,0.333,2.161,0.35,0.363,-0.013,222.2,222
609.75,2.469,0.333,2.137,0.35,0.363,-0.013,221.4,221
609.9,2.437,0.332,2.104,0.35,0.364,-0.014,220.5,220
610.05,2.405,0.332,2.073,0.35,0.363,-0.013,219.8,219
610.2,2.363,0.332,2.031,0.35,0.363,-0.013,219.2,219
610.35,2.325,0.332,1.994,0.35,0.36,-0.01,219.0,219
610.5,2.283,0.331,1.952,0.35,0.361,-0.011,218.0,218
610.65,2.242,0.331,1.911,0.35,0.361,-0.011,217.5,217
610.8,2.203,0.331,1.872,0.35,0.359,-0.009,217.3,217
610.95,2.172,0.33,1.841,0.35,0.359,-0.009,216.7,216
611.1,2.137,0.33,1.807,0.35,0.36,-0.01,215.9,215
611.25,2.104,0.33,1.773,0.35,0.36,-0.01,215.4,215
611.4,2.072,0.33,1.742,0.35,0.358,-0.008,215.2,215
611.55,2.029,0.33,1.699,0.35,0.357,-0.007,215.1,215
611.7,1.994,0.329,1.665,0.35,0.357,-0.007,214.6,214
611.85,1.952,0.329,1.622,0.35,0.358,-0.008,213.9,213
612.0,1.906,0.329,1.577,0.35,0.358,-0.008,213.4,213
612.15,1.864,0.329,1.536,0.35,0.355,-0.005,213.7,213
612.3,1.829,0.329,1.5,0.35,0.356,-0.006,213.0,213
612.45,1.792,0.328,1.463,0.35,0.356,-0.006,212.7,212
612.6,1.743,0.329,1.415,0.35,0.358,-0.008,211.9,211
612.75,1.702,0.329,1.373,0.35,0.358,-0.008,211.5,211
612.9,1.659,0.329,1.33,0.35,0.357,-0.007,211.3,211
613.05,1.613,0.328,1.285,0.35,0.355,-0.005,211.3,211
613.2,1.576,0.328,1.248,0.35,0.355,-0.005,210.9,210
613.35,1.526,0.328,1.198,0.35,0.357,-0.007,210.2,210
613.5,1.488,0.328,1.16,0.35,0.355,-0.005,210.3,210
613.65,1.452,0.328,1.124,0.35,0.356,-0.006,209.7,209
613.8,1.414,0.328,1.086,0.35,0.357,-0.007,209.2,209
613.95,1.367,0.328,1.039,0.35,0.357,-0.007,208.7,208
614.1,1.33,0.329,1.001,0.35,0.358,-0.008,208.0,208
614.25,1.286,0.328,0.958,0.35,0.356,-0.006,208.1,208
614.4,1.238,0.328,0.91,0.35,0.355,-0.005,207.9,207
614.55,1.202,0.328,0.874,0.35,0.354,-0.004,207.9,207
614.7,1.158,0.328,0.83,0.35,0.355,-0.005,207.4,207
614.85,1.122,0.328,0.795,0.35,0.354,-0.004,207.3,207
615.0,1.081,0.327,0.754,0.35,0.351,-0.001,207.8,207
615.15,1.035,0.327,0.708,0.35,0.353,-0.003,207.3,207
615.3,0.991,0.327,0.664,0.35,0.352,-0.002,207.4,207
615.45,0.951,0.326,0.625,0.35,0.351,-0.001,207.3,207
615.6,0.909,0.326,0.582,0.35,0.353,-0.003,206.8,206
615.75,0.869,0.326,0.543,0.35,0.351,-0.001,207.3,207
615.9,0.836,0.326,0.511,0.35,0.348,0.002,207.8,207
616.05,0.794,0.325,0.469,0.35,0.349,0.001,207.6,207
616.2,0.752,0.325,0.427,0.35,0.35,0.0,207.5,207
616.35,0.72,0.325,0.395,0.35,0.347,0.003,208.1,208
616.5,0.679,0.324,0.355,0.35,0.345,0.005,208.8,208
616.65,0.649,0.324,0.325,0.35,0.345,0.005,209.0,209
616.8,0.611,0.324,0.288,0.35,0.345,0.005,209.2,209
616.95,0.581,0.323,0.258,0.35,0.346,0.004,209.3,209
617.1,0.555,0.323,0.231,0.35,0.344,0.006,210.0,209
617.25,0.528,0.323,0.205,0.35,0.346,0.004,209.8,209
617.4,0.496,0.323,0.173,0.35,0.346,0.004,210.1,210
617.55,0.468,0.323,0.144,0.35,0.347,0.003,210.1,210
617.7,0.44,0.323,0.117,0.35,0.346,0.004,210.5,210
617.85,0.406,0.323,0.083,0.35,0.345,0.005,210.9,210
618.0,0.378,0.323,0.055,0.35,0.347,0.003,210.8,210
618.15,0.348,0.323,0.025,0.35,0.346,0.004,211.4,211
618.3,0.33,0.323,0.007,0.35,0.344,0.006,211.9,211
618.45,0.308,0.322,-0.014,0.32,0.342,-0.022,205.4,205
618.6,0.28,0.322,-0.043,0.29,0.344,-0.054,197.3,197
618.75,0.256,0.322,-0.066,0.26,0.341,-0.081,188.4,188
618.9,0.242,0.321,-0.079,0.23,0.341,-0.111,177.5,177
619.05,0.217,0.321,-0.104,0.2,0.338,-0.138,165.4,165
619.2,0.191,0.32,-0.129,0.17,0.337,-0.167,151.1,151
619.35,0.171,0.32,-0.148,0.14,0.335,-0.195,135.4,135
619.5,0.153,0.319,-0.166,0.11,0.335,-0.225,117.8,117
619.65,0.146,0.318,-0.172,0.08,0.331,-0.251,-53.8,0
619.8,0.131,0.316,-0.186,0.05,0.323,-0.273,-58.0,0
619.95,0.119,0.314,-0.195,0.02,0.317,-0.297,-73.2,0
620.1,0.105,0.312,-0.207,0.0,0.309,-0.309,-76.3,0
620.25,0.102,0.309,-0.207,0.0,0.301,-0.301,-74.3,0
620.4,0.088,0.306,-0.219,0.0,0.296,-0.296,-73.0,0
620.55,0.087,0.303,-0.216,0.0,0.287,-0.287,-70.8,0
620.7,0.082,0.3,-0.218,0.0,0.282,-0.282,-69.5,0
620.85,0.085,0.297,-0.211,0.0,0.272,-0.272,-67.2,0
621.0,0.079,0.293,-0.214,0.0,0.263,-0.263,-64.9,0
621.15,0.079,0.289,-0.21,0.0,0.254,-0.254,-62.7,0
621.3,0.079,0.285,-0.206,0.0,0.248,-0.248,-61.1,0
621.45,0.086,0.281,-0.196,0.0,0.239,-0.239,-58.9,0
621.6,0.084,0.278,-0.194,0.0,0.235,-0.235,-58.0,0
621.75,0.087,0.274,-0.187,0.0,0.227,-0.227,-56.0,0
621.9,0.088,0.271,-0.183,0.0,0.223,-0.223,-55.0,0
622.05,0.092,0.268,-0.176,0.0,0.22,-0.22,-54.2,0
622.2,0.106,0.265,-0.16,0.0,0.212,-0.212,-52.3,0
622.35,0.118,0.263,-0.145,0.0,0.209,-0.209,-51.5,0
622.5,0.128,0.26,-0.132,0.0,0.206,-0.206,-43.1,0
622.65,0.141,0.258,-0.117,0.0,0.2,-0.2,-41.7,0
622.8,0.156,0.255,-0.1,0.0,0.196,-0.196,-41.0,0
622.95,0.167,0.253,-0.086,0.0,0.193,-0.193,-40.5,0
623.1,0.185,0.251,-0.066,0.0,0.19,-0.19,-39.9,0
623.25,0.199,0.249,-0.05,0.0,0.185,-0.185,-38.6,0
623.4,0.213,0.247,-0.034,0.0,0.181,-0.181,-38.0,0
623.55,0.229,0.244,-0.016,0.0,0.175,-0.175,-36.4,0
623.7,0.244,0.242,0.002,0.193,0.171,0.022,11.9,11
623.85,0.269,0.24,0.029,0.35,0.166,0.184,45.9,45
624.0,0.288,0.238,0.05,0.35,0.165,0.185,51.1,51
624.15,0.303,0.236,0.067,0.35,0.162,0.188,62.5,62
624.3,0.331,0.235,0.097,0.35,0.159,0.191,74.2,74
624.45,0.356,0.233,0.123,0.35,0.157,0.193,85.8,85
624.6,0.384,0.232,0.152,0.35,0.157,0.193,96.9,96
624.75,0.402,0.231,0.171,0.35,0.157,0.193,108.3,108
624.9,0.434,0.23,0.203,0.35,0.157,0.193,119.6,119
625.05,0.463,0.23,0.233,0.35,0.155,0.195,131.2,131
625.2,0.484,0.229,0.255,0.35,0.156,0.194,142.4,142
625.35,0.516,0.229,0.287,0.35,0.158,0.192,153.3,153
625.5,0.55,0.229,0.321,0.35,0.161,0.189,164.0,163
625.65,0.58,0.23,0.35,0.35,0.164,0.186,174.2,174
625.8,0.617,0.231,0.387,0.35,0.165,0.185,185.2,185
625.95,0.65,0.231,0.419,0.35,0.167,0.183,195.5,195
626.1,0.687,0.233,0.454,0.35,0.172,0.178,204.9,204
626.25,0.714,0.234,0.48,0.35,0.178,0.172,214.2,214
626.4,0.745,0.236,0.509,0.35,0.184,0.166,223.0,222
626.55,0.777,0.238,0.539,0.35,0.186,0.164,232.3,232
626.7,0.815,0.24,0.575,0.35,0.193,0.157,240.3,240
626.85,0.857,0.242,0.615,0.35,0.196,0.154,249.0,248
627.0,0.895,0.244,0.651,0.35,0.203,0.147,256.4,255
627.15,0.943,0.247,0.696,0.35,0.207,0.143,255.6,255
627.3,0.986,0.249,0.737,0.35,0.214,0.136,254.0,254
627.45,1.02,0.252,0.768,0.35,0.22,0.13,260.7,255
627.6,1.055,0.255,0.8,0.35,0.225,0.125,259.9,255
627.75,1.104,0.257,0.847,0.35,0.231,0.119,258.6,255
627.9,1.14,0.26,0.88,0.35,0.236,0.114,257.4,255
628.05,1.182,0.262,0.92,0.35,0.238,0.112,257.2,255
628.2,1.218,0.264,0.953,0.35,0.241,0.109,256.6,255
628.35,1.261,0.266,0.994,0.35,0.245,0.105,255.6,255
628.5,1.298,0.269,1.029,0.35,0.251,0.099,254.3,254
628.65,1.341,0.271,1.07,0.35,0.254,0.096,259.7,255
628.8,1.382,0.273,1.109,0.35,0.258,0.092,258.7,255
628.95,1.433,0.275,1.158,0.35,0.261,0.089,258.0,255
629.1,1.473,0.276,1.196,0.35,0.263,0.087,257.7,255
629.25,1.516,0.278,1.238,0.35,0.267,0.083,256.7,255
629.4,1.566,0.28,1.286,0.35,0.27,0.08,256.2,255
629.55,1.605,0.282,1.323,0.35,0.276,0.074,254.9,254
629.7,1.641,0.284,1.358,0.35,0.277,0.073,259.2,255
629.85,1.69,0.285,1.404,0.35,0.279,0.071,258.6,255
630.0,1.733,0.287,1.446,0.35,0.285,0.065,257.4,255
630.15,1.77,0.289,1.482,0.35,0.289,0.061,256.6,255
630.3,1.818,0.29,1.527,0.35,0.291,0.059,256.2,255
630.45,1.866,0.292,1.574,0.35,0.294,0.056,255.4,255
630.6,1.912,0.294,1.618,0.35,0.296,0.054,255.0,255
630.75,1.957,0.295,1.662,0.35,0.3,0.05,254.2,254
630.9,1.999,0.297,1.702,0.35,0.304,0.046,256.2,255
631.05,2.038,0.298,1.74,0.35,0.304,0.046,256.4,255
631.2,2.072,0.299,1.773,0.35,0.306,0.044,256.0,255
631.35,2.106,0.301,1.806,0.35,0.31,0.04,255.1,255
631.5,2.143,0.302,1.84,0.35,0.313,0.037,254.4,254
631.65,2.173,0.304,1.87,0.35,0.316,0.034,256.0,255
631.8,2.216,0.305,1.911,0.35,0.316,0.034,256.0,255
631.95,2.253,0.306,1.947,0.35,0.321,0.029,254.9,254
632.1,2.285,0.307,1.978,0.35,0.322,0.028,256.4,255
632.25,2.318,0.309,2.01,0.35,0.324,0.026,255.9,255
632.4,2.357,0.31,2.047,0.35,0.328,0.022,255.2,255
632.55,2.391,0.311,2.08,0.35,0.33,0.02,254.8,254
632.7,2.424,0.312,2.111,0.35,0.333,0.017,255.4,255
632.85,2.451,0.314,2.137,0.35,0.334,0.016,255.2,255
633.0,2.488,0.314,2.174,0.35,0.333,0.017,255.4,255
633.15,2.517,0.315,2.202,0.35,0.335,0.015,255.0,254
633.3,2.545,0.316,2.23,0.35,0.335,0.015,255.9,255
633.45,2.576,0.316,2.259,0.35,0.338,0.012,255.1,255
633.6,2.597,0.317,2.279,0.35,0.339,0.011,255.0,254
633.75,2.632,0.318,2.314,0.35,0.342,0.008,255.0,254
633.9,2.657,0.319,2.337,0.35,0.345,0.005,254.8,254
634.05,2.689,0.32,2.369,0.35,0.345,0.005,255.1,255
634.2,2.712,0.321,2.391,0.35,0.346,0.004,255.1,255
634.35,2.728,0.322,2.407,0.35,0.349,0.001,254.3,254
634.5,2.756,0.322,2.433,0.35,0.348,0.002,254.6,254
634.65,2.773,0.323,2.45,0.35,0.35,0.0,254.3,254
634.8,2.79,0.324,2.467,0.35,0.352,-0.002,253.8,253
634.95,2.803,0.324,2.479,0.35,0.353,-0.003,253.4,253
635.1,2.822,0.325,2.497,0.35,0.352,-0.002,253.6,253
635.25,2.835,0.326,2.509,0.35,0.356,-0.006,252.6,252
635.4,2.856,0.326,2.53,0.35,0.356,-0.006,252.2,252
635.55,2.866,0.327,2.539,0.35,0.357,-0.007,251.7,251
635.7,2.879,0.327,2.552,0.35,0.356,-0.006,251.7,251
635.85,2.892,0.327,2.564,0.35,0.356,-0.006,251.1,251
636.0,2.902,0.328,2.575,0.35,0.357,-0.007,250.5,250
636.15,2.916,0.328,2.587,0.35,0.36,-0.01,249.5,249
636.3,2.914,0.329,2.585,0.35,0.362,-0.012,248.6,248
636.45,2.922,0.329,2.593,0.35,0.362,-0.012,247.9,247
636.6,2.93,0.33,2.6,0.35,0.362,-0.012,247.2,247
636.75,2.924,0.33,2.594,0.35,0.363,-0.013,246.2,246
636.9,2.93,0.33,2.6,0.35,0.361,-0.011,245.9,245
637.05,2.924,0.331,2.593,0.35,0.363,-0.013,244.9,244
637.2,2.926,0.331,2.595,0.35,0.365,-0.015,243.6,243
637.35,2.927,0.331,2.596,0.35,0.364,-0.014,243.0,242
637.5,2.925,0.332,2.593,0.35,0.365,-0.015,241.8,241
637.65,2.912,0.332,2.579,0.35,0.368,-0.018,240.4,240
637.8,2.901,0.333,2.568,0.35,0.37,-0.02,239.0,238
637.95,2.897,0.334,2.563,0.35,0.371,-0.021,237.4,237
638.1,2.888,0.334,2.554,0.35,0.374,-0.024,235.7,235
638.25,2.875,0.335,2.54,0.35,0.372,-0.022,234.9,234
638.4,2.868,0.335,2.533,0.35,0.372,-0.022,233.4,233
638.55,2.851,0.335,2.515,0.35,0.371,-0.021,232.4,232
638.7,2.834,0.335,2.499,0.35,0.372,-0.022,230.9,230
638.85,2.827,0.335,2.492,0.35,0.371,-0.021,229.9,229
639.0,2.808,0.335,2.473,0.35,0.371,-0.021,228.7,228
639.15,2.791,0.335,2.456,0.35,0.371,-0.021,227.4,227
639.3,2.77,0.335,2.435,0.35,0.37,-0.02,226.4,226
639.45,2.748,0.336,2.412,0.35,0.372,-0.022,224.7,224
639.6,2.728,0.336,2.393,0.35,0.372,-0.022,223.4,223
639.75,2.705,0.336,2.369,0.35,0.371,-0.021,222.5,222
639.9,2.69,0.335,2.354,0.35,0.368,-0.018,221.9,221
640.05,2.659,0.335,2.324,0.35,0.369,-0.019,220.6,220
640.2,2.632,0.335,2.297,0.35,0.369,-0.019,219.5,219
640.35,2.604,0.334,2.269,0.35,0.366,-0.016,219.2,219
640.5,2.577,0.334,2.243,0.35,0.365,-0.015,218.3,218
640.65,2.556,0.334,2.223,0.35,0.365,-0.015,217.3,217
640.8,2.526,0.333,2.193,0.35,0.364,-0.014,216.7,216
640.95,2.494,0.333,2.161,0.35,0.364,-0.014,215.9,215
641.1,2.462,0.333,2.129,0.35,0.366,-0.016,214.6,214
641.25,2.434,0.333,2.101,0.35,0.364,-0.014,214.2,214
641.4,2.41,0.333,2.078,0.35,0.365,-0.015,213.1,213
641.55,2.378,0.333,2.045,0.35,0.367,-0.017,211.9,211
641.7,2.339,0.333,2.006,0.35,0.368,-0.018,210.7,210
641.85,2.305,0.333,1.973,0.35,0.365,-0.015,210.4,210
642.0,2.268,0.333,1.935,0.35,0.364,-0.014,209.5,209
642.15,2.235,0.332,1.903,0.35,0.362,-0.012,209.1,209
642.3,2.201,0.332,1.869,0.35,0.359,-0.009,209.1,209
642.45,2.167,0.331,1.836,0.35,0.361,-0.011,208.1,208
642.6,2.128,0.331,1.797,0.35,0.361,-0.011,207.4,207
642.75,2.089,0.331,1.758,0.35,0.361,-0.011,206.8,206
642.9,2.052,0.331,1.721,0.35,0.362,-0.012,206.0,206
643.05,2.017,0.331,1.687,0.35,0.359,-0.009,206.0,205
643.2,1.981,0.33,1.651,0.35,0.357,-0.007,205.8,205
643.35,1.939,0.33,1.61,0.35,0.357,-0.007,205.4,205
643.5,1.895,0.329,1.566,0.35,0.357,-0.007,204.9,204
643.65,1.86,0.329,1.531,0.35,0.356,-0.006,204.8,204
643.8,1.808,0.329,1.48,0.35,0.355,-0.005,204.7,204
643.95,1.76,0.328,1.431,0.35,0.356,-0.006,204.1,204
644.1,1.711,0.328,1.383,0.35,0.354,-0.004,204.3,204
644.25,1.672,0.327,1.344,0.35,0.35,-0.0,204.8,204
644.4,1.627,0.327,1.3,0.35,0.35,-0.0,204.8,204
644.55,1.587,0.326,1.26,0.35,0.351,-0.001,204.5,204
644.7,1.538,0.326,1.212,0.35,0.351,-0.001,204.4,204
644.85,1.499,0.326,1.173,0.35,0.351,-0.001,204.4,204
645.0,1.457,0.326,1.131,0.35,0.349,0.001,204.9,204
645.15,1.409,0.325,1.083,0.35,0.348,0.002,205.2,205
645.3,1.366,0.325,1.041,0.35,0.345,0.005,205.9,205
645.45,1.325,0.324,1.001,0.35,0.344,0.006,206.4,206
645.6,1.289,0.323,0.965,0.35,0.343,0.007,206.9,206
645.75,1.254,0.323,0.931,0.35,0.344,0.006,207.1,207
645.9,1.204,0.323,0.881,0.35,0.345,0.005,207.3,207
646.05,1.163,0.322,0.841,0.35,0.342,0.008,208.3,208
646.2,1.124,0.322,0.802,0.35,0.342,0.008,208.7,208
646.35,1.088,0.321,0.766,0.35,0.34,0.01,209.7,209
646.5,1.049,0.321,0.728,0.35,0.342,0.008,209.8,209
646.65,1.012,0.321,0.691,0.35,0.343,0.007,210.0,210
646.8,0.975,0.321,0.653,0.35,0.344,0.006,210.1,210
646.95,0.935,0.322,0.613,0.35,0.345,0.005,210.4,210
647.1,0.89,0.322,0.568,0.35,0.346,0.004,210.5,210
647.25,0.853,0.322,0.531,0.35,0.346,0.004,210.6,210
647.4,0.812,0.323,0.489,0.35,0.346,0.004,210.8,210
647.55,0.771,0.323,0.449,0.35,0.346,0.004,211.1,211
647.7,0.737,0.323,0.415,0.35,0.345,0.005,211.5,211
647.85,0.699,0.323,0.376,0.35,0.346,0.004,211.6,211
648.0,0.662,0.323,0.34,0.35,0.344,0.006,212.3,212
648.15,0.623,0.323,0.3,0.35,0.345,0.005,212.3,212
648.3,0.587,0.322,0.264,0.35,0.343,0.007,213.1,213
648.45,0.556,0.322,0.234,0.35,0.341,0.009,213.9,213
648.6,0.53,0.322,0.209,0.35,0.342,0.008,214.2,214
648.75,0.505,0.321,0.184,0.35,0.339,0.011,215.4,215
648.9,0.474,0.321,0.153,0.35,0.337,0.013,216.4,216
649.05,0.448,0.32,0.128,0.35,0.337,0.013,217.1,217
649.2,0.422,0.32,0.102,0.35,0.338,0.012,217.6,217
649.35,0.386,0.319,0.067,0.35,0.336,0.014,218.8,218
649.5,0.364,0.319,0.045,0.35,0.337,0.013,219.3,219
649.65,0.335,0.319,0.016,0.35,0.336,0.014,220.3,220
649.8,0.307,0.319,-0.012,0.32,0.336,-0.016,213.7,213
649.95,0.283,0.319,-0.035,0.29,0.336,-0.046,206.5,206
650.1,0.264,0.318,-0.055,0.26,0.336,-0.076,197.5,197
650.25,0.241,0.318,-0.077,0.23,0.336,-0.106,186.8,186
650.4,0.22,0.318,-0.098,0.2,0.335,-0.135,174.4,174
650.55,0.197,0.318,-0.121,0.17,0.335,-0.165,160.4,160
650.7,0.183,0.317,-0.134,0.14,0.332,-0.192,145.0,145
650.85,0.16,0.317,-0.156,0.11,0.328,-0.218,128.5,128
651.0,0.147,0.316,-0.169,0.08,0.325,-0.245,-52.5,0
651.15,0.14,0.314,-0.174,0.05,0.316,-0.266,-56.6,0
651.3,0.126,0.312,-0.186,0.02,0.31,-0.29,-61.9,0
651.45,0.118,0.309,-0.19,0.0,0.302,-0.302,-74.4,0
651.6,0.105,0.306,-0.2,0.0,0.292,-0.292,-71.9,0
651.75,0.099,0.302,-0.203,0.0,0.282,-0.282,-69.6,0
651.9,0.086,0.298,-0.212,0.0,0.273,-0.273,-67.4,0
652.05,0.082,0.294,-0.212,0.0,0.266,-0.266,-65.7,0
652.2,0.083,0.291,-0.208,0.0,0.262,-0.262,-64.6,0
652.35,0.079,0.287,-0.208,0.0,0.253,-0.253,-62.5,0
652.5,0.07,0.284,-0.214,0.0,0.245,-0.245,-60.4,0
652.65,0.066,0.28,-0.214,0.0,0.24,-0.24,-59.2,0
652.8,0.073,0.277,-0.204,0.0,0.235,-0.235,-57.8,0
652.95,0.071,0.274,-0.203,0.0,0.229,-0.229,-56.4,0
653.1,0.069,0.271,-0.202,0.0,0.224,-0.224,-55.3,0
653.25,0.076,0.268,-0.192,0.0,0.22,-0.22,-54.2,0
653.4,0.086,0.265,-0.179,0.0,0.214,-0.214,-52.9,0
653.55,0.096,0.263,-0.167,0.0,0.209,-0.209,-51.4,0
653.7,0.097,0.26,-0.163,0.0,0.201,-0.201,-49.7,0
653.85,0.11,0.257,-0.147,0.0,0.199,-0.199,-49.0,0
654.0,0.12,0.254,-0.134,0.0,0.192,-0.192,-40.1,0
654.15,0.129,0.251,-0.122,0.0,0.185,-0.185,-38.7,0
654.3,0.147,0.248,-0.102,0.0,0.179,-0.179,-37.3,0
654.45,0.166,0.245,-0.079,0.0,0.172,-0.172,-35.9,0
654.6,0.179,0.242,-0.064,0.0,0.168,-0.168,-35.1,0
654.75,0.201,0.24,-0.039,0.0,0.166,-0.166,-34.8,0
654.9,0.224,0.238,-0.014,0.0,0.163,-0.163,-34.2,0
655.05,0.239,0.236,0.003,0.192,0.161,0.031,13.6,13
655.2,0.256,0.234,0.022,0.333,0.156,0.177,44.4,44
655.35,0.278,0.232,0.045,0.35,0.154,0.196,54.1,54
655.5,0.301,0.231,0.07,0.35,0.153,0.197,65.2,65
655.65,0.316,0.23,0.087,0.35,0.153,0.197,76.5,76
655.8,0.336,0.229,0.107,0.35,0.153,0.197,88.2,88
655.95,0.356,0.228,0.127,0.35,0.153,0.197,99.7,99
656.1,0.376,0.228,0.148,0.35,0.151,0.199,111.7,111
656.25,0.408,0.227,0.181,0.35,0.153,0.197,122.8,122
656.4,0.44,0.227,0.213,0.35,0.155,0.195,133.8,133
656.55,0.466,0.228,0.239,0.35,0.158,0.192,144.5,144
656.7,0.49,0.228,0.262,0.35,0.159,0.191,155.8,155
656.85,0.528,0.229,0.3,0.35,0.161,0.189,166.5,166
657.0,0.557,0.229,0.327,0.35,0.162,0.188,177.3,177
657.15,0.596,0.23,0.366,0.35,0.165,0.185,187.6,187
657.3,0.63,0.231,0.399,0.35,0.168,0.182,197.8,197
657.45,0.664,0.233,0.431,0.35,0.174,0.176,207.0,207
657.6,0.698,0.234,0.464,0.35,0.178,0.172,216.7,216
657.75,0.74,0.236,0.505,0.35,0.18,0.17,226.3,226
657.9,0.776,0.237,0.539,0.35,0.186,0.164,234.8,234
658.05,0.814,0.24,0.574,0.35,0.193,0.157,243.0,243
658.2,0.858,0.242,0.616,0.35,0.199,0.151,251.0,250
658.35,0.892,0.244,0.648,0.35,0.202,0.148,259.4,255
658.5,0.928,0.247,0.682,0.35,0.209,0.141,257.7,255
658.65,0.963,0.249,0.714,0.35,0.214,0.136,256.6,255
658.8,1.004,0.252,0.752,0.35,0.218,0.132,256.0,255
658.95,1.047,0.254,0.793,0.35,0.223,0.127,254.7,254
659.1,1.084,0.256,0.827,0.35,0.225,0.125,261.8,255
659.25,1.125,0.259,0.866,0.35,0.232,0.118,260.2,255
659.4,1.162,0.261,0.9,0.35,0.237,0.113,259.2,255
659.55,1.204,0.264,0.941,0.35,0.242,0.108,258.1,255
659.7,1.253,0.266,0.986,0.35,0.247,0.103,257.1,255
659.85,1.295,0.269,1.026,0.35,0.252,0.098,256.1,255
660.0,1.337,0.271,1.065,0.35,0.257,0.093,255.0,255
660.15,1.375,0.273,1.102,0.35,0.26,0.09,254.4,254
660.3,1.424,0.275,1.149,0.35,0.262,0.088,259.3,255
660.45,1.473,0.277,1.196,0.35,0.266,0.084,258.4,255
660.6,1.509,0.279,1.23,0.35,0.272,0.078,257.1,255
660.75,1.544,0.282,1.263,0.35,0.276,0.074,256.4,255
660.9,1.589,0.283,1.306,0.35,0.279,0.071,255.8,255
661.05,1.636,0.285,1.351,0.35,0.279,0.071,255.8,255
661.2,1.677,0.287,1.39,0.35,0.283,0.067,254.8,254
661.35,1.721,0.289,1.432,0.35,0.289,0.061,257.6,255
661.5,1.763,0.29,1.472,0.35,0.291,0.059,257.2,255
661.65,1.801,0.292,1.509,0.35,0.292,0.058,257.1,255
661.8,1.839,0.293,1.545,0.35,0.297,0.053,255.9,255
661.95,1.884,0.295,1.589,0.35,0.299,0.051,255.6,255
662.1,1.922,0.296,1.626,0.35,0.302,0.048,254.9,254
662.25,1.961,0.297,1.663,0.35,0.302,0.048,257.8,255
662.4,2.004,0.298,1.706,0.35,0.302,0.048,257.7,255
662.55,2.047,0.299,1.747,0.35,0.306,0.044,256.9,255
662.7,2.091,0.3,1.79,0.35,0.306,0.044,256.8,255
662.85,2.128,0.301,1.827,0.35,0.308,0.042,256.5,255
663.0,2.16,0.302,1.858,0.35,0.312,0.038,255.4,255
663.15,2.195,0.304,1.891,0.35,0.313,0.037,255.4,255
663.3,2.234,0.305,1.929,0.35,0.316,0.034,254.8,254
663.45,2.272,0.306,1.967,0.35,0.318,0.032,256.2,255
663.6,2.309,0.307,2.002,0.35,0.321,0.029,255.8,255
663.75,2.346,0.308,2.038,0.35,0.322,0.028,255.6,255
663.9,2.379,0.309,2.07,0.35,0.323,0.027,255.3,255
664.05,2.407,0.31,2.097,0.35,0.327,0.023,254.4,254
664.2,2.437,0.311,2.126,0.35,0.33,0.02,255.1,255
664.35,2.477,0.312,2.165,0.35,0.332,0.018,254.7,254
664.5,2.51,0.313,2.197,0.35,0.332,0.018,255.9,255
664.65,2.54,0.314,2.226,0.35,0.334,0.016,255.3,255
664.8,2.568,0.315,2.253,0.35,0.336,0.014,255.0,255
664.95,2.595,0.316,2.279,0.35,0.339,0.011,254.2,254
665.1,2.624,0.317,2.307,0.35,0.341,0.009,254.4,254
665.25,2.642,0.318,2.324,0.35,0.342,0.008,254.9,254
665.4,2.675,0.319,2.356,0.35,0.345,0.005,254.5,254
665.55,2.701,0.32,2.381,0.35,0.346,0.004,254.8,254
665.7,2.721,0.321,2.4,0.35,0.347,0.003,254.9,254
665.85,2.745,0.322,2.423,0.35,0.35,0.0,254.3,254
666.0,2.772,0.323,2.449,0.35,0.352,-0.002,254.0,254
666.15,2.793,0.324,2.469,0.35,0.355,-0.005,253.2,253
666.3,2.815,0.325,2.49,0.35,0.356,-0.006,252.8,252
666.45,2.834,0.326,2.509,0.35,0.355,-0.005,252.7,252
666.6,2.843,0.326,2.517,0.35,0.357,-0.007,251.9,251
666.75,2.863,0.327,2.536,0.35,0.359,-0.009,251.1,251
666.9,2.876,0.327,2.549,0.35,0.357,-0.007,251.1,251
667.05,2.879,0.328,2.552,0.35,0.359,-0.009,250.2,250
667.2,2.894,0.328,2.565,0.35,0.36,-0.01,249.4,249
667.35,2.905,0.329,2.576,0.35,0.362,-0.012,248.4,248
667.5,2.915,0.33,2.585,0.35,0.362,-0.012,247.8,247
667.65,2.914,0.33,2.584,0.35,0.36,-0.01,247.5,247
667.8,2.915,0.33,2.585,0.35,0.36,-0.01,246.9,246
667.95,2.921,0.33,2.591,0.35,0.359,-0.009,246.5,246
668.1,2.922,0.33,2.593,0.35,0.359,-0.009,246.1,246
668.25,2.921,0.33,2.591,0.35,0.361,-0.011,245.0,245
668.4,2.921,0.33,2.591,0.35,0.361,-0.011,244.5,244
668.55,2.919,0.33,2.589,0.35,0.362,-0.012,243.5,243
668.7,2.923,0.33,2.592,0.35,0.362,-0.012,242.8,242
668.85,2.914,0.331,2.583,0.35,0.364,-0.014,241.6,241
669.0,2.909,0.331,2.577,0.35,0.363,-0.013,241.1,241
669.15,2.905,0.331,2.574,0.35,0.365,-0.015,239.8,239
669.3,2.904,0.332,2.572,0.35,0.365,-0.015,239.0,238
669.45,2.892,0.332,2.56,0.35,0.364,-0.014,238.3,238
669.6,2.885,0.332,2.553,0.35,0.365,-0.015,237.3,237
669.75,2.878,0.332,2.545,0.35,0.366,-0.016,236.3,236
669.9,2.866,0.332,2.533,0.35,0.365,-0.015,235.5,235
670.05,2.856,0.332,2.524,0.35,0.363,-0.013,235.0,235
670.2,2.843,0.332,2.512,0.35,0.361,-0.011,234.8,234
670.35,2.83,0.331,2.498,0.35,0.36,-0.01,234.3,234
670.5,2.813,0.331,2.482,0.35,0.358,-0.008,234.2,234
670.65,2.789,0.33,2.458,0.35,0.36,-0.01,233.2,233
670.8,2.767,0.33,2.437,0.35,0.359,-0.009,233.0,232
670.95,2.746,0.33,2.416,0.35,0.359,-0.009,232.4,232
671.1,2.725,0.33,2.395,0.35,0.359,-0.009,231.8,231
671.25,2.705,0.33,2.375,0.35,0.359,-0.009,231.3,231
671.4,2.682,0.33,2.353,0.35,0.36,-0.01,230.6,230
671.55,2.66,0.33,2.33,0.35,0.362,-0.012,229.4,229
671.7,2.629,0.331,2.298,0.35,0.365,-0.015,228.2,228
671.85,2.595,0.331,2.264,0.35,0.363,-0.013,227.8,227
672.0,2.564,0.331,2.233,0.35,0.365,-0.015,226.5,226
672.15,2.538,0.332,2.206,0.35,0.366,-0.016,225.5,225
672.3,2.508,0.332,2.176,0.35,0.366,-0.016,224.6,224
672.45,2.484,0.332,2.151,0.35,0.366,-0.016,223.5,223
672.6,2.452,0.332,2.12,0.35,0.366,-0.016,222.7,222
672.75,2.424,0.333,2.091,0.35,0.365,-0.015,221.9,221
672.9,2.385,0.332,2.052,0.35,0.365,-0.015,221.1,221
673.05,2.348,0.332,2.015,0.35,0.365,-0.015,220.3,220
673.2,2.32,0.332,1.988,0.35,0.363,-0.013,219.9,219
673.35,2.282,0.332,1.95,0.35,0.364,-0.014,218.8,218
673.5,2.246,0.332,1.914,0.35,0.362,-0.012,218.5,218
673.65,2.218,0.332,1.886,0.35,0.363,-0.013,217.5,217
673.8,2.177,0.332,1.846,0.35,0.363,-0.013,216.7,216
673.95,2.136,0.332,1.805,0.35,0.363,-0.013,216.1,216
674.1,2.1,0.331,1.769,0.35,0.36,-0.01,216.0,216
674.25,2.057,0.331,1.726,0.35,0.362,-0.012,214.9,214
674.4,2.022,0.331,1.692,0.35,0.36,-0.01,214.7,214
674.55,1.978,0.331,1.648,0.35,0.36,-0.01,214.1,214
674.7,1.934,0.33,1.604,0.35,0.357,-0.007,214.2,214
674.85,1.889,0.33,1.559,0.35,0.358,-0.008,213.4,213
675.0,1.845,0.33,1.516,0.35,0.359,-0.009,212.8,212
675.15,1.801,0.33,1.471,0.35,0.36,-0.01,212.1,212
675.3,1.758,0.329,1.429,0.35,0.357,-0.007,212.3,212
675.45,1.713,0.329,1.384,0.35,0.357,-0.007,211.7,211
675.6,1.667,0.329,1.337,0.35,0.359,-0.009,210.9,210
675.75,1.63,0.329,1.301,0.35,0.357,-0.007,211.0,210
675.9,1.595,0.329,1.266,0.35,0.356,-0.006,210.6,210
676.05,1.552,0.328,1.223,0.35,0.353,-0.003,211.0,210
676.2,1.514,0.328,1.186,0.35,0.355,-0.005,210.3,210
676.35,1.469,0.327,1.141,0.35,0.352,-0.002,210.9,210
676.5,1.431,0.327,1.104,0.35,0.351,-0.001,210.8,210
676.65,1.391,0.327,1.064,0.35,0.353,-0.003,210.3,210
676.8,1.348,0.327,1.022,0.35,0.352,-0.002,210.4,210
676.95,1.301,0.326,0.975,0.35,0.351,-0.001,210.5,210
677.1,1.26,0.326,0.935,0.35,0.349,0.001,211.0,210
677.25,1.226,0.325,0.901,0.35,0.348,0.002,211.1,211
677.4,1.187,0.325,0.863,0.35,0.347,0.003,211.4,211
677.55,1.149,0.324,0.824,0.35,0.345,0.005,212.1,212
677.7,1.107,0.324,0.783,0.35,0.346,0.004,212.1,212
677.85,1.066,0.324,0.742,0.35,0.348,0.002,211.9,211
678.0,1.029,0.324,0.705,0.35,0.349,0.001,211.7,211
678.15,0.99,0.324,0.666,0.35,0.347,0.003,212.4,212
678.3,0.947,0.324,0.623,0.35,0.349,0.001,211.9,211
678.45,0.913,0.324,0.589,0.35,0.35,-0.0,211.8,211
678.6,0.875,0.324,0.55,0.35,0.349,0.001,212.2,212
678.75,0.836,0.325,0.511,0.35,0.351,-0.001,211.7,211
678.9,0.79,0.325,0.465,0.35,0.35,-0.0,211.8,211
679.05,0.757,0.325,0.432,0.35,0.349,0.001,212.1,212
679.2,0.721,0.325,0.396,0.35,0.349,0.001,212.1,212
679.35,0.684,0.325,0.359,0.35,0.35,0.0,212.0,212
679.5,0.653,0.324,0.328,0.35,0.347,0.003,212.7,212
679.65,0.622,0.324,0.298,0.35,0.345,0.005,213.4,213
679.8,0.582,0.323,0.259,0.35,0.344,0.006,213.9,213
679.95,0.546,0.323,0.223,0.35,0.343,0.007,214.3,214
680.1,0.51,0.323,0.188,0.35,0.345,0.005,214.3,214
680.25,0.484,0.323,0.162,0.35,0.346,0.004,214.5,214
680.4,0.456,0.323,0.133,0.35,0.345,0.005,214.9,214
680.55,0.421,0.322,0.099,0.35,0.342,0.008,215.8,215
680.7,0.393,0.322,0.071,0.35,0.343,0.007,216.0,215
680.85,0.372,0.322,0.049,0.35,0.345,0.005,215.9,215
681.0,0.348,0.323,0.025,0.35,0.347,0.003,215.7,215
681.15,0.32,0.323,-0.004,0.328,0.349,-0.021,210.2,210
681.3,0.299,0.323,-0.024,0.298,0.349,-0.05,202.5,202
681.45,0.275,0.324,-0.049,0.268,0.349,-0.081,193.2,193
681.6,0.258,0.324,-0.066,0.238,0.35,-0.112,181.9,181
681.75,0.242,0.324,-0.082,0.208,0.35,-0.142,169.1,169
681.9,0.224,0.324,-0.1,0.178,0.346,-0.168,155.6,155
682.05,0.211,0.324,-0.112,0.148,0.344,-0.196,139.7,139
682.2,0.195,0.323,-0.128,0.118,0.344,-0.225,122.0,122
682.35,0.173,0.322,-0.149,0.088,0.338,-0.25,103.9,103
682.5,0.156,0.321,-0.165,0.058,0.334,-0.276,83.8,83
682.65,0.137,0.319,-0.182,0.028,0.328,-0.299,-63.7,0
682.8,0.131,0.317,-0.186,0.0,0.321,-0.321,-68.2,0
682.95,0.12,0.314,-0.194,0.0,0.312,-0.312,-65.1,0
683.1,0.107,0.311,-0.204,0.0,0.302,-0.302,-74.6,0
683.25,0.102,0.308,-0.205,0.0,0.296,-0.296,-72.9,0
683.4,0.101,0.304,-0.203,0.0,0.287,-0.287,-70.8,0
683.55,0.092,0.301,-0.209,0.0,0.28,-0.28,-69.2,0
683.7,0.089,0.297,-0.208,0.0,0.273,-0.273,-67.4,0
683.85,0.08,0.294,-0.213,0.0,0.265,-0.265,-65.5,0
684.0,0.08,0.29,-0.211,0.0,0.261,-0.261,-64.4,0
684.15,0.084,0.287,-0.203,0.0,0.254,-0.254,-62.5,0
684.3,0.079,0.284,-0.205,0.0,0.247,-0.247,-60.9,0
684.45,0.082,0.28,-0.198,0.0,0.241,-0.241,-59.5,0
684.6,0.082,0.277,-0.195,0.0,0.235,-0.235,-57.9,0
684.75,0.089,0.274,-0.185,0.0,0.228,-0.228,-56.2,0
684.9,0.09,0.271,-0.18,0.0,0.222,-0.222,-54.8,0
685.05,0.094,0.268,-0.174,0.0,0.219,-0.219,-53.9,0
685.2,0.096,0.265,-0.169,0.0,0.214,-0.214,-52.9,0
685.35,0.106,0.262,-0.157,0.0,0.208,-0.208,-51.2,0
685.5,0.119,0.259,-0.141,0.0,0.2,-0.2,-49.4,0
685.65,0.125,0.256,-0.131,0.0,0.196,-0.196,-40.9,0
685.8,0.14,0.253,-0.113,0.0,0.189,-0.189,-39.6,0
685.95,0.155,0.251,-0.095,0.0,0.184,-0.184,-38.4,0
686.1,0.174,0.248,-0.074,0.0,0.178,-0.178,-37.1,0
686.25,0.188,0.245,-0.056,0.0,0.171,-0.171,-35.7,0
686.4,0.212,0.242,-0.03,0.0,0.165,-0.165,-34.5,0
686.55,0.23,0.239,-0.009,0.0,0.161,-0.161,-33.6,0
686.7,0.249,0.236,0.013,0.275,0.158,0.117,34.7,34
686.85,0.272,0.235,0.038,0.35,0.158,0.192,50.0,49
687.0,0.29,0.233,0.057,0.35,0.155,0.195,59.2,59
687.15,0.31,0.231,0.078,0.35,0.155,0.195,70.3,70
687.3,0.338,0.23,0.107,0.35,0.154,0.196,82.2,82
687.45,0.364,0.229,0.135,0.35,0.151,0.199,94.4,94
687.6,0.395,0.228,0.167,0.35,0.148,0.202,106.5,106
687.75,0.416,0.227,0.189,0.35,0.149,0.201,117.9,117
687.9,0.44,0.226,0.214,0.35,0.148,0.202,130.0,129
688.05,0.47,0.226,0.243,0.35,0.151,0.199,141.0,140
688.2,0.509,0.226,0.283,0.35,0.151,0.199,152.8,152
688.35,0.545,0.226,0.319,0.35,0.154,0.196,163.6,163
688.5,0.586,0.227,0.359,0.35,0.159,0.191,174.1,174
688.65,0.615,0.228,0.387,0.35,0.16,0.19,185.1,185
688.8,0.653,0.229,0.424,0.35,0.165,0.185,195.1,195
688.95,0.69,0.23,0.46,0.35,0.168,0.182,205.2,205
689.1,0.722,0.232,0.49,0.35,0.171,0.179,215.3,215
689.25,0.755,0.233,0.522,0.35,0.176,0.174,224.6,224
689.4,0.786,0.235,0.551,0.35,0.181,0.169,233.8,233
689.55,0.827,0.237,0.589,0.35,0.187,0.163,242.4,242
689.7,0.873,0.239,0.634,0.35,0.191,0.159,251.2,251
689.85,0.906,0.241,0.664,0.35,0.197,0.153,259.2,255
690.0,0.953,0.244,0.709,0.35,0.201,0.149,258.4,255
690.15,0.992,0.246,0.746,0.35,0.204,0.146,257.8,255
690.3,1.032,0.248,0.784,0.35,0.211,0.139,256.2,255
690.45,1.07,0.251,0.819,0.35,0.216,0.134,255.3,255
690.6,1.105,0.253,0.852,0.35,0.219,0.131,254.6,254
690.75,1.148,0.255,0.893,0.35,0.224,0.126,261.3,255
690.9,1.184,0.257,0.927,0.35,0.227,0.123,260.6,255
691.05,1.22,0.259,0.961,0.35,0.231,0.119,259.7,255
691.2,1.26,0.261,0.999,0.35,0.236,0.114,258.7,255
691.35,1.31,0.263,1.046,0.35,0.238,0.112,258.3,255
691.5,1.36,0.265,1.095,0.35,0.242,0.108,257.5,255
691.65,1.41,0.267,1.142,0.35,0.247,0.103,256.3,255
691.8,1.449,0.269,1.18,0.35,0.249,0.101,256.1,255
691.95,1.498,0.271,1.227,0.35,0.255,0.095,254.6,254
692.1,1.533,0.273,1.26,0.35,0.257,0.093,259.9,255
692.25,1.574,0.275,1.299,0.35,0.259,0.091,259.4,255
692.4,1.616,0.277,1.339,0.35,0.265,0.085,258.1,255
692.55,1.658,0.278,1.379,0.35,0.268,0.082,257.6,255
692.7,1.694,0.28,1.414,0.35,0.269,0.081,257.4,255
692.85,1.741,0.282,1.459,0.35,0.274,0.076,256.2,255
693.0,1.776,0.284,1.493,0.35,0.279,0.071,255.3,255
693.15,1.82,0.285,1.535,0.35,0.281,0.069,254.8,254
693.3,1.87,0.287,1.583,0.35,0.286,0.064,257.7,255
693.45,1.917,0.289,1.628,0.35,0.287,0.063,257.8,255
693.6,1.951,0.29,1.661,0.35,0.288,0.062,257.5,255
693.75,1.985,0.292,1.693,0.35,0.292,0.058,256.5,255
693.9,2.019,0.293,1.726,0.35,0.297,0.053,255.5,255
694.05,2.063,0.295,1.768,0.35,0.3,0.05,254.9,254
694.2,2.104,0.297,1.807,0.35,0.304,0.046,256.8,255
694.35,2.141,0.298,1.843,0.35,0.307,0.043,256.3,255
694.5,2.174,0.3,1.874,0.35,0.309,0.041,255.9,255
694.65,2.211,0.302,1.91,0.35,0.314,0.036,254.9,254
694.8,2.249,0.303,1.946,0.35,0.314,0.036,257.1,255
694.95,2.284,0.304,1.98,0.35,0.314,0.036,257.1,255
695.1,2.319,0.305,2.014,0.35,0.316,0.034,256.5,255
695.25,2.352,0.306,2.046,0.35,0.32,0.03,255.6,255
695.4,2.392,0.307,2.085,0.35,0.321,0.029,255.7,255
695.55,2.426,0.308,2.118,0.35,0.32,0.03,255.8,255
695.7,2.455,0.309,2.147,0.35,0.322,0.028,255.4,255
695.85,2.493,0.31,2.184,0.35,0.326,0.024,254.5,254
696.0,2.518,0.311,2.207,0.35,0.326,0.024,256.1,255
696.15,2.547,0.311,2.236,0.35,0.329,0.021,255.3,255
696.3,2.573,0.313,2.26,0.35,0.332,0.018,254.5,254
696.45,2.595,0.314,2.281,0.35,0.333,0.017,255.5,255
696.6,2.622,0.314,2.308,0.35,0.333,0.017,255.5,255
696.75,2.648,0.315,2.332,0.35,0.337,0.013,254.7,254
696.9,2.669,0.317,2.352,0.35,0.34,0.01,254.7,254
697.05,2.7,0.317,2.382,0.35,0.339,0.011,255.6,255
697.2,2.718,0.318,2.399,0.35,0.34,0.01,255.3,255
697.35,2.737,0.319,2.418,0.35,0.341,0.009,255.1,255
697.5,2.766,0.319,2.447,0.35,0.343,0.007,254.8,254
697.65,2.782,0.32,2.462,0.35,0.344,0.006,255.0,254
697.8,2.796,0.321,2.476,0.35,0.345,0.005,255.1,255
697.95,2.81,0.321,2.489,0.35,0.346,0.004,255.0,254
698.1,2.826,0.322,2.505,0.35,0.345,0.005,255.5,255
698.25,2.838,0.322,2.516,0.35,0.348,0.002,254.7,254
698.4,2.849,0.323,2.527,0.35,0.35,-0.0,254.3,254
698.55,2.862,0.324,2.539,0.35,0.353,-0.003,253.6,253
698.7,2.875,0.324,2.55,0.35,0.353,-0.003,253.8,253
698.85,2.884,0.325,2.559,0.35,0.354,-0.004,253.1,253
699.0,2.895,0.326,2.569,0.35,0.356,-0.006,252.6,252
699.15,2.898,0.327,2.572,0.35,0.358,-0.008,251.8,251
699.3,2.906,0.327,2.579,0.35,0.358,-0.008,251.3,251
699.45,2.917,0.328,2.589,0.35,0.359,-0.009,250.6,250
699.6,2.925,0.328,2.597,0.35,0.361,-0.011,249.7,249
699.75,2.923,0.329,2.593,0.35,0.363,-0.013,248.7,248
699.9,2.921,0.33,2.59,0.35,0.366,-0.016,247.3,247
700.05,2.926,0.331,2.596,0.35,0.365,-0.015,246.7,246
700.2,2.925,0.331,2.594,0.35,0.366,-0.016,245.6,245
700.35,2.923,0.331,2.592,0.35,0.364,-0.014,245.1,245
700.5,2.918,0.331,2.587,0.35,0.363,-0.013,244.4,244
700.65,2.904,0.332,2.572,0.35,0.366,-0.016,243.0,243
700.8,2.894,0.332,2.561,0.35,0.368,-0.018,241.5,241
700.95,2.881,0.333,2.548,0.35,0.368,-0.018,240.6,240
701.1,2.869,0.333,2.535,0.35,0.37,-0.02,239.2,239
701.25,2.855,0.334,2.521,0.35,0.372,-0.022,237.5,237
701.4,2.852,0.335,2.517,0.35,0.372,-0.022,236.2,236
701.55,2.843,0.335,2.508,0.35,0.375,-0.025,234.3,234
701.7,2.825,0.336,2.489,0.35,0.372,-0.022,233.5,233
701.85,2.808,0.336,2.473,0.35,0.372,-0.022,232.3,232
702.0,2.789,0.336,2.453,0.35,0.373,-0.023,230.6,230
702.15,2.766,0.336,2.429,0.35,0.374,-0.024,229.1,229
702.3,2.753,0.336,2.417,0.35,0.373,-0.023,228.0,228
702.45,2.727,0.336,2.391,0.35,0.37,-0.02,227.3,227
702.6,2.703,0.336,2.367,0.35,0.372,-0.022,225.7,225
702.75,2.684,0.336,2.349,0.35,0.372,-0.022,224.4,224
702.9,2.666,0.336,2.33,0.35,0.373,-0.023,222.7,222
703.05,2.645,0.336,2.309,0.35,0.373,-0.023,221.5,221
703.2,2.616,0.336,2.28,0.35,0.372,-0.022,220.4,220
703.35,2.582,0.336,2.246,0.35,0.373,-0.023,218.8,218
703.5,2.552,0.337,2.215,0.35,0.375,-0.025,217.0,217
703.65,2.518,0.336,2.181,0.35,0.372,-0.022,216.4,216
703.8,2.497,0.336,2.161,0.35,0.371,-0.021,215.2,215
703.95,2.469,0.336,2.133,0.35,0.372,-0.022,213.6,213
704.1,2.442,0.336,2.105,0.35,0.373,-0.023,212.2,212
704.25,2.409,0.336,2.073,0.35,0.37,-0.02,211.6,211
704.4,2.379,0.336,2.044,0.35,0.37,-0.02,210.4,210
704.55,2.34,0.335,2.005,0.35,0.368,-0.018,209.6,209
704.7,2.312,0.335,1.977,0.35,0.366,-0.016,209.0,209
704.85,2.28,0.334,1.946,0.35,0.364,-0.014,208.5,208
705.0,2.245,0.333,1.912,0.35,0.363,-0.013,207.9,207
705.15,2.202,0.333,1.869,0.35,0.36,-0.01,207.7,207
705.3,2.16,0.332,1.828,0.35,0.361,-0.011,206.8,206
705.45,2.126,0.332,1.794,0.35,0.361,-0.011,206.2,206
705.6,2.087,0.331,1.756,0.35,0.36,-0.01,205.8,205
705.75,2.054,0.331,1.723,0.35,0.359,-0.009,205.4,205
705.9,2.005,0.33,1.674,0.35,0.358,-0.008,205.1,205
706.05,1.965,0.33,1.635,0.35,0.359,-0.009,204.3,204
706.2,1.922,0.33,1.592,0.35,0.358,-0.008,204.1,204
706.35,1.874,0.33,1.544,0.35,0.357,-0.007,203.9,203
706.5,1.832,0.329,1.503,0.35,0.356,-0.006,203.6,203
706.65,1.793,0.329,1.465,0.35,0.354,-0.004,203.6,203
706.8,1.745,0.328,1.417,0.35,0.356,-0.006,203.0,203
706.95,1.707,0.328,1.379,0.35,0.352,-0.002,203.5,203
707.1,1.665,0.327,1.338,0.35,0.352,-0.002,203.3,203
707.25,1.628,0.327,1.301,0.35,0.353,-0.003,203.1,203
707.4,1.592,0.327,1.265,0.35,0.351,-0.001,203.3,203
707.55,1.548,0.326,1.222,0.35,0.351,-0.001,203.3,203
707.7,1.508,0.326,1.182,0.35,0.349,0.001,203.7,203
707.85,1.468,0.325,1.143,0.35,0.348,0.002,203.9,203
708.0,1.42,0.325,1.095,0.35,0.347,0.003,204.2,204
708.15,1.372,0.324,1.048,0.35,0.345,0.005,204.8,204
708.3,1.324,0.324,1.0,0.35,0.343,0.007,205.6,205
708.45,1.275,0.323,0.952,0.35,0.343,0.007,205.8,205
708.6,1.234,0.323,0.911,0.35,0.342,0.008,206.4,206
708.75,1.186,0.322,0.864,0.35,0.343,0.007,206.8,206
708.9,1.141,0.322,0.819,0.35,0.341,0.009,207.7,207
709.05,1.107,0.322,0.786,0.35,0.341,0.009,208.0,208
709.2,1.067,0.321,0.745,0.35,0.342,0.008,208.4,208
709.35,1.02,0.321,0.699,0.35,0.34,0.01,209.3,209
709.5,0.987,0.321,0.666,0.35,0.342,0.008,209.5,209
709.65,0.942,0.321,0.621,0.35,0.34,0.01,210.3,210
709.8,0.902,0.321,0.582,0.35,0.341,0.009,210.8,210
709.95,0.873,0.321,0.552,0.35,0.343,0.007,210.9,210
710.1,0.831,0.321,0.511,0.35,0.34,0.01,212.0,212
710.25,0.796,0.32,0.475,0.35,0.34,0.01,212.5,212
710.4,0.754,0.321,0.433,0.35,0.342,0.008,212.7,212
710.55,0.718,0.321,0.397,0.35,0.343,0.007,212.8,212
710.7,0.681,0.321,0.36,0.35,0.343,0.007,213.4,213
710.85,0.652,0.321,0.331,0.35,0.344,0.006,213.6,213
711.0,0.615,0.321,0.294,0.35,0.345,0.005,213.7,213
711.15,0.583,0.321,0.262,0.35,0.343,0.007,214.6,214
711.3,0.548,0.321,0.227,0.35,0.34,0.01,215.5,215
711.45,0.521,0.321,0.2,0.35,0.34,0.01,216.0,215
711.6,0.491,0.321,0.17,0.35,0.341,0.009,216.5,216
711.75,0.469,0.321,0.148,0.35,0.34,0.01,217.1,217
711.9,0.442,0.32,0.122,0.35,0.338,0.012,218.2,218
712.05,0.416,0.32,0.096,0.35,0.336,0.014,219.3,219
712.2,0.385,0.319,0.065,0.35,0.337,0.013,219.8,219
712.35,0.354,0.319,0.035,0.35,0.337,0.013,220.6,220
712.5,0.331,0.319,0.011,0.35,0.337,0.013,221.3,221
712.65,0.3,0.319,-0.019,0.32,0.336,-0.016,215.1,215
712.8,0.285,0.318,-0.033,0.29,0.334,-0.044,208.2,208
712.95,0.266,0.318,-0.052,0.26,0.333,-0.073,199.5,199
713.1,0.24,0.317,-0.078,0.23,0.331,-0.101,189.4,189
713.25,0.215,0.317,-0.102,0.2,0.332,-0.132,176.9,176
713.4,0.195,0.316,-0.121,0.17,0.33,-0.16,163.4,163
713.55,0.184,0.316,-0.132,0.14,0.327,-0.187,148.3,148
713.7,0.168,0.315,-0.147,0.11,0.325,-0.215,131.6,131
713.85,0.153,0.314,-0.16,0.08,0.32,-0.24,113.7,113
714.0,0.146,0.313,-0.167,0.05,0.319,-0.269,-57.6,0
714.15,0.133,0.311,-0.178,0.02,0.311,-0.291,-61.9,0
714.3,0.121,0.308,-0.188,0.0,0.301,-0.301,-63.6,0
714.45,0.103,0.305,-0.202,0.0,0.294,-0.294,-72.5,0
714.6,0.089,0.303,-0.213,0.0,0.288,-0.288,-71.0,0
714.75,0.087,0.3,-0.213,0.0,0.282,-0.282,-69.6,0
714.9,0.074,0.297,-0.223,0.0,0.276,-0.276,-68.0,0
715.05,0.072,0.294,-0.222,0.0,0.269,-0.269,-66.4,0
715.2,0.075,0.291,-0.216,0.0,0.263,-0.263,-64.8,0
715.35,0.069,0.288,-0.219,0.0,0.258,-0.258,-63.7,0
715.5,0.066,0.285,-0.219,0.0,0.252,-0.252,-62.2,0
715.65,0.065,0.282,-0.217,0.0,0.248,-0.248,-61.2,0
715.8,0.063,0.279,-0.216,0.0,0.241,-0.241,-59.4,0
715.95,0.072,0.276,-0.204,0.0,0.235,-0.235,-58.1,0
716.1,0.082,0.273,-0.192,0.0,0.23,-0.23,-56.8,0
716.25,0.08,0.27,-0.19,0.0,0.222,-0.222,-54.9,0
716.4,0.092,0.268,-0.175,0.0,0.219,-0.219,-54.0,0
716.55,0.101,0.265,-0.164,0.0,0.211,-0.211,-52.1,0
716.7,0.109,0.262,-0.153,0.0,0.208,-0.208,-51.3,0
716.85,0.116,0.26,-0.144,0.0,0.205,-0.205,-50.6,0
717.0,0.134,0.257,-0.123,0.0,0.199,-0.199,-41.7,0
717.15,0.141,0.255,-0.114,0.0,0.195,-0.195,-40.8,0
717.3,0.151,0.252,-0.102,0.0,0.19,-0.19,-39.8,0
717.45,0.163,0.25,-0.088,0.0,0.187,-0.187,-39.1,0
717.6,0.182,0.248,-0.066,0.0,0.181,-0.181,-37.8,0
717.75,0.202,0.245,-0.043,0.0,0.175,-0.175,-36.4,0
717.9,0.224,0.242,-0.019,0.0,0.169,-0.169,-35.3,0
718.05,0.238,0.24,-0.002,0.14,0.163,-0.023,0.5,0
718.2,0.257,0.237,0.02,0.322,0.159,0.164,41.2,41
718.35,0.283,0.235,0.048,0.35,0.155,0.195,51.6,51
718.5,0.312,0.233,0.079,0.35,0.155,0.195,62.0,62
718.65,0.332,0.232,0.1,0.35,0.155,0.195,73.4,73
718.8,0.362,0.23,0.131,0.35,0.154,0.196,85.0,85
718.95,0.383,0.229,0.154,0.35,0.152,0.198,96.9,96
719.1,0.414,0.228,0.186,0.35,0.15,0.2,108.9,108
719.25,0.447,0.228,0.219,0.35,0.15,0.2,120.4,120
719.4,0.48,0.227,0.253,0.35,0.151,0.199,132.1,132
719.55,0.507,0.227,0.28,0.35,0.151,0.199,143.7,143
719.7,0.543,0.226,0.317,0.35,0.152,0.198,155.0,155
719.85,0.573,0.226,0.347,0.35,0.152,0.198,166.6,166
720.0,0.61,0.227,0.383,0.35,0.155,0.195,177.5,177
720.15,0.637,0.227,0.409,0.35,0.157,0.193,188.4,188
720.3,0.675,0.228,0.447,0.35,0.159,0.191,199.4,199
720.45,0.71,0.229,0.481,0.35,0.162,0.188,209.7,209
720.6,0.748,0.23,0.518,0.35,0.168,0.182,219.5,219
720.75,0.789,0.231,0.557,0.35,0.171,0.179,229.6,229
720.9,0.824,0.233,0.592,0.35,0.173,0.177,239.7,239
721.05,0.856,0.234,0.622,0.35,0.179,0.171,248.6,248
721.2,0.898,0.236,0.661,0.35,0.184,0.166,257.7,255
721.35,0.94,0.238,0.701,0.35,0.19,0.16,256.4,255
721.5,0.977,0.24,0.737,0.35,0.193,0.157,255.9,255
721.65,1.021,0.242,0.779,0.35,0.196,0.154,255.1,255
721.8,1.055,0.245,0.81,0.35,0.204,0.146,253.4,253
721.95,1.09,0.247,0.843,0.35,0.208,0.142,261.0,255
722.1,1.132,0.25,0.882,0.35,0.215,0.135,259.6,255
722.25,1.174,0.252,0.922,0.35,0.22,0.13,258.7,255
722.4,1.219,0.255,0.965,0.35,0.226,0.124,257.3,255
722.55,1.259,0.258,1.002,0.35,0.233,0.117,255.9,255
722.7,1.296,0.26,1.036,0.35,0.236,0.114,255.4,255
722.85,1.338,0.263,1.075,0.35,0.239,0.111,254.6,254
723.0,1.378,0.265,1.114,0.35,0.241,0.109,260.7,255
723.15,1.427,0.267,1.161,0.35,0.246,0.104,259.7,255
723.3,1.471,0.269,1.202,0.35,0.252,0.098,258.3,255
723.45,1.516,0.272,1.245,0.35,0.258,0.092,257.1,255
723.6,1.563,0.274,1.29,0.35,0.262,0.088,256.4,255
723.75,1.606,0.276,1.33,0.35,0.267,0.083,255.3,255
723.9,1.644,0.278,1.366,0.35,0.268,0.082,255.0,255
724.05,1.688,0.28,1.407,0.35,0.273,0.077,253.9,253
724.2,1.728,0.282,1.445,0.35,0.276,0.074,257.9,255
724.35,1.77,0.284,1.486,0.35,0.281,0.069,256.8,255
724.5,1.806,0.286,1.52,0.35,0.282,0.068,256.8,255
724.65,1.844,0.288,1.557,0.35,0.286,0.064,255.8,255
724.8,1.89,0.289,1.601,0.35,0.287,0.063,255.6,255
724.95,1.934,0.29,1.644,0.35,0.289,0.061,255.3,255
725.1,1.973,0.292,1.681,0.35,0.291,0.059,254.6,254
725.25,2.012,0.293,1.719,0.35,0.294,0.056,257.5,255
725.4,2.059,0.295,1.764,0.35,0.298,0.052,256.7,255
725.55,2.104,0.296,1.807,0.35,0.303,0.047,255.7,255
725.7,2.136,0.298,1.839,0.35,0.306,0.044,254.9,254
725.85,2.181,0.299,1.881,0.35,0.307,0.043,257.5,255
726.0,2.221,0.301,1.92,0.35,0.31,0.04,256.7,255
726.15,2.249,0.302,1.947,0.35,0.313,0.037,256.2,255
726.3,2.288,0.303,1.984,0.35,0.315,0.035,255.8,255
726.45,2.316,0.305,2.011,0.35,0.318,0.032,254.9,254
726.6,2.355,0.306,2.049,0.35,0.32,0.03,256.5,255
726.75,2.386,0.307,2.078,0.35,0.32,0.03,256.5,255
726.9,2.422,0.308,2.113,0.35,0.324,0.026,255.6,255
727.05,2.459,0.31,2.149,0.35,0.327,0.023,255.0,254
727.2,2.49,0.311,2.179,0.35,0.329,0.021,255.9,255
727.35,2.513,0.312,2.201,0.35,0.33,0.02,255.8,255
727.5,2.54,0.313,2.228,0.35,0.332,0.018,255.4,255
727.65,2.568,0.314,2.255,0.35,0.333,0.017,255.1,255
727.8,2.6,0.315,2.285,0.35,0.334,0.016,254.9,254
727.95,2.62,0.315,2.305,0.35,0.334,0.016,256.0,255
728.1,2.651,0.316,2.336,0.35,0.334,0.016,255.9,255
728.25,2.681,0.316,2.365,0.35,0.334,0.016,255.8,255
728.4,2.711,0.317,2.394,0.35,0.336,0.014,255.3,255
728.55,2.724,0.317,2.407,0.35,0.339,0.011,254.7,254
728.7,2.75,0.318,2.432,0.35,0.34,0.01,255.4,255
728.85,2.768,0.319,2.449,0.35,0.343,0.007,254.6,254
729.0,2.789,0.319,2.47,0.35,0.342,0.008,255.4,255
729.15,2.812,0.32,2.493,0.35,0.344,0.006,254.7,254
729.3,2.822,0.321,2.501,0.35,0.345,0.005,254.9,254
729.45,2.835,0.321,2.514,0.35,0.344,0.006,255.5,255
729.6,2.849,0.322,2.528,0.35,0.347,0.003,254.6,254
729.75,2.869,0.322,2.547,0.35,0.347,0.003,255.0,255
729.9,2.879,0.322,2.557,0.35,0.346,0.004,255.2,255
730.05,2.884,0.323,2.561,0.35,0.348,0.002,254.7,254
730.2,2.896,0.323,2.573,0.35,0.347,0.003,255.2,255
730.35,2.901,0.323,2.578,0.35,0.348,0.002,254.9,254
730.5,2.912,0.323,2.588,0.35,0.348,0.002,255.1,255
730.65,2.912,0.324,2.589,0.35,0.348,0.002,255.0,254
730.8,2.922,0.324,2.598,0.35,0.347,0.003,255.3,255
730.95,2.923,0.323,2.599,0.35,0.346,0.004,255.5,255
731.1,2.921,0.324,2.597,0.35,0.348,0.002,255.0,255
731.25,2.915,0.324,2.591,0.35,0.352,-0.002,254.2,254
731.4,2.917,0.325,2.592,0.35,0.352,-0.002,254.1,254
731.55,2.922,0.325,2.597,0.35,0.352,-0.002,254.0,254
731.7,2.917,0.326,2.591,0.35,0.356,-0.006,253.0,253
731.85,2.917,0.326,2.591,0.35,0.354,-0.004,253.2,253
732.0,2.913,0.327,2.586,0.35,0.356,-0.006,252.5,252
732.15,2.904,0.327,2.577,0.35,0.356,-0.006,252.1,252
732.3,2.891,0.328,2.563,0.35,0.359,-0.009,251.0,250
732.45,2.885,0.328,2.557,0.35,0.358,-0.008,250.8,250
732.6,2.88,0.328,2.552,0.35,0.357,-0.007,250.6,250
732.75,2.87,0.328,2.542,0.35,0.358,-0.008,250.0,250
732.9,2.853,0.329,2.525,0.35,0.359,-0.009,249.3,249
733.05,2.843,0.329,2.514,0.35,0.361,-0.011,248.2,248
733.2,2.826,0.33,2.497,0.35,0.364,-0.014,246.9,246
733.35,2.811,0.331,2.481,0.35,0.366,-0.016,245.7,245
733.5,2.796,0.331,2.465,0.35,0.366,-0.016,244.8,244
733.65,2.777,0.332,2.445,0.35,0.367,-0.017,243.6,243
733.8,2.761,0.332,2.429,0.35,0.368,-0.018,242.5,242
733.95,2.74,0.333,2.407,0.35,0.371,-0.021,240.8,240
734.1,2.711,0.334,2.377,0.35,0.37,-0.02,239.7,239
734.25,2.685,0.334,2.351,0.35,0.371,-0.021,238.4,238
734.4,2.656,0.335,2.321,0.35,0.373,-0.023,236.7,236
734.55,2.63,0.335,2.294,0.35,0.373,-0.023,235.4,235
734.7,2.601,0.336,2.266,0.35,0.374,-0.024,233.9,233
734.85,2.577,0.336,2.241,0.35,0.375,-0.025,232.3,232
735.0,2.544,0.336,2.207,0.35,0.375,-0.025,230.8,230
735.15,2.509,0.337,2.172,0.35,0.375,-0.025,229.2,229
735.3,2.483,0.337,2.146,0.35,0.373,-0.023,228.4,228
735.45,2.456,0.337,2.119,0.35,0.373,-0.023,227.0,227
735.6,2.421,0.337,2.084,0.35,0.373,-0.023,225.6,225
735.75,2.392,0.336,2.056,0.35,0.37,-0.02,225.0,224
735.9,2.355,0.336,2.019,0.35,0.37,-0.02,223.7,223
736.05,2.321,0.336,1.985,0.35,0.371,-0.021,222.3,222
736.2,2.283,0.335,1.948,0.35,0.369,-0.019,221.6,221
736.35,2.251,0.335,1.916,0.35,0.366,-0.016,221.0,221
736.5,2.219,0.334,1.885,0.35,0.364,-0.014,220.5,220
736.65,2.181,0.334,1.847,0.35,0.366,-0.016,219.2,219
736.8,2.138,0.334,1.805,0.35,0.366,-0.016,218.4,218
736.95,2.095,0.333,1.761,0.35,0.364,-0.014,217.8,217
737.1,2.049,0.333,1.716,0.35,0.363,-0.013,217.1,217
737.25,2.005,0.332,1.673,0.35,0.361,-0.011,217.0,217
737.4,1.964,0.332,1.633,0.35,0.361,-0.011,216.1,216
737.55,1.932,0.332,1.6,0.35,0.363,-0.013,215.0,215
737.7,1.887,0.332,1.555,0.35,0.365,-0.015,213.9,213
737.85,1.852,0.332,1.52,0.35,0.365,-0.015,213.1,213
738.0,1.812,0.332,1.48,0.35,0.366,-0.016,211.9,211
738.15,1.765,0.332,1.433,0.35,0.366,-0.016,211.1,211
738.3,1.72,0.333,1.387,0.35,0.367,-0.017,209.8,209
738.45,1.676,0.333,1.344,0.35,0.365,-0.015,209.4,209
738.6,1.641,0.333,1.308,0.35,0.365,-0.015,208.4,208
738.75,1.601,0.332,1.269,0.35,0.363,-0.013,208.2,208
738.9,1.562,0.332,1.23,0.35,0.361,-0.011,207.6,207
739.05,1.521,0.332,1.189,0.35,0.361,-0.011,207.0,207
739.2,1.485,0.331,1.153,0.35,0.363,-0.013,206.0,205
739.35,1.439,0.332,1.107,0.35,0.364,-0.014,205.0,204
739.5,1.393,0.332,1.062,0.35,0.364,-0.014,204.1,204
739.65,1.349,0.332,1.017,0.35,0.365,-0.015,203.1,203
739.8,1.303,0.332,0.971,0.35,0.365,-0.015,202.4,202
739.95,1.257,0.332,0.926,0.35,0.362,-0.012,202.0,202
740.1,1.222,0.332,0.891,0.35,0.362,-0.012,201.3,201
740.25,1.187,0.332,0.855,0.35,0.363,-0.013,200.4,200
740.4,1.144,0.331,0.812,0.35,0.361,-0.011,200.1,200
740.55,1.109,0.331,0.778,0.35,0.36,-0.01,199.7,199
740.7,1.069,0.331,0.738,0.35,0.36,-0.01,199.1,199
740.85,1.026,0.331,0.696,0.35,0.361,-0.011,198.3,198
741.0,0.981,0.33,0.651,0.35,0.357,-0.007,198.5,198
741.15,0.939,0.33,0.609,0.35,0.357,-0.007,198.1,198
741.3,0.896,0.329,0.566,0.35,0.356,-0.006,197.9,197
741.45,0.859,0.329,0.531,0.35,0.354,-0.004,198.0,197
741.6,0.823,0.328,0.495,0.35,0.352,-0.002,198.2,198
741.75,0.788,0.327,0.461,0.35,0.35,0.0,198.6,198
741.9,0.757,0.327,0.43,0.35,0.349,0.001,198.7,198
742.05,0.724,0.326,0.398,0.35,0.35,-0.0,198.5,198
742.2,0.68,0.326,0.355,0.35,0.348,0.002,198.9,198
742.35,0.639,0.325,0.314,0.35,0.348,0.002,199.0,199
742.5,0.601,0.325,0.276,0.35,0.348,0.002,199.1,199
742.65,0.562,0.325,0.238,0.35,0.348,0.002,199.2,199
742.8,0.529,0.325,0.204,0.35,0.348,0.002,199.5,199
742.95,0.504,0.324,0.18,0.35,0.349,0.001,199.3,199
743.1,0.474,0.324,0.15,0.35,0.347,0.003,199.9,199
743.25,0.451,0.324,0.127,0.35,0.344,0.006,200.6,200
743.4,0.424,0.323,0.1,0.35,0.346,0.004,200.5,200
743.55,0.398,0.323,0.075,0.35,0.345,0.005,200.9,200
743.7,0.369,0.323,0.046,0.35,0.347,0.003,200.9,200
743.85,0.338,0.323,0.014,0.35,0.345,0.005,201.4,201
744.0,0.307,0.323,-0.016,0.32,0.346,-0.026,194.0,193
744.15,0.283,0.323,-0.04,0.29,0.343,-0.053,187.0,186
744.3,0.268,0.322,-0.054,0.26,0.343,-0.083,177.4,177
744.45,0.246,0.322,-0.076,0.23,0.341,-0.111,166.8,166
744.6,0.225,0.321,-0.097,0.2,0.339,-0.139,154.3,154
744.75,0.2,0.321,-0.121,0.17,0.338,-0.168,140.2,140
744.9,0.184,0.32,-0.136,0.14,0.337,-0.197,124.2,124
745.05,0.163,0.32,-0.157,0.11,0.335,-0.225,106.9,106
745.2,0.146,0.319,-0.173,0.08,0.331,-0.251,-53.6,0
745.35,0.14,0.317,-0.177,0.05,0.323,-0.273,-58.1,0
745.5,0.134,0.315,-0.18,0.02,0.317,-0.297,-63.2,0
745.65,0.116,0.312,-0.196,0.0,0.309,-0.309,-76.3,0
745.8,0.107,0.309,-0.202,0.0,0.3,-0.3,-74.1,0
745.95,0.091,0.306,-0.215,0.0,0.294,-0.294,-72.5,0
746.1,0.082,0.303,-0.221,0.0,0.288,-0.288,-71.0,0
746.25,0.084,0.3,-0.216,0.0,0.282,-0.282,-69.5,0
746.4,0.078,0.297,-0.219,0.0,0.276,-0.276,-68.2,0
746.55,0.069,0.294,-0.224,0.0,0.267,-0.267,-65.9,0
746.7,0.072,0.29,-0.219,0.0,0.261,-0.261,-64.3,0
746.85,0.075,0.287,-0.212,0.0,0.255,-0.255,-62.8,0
747.0,0.073,0.284,-0.211,0.0,0.249,-0.249,-61.4,0
747.15,0.076,0.281,-0.205,0.0,0.244,-0.244,-60.2,0
747.3,0.079,0.278,-0.199,0.0,0.239,-0.239,-58.9,0
747.45,0.09,0.275,-0.185,0.0,0.231,-0.231,-56.9,0
747.6,0.099,0.272,-0.173,0.0,0.224,-0.224,-55.2,0
747.75,0.1,0.268,-0.168,0.0,0.217,-0.217,-53.4,0
747.9,0.101,0.265,-0.164,0.0,0.212,-0.212,-52.4,0
748.05,0.104,0.262,-0.159,0.0,0.208,-0.208,-51.3,0
748.2,0.108,0.26,-0.151,0.0,0.203,-0.203,-50.0,0
748.35,0.117,0.257,-0.14,0.0,0.198,-0.198,-48.8,0
748.5,0.131,0.254,-0.123,0.0,0.192,-0.192,-40.2,0
748.65,0.146,0.251,-0.105,0.0,0.185,-0.185,-38.6,0
748.8,0.163,0.248,-0.085,0.0,0.179,-0.179,-37.4,0
748.95,0.185,0.245,-0.06,0.0,0.173,-0.173,-36.1,0
749.1,0.195,0.242,-0.048,0.0,0.167,-0.167,-34.9,0
749.25,0.215,0.24,-0.024,0.0,0.161,-0.161,-33.6,0
749.4,0.24,0.237,0.003,0.194,0.159,0.035,14.4,14
749.55,0.263,0.235,0.028,0.35,0.157,0.193,48.2,48
749.7,0.287,0.233,0.054,0.35,0.156,0.194,54.0,54
749.85,0.305,0.232,0.073,0.35,0.155,0.195,65.7,65
750.0,0.334,0.23,0.103,0.35,0.152,0.198,77.7,77
750.15,0.352,0.229,0.123,0.35,0.152,0.198,89.1,89
750.3,0.376,0.228,0.148,0.35,0.151,0.199,101.0,100
750.45,0.399,0.228,0.171,0.35,0.153,0.197,112.2,112
750.6,0.423,0.227,0.195,0.35,0.152,0.198,124.1,124
750.75,0.45,0.227,0.223,0.35,0.151,0.199,135.7,135
750.9,0.484,0.227,0.257,0.35,0.151,0.199,147.3,147
751.05,0.52,0.227,0.293,0.35,0.155,0.195,158.0,157
751.2,0.557,0.227,0.329,0.35,0.159,0.191,168.6,168
751.35,0.59,0.228,0.361,0.35,0.162,0.188,179.2,179
751.5,0.62,0.229,0.391,0.35,0.165,0.185,189.4,189
751.65,0.648,0.231,0.417,0.35,0.17,0.18,199.3,199
751.8,0.685,0.233,0.453,0.35,0.175,0.175,208.6,208
751.95,0.724,0.234,0.49,0.35,0.179,0.171,218.0,218
752.1,0.763,0.236,0.527,0.35,0.184,0.166,227.0,227
752.25,0.795,0.238,0.556,0.35,0.19,0.16,235.5,235
752.4,0.83,0.241,0.59,0.35,0.194,0.156,244.1,244
752.55,0.87,0.243,0.628,0.35,0.198,0.152,252.4,252
752.7,0.912,0.245,0.667,0.35,0.201,0.149,260.5,255
752.85,0.946,0.247,0.699,0.35,0.205,0.145,259.8,255
753.0,0.987,0.249,0.738,0.35,0.211,0.139,258.4,255
753.15,1.03,0.251,0.778,0.35,0.217,0.133,257.2,255
753.3,1.075,0.254,0.821,0.35,0.222,0.128,256.1,255
753.45,1.109,0.256,0.853,0.35,0.226,0.124,255.4,255
753.6,1.153,0.259,0.894,0.35,0.232,0.118,253.9,253
753.75,1.191,0.261,0.93,0.35,0.239,0.111,259.5,255
753.9,1.236,0.264,0.972,0.35,0.245,0.105,258.2,255
754.05,1.278,0.267,1.011,0.35,0.251,0.099,256.9,255
754.2,1.326,0.269,1.057,0.35,0.253,0.097,256.6,255
754.35,1.368,0.272,1.096,0.35,0.259,0.091,255.3,255
754.5,1.405,0.274,1.131,0.35,0.261,0.089,254.9,254
754.65,1.443,0.276,1.167,0.35,0.264,0.086,259.6,255
754.8,1.491,0.278,1.214,0.35,0.266,0.084,259.2,255
754.95,1.528,0.279,1.249,0.35,0.267,0.083,258.9,255
755.1,1.576,0.281,1.295,0.35,0.272,0.078,257.8,255
755.25,1.623,0.282,1.341,0.35,0.275,0.075,257.3,255
755.4,1.67,0.284,1.386,0.35,0.28,0.07,256.2,255
755.55,1.707,0.286,1.421,0.35,0.281,0.069,256.0,255
755.7,1.745,0.287,1.457,0.35,0.285,0.065,255.0,255
755.85,1.781,0.289,1.492,0.35,0.288,0.062,254.4,254
756.0,1.831,0.291,1.541,0.35,0.291,0.059,257.6,255
756.15,1.88,0.292,1.588,0.35,0.294,0.056,256.9,255
756.3,1.921,0.294,1.628,0.35,0.296,0.054,256.4,255
756.45,1.961,0.295,1.667,0.35,0.297,0.053,256.4,255
756.6,2.005,0.296,1.709,0.35,0.298,0.052,256.1,255
756.75,2.051,0.297,1.754,0.35,0.299,0.051,255.7,255
756.9,2.089,0.298,1.791,0.35,0.303,0.047,254.9,254
757.05,2.128,0.299,1.829,0.35,0.307,0.043,256.7,255
757.2,2.162,0.301,1.862,0.35,0.31,0.04,256.3,255
757.35,2.193,0.302,1.891,0.35,0.311,0.039,256.1,255
757.5,2.228,0.303,1.925,0.35,0.314,0.036,255.3,255
757.65,2.259,0.305,1.955,0.35,0.317,0.033,254.7,254
757.8,2.296,0.306,1.99,0.35,0.322,0.028,255.6,255
757.95,2.336,0.308,2.028,0.35,0.324,0.026,255.3,255
758.1,2.373,0.309,2.064,0.35,0.324,0.026,255.3,255
758.25,2.401,0.31,2.091,0.35,0.327,0.023,254.6,254
758.4,2.434,0.311,2.123,0.35,0.33,0.02,255.2,255
758.55,2.473,0.312,2.16,0.35,0.33,0.02,255.4,255
758.7,2.496,0.313,2.183,0.35,0.33,0.02,255.3,255
758.85,2.522,0.314,2.208,0.35,0.332,0.018,255.0,254
759.0,2.554,0.315,2.239,0.35,0.335,0.015,255.2,255
759.15,2.587,0.315,2.271,0.35,0.335,0.015,255.5,255
759.3,2.609,0.316,2.292,0.35,0.338,0.012,254.7,254
759.45,2.641,0.317,2.323,0.35,0.341,0.009,254.8,254
759.6,2.673,0.318,2.354,0.35,0.342,0.008,255.2,255
759.75,2.702,0.319,2.382,0.35,0.344,0.006,254.7,254
759.9,2.73,0.32,2.41,0.35,0.344,0.006,255.1,255
760.05,2.75,0.32,2.429,0.35,0.344,0.006,255.1,255
760.2,2.767,0.321,2.446,0.35,0.347,0.003,254.5,254
760.35,2.781,0.322,2.46,0.35,0.348,0.002,254.5,254
760.5,2.796,0.322,2.474,0.35,0.347,0.003,254.9,254
760.65,2.818,0.323,2.495,0.35,0.348,0.002,254.8,254
760.8,2.839,0.323,2.516,0.35,0.351,-0.001,254.3,254
760.95,2.855,0.324,2.531,0.35,0.35,-0.0,254.4,254
761.1,2.863,0.324,2.539,0.35,0.35,-0.0,254.5,254
761.25,2.876,0.324,2.552,0.35,0.351,-0.001,254.2,254
761.4,2.886,0.325,2.561,0.35,0.352,-0.002,253.9,253
761.55,2.899,0.325,2.574,0.35,0.353,-0.003,253.6,253
761.7,2.906,0.326,2.58,0.35,0.356,-0.006,252.7,252
761.85,2.907,0.327,2.58,0.35,0.357,-0.007,252.3,252
762.0,2.914,0.327,2.588,0.35,0.357,-0.007,252.0,251
762.15,2.919,0.328,2.591,0.35,0.358,-0.008,251.2,251
762.3,2.916,0.328,2.588,0.35,0.36,-0.01,250.3,250
762.45,2.914,0.329,2.585,0.35,0.36,-0.01,249.8,249
762.6,2.912,0.329,2.583,0.35,0.359,-0.009,249.5,249
762.75,2.913,0.329,2.584,0.35,0.358,-0.008,249.1,249
762.9,2.907,0.329,2.577,0.35,0.361,-0.011,247.8,247
763.05,2.899,0.33,2.57,0.35,0.362,-0.012,247.0,246
763.2,2.9,0.33,2.57,0.35,0.363,-0.013,246.1,246
763.35,2.898,0.33,2.567,0.35,0.362,-0.012,245.8,245
763.5,2.891,0.331,2.56,0.35,0.362,-0.012,244.9,244
763.65,2.892,0.331,2.562,0.35,0.362,-0.012,244.3,244
763.8,2.889,0.331,2.559,0.35,0.362,-0.012,243.5,243
763.95,2.884,0.331,2.553,0.35,0.364,-0.014,242.2,242
764.1,2.876,0.332,2.544,0.35,0.367,-0.017,240.9,240
764.25,2.862,0.332,2.53,0.35,0.366,-0.016,240.3,240
764.4,2.847,0.332,2.515,0.35,0.364,-0.014,239.6,239
764.55,2.836,0.332,2.504,0.35,0.363,-0.013,239.0,239
764.7,2.818,0.332,2.486,0.35,0.366,-0.016,237.6,237
764.85,2.799,0.332,2.467,0.35,0.364,-0.014,237.3,237
765.0,2.773,0.332,2.441,0.35,0.365,-0.015,236.0,235
765.15,2.754,0.332,2.422,0.35,0.366,-0.016,235.0,235
765.3,2.74,0.332,2.408,0.35,0.365,-0.015,234.4,234
765.45,2.713,0.332,2.381,0.35,0.365,-0.015,233.5,233
765.6,2.69,0.333,2.357,0.35,0.367,-0.017,232.0,232
765.75,2.659,0.333,2.326,0.35,0.368,-0.018,230.9,230
765.9,2.64,0.333,2.307,0.35,0.37,-0.02,229.5,229
766.05,2.608,0.334,2.274,0.35,0.371,-0.021,227.9,227
766.2,2.587,0.334,2.252,0.35,0.37,-0.02,227.2,227
766.35,2.561,0.334,2.227,0.35,0.368,-0.018,226.5,226
766.5,2.536,0.334,2.202,0.35,0.368,-0.018,225.2,225
766.65,2.512,0.334,2.178,0.35,0.37,-0.02,223.8,223
766.8,2.485,0.334,2.151,0.35,0.367,-0.017,223.3,223
766.95,2.456,0.334,2.122,0.35,0.367,-0.017,222.2,222
767.1,2.413,0.334,2.08,0.35,0.365,-0.015,221.9,221
767.25,2.382,0.333,2.049,0.35,0.366,-0.016,220.7,220
767.4,2.35,0.333,2.016,0.35,0.367,-0.017,219.6,219
767.55,2.31,0.333,1.977,0.35,0.365,-0.015,219.1,219
767.7,2.266,0.333,1.933,0.35,0.362,-0.012,218.9,218
767.85,2.224,0.332,1.892,0.35,0.36,-0.01,218.4,218
768.0,2.189,0.332,1.858,0.35,0.36,-0.01,217.8,217
768.15,2.153,0.331,1.822,0.35,0.36,-0.01,217.2,217
768.3,2.11,0.331,1.779,0.35,0.36,-0.01,216.6,216
768.45,2.067,0.33,1.737,0.35,0.358,-0.008,216.7,216
768.6,2.029,0.33,1.699,0.35,0.356,-0.006,216.5,216
768.75,1.994,0.329,1.664,0.35,0.357,-0.007,215.8,215
768.9,1.958,0.329,1.629,0.35,0.357,-0.007,215.4,215
769.05,1.924,0.329,1.596,0.35,0.355,-0.005,215.4,215
769.2,1.882,0.329,1.553,0.35,0.356,-0.006,215.0,214
769.35,1.836,0.328,1.507,0.35,0.355,-0.005,214.8,214
769.5,1.796,0.328,1.468,0.35,0.356,-0.006,214.2,214
769.65,1.749,0.328,1.421,0.35,0.357,-0.007,213.8,213
769.8,1.711,0.328,1.383,0.35,0.358,-0.008,213.1,213
769.95,1.667,0.329,1.339,0.35,0.359,-0.009,212.3,212
770.1,1.617,0.329,1.288,0.35,0.36,-0.01,211.7,211
770.25,1.582,0.329,1.252,0.35,0.36,-0.01,211.2,211
770.4,1.535,0.329,1.205,0.35,0.36,-0.01,210.6,210
770.55,1.489,0.329,1.159,0.35,0.357,-0.007,210.6,210
770.7,1.451,0.329,1.123,0.35,0.354,-0.004,210.8,210
770.85,1.416,0.328,1.088,0.35,0.353,-0.003,210.9,210
771.0,1.368,0.327,1.04,0.35,0.35,-0.0,211.2,211
771.15,1.324,0.327,0.997,0.35,0.349,0.001,211.4,211
771.3,1.278,0.326,0.952,0.35,0.346,0.004,212.1,212
771.45,1.231,0.325,0.906,0.35,0.346,0.004,212.3,212
771.6,1.188,0.325,0.863,0.35,0.346,0.004,212.4,212
771.75,1.152,0.324,0.828,0.35,0.344,0.006,213.3,213
771.9,1.118,0.323,0.795,0.35,0.344,0.006,213.6,213
772.05,1.081,0.323,0.758,0.35,0.342,0.008,214.3,214
772.2,1.032,0.322,0.709,0.35,0.343,0.007,214.6,214
772.35,0.991,0.322,0.669,0.35,0.341,0.009,215.6,215
772.5,0.944,0.322,0.622,0.35,0.343,0.007,215.5,215
772.65,0.905,0.322,0.584,0.35,0.343,0.007,216.0,216
772.8,0.872,0.322,0.55,0.35,0.345,0.005,216.0,216
772.95,0.83,0.322,0.508,0.35,0.346,0.004,216.1,216
773.1,0.801,0.322,0.478,0.35,0.347,0.003,216.0,216
773.25,0.764,0.323,0.442,0.35,0.346,0.004,216.6,216
773.4,0.732,0.323,0.409,0.35,0.347,0.003,216.5,216
773.55,0.691,0.323,0.369,0.35,0.345,0.005,217.1,217
773.7,0.658,0.323,0.336,0.35,0.344,0.006,217.8,217
773.85,0.617,0.322,0.294,0.35,0.345,0.005,217.8,217
774.0,0.587,0.323,0.264,0.35,0.347,0.003,217.6,217
774.15,0.562,0.323,0.239,0.35,0.347,0.003,217.8,217
774.3,0.527,0.323,0.204,0.35,0.349,0.001,217.6,217
774.45,0.492,0.324,0.168,0.35,0.351,-0.001,217.3,217
774.6,0.464,0.324,0.14,0.35,0.35,-0.0,217.4,217
774.75,0.438,0.324,0.114,0.35,0.349,0.001,217.6,217
774.9,0.403,0.324,0.079,0.35,0.349,0.001,217.6,217
775.05,0.382,0.324,0.057,0.35,0.348,0.002,217.9,217
775.2,0.355,0.324,0.03,0.35,0.35,0.0,217.6,217
775.35,0.332,0.324,0.007,0.35,0.348,0.002,218.0,218
775.5,0.309,0.324,-0.015,0.32,0.347,-0.027,211.0,211
775.65,0.287,0.324,-0.037,0.29,0.349,-0.059,202.6,202
775.8,0.262,0.324,-0.062,0.26,0.347,-0.087,193.4,193
775.95,0.238,0.324,-0.086,0.23,0.346,-0.116,182.3,182
776.1,0.214,0.323,-0.109,0.2,0.344,-0.144,169.6,169
776.25,0.194,0.323,-0.129,0.17,0.341,-0.171,155.5,155
776.4,0.183,0.322,-0.138,0.14,0.338,-0.198,139.9,139
776.55,0.167,0.321,-0.154,0.11,0.337,-0.227,122.1,122
776.7,0.152,0.32,-0.168,0.08,0.334,-0.254,103.4,103
776.85,0.131,0.318,-0.187,0.05,0.328,-0.278,-59.3,0
777.0,0.116,0.316,-0.2,0.02,0.32,-0.3,-73.9,0
777.15,0.103,0.314,-0.211,0.0,0.312,-0.312,-77.0,0
777.3,0.096,0.311,-0.215,0.0,0.306,-0.306,-75.4,0
777.45,0.085,0.308,-0.223,0.0,0.3,-0.3,-74.0,0
777.6,0.075,0.305,-0.23,0.0,0.293,-0.293,-72.2,0
777.75,0.076,0.302,-0.226,0.0,0.285,-0.285,-70.2,0
777.9,0.073,0.299,-0.226,0.0,0.279,-0.279,-68.9,0
778.05,0.072,0.296,-0.224,0.0,0.271,-0.271,-66.9,0
778.2,0.069,0.292,-0.224,0.0,0.265,-0.265,-65.3,0
778.35,0.068,0.289,-0.221,0.0,0.258,-0.258,-63.7,0
778.5,0.065,0.286,-0.221,0.0,0.254,-0.254,-62.7,0
778.65,0.064,0.283,-0.219,0.0,0.249,-0.249,-61.5,0
778.8,0.064,0.28,-0.216,0.0,0.241,-0.241,-59.5,0
778.95,0.078,0.277,-0.199,0.0,0.237,-0.237,-58.4,0
779.1,0.091,0.274,-0.183,0.0,0.23,-0.23,-56.7,0
779.25,0.093,0.271,-0.179,0.0,0.226,-0.226,-55.8,0
779.4,0.102,0.269,-0.167,0.0,0.222,-0.222,-54.8,0
779.55,0.119,0.266,-0.147,0.0,0.217,-0.217,-53.6,0
779.7,0.123,0.264,-0.141,0.0,0.214,-0.214,-44.7,0
779.85,0.132,0.262,-0.13,0.0,0.209,-0.209,-43.8,0
780.0,0.139,0.259,-0.12,0.0,0.202,-0.202,-42.0,0
780.15,0.151,0.257,-0.106,0.0,0.199,-0.199,-41.7,0
780.3,0.162,0.254,-0.093,0.0,0.196,-0.196,-41.1,0
780.45,0.183,0.252,-0.069,0.0,0.19,-0.19,-39.7,0
780.6,0.203,0.25,-0.047,0.0,0.187,-0.187,-39.1,0
780.75,0.218,0.248,-0.03,0.0,0.181,-0.181,-37.9,0
780.9,0.244,0.245,-0.001,0.164,0.177,-0.014,3.2,3
781.05,0.272,0.243,0.029,0.35,0.175,0.175,42.8,42
781.2,0.297,0.241,0.056,0.35,0.171,0.179,47.2,47
781.35,0.314,0.24,0.074,0.35,0.168,0.182,58.3,58
781.5,0.338,0.238,0.1,0.35,0.168,0.182,68.9,68
781.65,0.363,0.237,0.126,0.35,0.167,0.183,79.7,79
781.8,0.389,0.236,0.153,0.35,0.167,0.183,90.3,90
781.95,0.412,0.236,0.176,0.35,0.168,0.182,100.9,100
782.1,0.441,0.235,0.206,0.35,0.168,0.182,111.5,111
782.25,0.471,0.235,0.235,0.35,0.17,0.18,121.7,121
782.4,0.497,0.235,0.262,0.35,0.171,0.179,132.0,131
782.55,0.531,0.236,0.295,0.35,0.174,0.176,141.9,141
782.7,0.566,0.236,0.33,0.35,0.176,0.174,151.7,151
782.85,0.596,0.237,0.36,0.35,0.175,0.175,162.2,162
783.0,0.633,0.237,0.396,0.35,0.176,0.174,172.2,172
783.15,0.665,0.237,0.428,0.35,0.177,0.173,182.2,182
783.3,0.709,0.238,0.471,0.35,0.18,0.17,191.6,191
783.45,0.739,0.239,0.501,0.35,0.181,0.169,201.5,201
783.6,0.773,0.239,0.534,0.35,0.182,0.168,211.1,211
783.75,0.81,0.24,0.57,0.35,0.184,0.166,220.4,220
783.9,0.853,0.241,0.612,0.35,0.189,0.161,229.1,229
784.05,0.895,0.243,0.653,0.35,0.194,0.156,237.3,237
784.2,0.938,0.245,0.693,0.35,0.201,0.149,245.0,244
784.35,0.977,0.247,0.73,0.35,0.205,0.145,252.9,252
784.5,1.018,0.248,0.769,0.35,0.209,0.141,260.7,255
784.65,1.059,0.25,0.809,0.35,0.212,0.138,260.0,255
784.8,1.105,0.253,0.853,0.35,0.219,0.131,258.3,255
784.95,1.145,0.255,0.89,0.35,0.224,0.126,257.4,255
785.1,1.185,0.257,0.928,0.35,0.23,0.12,256.2,255
785.25,1.227,0.26,0.967,0.35,0.236,0.114,254.9,254
785.4,1.266,0.263,1.003,0.35,0.242,0.108,260.2,255
785.55,1.302,0.266,1.036,0.35,0.248,0.102,259.1,255
785.7,1.344,0.268,1.077,0.35,0.25,0.1,258.6,255
785.85,1.382,0.27,1.111,0.35,0.255,0.095,257.5,255
786.0,1.42,0.273,1.147,0.35,0.259,0.091,256.7,255
786.15,1.459,0.275,1.185,0.35,0.261,0.089,256.3,255
786.3,1.508,0.277,1.232,0.35,0.264,0.086,255.7,255
786.45,1.559,0.279,1.281,0.35,0.269,0.081,254.5,254
786.6,1.607,0.28,1.327,0.35,0.271,0.079,259.0,255
786.75,1.649,0.282,1.367,0.35,0.274,0.076,258.3,255
786.9,1.688,0.284,1.405,0.35,0.278,0.072,257.5,255
787.05,1.736,0.285,1.451,0.35,0.28,0.07,257.2,255
787.2,1.772,0.287,1.485,0.35,0.285,0.065,256.0,255
787.35,1.821,0.289,1.533,0.35,0.286,0.064,255.9,255
787.5,1.86,0.29,1.57,0.35,0.29,0.06,255.1,255
787.65,1.899,0.292,1.607,0.35,0.293,0.057,254.3,254
787.8,1.947,0.294,1.654,0.35,0.297,0.053,256.7,255
787.95,1.982,0.295,1.686,0.35,0.302,0.048,255.8,255
788.1,2.024,0.297,1.727,0.35,0.305,0.045,255.2,255
788.25,2.056,0.299,1.757,0.35,0.308,0.042,254.6,254
788.4,2.099,0.301,1.798,0.35,0.311,0.039,256.3,255
788.55,2.138,0.302,1.836,0.35,0.312,0.038,256.3,255
788.7,2.174,0.303,1.871,0.35,0.315,0.035,255.5,255
788.85,2.217,0.304,1.912,0.35,0.315,0.035,255.7,255
789.0,2.257,0.306,1.952,0.35,0.319,0.031,254.6,254
789.15,2.288,0.307,1.981,0.35,0.321,0.029,256.1,255
789.3,2.329,0.308,2.021,0.35,0.321,0.029,256.2,255
789.45,2.36,0.309,2.052,0.35,0.323,0.027,255.8,255
789.6,2.401,0.31,2.091,0.35,0.326,0.024,255.0,254
789.75,2.427,0.311,2.116,0.35,0.326,0.024,256.4,255
789.9,2.463,0.312,2.151,0.35,0.33,0.02,255.5,255
790.05,2.485,0.313,2.172,0.35,0.333,0.017,254.9,254
790.2,2.522,0.314,2.208,0.35,0.336,0.014,255.3,255
790.35,2.557,0.315,2.241,0.35,0.338,0.012,254.9,254
790.5,2.583,0.317,2.266,0.35,0.342,0.008,254.7,254
790.65,2.617,0.318,2.298,0.35,0.345,0.005,254.5,254
790.8,2.642,0.319,2.322,0.35,0.345,0.005,254.9,254
790.95,2.659,0.32,2.339,0.35,0.346,0.004,255.1,255
791.1,2.684,0.321,2.363,0.35,0.346,0.004,254.9,254
791.25,2.703,0.321,2.381,0.35,0.346,0.004,255.3,255
791.4,2.728,0.322,2.407,0.35,0.345,0.005,255.5,255
791.55,2.756,0.322,2.434,0.35,0.346,0.004,255.1,255
791.7,2.782,0.322,2.46,0.35,0.346,0.004,255.3,255
791.85,2.802,0.322,2.48,0.35,0.345,0.005,255.5,255
792.0,2.815,0.323,2.493,0.35,0.348,0.002,254.7,254
792.15,2.826,0.323,2.503,0.35,0.348,0.002,254.9,254
792.3,2.842,0.324,2.519,0.35,0.351,-0.001,254.2,254
792.45,2.858,0.324,2.534,0.35,0.351,-0.001,254.3,254
792.6,2.876,0.325,2.552,0.35,0.352,-0.002,254.1,254
792.75,2.887,0.325,2.562,0.35,0.354,-0.004,253.4,253
792.9,2.894,0.326,2.568,0.35,0.354,-0.004,253.3,253
793.05,2.899,0.326,2.572,0.35,0.355,-0.005,252.7,252
793.2,2.907,0.327,2.58,0.35,0.359,-0.009,251.6,251
793.35,2.913,0.328,2.586,0.35,0.362,-0.012,250.5,250
793.5,2.926,0.329,2.597,0.35,0.364,-0.014,249.3,249
793.65,2.929,0.33,2.599,0.35,0.365,-0.015,248.3,248
793.8,2.926,0.33,2.596,0.35,0.364,-0.014,247.7,247
793.95,2.921,0.331,2.59,0.35,0.366,-0.016,246.4,246
794.1,2.923,0.332,2.591,0.35,0.366,-0.016,245.5,245
794.25,2.919,0.332,2.587,0.35,0.368,-0.018,244.1,244
794.4,2.911,0.332,2.579,0.35,0.366,-0.016,243.6,243
794.55,2.907,0.332,2.575,0.35,0.364,-0.014,243.0,242
794.7,2.911,0.332,2.579,0.35,0.364,-0.014,242.1,242
794.85,2.913,0.332,2.581,0.35,0.364,-0.014,241.4,241
795.0,2.903,0.332,2.571,0.35,0.367,-0.017,239.9,239
795.15,2.901,0.333,2.568,0.35,0.365,-0.015,239.3,239
795.3,2.883,0.332,2.55,0.35,0.365,-0.015,238.5,238
795.45,2.874,0.333,2.542,0.35,0.365,-0.015,237.5,237
795.6,2.866,0.333,2.534,0.35,0.368,-0.018,236.0,236
795.75,2.847,0.333,2.514,0.35,0.37,-0.02,234.4,234
795.9,2.84,0.334,2.506,0.35,0.37,-0.02,233.3,233
796.05,2.829,0.334,2.495,0.35,0.368,-0.018,232.6,232
796.2,2.807,0.334,2.473,0.35,0.367,-0.017,231.7,231
796.35,2.79,0.334,2.457,0.35,0.365,-0.015,231.3,231
796.5,2.776,0.333,2.442,0.35,0.366,-0.016,229.9,229
796.65,2.755,0.334,2.421,0.35,0.368,-0.018,228.7,228
796.8,2.727,0.333,2.394,0.35,0.365,-0.015,228.3,228
796.95,2.711,0.333,2.378,0.35,0.363,-0.013,228.0,227
797.1,2.678,0.333,2.346,0.35,0.363,-0.013,227.0,227
797.25,2.659,0.332,2.327,0.35,0.364,-0.014,226.1,226
797.4,2.637,0.332,2.305,0.35,0.364,-0.014,225.3,225
797.55,2.614,0.332,2.282,0.35,0.362,-0.012,224.9,224
797.7,2.581,0.332,2.249,0.35,0.362,-0.012,224.1,224
797.85,2.556,0.332,2.224,0.35,0.361,-0.011,223.6,223
798.0,2.525,0.331,2.194,0.35,0.361,-0.011,223.0,222
798.15,2.493,0.331,2.162,0.35,0.36,-0.01,222.5,222
798.3,2.465,0.331,2.134,0.35,0.361,-0.011,221.8,221
798.45,2.434,0.33,2.103,0.35,0.359,-0.009,221.7,221
798.6,2.394,0.33,2.064,0.35,0.358,-0.008,221.4,221
798.75,2.365,0.329,2.035,0.35,0.355,-0.005,221.4,221
798.9,2.326,0.329,1.997,0.35,0.354,-0.004,221.4,221
799.05,2.293,0.329,1.965,0.35,0.356,-0.006,220.7,220
799.2,2.255,0.328,1.927,0.35,0.354,-0.004,220.8,220
799.35,2.209,0.328,1.881,0.35,0.354,-0.004,220.4,220
799.5,2.176,0.328,1.848,0.35,0.353,-0.003,220.6,220
799.65,2.133,0.327,1.806,0.35,0.353,-0.003,220.4,220
799.8,2.099,0.327,1.772,0.35,0.354,-0.004,220.0,219
799.95,2.066,0.327,1.739,0.35,0.353,-0.003,220.1,220
800.1,2.026,0.327,1.699,0.35,0.355,-0.005,219.4,219
800.25,1.978,0.327,1.651,0.35,0.355,-0.005,219.1,219
800.4,1.931,0.327,1.604,0.35,0.353,-0.003,219.2,219
800.55,1.889,0.327,1.562,0.35,0.353,-0.003,219.1,219
800.7,1.853,0.327,1.527,0.35,0.352,-0.002,219.1,219
800.85,1.814,0.327,1.488,0.35,0.353,-0.003,218.8,218
801.0,1.777,0.327,1.451,0.35,0.353,-0.003,218.6,218
801.15,1.731,0.327,1.404,0.35,0.354,-0.004,218.0,218
801.3,1.686,0.327,1.359,0.35,0.357,-0.007,217.3,217
801.45,1.638,0.327,1.311,0.35,0.354,-0.004,217.6,217
801.6,1.603,0.327,1.276,0.35,0.355,-0.005,217.1,217
801.75,1.561,0.327,1.234,0.35,0.353,-0.003,217.2,217
801.9,1.519,0.327,1.192,0.35,0.353,-0.003,217.0,216
802.05,1.475,0.327,1.148,0.35,0.351,-0.001,217.3,217
802.2,1.439,0.326,1.113,0.35,0.35,-0.0,217.4,217
802.35,1.388,0.326,1.062,0.35,0.352,-0.002,217.0,217
802.5,1.34,0.326,1.014,0.35,0.35,-0.0,217.3,217
802.65,1.3,0.325,0.974,0.35,0.349,0.001,217.6,217
802.8,1.255,0.325,0.93,0.35,0.35,-0.0,217.3,217
802.95,1.218,0.325,0.893,0.35,0.349,0.001,217.7,217
803.1,1.181,0.325,0.856,0.35,0.348,0.002,217.8,217
803.25,1.133,0.325,0.808,0.35,0.35,0.0,217.5,217
803.4,1.098,0.325,0.773,0.35,0.349,0.001,217.8,217
803.55,1.062,0.325,0.737,0.35,0.351,-0.001,217.4,217
803.7,1.022,0.325,0.697,0.35,0.349,0.001,217.8,217
803.85,0.988,0.325,0.663,0.35,0.349,0.001,217.9,217
804.0,0.939,0.325,0.614,0.35,0.348,0.002,218.1,218
804.15,0.893,0.324,0.569,0.35,0.346,0.004,218.6,218
804.3,0.848,0.324,0.524,0.35,0.346,0.004,218.9,218
804.45,0.815,0.323,0.492,0.35,0.344,0.006,219.6,219
804.6,0.771,0.323,0.448,0.35,0.344,0.006,220.0,219
804.75,0.742,0.323,0.419,0.35,0.344,0.006,220.2,220
804.9,0.707,0.323,0.384,0.35,0.345,0.005,220.4,220
805.05,0.667,0.323,0.344,0.35,0.347,0.003,220.2,220
805.2,0.635,0.323,0.312,0.35,0.345,0.005,220.9,220
805.35,0.604,0.323,0.281,0.35,0.347,0.003,220.6,220
805.5,0.564,0.323,0.241,0.35,0.348,0.002,220.5,220
805.65,0.53,0.324,0.206,0.35,0.349,0.001,220.5,220
805.8,0.503,0.324,0.179,0.35,0.348,0.002,220.9,220
805.95,0.47,0.324,0.146,0.35,0.346,0.004,221.4,221
806.1,0.441,0.323,0.118,0.35,0.344,0.006,222.1,222
806.25,0.418,0.323,0.095,0.35,0.342,0.008,222.9,222
806.4,0.392,0.322,0.07,0.35,0.34,0.01,223.8,223
806.55,0.36,0.321,0.039,0.35,0.34,0.01,224.3,224
806.7,0.333,0.321,0.012,0.35,0.341,0.009,224.7,224
806.85,0.311,0.321,-0.009,0.32,0.339,-0.019,218.2,218
807.0,0.283,0.321,-0.038,0.29,0.34,-0.05,210.6,210
807.15,0.256,0.32,-0.064,0.26,0.34,-0.08,201.3,201
807.3,0.237,0.32,-0.084,0.23,0.34,-0.11,190.2,190
807.45,0.225,0.32,-0.095,0.2,0.34,-0.14,177.7,177
807.6,0.203,0.32,-0.117,0.17,0.338,-0.168,163.5,163
807.75,0.181,0.32,-0.138,0.14,0.337,-0.197,147.6,147
807.9,0.165,0.319,-0.154,0.11,0.334,-0.224,130.6,130
808.05,0.15,0.318,-0.167,0.08,0.329,-0.249,112.4,112
808.2,0.142,0.316,-0.175,0.05,0.325,-0.275,-58.8,0
808.35,0.128,0.315,-0.186,0.02,0.318,-0.298,-63.4,0
808.5,0.117,0.312,-0.195,0.0,0.309,-0.309,-76.3,0
808.65,0.105,0.309,-0.204,0.0,0.303,-0.303,-74.7,0
808.8,0.093,0.307,-0.214,0.0,0.296,-0.296,-73.1,0
808.95,0.092,0.304,-0.212,0.0,0.289,-0.289,-71.3,0
809.1,0.085,0.3,-0.216,0.0,0.282,-0.282,-69.6,0
809.25,0.076,0.297,-0.221,0.0,0.273,-0.273,-67.5,0
809.4,0.078,0.294,-0.216,0.0,0.269,-0.269,-66.3,0
809.55,0.068,0.291,-0.222,0.0,0.264,-0.264,-65.2,0
809.7,0.066,0.288,-0.222,0.0,0.259,-0.259,-63.8,0
809.85,0.071,0.285,-0.214,0.0,0.254,-0.254,-62.7,0
810.0,0.078,0.283,-0.205,0.0,0.249,-0.249,-61.5,0
810.15,0.074,0.28,-0.205,0.0,0.243,-0.243,-59.9,0
810.3,0.08,0.277,-0.197,0.0,0.235,-0.235,-58.0,0
810.45,0.087,0.274,-0.187,0.0,0.231,-0.231,-57.0,0
810.6,0.093,0.271,-0.178,0.0,0.227,-0.227,-56.0,0
810.75,0.104,0.269,-0.165,0.0,0.223,-0.223,-54.9,0
810.9,0.114,0.266,-0.152,0.0,0.216,-0.216,-53.3,0
811.05,0.129,0.263,-0.135,0.0,0.21,-0.21,-43.8,0
811.2,0.141,0.26,-0.12,0.0,0.203,-0.203,-42.3,0
811.35,0.149,0.257,-0.109,0.0,0.197,-0.197,-41.1,0
811.5,0.157,0.254,-0.097,0.0,0.192,-0.192,-40.1,0
811.65,0.173,0.252,-0.078,0.0,0.185,-0.185,-38.7,0
811.8,0.185,0.249,-0.063,0.0,0.179,-0.179,-37.4,0
811.95,0.2,0.246,-0.045,0.0,0.173,-0.173,-36.2,0
812.1,0.214,0.243,-0.028,0.0,0.167,-0.167,-34.8,0
812.25,0.231,0.24,-0.008,0.0,0.161,-0.161,-33.6,0
812.4,0.258,0.237,0.021,0.33,0.159,0.171,48.1,48
812.55,0.287,0.235,0.052,0.35,0.156,0.194,51.5,51
812.7,0.31,0.233,0.077,0.35,0.153,0.197,62.9,62
812.85,0.339,0.231,0.108,0.35,0.151,0.199,74.7,74
813.0,0.357,0.23,0.128,0.35,0.153,0.197,85.9,85
813.15,0.388,0.229,0.159,0.35,0.152,0.198,97.7,97
813.3,0.409,0.228,0.18,0.35,0.154,0.196,108.7,108
813.45,0.434,0.228,0.206,0.35,0.152,0.198,120.7,120
813.6,0.467,0.227,0.24,0.35,0.151,0.199,132.5,132
813.75,0.502,0.227,0.275,0.35,0.152,0.198,143.8,143
813.9,0.525,0.227,0.298,0.35,0.152,0.198,155.6,155
814.05,0.56,0.227,0.333,0.35,0.155,0.195,166.4,166
814.2,0.591,0.227,0.364,0.35,0.156,0.194,177.5,177
814.35,0.626,0.228,0.398,0.35,0.16,0.19,188.1,188
814.5,0.654,0.229,0.425,0.35,0.164,0.186,198.3,198
814.65,0.688,0.23,0.458,0.35,0.169,0.181,208.1,208
814.8,0.728,0.232,0.496,0.35,0.174,0.176,217.6,217
814.95,0.769,0.234,0.535,0.35,0.18,0.17,226.7,226
815.1,0.801,0.236,0.565,0.35,0.184,0.166,235.8,235
815.25,0.838,0.238,0.6,0.35,0.187,0.163,245.0,245
815.4,0.871,0.24,0.631,0.35,0.193,0.157,253.2,253
815.55,0.908,0.242,0.666,0.35,0.199,0.151,261.1,255
815.7,0.955,0.245,0.711,0.35,0.203,0.147,260.2,255
815.85,0.988,0.247,0.741,0.35,0.209,0.141,259.1,255
816.0,1.029,0.249,0.779,0.35,0.211,0.139,258.6,255
816.15,1.072,0.251,0.82,0.35,0.215,0.135,257.7,255
816.3,1.12,0.254,0.867,0.35,0.222,0.128,256.3,255
816.45,1.16,0.256,0.904,0.35,0.226,0.124,255.4,255
816.6,1.199,0.258,0.941,0.35,0.229,0.121,254.9,254
816.75,1.243,0.26,0.983,0.35,0.233,0.117,261.1,255
816.9,1.282,0.262,1.02,0.35,0.237,0.113,260.2,255
817.05,1.329,0.265,1.064,0.35,0.243,0.107,258.9,255
817.2,1.37,0.267,1.104,0.35,0.246,0.104,258.5,255
817.35,1.412,0.269,1.143,0.35,0.25,0.1,257.5,255
817.5,1.447,0.271,1.176,0.35,0.254,0.096,256.6,255
817.65,1.497,0.273,1.224,0.35,0.257,0.093,256.2,255
817.8,1.54,0.274,1.266,0.35,0.259,0.091,255.7,255
817.95,1.586,0.276,1.31,0.35,0.264,0.086,254.5,254
818.1,1.636,0.278,1.358,0.35,0.266,0.084,259.3,255
818.25,1.678,0.279,1.399,0.35,0.267,0.083,259.1,255
818.4,1.724,0.281,1.443,0.35,0.269,0.081,258.5,255
818.55,1.766,0.282,1.484,0.35,0.271,0.079,258.3,255
818.7,1.802,0.283,1.519,0.35,0.273,0.077,257.8,255
818.85,1.845,0.284,1.561,0.35,0.274,0.076,257.5,255
819.0,1.88,0.285,1.594,0.35,0.279,0.071,256.3,255
819.15,1.915,0.287,1.628,0.35,0.284,0.066,255.5,255
819.3,1.957,0.289,1.668,0.35,0.289,0.061,254.3,254
819.45,2.0,0.291,1.709,0.35,0.291,0.059,257.5,255
819.6,2.039,0.292,1.746,0.35,0.296,0.054,256.4,255
819.75,2.072,0.294,1.778,0.35,0.296,0.054,256.5,255
819.9,2.116,0.295,1.821,0.35,0.298,0.052,256.1,255
820.05,2.151,0.296,1.855,0.35,0.299,0.051,256.0,255
820.2,2.19,0.298,1.893,0.35,0.304,0.046,254.8,254
820.35,2.227,0.299,1.928,0.35,0.307,0.043,257.0,255
820.5,2.268,0.3,1.968,0.35,0.309,0.041,256.5,255
820.65,2.303,0.302,2.001,0.35,0.312,0.038,255.7,255
820.8,2.338,0.303,2.035,0.35,0.313,0.037,255.7,255
820.95,2.37,0.304,2.066,0.35,0.318,0.032,254.6,254
821.1,2.397,0.306,2.091,0.35,0.319,0.031,256.3,255
821.25,2.427,0.307,2.12,0.35,0.32,0.03,256.0,255
821.4,2.467,0.308,2.159,0.35,0.324,0.026,255.1,255
821.55,2.491,0.31,2.182,0.35,0.327,0.023,254.5,254
821.7,2.517,0.311,2.206,0.35,0.331,0.019,255.0,254
821.85,2.548,0.313,2.235,0.35,0.334,0.016,255.6,255
822.0,2.58,0.314,2.266,0.35,0.334,0.016,255.7,255
822.15,2.611,0.315,2.296,0.35,0.336,0.014,255.0,255
822.3,2.635,0.316,2.319,0.35,0.34,0.01,254.3,254
822.45,2.663,0.317,2.346,0.35,0.34,0.01,255.0,255
822.6,2.691,0.318,2.374,0.35,0.341,0.009,254.8,254
822.75,2.713,0.319,2.394,0.35,0.344,0.006,254.6,254
822.9,2.734,0.32,2.415,0.35,0.344,0.006,255.0,255
823.05,2.761,0.32,2.441,0.35,0.343,0.007,255.2,255
823.2,2.776,0.321,2.455,0.35,0.346,0.004,254.4,254
823.35,2.793,0.322,2.472,0.35,0.347,0.003,254.5,254
823.5,2.805,0.322,2.482,0.35,0.347,0.003,254.8,254
823.65,2.816,0.322,2.494,0.35,0.346,0.004,255.2,255
823.8,2.829,0.323,2.507,0.35,0.347,0.003,254.9,254
823.95,2.84,0.323,2.518,0.35,0.346,0.004,255.3,255
824.1,2.852,0.323,2.529,0.35,0.346,0.004,255.2,255
824.25,2.867,0.323,2.544,0.35,0.346,0.004,255.4,255
824.4,2.877,0.323,2.554,0.35,0.349,0.001,254.7,254
824.55,2.883,0.324,2.559,0.35,0.352,-0.002,254.1,254
824.7,2.898,0.325,2.574,0.35,0.355,-0.005,253.3,253
824.85,2.913,0.325,2.588,0.35,0.354,-0.004,253.4,253
825.0,2.92,0.326,2.594,0.35,0.357,-0.007,252.5,252
825.15,2.916,0.327,2.59,0.35,0.356,-0.006,252.3,252
825.3,2.922,0.327,2.595,0.35,0.357,-0.007,251.6,251
825.45,2.92,0.328,2.592,0.35,0.36,-0.01,250.6,250
825.6,2.921,0.328,2.593,0.35,0.36,-0.01,250.1,250
825.75,2.923,0.329,2.594,0.35,0.362,-0.012,248.9,248
825.9,2.925,0.33,2.596,0.35,0.362,-0.012,248.3,248
826.05,2.921,0.33,2.591,0.35,0.362,-0.012,247.6,247
826.2,2.916,0.331,2.585,0.35,0.365,-0.015,246.3,246
826.35,2.909,0.331,2.578,0.35,0.363,-0.013,246.0,245
826.5,2.9,0.331,2.569,0.35,0.363,-0.013,245.1,245
826.65,2.895,0.331,2.563,0.35,0.365,-0.015,243.8,243
826.8,2.877,0.332,2.545,0.35,0.365,-0.015,243.2,243
826.95,2.868,0.332,2.536,0.35,0.365,-0.015,242.1,242
827.1,2.851,0.332,2.52,0.35,0.364,-0.014,241.6,241
827.25,2.844,0.332,2.512,0.35,0.362,-0.012,241.2,241
827.4,2.826,0.331,2.495,0.35,0.361,-0.011,240.6,240
827.55,2.817,0.331,2.485,0.35,0.363,-0.013,239.5,239
827.7,2.797,0.332,2.466,0.35,0.365,-0.015,238.3,238
827.85,2.776,0.332,2.444,0.35,0.366,-0.016,237.3,237
828.0,2.76,0.332,2.428,0.35,0.366,-0.016,236.4,236
828.15,2.745,0.332,2.412,0.35,0.366,-0.016,235.4,235
828.3,2.721,0.333,2.388,0.35,0.367,-0.017,234.2,234
828.45,2.69,0.333,2.358,0.35,0.366,-0.016,233.7,233
828.6,2.667,0.333,2.335,0.35,0.365,-0.015,232.8,232
828.75,2.645,0.333,2.312,0.35,0.365,-0.015,232.0,231
828.9,2.614,0.332,2.282,0.35,0.363,-0.013,231.6,231
829.05,2.588,0.332,2.256,0.35,0.364,-0.014,230.4,230
829.2,2.565,0.332,2.233,0.35,0.363,-0.013,229.9,229
829.35,2.531,0.332,2.199,0.35,0.364,-0.014,229.0,228
829.5,2.507,0.332,2.176,0.35,0.361,-0.011,228.9,228
829.65,2.472,0.331,2.141,0.35,0.359,-0.009,228.6,228
829.8,2.441,0.331,2.11,0.35,0.359,-0.009,228.1,228
829.95,2.4,0.33,2.07,0.35,0.359,-0.009,227.4,227
830.1,2.36,0.33,2.03,0.35,0.359,-0.009,227.0,227
830.25,2.333,0.33,2.003,0.35,0.357,-0.007,226.9,226
830.4,2.295,0.329,1.966,0.35,0.356,-0.006,226.7,226
830.55,2.264,0.329,1.935,0.35,0.354,-0.004,226.9,226
830.7,2.227,0.328,1.898,0.35,0.353,-0.003,226.7,226
830.85,2.195,0.328,1.868,0.35,0.352,-0.002,226.7,226
831.0,2.152,0.327,1.825,0.35,0.352,-0.002,226.7,226
831.15,2.106,0.327,1.78,0.35,0.351,-0.001,226.8,226
831.3,2.063,0.326,1.737,0.35,0.351,-0.001,226.6,226
831.45,2.027,0.327,1.7,0.35,0.354,-0.004,226.0,225
831.6,1.985,0.327,1.658,0.35,0.355,-0.005,225.5,225
831.75,1.941,0.327,1.614,0.35,0.356,-0.006,225.1,225
831.9,1.899,0.327,1.572,0.35,0.354,-0.004,225.3,225
832.05,1.865,0.327,1.538,0.35,0.355,-0.005,224.6,224
832.2,1.831,0.327,1.503,0.35,0.354,-0.004,224.6,224
832.35,1.789,0.327,1.462,0.35,0.352,-0.002,224.8,224
832.5,1.752,0.327,1.425,0.35,0.355,-0.005,224.0,224
832.65,1.703,0.327,1.376,0.35,0.354,-0.004,224.1,224
832.8,1.655,0.327,1.328,0.35,0.356,-0.006,223.3,223
832.95,1.614,0.328,1.286,0.35,0.358,-0.008,222.6,222
833.1,1.574,0.328,1.246,0.35,0.355,-0.005,222.8,222
833.25,1.535,0.328,1.207,0.35,0.357,-0.007,222.0,222
833.4,1.49,0.328,1.162,0.35,0.357,-0.007,221.7,221
833.55,1.442,0.328,1.114,0.35,0.355,-0.005,221.8,221
833.7,1.397,0.328,1.07,0.35,0.356,-0.006,221.1,221
833.85,1.354,0.328,1.026,0.35,0.355,-0.005,221.0,220
834.0,1.308,0.328,0.98,0.35,0.356,-0.006,220.5,220
834.15,1.274,0.328,0.946,0.35,0.357,-0.007,219.8,219
834.3,1.225,0.328,0.897,0.35,0.356,-0.006,219.9,219
834.45,1.187,0.328,0.859,0.35,0.355,-0.005,219.5,219
834.6,1.149,0.328,0.821,0.35,0.356,-0.006,219.0,218
834.75,1.109,0.328,0.781,0.35,0.356,-0.006,218.6,218
834.9,1.076,0.328,0.748,0.35,0.355,-0.005,218.5,218
835.05,1.029,0.328,0.701,0.35,0.356,-0.006,218.1,218
835.2,0.988,0.328,0.66,0.35,0.354,-0.004,218.3,218
835.35,0.952,0.328,0.625,0.35,0.355,-0.005,217.7,217
835.5,0.917,0.328,0.59,0.35,0.355,-0.005,217.4,217
835.65,0.88,0.327,0.553,0.35,0.353,-0.003,217.6,217
835.8,0.841,0.327,0.514,0.35,0.353,-0.003,217.5,217
835.95,0.795,0.327,0.468,0.35,0.354,-0.004,217.0,217
836.1,0.754,0.327,0.428,0.35,0.353,-0.003,217.1,217
836.25,0.725,0.327,0.398,0.35,0.353,-0.003,216.8,216
836.4,0.693,0.327,0.366,0.35,0.352,-0.002,216.9,216
836.55,0.651,0.326,0.325,0.35,0.351,-0.001,217.0,216
836.7,0.622,0.326,0.296,0.35,0.352,-0.002,216.8,216
836.85,0.593,0.326,0.267,0.35,0.349,0.001,217.3,217
837.0,0.552,0.326,0.226,0.35,0.35,0.0,217.1,217
837.15,0.522,0.326,0.196,0.35,0.351,-0.001,216.8,216
837.3,0.496,0.326,0.171,0.35,0.352,-0.002,216.5,216
837.45,0.465,0.326,0.139,0.35,0.353,-0.003,216.2,216
837.6,0.429,0.326,0.103,0.35,0.355,-0.005,215.6,215
837.75,0.401,0.326,0.074,0.35,0.353,-0.003,215.8,215
837.9,0.373,0.326,0.046,0.35,0.353,-0.003,215.7,215
838.05,0.342,0.327,0.015,0.35,0.354,-0.004,215.2,215
838.2,0.325,0.327,-0.001,0.346,0.353,-0.007,214.3,214
838.35,0.308,0.326,-0.018,0.316,0.352,-0.036,206.9,206
838.5,0.289,0.326,-0.037,0.286,0.349,-0.062,199.3,199
838.65,0.27,0.325,-0.055,0.256,0.346,-0.089,190.0,189
838.8,0.244,0.325,-0.081,0.226,0.346,-0.12,178.2,178
838.95,0.217,0.324,-0.107,0.196,0.344,-0.147,165.6,165
839.1,0.195,0.323,-0.128,0.166,0.341,-0.174,151.3,151
839.25,0.178,0.322,-0.144,0.136,0.338,-0.201,135.4,135
839.4,0.165,0.321,-0.156,0.106,0.335,-0.229,117.9,117
839.55,0.145,0.319,-0.174,0.076,0.329,-0.253,-54.0,0
839.7,0.135,0.317,-0.182,0.046,0.321,-0.275,-58.4,0
839.85,0.123,0.314,-0.191,0.016,0.312,-0.296,-62.8,0
840.0,0.119,0.311,-0.192,0.0,0.302,-0.302,-74.5,0
840.15,0.111,0.308,-0.196,0.0,0.295,-0.295,-72.8,0
840.3,0.107,0.304,-0.197,0.0,0.289,-0.289,-71.2,0
840.45,0.102,0.301,-0.199,0.0,0.282,-0.282,-69.5,0
840.6,0.09,0.298,-0.207,0.0,0.276,-0.276,-68.1,0
840.75,0.086,0.294,-0.209,0.0,0.269,-0.269,-66.3,0
840.9,0.083,0.291,-0.208,0.0,0.26,-0.26,-64.1,0
841.05,0.085,0.287,-0.202,0.0,0.251,-0.251,-62.0,0
841.2,0.084,0.283,-0.2,0.0,0.244,-0.244,-60.3,0
841.35,0.089,0.28,-0.19,0.0,0.237,-0.237,-58.5,0
841.5,0.085,0.276,-0.19,0.0,0.23,-0.23,-56.6,0
841.65,0.09,0.272,-0.182,0.0,0.222,-0.222,-54.7,0
841.8,0.093,0.269,-0.175,0.0,0.215,-0.215,-53.1,0
841.95,0.09,0.265,-0.175,0.0,0.208,-0.208,-51.3,0
842.1,0.092,0.262,-0.17,0.0,0.205,-0.205,-50.6,0
842.25,0.106,0.259,-0.154,0.0,0.202,-0.202,-49.8,0
842.4,0.119,0.256,-0.137,0.0,0.197,-0.197,-48.5,0
842.55,0.134,0.253,-0.119,0.0,0.19,-0.19,-39.6,0
842.7,0.148,0.251,-0.102,0.0,0.184,-0.184,-38.4,0
842.85,0.155,0.248,-0.093,0.0,0.178,-0.178,-37.1,0
843.0,0.162,0.245,-0.083,0.0,0.174,-0.174,-36.4,0
843.15,0.174,0.243,-0.069,0.0,0.172,-0.172,-36.0,0
843.3,0.191,0.241,-0.05,0.0,0.169,-0.169,-35.4,0
843.45,0.208,0.238,-0.031,0.0,0.163,-0.163,-34.0,0
843.6,0.233,0.236,-0.003,0.119,0.16,-0.042,-4.3,0
843.75,0.254,0.235,0.02,0.322,0.158,0.164,41.9,41
843.9,0.281,0.233,0.048,0.35,0.157,0.193,51.1,51
844.05,0.31,0.232,0.078,0.35,0.155,0.195,62.0,62
844.2,0.338,0.23,0.108,0.35,0.152,0.198,74.0,74
844.35,0.365,0.229,0.136,0.35,0.151,0.199,85.6,85
844.5,0.382,0.228,0.155,0.35,0.149,0.201,97.9,97
844.65,0.407,0.227,0.18,0.35,0.148,0.202,109.8,109
844.8,0.436,0.226,0.21,0.35,0.146,0.204,122.0,121
844.95,0.457,0.225,0.232,0.35,0.146,0.204,133.9,133
845.1,0.483,0.225,0.258,0.35,0.149,0.201,145.0,145
845.25,0.52,0.225,0.294,0.35,0.152,0.198,156.2,156
845.4,0.552,0.226,0.327,0.35,0.154,0.196,167.5,167
845.55,0.59,0.226,0.364,0.35,0.157,0.193,178.1,178
845.7,0.626,0.227,0.399,0.35,0.159,0.191,189.2,189
845.85,0.658,0.228,0.43,0.35,0.161,0.189,199.9,199
846.0,0.695,0.229,0.466,0.35,0.166,0.184,209.8,209
846.15,0.723,0.23,0.492,0.35,0.167,0.183,220.4,220
846.3,0.75,0.231,0.519,0.35,0.169,0.181,230.7,230
846.45,0.785,0.233,0.552,0.35,0.175,0.175,239.8,239
846.6,0.82,0.235,0.586,0.35,0.178,0.172,249.6,249
846.75,0.858,0.236,0.621,0.35,0.184,0.166,258.3,255
846.9,0.897,0.238,0.659,0.35,0.189,0.161,257.3,255
847.05,0.939,0.241,0.699,0.35,0.195,0.155,255.9,255
847.2,0.983,0.243,0.74,0.35,0.202,0.148,254.4,254
847.35,1.022,0.246,0.776,0.35,0.208,0.142,261.9,255
847.5,1.057,0.248,0.808,0.35,0.211,0.139,261.3,255
847.65,1.1,0.251,0.849,0.35,0.215,0.135,260.5,255
847.8,1.136,0.253,0.883,0.35,0.22,0.13,259.5,255
847.95,1.177,0.255,0.922,0.35,0.225,0.125,258.4,255
848.1,1.223,0.258,0.966,0.35,0.23,0.12,257.4,255
848.25,1.267,0.26,1.007,0.35,0.235,0.115,256.3,255
848.4,1.31,0.262,1.048,0.35,0.238,0.112,255.8,255
848.55,1.352,0.264,1.087,0.35,0.24,0.11,255.2,255
848.7,1.394,0.266,1.128,0.35,0.243,0.107,254.7,254
848.85,1.431,0.268,1.163,0.35,0.248,0.102,259.7,255
849.0,1.473,0.27,1.202,0.35,0.253,0.097,258.7,255
849.15,1.519,0.272,1.247,0.35,0.258,0.092,257.7,255
849.3,1.558,0.275,1.283,0.35,0.264,0.086,256.5,255
849.45,1.601,0.277,1.324,0.35,0.269,0.081,255.4,255
849.6,1.645,0.279,1.366,0.35,0.272,0.078,254.9,254
849.75,1.682,0.282,1.401,0.35,0.276,0.074,258.4,255
849.9,1.729,0.284,1.446,0.35,0.28,0.07,257.8,255
850.05,1.768,0.285,1.482,0.35,0.28,0.07,257.7,255
850.2,1.815,0.287,1.529,0.35,0.282,0.068,257.4,255
850.35,1.85,0.288,1.562,0.35,0.287,0.063,256.2,255
850.5,1.895,0.29,1.605,0.35,0.29,0.06,255.6,255
850.65,1.941,0.292,1.649,0.35,0.295,0.055,254.6,254
850.8,1.975,0.293,1.682,0.35,0.295,0.055,257.8,255
850.95,2.009,0.295,1.715,0.35,0.299,0.051,256.9,255
851.1,2.057,0.297,1.76,0.35,0.303,0.047,256.1,255
851.25,2.104,0.298,1.806,0.35,0.307,0.043,255.2,255
851.4,2.139,0.3,1.839,0.35,0.31,0.04,254.8,254
851.55,2.181,0.301,1.88,0.35,0.31,0.04,257.1,255
851.7,2.216,0.302,1.914,0.35,0.312,0.038,256.7,255
851.85,2.252,0.303,1.948,0.35,0.314,0.036,256.3,255
852.0,2.295,0.305,1.99,0.35,0.317,0.033,255.5,255
852.15,2.327,0.306,2.021,0.35,0.319,0.031,255.3,255
852.3,2.368,0.307,2.061,0.35,0.319,0.031,255.3,255
852.45,2.406,0.307,2.099,0.35,0.319,0.031,255.3,255
852.6,2.444,0.308,2.135,0.35,0.322,0.028,254.4,254
852.75,2.477,0.309,2.167,0.35,0.325,0.025,255.6,255
852.9,2.51,0.31,2.199,0.35,0.328,0.022,254.9,254
853.05,2.534,0.312,2.222,0.35,0.33,0.02,255.7,255
853.2,2.56,0.313,2.247,0.35,0.332,0.018,255.3,255
853.35,2.584,0.314,2.27,0.35,0.335,0.015,254.7,254
853.5,2.608,0.315,2.293,0.35,0.337,0.013,255.3,255
853.65,2.635,0.316,2.319,0.35,0.337,0.013,255.4,255
853.8,2.66,0.317,2.344,0.35,0.337,0.013,255.2,255
853.95,2.678,0.318,2.361,0.35,0.341,0.009,254.3,254
854.1,2.709,0.318,2.39,0.35,0.34,0.01,255.2,255
854.25,2.725,0.319,2.407,0.35,0.341,0.009,255.0,254
854.4,2.741,0.319,2.422,0.35,0.341,0.009,255.4,255
854.55,2.763,0.32,2.443,0.35,0.343,0.007,255.1,255
854.7,2.776,0.32,2.456,0.35,0.344,0.006,254.9,254
854.85,2.803,0.321,2.482,0.35,0.345,0.005,255.1,255
855.0,2.819,0.321,2.498,0.35,0.345,0.005,255.0,255
855.15,2.84,0.322,2.518,0.35,0.348,0.002,254.4,254
855.3,2.847,0.323,2.524,0.35,0.349,0.001,254.3,254
855.45,2.863,0.323,2.539,0.35,0.352,-0.002,253.5,253
855.6,2.868,0.324,2.544,0.35,0.353,-0.003,253.3,253
855.75,2.886,0.325,2.561,0.35,0.352,-0.002,253.4,253
855.9,2.897,0.325,2.572,0.35,0.354,-0.004,252.8,252
856.05,2.911,0.326,2.585,0.35,0.354,-0.004,252.5,252
856.2,2.919,0.326,2.592,0.35,0.357,-0.007,251.7,251
856.35,2.921,0.327,2.594,0.35,0.358,-0.008,251.0,251
856.5,2.924,0.328,2.596,0.35,0.361,-0.011,250.0,249
856.65,2.932,0.329,2.603,0.35,0.362,-0.012,249.2,249
856.8,2.932,0.329,2.603,0.35,0.361,-0.011,248.6,248
856.95,2.929,0.329,2.6,0.35,0.361,-0.011,248.1,248
857.1,2.935,0.33,2.605,0.35,0.362,-0.012,247.1,247
857.25,2.933,0.33,2.603,0.35,0.361,-0.011,246.7,246
857.4,2.927,0.33,2.597,0.35,0.36,-0.01,246.2,246
857.55,2.917,0.33,2.587,0.35,0.363,-0.013,244.9,244
857.7,2.906,0.331,2.575,0.35,0.363,-0.013,244.3,244
857.85,2.898,0.331,2.567,0.35,0.365,-0.015,243.1,243
858.0,2.897,0.331,2.566,0.35,0.364,-0.014,242.5,242
858.15,2.889,0.332,2.557,0.35,0.365,-0.015,241.4,241
858.3,2.875,0.332,2.544,0.35,0.363,-0.013,241.0,240
858.45,2.87,0.331,2.538,0.35,0.361,-0.011,240.7,240
858.6,2.85,0.331,2.519,0.35,0.364,-0.014,239.3,239
858.75,2.831,0.331,2.5,0.35,0.362,-0.012,239.1,239
858.9,2.818,0.331,2.487,0.35,0.363,-0.013,238.1,238
859.05,2.807,0.332,2.476,0.35,0.365,-0.015,236.9,236
859.2,2.795,0.332,2.463,0.35,0.366,-0.016,235.7,235
859.35,2.775,0.332,2.443,0.35,0.366,-0.016,235.0,234
859.5,2.754,0.332,2.422,0.35,0.367,-0.017,233.8,233
859.65,2.731,0.333,2.398,0.35,0.368,-0.018,232.4,232
859.8,2.701,0.333,2.368,0.35,0.366,-0.016,232.0,231
859.95,2.681,0.333,2.348,0.35,0.365,-0.015,231.1,231
860.1,2.651,0.333,2.319,0.35,0.363,-0.013,230.8,230
860.25,2.617,0.332,2.285,0.35,0.364,-0.014,229.8,229
860.4,2.595,0.332,2.263,0.35,0.364,-0.014,228.9,228
860.55,2.563,0.332,2.231,0.35,0.363,-0.013,228.3,228
860.7,2.528,0.332,2.196,0.35,0.363,-0.013,227.4,227
860.85,2.504,0.332,2.172,0.35,0.365,-0.015,226.2,226
861.0,2.467,0.333,2.135,0.35,0.367,-0.017,224.9,224
861.15,2.43,0.333,2.098,0.35,0.365,-0.015,224.5,224
861.3,2.404,0.332,2.072,0.35,0.364,-0.014,223.8,223
861.45,2.369,0.332,2.037,0.35,0.363,-0.013,223.2,223
861.6,2.343,0.332,2.01,0.35,0.364,-0.014,222.2,222
861.75,2.308,0.332,1.976,0.35,0.364,-0.014,221.4,221
861.9,2.279,0.332,1.947,0.35,0.362,-0.012,221.0,221
862.05,2.235,0.331,1.903,0.35,0.36,-0.01,220.7,220
862.2,2.201,0.331,1.87,0.35,0.36,-0.01,220.0,220
862.35,2.161,0.331,1.83,0.35,0.358,-0.008,219.9,219
862.5,2.126,0.33,1.796,0.35,0.357,-0.007,219.8,219
862.65,2.082,0.329,1.752,0.35,0.355,-0.005,219.7,219
862.8,2.04,0.329,1.711,0.35,0.354,-0.004,219.6,219
862.95,2.002,0.328,1.674,0.35,0.352,-0.002,219.8,219
863.1,1.956,0.328,1.628,0.35,0.352,-0.002,219.6,219
863.25,1.92,0.327,1.593,0.35,0.353,-0.003,219.3,219
863.4,1.878,0.327,1.551,0.35,0.354,-0.004,218.8,218
863.55,1.836,0.327,1.509,0.35,0.355,-0.005,218.4,218
863.7,1.79,0.328,1.462,0.35,0.357,-0.007,217.7,217
863.85,1.744,0.328,1.416,0.35,0.356,-0.006,217.5,217
864.0,1.698,0.328,1.371,0.35,0.355,-0.005,217.4,217
864.15,1.653,0.328,1.325,0.35,0.354,-0.004,217.3,217
864.3,1.62,0.327,1.292,0.35,0.352,-0.002,217.5,217
864.45,1.575,0.327,1.248,0.35,0.35,-0.0,217.7,217
864.6,1.536,0.326,1.209,0.35,0.351,-0.001,217.5,217
864.75,1.497,0.326,1.171,0.35,0.35,0.0,217.8,217
864.9,1.457,0.326,1.131,0.35,0.352,-0.002,217.2,217
865.05,1.418,0.326,1.092,0.35,0.351,-0.001,217.3,217
865.2,1.375,0.326,1.049,0.35,0.35,0.0,217.6,217
865.35,1.329,0.326,1.004,0.35,0.352,-0.002,217.0,217
865.5,1.286,0.326,0.961,0.35,0.351,-0.001,217.2,217
865.65,1.251,0.326,0.925,0.35,0.351,-0.001,217.2,217
865.8,1.212,0.326,0.886,0.35,0.353,-0.003,216.6,216
865.95,1.165,0.326,0.839,0.35,0.354,-0.004,216.4,216
866.1,1.119,0.326,0.793,0.35,0.352,-0.002,216.5,216
866.25,1.086,0.326,0.761,0.35,0.35,0.0,216.9,216
866.4,1.043,0.326,0.717,0.35,0.35,-0.0,216.7,216
866.55,1.005,0.326,0.679,0.35,0.35,-0.0,216.7,216
866.7,0.958,0.325,0.632,0.35,0.349,0.001,217.1,217
866.85,0.913,0.325,0.588,0.35,0.348,0.002,217.3,217
867.0,0.875,0.325,0.55,0.35,0.349,0.001,217.2,217
867.15,0.838,0.324,0.513,0.35,0.346,0.004,217.9,217
867.3,0.797,0.324,0.474,0.35,0.345,0.005,218.4,218
867.45,0.758,0.324,0.434,0.35,0.346,0.004,218.5,218
867.6,0.726,0.323,0.403,0.35,0.343,0.007,219.3,219
867.75,0.686,0.322,0.363,0.35,0.341,0.009,220.2,220
867.9,0.652,0.322,0.33,0.35,0.342,0.008,220.4,220
868.05,0.624,0.322,0.302,0.35,0.344,0.006,220.4,220
868.2,0.588,0.322,0.266,0.35,0.342,0.008,221.4,221
868.35,0.551,0.322,0.23,0.35,0.344,0.006,221.3,221
868.5,0.514,0.322,0.192,0.35,0.345,0.005,221.4,221
868.65,0.481,0.322,0.158,0.35,0.347,0.003,221.3,221
868.8,0.449,0.323,0.126,0.35,0.349,0.001,221.0,220
868.95,0.425,0.324,0.101,0.35,0.351,-0.001,220.6,220
869.1,0.401,0.324,0.077,0.35,0.35,-0.0,220.9,220
869.25,0.374,0.324,0.049,0.35,0.351,-0.001,220.6,220
869.4,0.352,0.325,0.027,0.35,0.351,-0.001,220.6,220
869.55,0.33,0.325,0.005,0.35,0.35,-0.0,220.8,220
869.7,0.3,0.325,-0.025,0.32,0.351,-0.031,213.2,213
869.85,0.275,0.325,-0.05,0.29,0.348,-0.058,205.8,205
870.0,0.248,0.324,-0.076,0.26,0.348,-0.088,196.0,196
870.15,0.236,0.324,-0.088,0.23,0.344,-0.114,185.4,185
870.3,0.211,0.323,-0.112,0.2,0.341,-0.141,173.2,173
870.45,0.196,0.322,-0.126,0.17,0.341,-0.171,158.5,158
870.6,0.175,0.322,-0.147,0.14,0.34,-0.2,142.3,142
870.75,0.156,0.321,-0.165,0.11,0.338,-0.228,124.9,124
870.9,0.145,0.32,-0.175,0.08,0.336,-0.256,-54.7,0
871.05,0.132,0.318,-0.186,0.05,0.326,-0.276,-58.6,0
871.2,0.123,0.316,-0.193,0.02,0.319,-0.299,-63.5,0
871.35,0.113,0.314,-0.2,0.0,0.312,-0.312,-77.0,0
871.5,0.097,0.311,-0.214,0.0,0.306,-0.306,-75.4,0
871.65,0.086,0.308,-0.222,0.0,0.296,-0.296,-73.0,0
871.8,0.075,0.304,-0.229,0.0,0.289,-0.289,-71.4,0
871.95,0.069,0.301,-0.232,0.0,0.281,-0.281,-69.3,0
872.1,0.064,0.298,-0.234,0.0,0.276,-0.276,-68.1,0
872.25,0.063,0.294,-0.232,0.0,0.27,-0.27,-66.5,0
872.4,0.061,0.292,-0.231,0.0,0.265,-0.265,-65.4,0
872.55,0.063,0.289,-0.225,0.0,0.261,-0.261,-64.3,0
872.7,0.068,0.286,-0.218,0.0,0.254,-0.254,-62.6,0
872.85,0.073,0.282,-0.209,0.0,0.245,-0.245,-60.4,0
873.0,0.07,0.279,-0.209,0.0,0.239,-0.239,-59.0,0
873.15,0.072,0.276,-0.204,0.0,0.234,-0.234,-57.7,0
873.3,0.082,0.273,-0.191,0.0,0.23,-0.23,-56.7,0
873.45,0.091,0.271,-0.18,0.0,0.226,-0.226,-55.7,0
873.6,0.097,0.268,-0.171,0.0,0.221,-0.221,-54.5,0
873.75,0.101,0.266,-0.165,0.0,0.217,-0.217,-53.6,0
873.9,0.11,0.264,-0.153,0.0,0.214,-0.214,-52.8,0
874.05,0.125,0.261,-0.136,0.0,0.207,-0.207,-43.2,0
874.2,0.133,0.258,-0.125,0.0,0.2,-0.2,-41.6,0
874.35,0.145,0.255,-0.111,0.0,0.194,-0.194,-40.5,0
874.5,0.161,0.253,-0.092,0.0,0.189,-0.189,-39.6,0
874.65,0.182,0.25,-0.068,0.0,0.183,-0.183,-38.1,0
874.8,0.201,0.247,-0.046,0.0,0.176,-0.176,-36.7,0
874.95,0.222,0.244,-0.022,0.0,0.173,-0.173,-36.1,0
875.1,0.238,0.242,-0.004,0.109,0.17,-0.061,-8.8,0
875.25,0.262,0.24,0.022,0.34,0.167,0.172,44.7,44
875.4,0.29,0.238,0.052,0.35,0.165,0.185,49.3,49
875.55,0.317,0.237,0.08,0.35,0.166,0.184,59.6,59
875.7,0.347,0.235,0.112,0.35,0.162,0.188,71.4,71
875.85,0.368,0.234,0.134,0.35,0.16,0.19,82.6,82
876.0,0.392,0.233,0.159,0.35,0.161,0.189,93.5,93
876.15,0.416,0.232,0.183,0.35,0.16,0.19,104.7,104
876.3,0.443,0.232,0.212,0.35,0.16,0.19,116.0,115
876.45,0.468,0.231,0.237,0.35,0.16,0.19,127.1,127
876.6,0.494,0.231,0.263,0.35,0.162,0.188,137.6,137
876.75,0.523,0.232,0.291,0.35,0.165,0.185,147.9,147
876.9,0.559,0.232,0.326,0.35,0.169,0.181,158.0,158
877.05,0.585,0.233,0.352,0.35,0.172,0.178,167.8,167
877.2,0.622,0.234,0.388,0.35,0.172,0.178,178.3,178
877.35,0.65,0.235,0.415,0.35,0.175,0.175,188.1,188
877.5,0.681,0.236,0.445,0.35,0.179,0.171,197.4,197
877.65,0.719,0.238,0.481,0.35,0.184,0.166,206.3,206
877.8,0.763,0.239,0.524,0.35,0.188,0.162,215.2,215
877.95,0.802,0.241,0.561,0.35,0.19,0.16,224.4,224
878.1,0.846,0.242,0.604,0.35,0.192,0.158,233.4,233
878.25,0.891,0.243,0.648,0.35,0.195,0.155,242.0,241
878.4,0.925,0.245,0.68,0.35,0.199,0.151,250.1,250
878.55,0.966,0.247,0.719,0.35,0.205,0.145,257.6,255
878.7,1.008,0.249,0.759,0.35,0.211,0.139,256.5,255
878.85,1.041,0.251,0.79,0.35,0.217,0.133,255.0,254
879.0,1.08,0.254,0.826,0.35,0.222,0.128,261.9,255
879.15,1.12,0.256,0.864,0.35,0.228,0.122,260.5,255
879.3,1.16,0.259,0.901,0.35,0.231,0.119,260.2,255
879.45,1.207,0.261,0.946,0.35,0.235,0.115,259.0,255
879.6,1.249,0.263,0.985,0.35,0.24,0.11,258.0,255
879.75,1.295,0.265,1.03,0.35,0.243,0.107,257.5,255
879.9,1.334,0.267,1.066,0.35,0.247,0.103,256.7,255
880.05,1.372,0.269,1.103,0.35,0.251,0.099,255.8,255
880.2,1.41,0.271,1.139,0.35,0.253,0.097,255.4,255
880.35,1.452,0.273,1.178,0.35,0.259,0.091,254.1,254
880.5,1.5,0.275,1.224,0.35,0.265,0.085,258.2,255
880.65,1.542,0.278,1.264,0.35,0.27,0.08,257.1,255
880.8,1.586,0.28,1.306,0.35,0.271,0.079,257.0,255
880.95,1.625,0.282,1.343,0.35,0.275,0.075,256.2,255
881.1,1.667,0.283,1.384,0.35,0.276,0.074,256.0,255
881.25,1.709,0.285,1.424,0.35,0.277,0.073,255.7,255
881.4,1.748,0.286,1.462,0.35,0.278,0.072,255.6,255
881.55,1.795,0.287,1.508,0.35,0.283,0.067,254.4,254
881.7,1.845,0.289,1.556,0.35,0.286,0.064,257.7,255
881.85,1.892,0.29,1.602,0.35,0.288,0.062,257.3,255
882.0,1.932,0.291,1.64,0.35,0.29,0.06,257.0,255
882.15,1.971,0.292,1.678,0.35,0.291,0.059,256.7,255
882.3,2.004,0.293,1.711,0.35,0.292,0.058,256.5,255
882.45,2.038,0.294,1.744,0.35,0.292,0.058,256.5,255
882.6,2.078,0.295,1.783,0.35,0.297,0.053,255.4,255
882.75,2.113,0.296,1.817,0.35,0.3,0.05,254.8,254
882.9,2.15,0.298,1.852,0.35,0.305,0.045,256.6,255
883.05,2.182,0.299,1.883,0.35,0.305,0.045,256.8,255
883.2,2.218,0.3,1.918,0.35,0.31,0.04,255.6,255
883.35,2.252,0.302,1.95,0.35,0.31,0.04,255.8,255
883.5,2.292,0.303,1.989,0.35,0.313,0.037,255.0,254
883.65,2.33,0.304,2.026,0.35,0.314,0.036,257.1,255
883.8,2.36,0.305,2.055,0.35,0.316,0.034,256.5,255
883.95,2.402,0.306,2.096,0.35,0.316,0.034,256.6,255
884.1,2.442,0.306,2.136,0.35,0.316,0.034,256.5,255
884.25,2.468,0.307,2.16,0.35,0.321,0.029,255.5,255
884.4,2.5,0.308,2.192,0.35,0.322,0.028,255.4,255
884.55,2.531,0.309,2.222,0.35,0.325,0.025,254.6,254
884.7,2.554,0.31,2.244,0.35,0.326,0.024,256.1,255
884.85,2.591,0.311,2.28,0.35,0.326,0.024,256.0,255
885.0,2.614,0.311,2.303,0.35,0.327,0.023,255.9,255
885.15,2.638,0.312,2.325,0.35,0.33,0.02,255.1,255
885.3,2.665,0.313,2.351,0.35,0.331,0.019,254.9,254
885.45,2.689,0.314,2.375,0.35,0.331,0.019,256.1,255
885.6,2.706,0.314,2.391,0.35,0.33,0.02,256.2,255
885.75,2.734,0.315,2.419,0.35,0.334,0.016,255.3,255
885.9,2.752,0.315,2.437,0.35,0.334,0.016,255.4,255
886.05,2.779,0.316,2.463,0.35,0.337,0.013,254.6,254
886.2,2.8,0.317,2.483,0.35,0.338,0.012,255.4,255
886.35,2.818,0.318,2.501,0.35,0.34,0.01,254.9,254
886.5,2.827,0.318,2.509,0.35,0.339,0.011,255.9,255
886.65,2.847,0.318,2.528,0.35,0.34,0.01,255.5,255
886.8,2.858,0.319,2.539,0.35,0.34,0.01,255.4,255
886.95,2.866,0.319,2.546,0.35,0.341,0.009,255.4,255
887.1,2.877,0.32,2.557,0.35,0.343,0.007,254.8,254
887.25,2.889,0.321,2.569,0.35,0.345,0.005,254.7,254
887.4,2.895,0.321,2.574,0.35,0.346,0.004,254.8,254
887.55,2.9,0.322,2.579,0.35,0.347,0.003,254.8,254
887.7,2.91,0.323,2.587,0.35,0.35,0.0,254.4,254
887.85,2.92,0.324,2.597,0.35,0.354,-0.004,253.6,253
888.0,2.923,0.325,2.598,0.35,0.355,-0.005,253.2,253
888.15,2.926,0.325,2.601,0.35,0.354,-0.004,253.1,253
888.3,2.932,0.326,2.606,0.35,0.356,-0.006,252.3,252
888.45,2.936,0.326,2.609,0.35,0.355,-0.005,252.4,252
888.6,2.939,0.327,2.612,0.35,0.356,-0.006,251.7,251
888.75,2.937,0.327,2.61,0.35,0.359,-0.009,250.7,250
888.9,2.938,0.328,2.61,0.35,0.361,-0.011,249.9,249
889.05,2.923,0.329,2.594,0.35,0.364,-0.014,248.6,248
889.2,2.921,0.33,2.592,0.35,0.362,-0.012,248.3,248
889.35,2.908,0.33,2.578,0.35,0.363,-0.013,247.3,247
889.5,2.899,0.33,2.569,0.35,0.363,-0.013,246.7,246
889.65,2.887,0.331,2.557,0.35,0.364,-0.014,245.6,245
889.8,2.868,0.331,2.537,0.35,0.364,-0.014,244.7,244
889.95,2.859,0.331,2.528,0.35,0.364,-0.014,243.9,243
890.1,2.848,0.332,2.516,0.35,0.367,-0.017,242.4,242
890.25,2.829,0.332,2.497,0.35,0.365,-0.015,241.9,241
890.4,2.815,0.332,2.483,0.35,0.367,-0.017,240.5,240
890.55,2.798,0.333,2.465,0.35,0.369,-0.019,239.2,239
890.7,2.773,0.334,2.439,0.35,0.371,-0.021,237.6,237
890.85,2.746,0.334,2.412,0.35,0.372,-0.022,236.1,236
891.0,2.729,0.335,2.394,0.35,0.373,-0.023,234.7,234
891.15,2.699,0.335,2.364,0.35,0.373,-0.023,233.3,233
891.3,2.672,0.336,2.336,0.35,0.375,-0.025,231.6,231
891.45,2.644,0.336,2.307,0.35,0.375,-0.025,230.2,230
891.6,2.62,0.337,2.283,0.35,0.376,-0.026,228.4,228
891.75,2.591,0.337,2.255,0.35,0.374,-0.024,227.5,227
891.9,2.564,0.337,2.227,0.35,0.375,-0.025,225.7,225
892.05,2.535,0.337,2.198,0.35,0.375,-0.025,224.2,224
892.2,2.506,0.337,2.169,0.35,0.375,-0.025,222.8,222
892.35,2.48,0.337,2.143,0.35,0.375,-0.025,221.3,221
892.5,2.448,0.337,2.111,0.35,0.374,-0.024,220.2,220
892.65,2.42,0.337,2.083,0.35,0.371,-0.021,219.4,219
892.8,2.386,0.337,2.049,0.35,0.372,-0.022,217.8,217
892.95,2.35,0.336,2.014,0.35,0.37,-0.02,217.1,217
893.1,2.312,0.336,1.977,0.35,0.369,-0.019,216.0,215
893.25,2.277,0.335,1.942,0.35,0.367,-0.017,215.4,215
893.4,2.242,0.335,1.907,0.35,0.368,-0.018,214.2,214
893.55,2.205,0.334,1.87,0.35,0.365,-0.015,213.7,213
893.7,2.173,0.334,1.839,0.35,0.366,-0.016,212.7,212
893.85,2.141,0.333,1.808,0.35,0.364,-0.014,212.3,212
894.0,2.1,0.333,1.767,0.35,0.364,-0.014,211.2,211
894.15,2.069,0.333,1.736,0.35,0.364,-0.014,210.4,210
894.3,2.026,0.333,1.693,0.35,0.365,-0.015,209.5,209
894.45,1.982,0.333,1.649,0.35,0.365,-0.015,208.6,208
894.6,1.942,0.333,1.61,0.35,0.365,-0.015,207.7,207
894.75,1.897,0.332,1.565,0.35,0.364,-0.014,207.1,207
894.9,1.862,0.332,1.53,0.35,0.361,-0.011,206.9,206
895.05,1.815,0.331,1.483,0.35,0.36,-0.01,206.6,206
895.2,1.779,0.331,1.448,0.35,0.357,-0.007,206.6,206
895.35,1.735,0.33,1.405,0.35,0.356,-0.006,206.2,206
895.5,1.696,0.33,1.367,0.35,0.357,-0.007,205.8,205
895.65,1.661,0.329,1.332,0.35,0.356,-0.006,205.5,205
895.8,1.621,0.329,1.292,0.35,0.356,-0.006,205.3,205
895.95,1.58,0.328,1.251,0.35,0.354,-0.004,205.2,205
896.1,1.536,0.328,1.207,0.35,0.356,-0.006,204.6,204
896.25,1.488,0.328,1.16,0.35,0.357,-0.007,204.0,204
896.4,1.449,0.328,1.12,0.35,0.357,-0.007,203.6,203
896.55,1.404,0.328,1.075,0.35,0.357,-0.007,203.3,203
896.7,1.36,0.328,1.032,0.35,0.356,-0.006,203.2,203
896.85,1.316,0.328,0.988,0.35,0.356,-0.006,202.6,202
897.0,1.268,0.328,0.94,0.35,0.356,-0.006,202.3,202
897.15,1.228,0.328,0.9,0.35,0.355,-0.005,202.1,202
897.3,1.183,0.328,0.855,0.35,0.356,-0.006,201.7,201
897.45,1.145,0.328,0.818,0.35,0.353,-0.003,202.0,202
897.6,1.107,0.328,0.779,0.35,0.355,-0.005,201.4,201
897.75,1.063,0.327,0.736,0.35,0.351,-0.001,202.0,201
897.9,1.019,0.327,0.693,0.35,0.353,-0.003,201.4,201
898.05,0.984,0.327,0.657,0.35,0.353,-0.003,201.2,201
898.2,0.937,0.327,0.61,0.35,0.353,-0.003,201.2,201
898.35,0.906,0.326,0.579,0.35,0.351,-0.001,201.5,201
898.5,0.866,0.326,0.54,0.35,0.349,0.001,201.8,201
898.65,0.832,0.325,0.506,0.35,0.347,0.003,202.3,202
898.8,0.791,0.325,0.467,0.35,0.345,0.005,202.8,202
898.95,0.749,0.324,0.425,0.35,0.342,0.008,203.8,203
899.1,0.719,0.323,0.396,0.35,0.341,0.009,204.3,204
899.25,0.687,0.322,0.365,0.35,0.34,0.01,205.2,205
899.4,0.645,0.322,0.323,0.35,0.342,0.008,205.3,205
899.55,0.604,0.321,0.282,0.35,0.339,0.011,206.4,206
899.7,0.566,0.321,0.245,0.35,0.338,0.012,207.2,207
899.85,0.534,0.32,0.214,0.35,0.338,0.012,208.0,208
900.0,0.502,0.32,0.182,0.35,0.339,0.011,208.4,208
900.15,0.468,0.32,0.148,0.35,0.34,0.01,208.7,208
900.3,0.436,0.32,0.117,0.35,0.338,0.012,209.8,209
900.45,0.407,0.32,0.087,0.35,0.341,0.009,209.9,209
900.6,0.381,0.32,0.061,0.35,0.339,0.011,210.8,210
900.75,0.352,0.32,0.032,0.35,0.339,0.011,211.6,211
900.9,0.333,0.32,0.013,0.35,0.34,0.01,211.8,211
901.05,0.306,0.32,-0.014,0.32,0.34,-0.02,205.1,205
901.2,0.29,0.32,-0.03,0.29,0.341,-0.051,197.4,197
901.35,0.267,0.32,-0.053,0.26,0.339,-0.079,188.5,188
901.5,0.252,0.32,-0.068,0.23,0.339,-0.109,177.6,177
901.65,0.225,0.32,-0.094,0.2,0.338,-0.138,165.2,165
901.8,0.21,0.319,-0.109,0.17,0.334,-0.164,151.7,151
901.95,0.186,0.318,-0.133,0.14,0.331,-0.191,136.3,136
902.1,0.166,0.317,-0.152,0.11,0.33,-0.22,119.0,118
902.25,0.155,0.317,-0.161,0.08,0.329,-0.249,100.2,100
902.4,0.137,0.315,-0.179,0.05,0.323,-0.273,-58.2,0
902.55,0.129,0.314,-0.185,0.02,0.317,-0.297,-63.2,0
902.7,0.114,0.311,-0.197,0.0,0.309,-0.309,-76.1,0
902.85,0.1,0.308,-0.208,0.0,0.3,-0.3,-73.9,0
903.0,0.099,0.305,-0.207,0.0,0.292,-0.292,-71.9,0
903.15,0.085,0.302,-0.217,0.0,0.286,-0.286,-70.6,0
903.3,0.078,0.299,-0.221,0.0,0.279,-0.279,-68.8,0
903.45,0.08,0.296,-0.216,0.0,0.274,-0.274,-67.6,0
903.6,0.07,0.293,-0.223,0.0,0.266,-0.266,-65.7,0
903.75,0.065,0.289,-0.225,0.0,0.257,-0.257,-63.4,0
903.9,0.072,0.286,-0.214,0.0,0.25,-0.25,-61.7,0
904.05,0.065,0.282,-0.217,0.0,0.245,-0.245,-60.4,0
904.2,0.071,0.279,-0.208,0.0,0.237,-0.237,-58.4,0
904.35,0.078,0.276,-0.198,0.0,0.232,-0.232,-57.2,0
904.5,0.081,0.272,-0.191,0.0,0.224,-0.224,-55.1,0
904.65,0.086,0.269,-0.183,0.0,0.22,-0.22,-54.1,0
904.8,0.097,0.266,-0.169,0.0,0.214,-0.214,-52.8,0
904.95,0.108,0.263,-0.155,0.0,0.211,-0.211,-52.0,0
905.1,0.118,0.261,-0.143,0.0,0.206,-0.206,-50.9,0
905.25,0.127,0.258,-0.132,0.0,0.202,-0.202,-42.3,0
905.4,0.136,0.256,-0.12,0.0,0.199,-0.199,-41.8,0
905.55,0.143,0.254,-0.111,0.0,0.194,-0.194,-40.6,0
905.7,0.16,0.252,-0.092,0.0,0.189,-0.189,-39.4,0
905.85,0.18,0.249,-0.069,0.0,0.183,-0.183,-38.1,0
906.0,0.194,0.247,-0.053,0.0,0.179,-0.179,-37.5,0
906.15,0.203,0.245,-0.042,0.0,0.176,-0.176,-37.0,0
906.3,0.221,0.242,-0.022,0.0,0.171,-0.171,-35.7,0
906.45,0.235,0.24,-0.005,0.092,0.166,-0.073,-11.8,0
906.6,0.26,0.238,0.022,0.341,0.163,0.178,46.7,46
906.75,0.279,0.236,0.043,0.35,0.16,0.19,50.8,50
906.9,0.298,0.234,0.064,0.35,0.158,0.192,62.0,62
907.05,0.325,0.233,0.092,0.35,0.156,0.194,73.5,73
907.2,0.348,0.231,0.117,0.35,0.153,0.197,85.6,85
907.35,0.369,0.23,0.14,0.35,0.152,0.198,97.4,97
907.5,0.397,0.229,0.168,0.35,0.151,0.199,109.2,109
907.65,0.419,0.228,0.191,0.35,0.149,0.201,121.3,121
907.8,0.451,0.227,0.225,0.35,0.15,0.2,132.7,132
907.95,0.486,0.227,0.259,0.35,0.152,0.198,143.9,143
908.1,0.509,0.227,0.282,0.35,0.156,0.194,154.6,154
908.25,0.544,0.228,0.316,0.35,0.159,0.191,165.4,165
908.4,0.577,0.228,0.349,0.35,0.162,0.188,176.0,175
908.55,0.616,0.23,0.386,0.35,0.167,0.183,185.8,185
908.7,0.654,0.231,0.422,0.35,0.171,0.179,195.6,195
908.85,0.68,0.233,0.447,0.35,0.175,0.175,205.2,205
909.0,0.713,0.234,0.478,0.35,0.178,0.172,215.1,215
909.15,0.756,0.236,0.52,0.35,0.18,0.17,224.7,224
909.3,0.794,0.237,0.557,0.35,0.182,0.168,234.2,234
909.45,0.834,0.238,0.596,0.35,0.185,0.165,243.3,243
909.6,0.877,0.24,0.637,0.35,0.191,0.159,251.6,251
909.75,0.919,0.242,0.676,0.35,0.198,0.152,259.3,255
909.9,0.96,0.245,0.716,0.35,0.201,0.149,258.8,255
910.05,0.99,0.247,0.743,0.35,0.206,0.144,257.7,255
910.2,1.036,0.249,0.787,0.35,0.212,0.138,256.5,255
910.35,1.072,0.251,0.821,0.35,0.215,0.135,256.1,255
910.5,1.115,0.253,0.862,0.35,0.218,0.132,255.3,255
910.65,1.159,0.255,0.904,0.35,0.22,0.13,254.9,254
910.8,1.205,0.257,0.948,0.35,0.225,0.125,261.3,255
910.95,1.242,0.259,0.983,0.35,0.229,0.121,260.6,255
911.1,1.28,0.261,1.019,0.35,0.235,0.115,259.3,255
911.25,1.327,0.263,1.064,0.35,0.241,0.109,257.9,255
911.4,1.362,0.266,1.096,0.35,0.246,0.104,257.0,255
911.55,1.399,0.268,1.132,0.35,0.248,0.102,256.7,255
911.7,1.435,0.27,1.165,0.35,0.253,0.097,255.5,255
911.85,1.474,0.272,1.202,0.35,0.257,0.093,254.7,254
912.0,1.512,0.274,1.238,0.35,0.262,0.088,259.1,255
912.15,1.562,0.276,1.285,0.35,0.265,0.085,258.6,255
912.3,1.601,0.279,1.323,0.35,0.27,0.08,257.3,255
912.45,1.644,0.281,1.363,0.35,0.276,0.074,256.1,255
912.6,1.696,0.283,1.413,0.35,0.279,0.071,255.6,255
912.75,1.737,0.285,1.452,0.35,0.281,0.069,255.2,255
912.9,1.779,0.286,1.492,0.35,0.282,0.068,254.9,254
913.05,1.822,0.288,1.534,0.35,0.285,0.065,258.2,255
913.2,1.867,0.29,1.577,0.35,0.288,0.062,257.6,255
913.35,1.908,0.291,1.617,0.35,0.291,0.059,257.1,255
913.5,1.943,0.292,1.651,0.35,0.293,0.057,256.6,255
913.65,1.992,0.294,1.698,0.35,0.296,0.054,256.0,255
913.8,2.039,0.295,1.743,0.35,0.301,0.049,254.8,254
913.95,2.069,0.297,1.772,0.35,0.305,0.045,257.0,255
914.1,2.11,0.299,1.811,0.35,0.308,0.042,256.3,255
914.25,2.151,0.301,1.85,0.35,0.312,0.038,255.5,255
914.4,2.192,0.302,1.89,0.35,0.313,0.037,255.3,255
914.55,2.225,0.303,1.922,0.35,0.315,0.035,254.9,254
914.7,2.259,0.305,1.954,0.35,0.317,0.033,256.5,255
914.85,2.301,0.306,1.995,0.35,0.321,0.029,255.7,255
915.0,2.341,0.307,2.033,0.35,0.323,0.027,255.3,255
915.15,2.369,0.309,2.06,0.35,0.326,0.024,254.6,254
915.3,2.405,0.31,2.095,0.35,0.33,0.02,255.1,255
915.45,2.438,0.311,2.126,0.35,0.33,0.02,255.4,255
915.6,2.474,0.313,2.162,0.35,0.332,0.018,254.8,254
915.75,2.507,0.314,2.193,0.35,0.335,0.015,255.3,255
915.9,2.539,0.315,2.224,0.35,0.337,0.013,254.8,254
916.05,2.558,0.316,2.243,0.35,0.337,0.013,255.6,255
916.2,2.58,0.317,2.264,0.35,0.34,0.01,254.9,254
916.35,2.601,0.318,2.283,0.35,0.342,0.008,255.0,255
916.5,2.635,0.319,2.316,0.35,0.344,0.006,254.8,254
916.65,2.662,0.32,2.342,0.35,0.344,0.006,255.1,255
916.8,2.684,0.321,2.363,0.35,0.348,0.002,254.2,254
916.95,2.703,0.322,2.381,0.35,0.351,-0.001,253.8,253
917.1,2.733,0.323,2.41,0.35,0.35,-0.0,253.9,253
917.25,2.755,0.323,2.432,0.35,0.35,-0.0,253.9,253
917.4,2.774,0.324,2.45,0.35,0.352,-0.002,253.3,253
917.55,2.795,0.325,2.47,0.35,0.353,-0.003,253.2,253
917.7,2.815,0.325,2.489,0.35,0.356,-0.006,252.4,252
917.85,2.828,0.326,2.502,0.35,0.355,-0.005,252.3,252
918.0,2.838,0.327,2.512,0.35,0.357,-0.007,251.4,251
918.15,2.858,0.327,2.531,0.35,0.357,-0.007,251.0,251
918.3,2.868,0.328,2.54,0.35,0.359,-0.009,250.2,250
918.45,2.884,0.328,2.556,0.35,0.36,-0.01,249.4,249
918.6,2.901,0.329,2.572,0.35,0.36,-0.01,248.9,248
918.75,2.914,0.329,2.585,0.35,0.363,-0.013,247.5,247
918.9,2.915,0.33,2.585,0.35,0.364,-0.014,246.6,246
919.05,2.925,0.331,2.595,0.35,0.366,-0.016,245.3,245
919.2,2.933,0.331,2.602,0.35,0.365,-0.015,244.7,244
919.35,2.93,0.332,2.598,0.35,0.368,-0.018,243.1,243
919.5,2.936,0.332,2.603,0.35,0.367,-0.017,242.4,242
919.65,2.936,0.333,2.604,0.35,0.366,-0.016,241.6,241
919.8,2.932,0.332,2.599,0.35,0.365,-0.015,240.9,240
919.95,2.924,0.332,2.592,0.35,0.364,-0.014,240.3,240
920.1,2.919,0.332,2.586,0.35,0.364,-0.014,239.4,239
920.25,2.92,0.332,2.587,0.35,0.366,-0.016,238.1,238
920.4,2.918,0.333,2.586,0.35,0.366,-0.016,237.1,237
920.55,2.916,0.333,2.583,0.35,0.365,-0.015,236.6,236
920.7,2.9,0.332,2.567,0.35,0.363,-0.013,236.1,236
920.85,2.887,0.332,2.555,0.35,0.364,-0.014,234.9,234
921.0,2.883,0.332,2.551,0.35,0.363,-0.013,234.4,234
921.15,2.869,0.332,2.537,0.35,0.364,-0.014,233.3,233
921.3,2.854,0.332,2.522,0.35,0.364,-0.014,232.6,232
921.45,2.844,0.332,2.512,0.35,0.366,-0.016,231.3,231
921.6,2.835,0.333,2.502,0.35,0.366,-0.016,230.4,230
921.75,2.813,0.333,2.481,0.35,0.366,-0.016,229.6,229
921.9,2.797,0.333,2.464,0.35,0.367,-0.017,228.3,228
922.05,2.776,0.333,2.443,0.35,0.369,-0.019,226.9,226
922.2,2.76,0.334,2.427,0.35,0.369,-0.019,225.9,225
922.35,2.734,0.334,2.4,0.35,0.37,-0.02,224.6,224
922.5,2.706,0.334,2.372,0.35,0.371,-0.021,223.2,223
922.65,2.684,0.335,2.349,0.35,0.372,-0.022,221.7,221
922.8,2.666,0.335,2.331,0.35,0.369,-0.019,221.1,221
922.95,2.636,0.335,2.302,0.35,0.37,-0.02,219.8,219
923.1,2.616,0.334,2.282,0.35,0.367,-0.017,219.4,219
923.25,2.591,0.334,2.257,0.35,0.366,-0.016,218.4,218
923.4,2.569,0.334,2.236,0.35,0.364,-0.014,218.1,218
923.55,2.545,0.333,2.213,0.35,0.361,-0.011,217.8,217
923.7,2.511,0.332,2.179,0.35,0.358,-0.008,217.8,217
923.85,2.477,0.331,2.146,0.35,0.358,-0.008,217.3,217
924.0,2.444,0.33,2.114,0.35,0.357,-0.007,217.1,217
924.15,2.418,0.33,2.088,0.35,0.356,-0.006,216.8,216
924.3,2.378,0.329,2.048,0.35,0.356,-0.006,216.4,216
924.45,2.345,0.329,2.016,0.35,0.354,-0.004,216.5,216
924.6,2.31,0.328,1.981,0.35,0.355,-0.005,216.1,216
924.75,2.267,0.328,1.939,0.35,0.354,-0.004,216.0,216
924.9,2.228,0.328,1.9,0.35,0.355,-0.005,215.4,215
925.05,2.198,0.328,1.87,0.35,0.354,-0.004,215.4,215
925.2,2.157,0.328,1.829,0.35,0.355,-0.005,214.9,214
925.35,2.12,0.328,1.792,0.35,0.355,-0.005,214.7,214
925.5,2.085,0.328,1.758,0.35,0.355,-0.005,214.3,214
925.65,2.05,0.328,1.722,0.35,0.357,-0.007,213.6,213
925.8,2.007,0.328,1.679,0.35,0.358,-0.008,213.1,213
925.95,1.966,0.328,1.638,0.35,0.358,-0.008,212.6,212
926.1,1.918,0.329,1.59,0.35,0.359,-0.009,211.8,211
926.25,1.875,0.329,1.546,0.35,0.36,-0.01,211.1,211
926.4,1.831,0.329,1.502,0.35,0.357,-0.007,211.3,211
926.55,1.797,0.329,1.468,0.35,0.357,-0.007,210.7,210
926.7,1.763,0.329,1.434,0.35,0.357,-0.007,210.5,210
926.85,1.721,0.329,1.393,0.35,0.356,-0.006,210.1,210
927.0,1.681,0.328,1.353,0.35,0.354,-0.004,210.2,210
927.15,1.632,0.328,1.305,0.35,0.351,-0.001,210.6,210
927.3,1.583,0.327,1.255,0.35,0.353,-0.003,210.1,210
927.45,1.534,0.327,1.207,0.35,0.351,-0.001,210.3,210
927.6,1.493,0.327,1.166,0.35,0.352,-0.002,210.0,210
927.75,1.456,0.326,1.13,0.35,0.35,-0.0,210.4,210
927.9,1.409,0.326,1.083,0.35,0.351,-0.001,210.0,209
928.05,1.371,0.326,1.045,0.35,0.353,-0.003,209.5,209
928.2,1.333,0.326,1.006,0.35,0.352,-0.002,209.6,209
928.35,1.292,0.326,0.965,0.35,0.353,-0.003,209.3,209
928.5,1.242,0.326,0.916,0.35,0.35,-0.0,209.8,209
928.65,1.205,0.326,0.879,0.35,0.35,-0.0,209.6,209
928.8,1.166,0.325,0.84,0.35,0.348,0.002,210.2,210
928.95,1.119,0.325,0.794,0.35,0.348,0.002,210.2,210
929.1,1.079,0.325,0.754,0.35,0.348,0.002,210.3,210
929.25,1.036,0.324,0.712,0.35,0.347,0.003,210.8,210
929.4,0.997,0.324,0.673,0.35,0.346,0.004,211.0,211
929.55,0.958,0.324,0.635,0.35,0.346,0.004,211.2,211
929.7,0.915,0.324,0.591,0.35,0.346,0.004,211.6,211
929.85,0.877,0.324,0.554,0.35,0.346,0.004,211.7,211
930.0,0.836,0.323,0.513,0.35,0.344,0.006,212.5,212
930.15,0.793,0.323,0.47,0.35,0.342,0.008,213.3,213
930.3,0.751,0.322,0.429,0.35,0.34,0.01,214.1,214
930.45,0.712,0.321,0.391,0.35,0.339,0.011,214.8,214
930.6,0.684,0.321,0.363,0.35,0.338,0.012,215.7,215
930.75,0.656,0.32,0.336,0.35,0.338,0.012,216.4,216
930.9,0.625,0.32,0.305,0.35,0.336,0.014,217.7,217
931.05,0.599,0.319,0.279,0.35,0.336,0.014,218.3,218
931.2,0.566,0.319,0.247,0.35,0.335,0.015,219.4,219
931.35,0.538,0.318,0.22,0.35,0.334,0.016,220.5,220
931.5,0.503,0.318,0.185,0.35,0.334,0.016,221.5,221
931.65,0.47,0.318,0.152,0.35,0.336,0.014,221.9,221
931.8,0.437,0.318,0.119,0.35,0.338,0.012,222.2,222
931.95,0.409,0.319,0.09,0.35,0.339,0.011,222.9,222
932.1,0.384,0.319,0.065,0.35,0.339,0.011,223.4,223
932.25,0.353,0.319,0.034,0.35,0.34,0.01,224.0,223
932.4,0.328,0.319,0.009,0.35,0.338,0.012,225.1,225
932.55,0.309,0.319,-0.01,0.32,0.34,-0.02,217.8,217
932.7,0.28,0.319,-0.039,0.29,0.341,-0.051,210.2,210
932.85,0.255,0.32,-0.065,0.26,0.343,-0.083,200.5,200
933.0,0.229,0.32,-0.092,0.23,0.342,-0.112,189.6,189
933.15,0.206,0.32,-0.114,0.2,0.341,-0.141,176.8,176
933.3,0.187,0.32,-0.133,0.17,0.341,-0.171,162.3,162
933.45,0.178,0.32,-0.143,0.14,0.341,-0.201,146.0,145
933.6,0.166,0.32,-0.154,0.11,0.34,-0.23,128.3,128
933.75,0.152,0.32,-0.167,0.08,0.334,-0.254,109.8,109
933.9,0.144,0.318,-0.174,0.05,0.329,-0.279,-59.5,0
934.05,0.125,0.316,-0.191,0.02,0.319,-0.299,-63.4,0
934.2,0.122,0.314,-0.192,0.0,0.313,-0.313,-66.2,0
934.35,0.113,0.311,-0.197,0.0,0.303,-0.303,-74.8,0
934.5,0.107,0.307,-0.2,0.0,0.296,-0.296,-73.1,0
934.65,0.104,0.304,-0.2,0.0,0.289,-0.289,-71.3,0
934.8,0.098,0.301,-0.204,0.0,0.283,-0.283,-69.8,0
934.95,0.088,0.298,-0.21,0.0,0.277,-0.277,-68.4,0
935.1,0.076,0.295,-0.218,0.0,0.269,-0.269,-66.4,0
935.25,0.071,0.291,-0.221,0.0,0.263,-0.263,-64.9,0
935.4,0.074,0.288,-0.214,0.0,0.257,-0.257,-63.4,0
935.55,0.079,0.285,-0.206,0.0,0.249,-0.249,-61.5,0
935.7,0.087,0.281,-0.194,0.0,0.242,-0.242,-59.7,0
935.85,0.089,0.278,-0.189,0.0,0.236,-0.236,-58.2,0
936.0,0.089,0.275,-0.186,0.0,0.23,-0.23,-56.9,0
936.15,0.098,0.272,-0.174,0.0,0.227,-0.227,-55.9,0
936.3,0.096,0.269,-0.173,0.0,0.223,-0.223,-54.9,0
936.45,0.11,0.266,-0.156,0.0,0.215,-0.215,-53.0,0
936.6,0.112,0.263,-0.151,0.0,0.207,-0.207,-51.1,0
936.75,0.129,0.26,-0.13,0.0,0.2,-0.2,-41.7,0
936.9,0.142,0.257,-0.115,0.0,0.195,-0.195,-40.8,0
937.05,0.152,0.254,-0.102,0.0,0.193,-0.193,-40.4,0
937.2,0.17,0.252,-0.081,0.0,0.188,-0.188,-39.2,0
937.35,0.183,0.249,-0.066,0.0,0.182,-0.182,-38.0,0
937.5,0.204,0.246,-0.042,0.0,0.176,-0.176,-36.7,0
937.65,0.225,0.243,-0.018,0.0,0.171,-0.171,-35.6,0
937.8,0.242,0.241,0.001,0.175,0.168,0.008,8.1,8
937.95,0.263,0.239,0.024,0.35,0.164,0.186,46.0,46
938.1,0.28,0.237,0.043,0.35,0.163,0.187,50.6,50
938.25,0.3,0.235,0.065,0.35,0.159,0.191,62.6,62
938.4,0.315,0.234,0.081,0.35,0.159,0.191,73.6,73
938.55,0.337,0.232,0.105,0.35,0.158,0.192,85.0,85
938.7,0.367,0.232,0.135,0.35,0.158,0.192,96.1,96
938.85,0.399,0.231,0.168,0.35,0.158,0.192,107.4,107
939.0,0.423,0.231,0.192,0.35,0.16,0.19,118.1,118
939.15,0.45,0.23,0.22,0.35,0.159,0.191,129.6,129
939.3,0.478,0.231,0.247,0.35,0.162,0.188,139.9,139
939.45,0.515,0.231,0.284,0.35,0.162,0.188,151.0,150
939.6,0.544,0.231,0.313,0.35,0.163,0.187,161.8,161
939.75,0.568,0.232,0.336,0.35,0.168,0.182,171.6,171
939.9,0.602,0.233,0.37,0.35,0.171,0.179,181.6,181
940.05,0.633,0.234,0.399,0.35,0.175,0.175,191.2,191
940.2,0.668,0.235,0.433,0.35,0.177,0.173,201.2,201
940.35,0.703,0.236,0.466,0.35,0.18,0.17,210.7,210
940.5,0.745,0.237,0.508,0.35,0.181,0.169,220.3,220
940.65,0.782,0.239,0.544,0.35,0.184,0.166,229.5,229
940.8,0.82,0.24,0.58,0.35,0.186,0.164,238.9,238
940.95,0.849,0.241,0.608,0.35,0.192,0.158,247.1,247
941.1,0.891,0.243,0.648,0.35,0.195,0.155,255.7,255
941.25,0.922,0.245,0.678,0.35,0.2,0.15,254.7,254
941.4,0.958,0.247,0.711,0.35,0.206,0.144,262.2,255
941.55,0.996,0.249,0.748,0.35,0.21,0.14,261.5,255
941.7,1.032,0.251,0.781,0.35,0.216,0.134,260.0,255
941.85,1.07,0.253,0.817,0.35,0.22,0.13,259.2,255
942.0,1.109,0.255,0.853,0.35,0.224,0.126,258.5,255
942.15,1.157,0.257,0.9,0.35,0.227,0.123,257.9,255
942.3,1.194,0.259,0.935,0.35,0.23,0.12,257.1,255
942.45,1.245,0.261,0.983,0.35,0.234,0.116,256.4,255
942.6,1.281,0.263,1.018,0.35,0.24,0.11,255.1,255
942.75,1.323,0.265,1.057,0.35,0.243,0.107,254.6,254
942.9,1.37,0.267,1.102,0.35,0.247,0.103,259.9,255
943.05,1.414,0.269,1.144,0.35,0.251,0.099,259.2,255
943.2,1.451,0.272,1.179,0.35,0.256,0.094,257.9,255
943.35,1.498,0.274,1.225,0.35,0.258,0.092,257.6,255
943.5,1.535,0.275,1.26,0.35,0.261,0.089,256.9,255
943.65,1.577,0.277,1.3,0.35,0.263,0.087,256.6,255
943.8,1.63,0.278,1.351,0.35,0.266,0.084,256.0,255
943.95,1.675,0.28,1.395,0.35,0.267,0.083,255.7,255
944.1,1.725,0.281,1.444,0.35,0.271,0.079,254.8,254
944.25,1.763,0.283,1.48,0.35,0.275,0.075,258.7,255
944.4,1.803,0.285,1.518,0.35,0.279,0.071,257.7,255
944.55,1.85,0.286,1.564,0.35,0.283,0.067,257.0,255
944.7,1.895,0.288,1.607,0.35,0.285,0.065,256.5,255
944.85,1.933,0.289,1.644,0.35,0.288,0.062,256.0,255
945.0,1.975,0.291,1.685,0.35,0.289,0.061,255.7,255
945.15,2.021,0.292,1.729,0.35,0.294,0.056,254.7,254
945.3,2.066,0.294,1.772,0.35,0.297,0.053,257.2,255
945.45,2.099,0.295,1.804,0.35,0.301,0.049,256.5,255
945.6,2.138,0.297,1.841,0.35,0.302,0.048,256.3,255
945.75,2.176,0.298,1.878,0.35,0.304,0.046,255.8,255
945.9,2.218,0.299,1.918,0.35,0.304,0.046,255.9,255
946.05,2.25,0.301,1.95,0.35,0.309,0.041,254.7,254
946.2,2.291,0.302,1.99,0.35,0.309,0.041,257.2,255
946.35,2.321,0.303,2.018,0.35,0.314,0.036,256.0,255
946.5,2.35,0.304,2.046,0.35,0.315,0.035,256.0,255
946.65,2.391,0.305,2.086,0.35,0.316,0.034,255.9,255
946.8,2.417,0.306,2.11,0.35,0.319,0.031,255.1,255
946.95,2.451,0.307,2.144,0.35,0.32,0.03,255.0,254
947.1,2.488,0.308,2.18,0.35,0.32,0.03,256.8,255
947.25,2.514,0.308,2.206,0.35,0.32,0.03,256.8,255
947.4,2.543,0.309,2.234,0.35,0.321,0.029,256.5,255
947.55,2.567,0.31,2.258,0.35,0.323,0.027,256.0,255
947.7,2.588,0.31,2.278,0.35,0.325,0.025,255.7,255
947.85,2.622,0.311,2.311,0.35,0.325,0.025,255.8,255
948.0,2.646,0.311,2.335,0.35,0.325,0.025,255.7,255
948.15,2.673,0.312,2.361,0.35,0.328,0.022,254.9,254
948.3,2.697,0.312,2.385,0.35,0.328,0.022,256.3,255
948.45,2.716,0.313,2.403,0.35,0.33,0.02,256.0,255
948.6,2.731,0.314,2.417,0.35,0.333,0.017,255.2,255
948.75,2.752,0.315,2.437,0.35,0.337,0.013,254.3,254
948.9,2.779,0.316,2.463,0.35,0.337,0.013,255.3,255
949.05,2.794,0.317,2.477,0.35,0.338,0.012,254.9,254
949.2,2.818,0.318,2.5,0.35,0.341,0.009,254.9,254
949.35,2.839,0.319,2.52,0.35,0.345,0.005,254.6,254
949.5,2.847,0.32,2.528,0.35,0.344,0.006,255.2,255
949.65,2.86,0.32,2.54,0.35,0.345,0.005,255.1,255
949.8,2.875,0.321,2.554,0.35,0.347,0.003,254.5,254
949.95,2.882,0.322,2.56,0.35,0.348,0.002,254.6,254
950.1,2.893,0.323,2.57,0.35,0.351,-0.001,253.9,253
950.25,2.897,0.324,2.573,0.35,0.354,-0.004,253.3,253
950.4,2.904,0.324,2.58,0.35,0.352,-0.002,253.6,253
950.55,2.917,0.325,2.592,0.35,0.352,-0.002,253.5,253
950.7,2.927,0.325,2.602,0.35,0.352,-0.002,253.2,253
950.85,2.934,0.325,2.608,0.35,0.353,-0.003,253.1,253
951.0,2.933,0.326,2.607,0.35,0.355,-0.005,252.2,252
951.15,2.94,0.326,2.614,0.35,0.355,-0.005,252.1,252
951.3,2.938,0.327,2.611,0.35,0.358,-0.008,251.0,250
951.45,2.936,0.328,2.608,0.35,0.36,-0.01,250.1,250
951.6,2.931,0.328,2.603,0.35,0.36,-0.01,249.8,249
951.75,2.922,0.329,2.593,0.35,0.36,-0.01,249.2,249
951.9,2.909,0.329,2.58,0.35,0.36,-0.01,248.5,248
952.05,2.896,0.329,2.567,0.35,0.361,-0.011,247.6,247
952.2,2.885,0.33,2.555,0.35,0.363,-0.013,246.6,246
952.35,2.884,0.33,2.553,0.35,0.363,-0.013,245.8,245
952.5,2.875,0.331,2.544,0.35,0.365,-0.015,244.6,244
952.65,2.856,0.332,2.525,0.35,0.367,-0.017,243.3,243
952.8,2.85,0.332,2.518,0.35,0.369,-0.019,242.0,241
952.95,2.832,0.333,2.499,0.35,0.369,-0.019,240.9,240
953.1,2.816,0.333,2.483,0.35,0.367,-0.017,240.3,240
953.25,2.794,0.333,2.461,0.35,0.368,-0.018,239.0,239
953.4,2.784,0.333,2.45,0.35,0.369,-0.019,237.8,237
953.55,2.759,0.334,2.425,0.35,0.368,-0.018,236.9,236
953.7,2.743,0.334,2.409,0.35,0.366,-0.016,236.2,236
953.85,2.718,0.333,2.384,0.35,0.366,-0.016,235.2,235
954.0,2.689,0.334,2.356,0.35,0.368,-0.018,233.9,233
954.15,2.667,0.333,2.333,0.35,0.365,-0.015,233.5,233
954.3,2.641,0.333,2.308,0.35,0.365,-0.015,232.7,232
954.45,2.625,0.333,2.292,0.35,0.364,-0.014,231.9,231
954.6,2.593,0.332,2.261,0.35,0.362,-0.012,231.7,231
954.75,2.565,0.332,2.233,0.35,0.362,-0.012,231.0,230
954.9,2.544,0.331,2.212,0.35,0.359,-0.009,230.8,230
955.05,2.518,0.331,2.187,0.35,0.358,-0.008,230.5,230
955.2,2.494,0.331,2.163,0.35,0.36,-0.01,229.5,229
955.35,2.455,0.33,2.124,0.35,0.358,-0.008,229.4,229
955.5,2.422,0.33,2.092,0.35,0.356,-0.006,229.4,229
955.65,2.39,0.329,2.06,0.35,0.356,-0.006,229.1,229
955.8,2.356,0.329,2.027,0.35,0.357,-0.007,228.4,228
955.95,2.323,0.329,1.995,0.35,0.356,-0.006,228.4,228
956.1,2.281,0.329,1.953,0.35,0.356,-0.006,227.9,227
956.25,2.244,0.328,1.915,0.35,0.356,-0.006,227.5,227
956.4,2.208,0.329,1.88,0.35,0.359,-0.009,226.6,226
956.55,2.169,0.329,1.84,0.35,0.357,-0.007,226.6,226
956.7,2.128,0.328,1.8,0.35,0.356,-0.006,226.4,226
956.85,2.098,0.329,1.77,0.35,0.358,-0.008,225.6,225
957.0,2.063,0.328,1.734,0.35,0.356,-0.006,225.5,225
957.15,2.024,0.329,1.695,0.35,0.359,-0.009,224.5,224
957.3,1.984,0.329,1.655,0.35,0.36,-0.01,223.8,223
957.45,1.947,0.329,1.617,0.35,0.362,-0.012,222.8,222
957.6,1.903,0.33,1.574,0.35,0.36,-0.01,222.7,222
957.75,1.856,0.33,1.526,0.35,0.361,-0.011,221.8,221
957.9,1.812,0.33,1.482,0.35,0.359,-0.009,221.6,221
958.05,1.777,0.329,1.447,0.35,0.358,-0.008,221.3,221
958.2,1.738,0.33,1.409,0.35,0.36,-0.01,220.3,220
958.35,1.695,0.33,1.366,0.35,0.36,-0.01,219.8,219
958.5,1.65,0.33,1.321,0.35,0.358,-0.008,219.7,219
958.65,1.614,0.329,1.285,0.35,0.357,-0.007,219.4,219
958.8,1.565,0.329,1.236,0.35,0.358,-0.008,218.7,218
958.95,1.524,0.329,1.195,0.35,0.357,-0.007,218.4,218
959.1,1.475,0.329,1.146,0.35,0.358,-0.008,217.8,217
959.25,1.433,0.329,1.104,0.35,0.356,-0.006,218.0,217
959.4,1.397,0.329,1.068,0.35,0.357,-0.007,217.3,217
959.55,1.357,0.329,1.028,0.35,0.359,-0.009,216.4,216
959.7,1.312,0.329,0.983,0.35,0.358,-0.008,216.1,216
959.85,1.267,0.329,0.938,0.35,0.359,-0.009,215.3,215
960.0,1.228,0.329,0.899,0.35,0.36,-0.01,214.7,214
960.15,1.181,0.33,0.851,0.35,0.361,-0.011,213.8,213
960.3,1.141,0.33,0.811,0.35,0.359,-0.009,213.8,213
960.45,1.096,0.33,0.767,0.35,0.359,-0.009,213.0,213
960.6,1.059,0.329,0.73,0.35,0.357,-0.007,213.1,213
960.75,1.014,0.329,0.685,0.35,0.358,-0.008,212.5,212
960.9,0.973,0.329,0.644,0.35,0.355,-0.005,212.8,212
961.05,0.938,0.328,0.61,0.35,0.355,-0.005,212.2,212
961.2,0.902,0.328,0.574,0.35,0.356,-0.006,211.8,211
961.35,0.858,0.328,0.53,0.35,0.358,-0.008,211.1,211
961.5,0.821,0.328,0.492,0.35,0.356,-0.006,211.1,211
961.65,0.789,0.328,0.461,0.35,0.354,-0.004,211.2,211
961.8,0.746,0.328,0.418,0.35,0.354,-0.004,210.8,210
961.95,0.713,0.328,0.386,0.35,0.354,-0.004,210.7,210
962.1,0.682,0.327,0.354,0.35,0.352,-0.002,210.8,210
962.25,0.643,0.327,0.316,0.35,0.354,-0.004,210.1,210
962.4,0.614,0.327,0.287,0.35,0.355,-0.005,209.9,209
962.55,0.573,0.327,0.246,0.35,0.354,-0.004,209.8,209
962.7,0.547,0.327,0.22,0.35,0.354,-0.004,209.4,209
962.85,0.517,0.327,0.19,0.35,0.353,-0.003,209.5,209
963.0,0.487,0.327,0.16,0.35,0.351,-0.001,209.7,209
963.15,0.452,0.326,0.126,0.35,0.348,0.002,210.3,210
963.3,0.42,0.326,0.095,0.35,0.349,0.001,210.2,210
963.45,0.388,0.325,0.063,0.35,0.347,0.003,210.7,210
963.6,0.36,0.325,0.035,0.35,0.347,0.003,210.7,210
963.75,0.34,0.325,0.016,0.35,0.349,0.001,210.4,210
963.9,0.31,0.325,-0.015,0.32,0.348,-0.028,203.4,203
964.05,0.287,0.324,-0.038,0.29,0.348,-0.058,195.5,195
964.2,0.263,0.324,-0.061,0.26,0.347,-0.087,185.9,185
964.35,0.239,0.324,-0.085,0.23,0.347,-0.117,174.7,174
964.5,0.218,0.324,-0.105,0.2,0.346,-0.146,161.7,161
964.65,0.206,0.323,-0.117,0.17,0.343,-0.173,147.6,147
964.8,0.184,0.322,-0.138,0.14,0.338,-0.198,132.3,132
964.95,0.168,0.321,-0.152,0.11,0.332,-0.222,115.6,115
965.1,0.149,0.319,-0.17,0.08,0.328,-0.248,-52.9,0
965.25,0.144,0.317,-0.173,0.05,0.319,-0.269,-57.2,0
965.4,0.126,0.314,-0.188,0.02,0.309,-0.289,-61.4,0
965.55,0.109,0.31,-0.201,0.0,0.3,-0.3,-73.9,0
965.7,0.1,0.306,-0.207,0.0,0.29,-0.29,-71.6,0
965.85,0.099,0.302,-0.204,0.0,0.281,-0.281,-69.4,0
966.0,0.097,0.299,-0.202,0.0,0.276,-0.276,-68.0,0
966.15,0.092,0.295,-0.203,0.0,0.268,-0.268,-66.2,0
966.3,0.088,0.291,-0.203,0.0,0.26,-0.26,-64.2,0
966.45,0.09,0.288,-0.198,0.0,0.254,-0.254,-62.6,0
966.6,0.086,0.284,-0.198,0.0,0.246,-0.246,-60.7,0
966.75,0.088,0.28,-0.193,0.0,0.238,-0.238,-58.8,0
966.9,0.081,0.277,-0.196,0.0,0.23,-0.23,-56.8,0
967.05,0.076,0.273,-0.197,0.0,0.225,-0.225,-55.4,0
967.2,0.079,0.27,-0.19,0.0,0.221,-0.221,-54.6,0
967.35,0.085,0.267,-0.181,0.0,0.216,-0.216,-53.3,0
967.5,0.088,0.264,-0.176,0.0,0.213,-0.213,-52.5,0
967.65,0.101,0.262,-0.161,0.0,0.208,-0.208,-51.3,0
967.8,0.1,0.259,-0.159,0.0,0.201,-0.201,-49.5,0
967.95,0.104,0.256,-0.152,0.0,0.195,-0.195,-48.2,0
968.1,0.113,0.254,-0.141,0.0,0.192,-0.192,-47.4,0
968.25,0.13,0.251,-0.121,0.0,0.188,-0.188,-39.4,0
968.4,0.136,0.249,-0.113,0.0,0.185,-0.185,-38.7,0
968.55,0.146,0.247,-0.101,0.0,0.179,-0.179,-37.4,0
968.7,0.161,0.244,-0.083,0.0,0.172,-0.172,-35.9,0
968.85,0.183,0.242,-0.059,0.0,0.17,-0.17,-35.7,0
969.0,0.196,0.24,-0.044,0.0,0.167,-0.167,-34.9,0
969.15,0.219,0.238,-0.019,0.0,0.163,-0.163,-34.0,0
969.3,0.242,0.235,0.007,0.23,0.157,0.073,24.0,23
969.45,0.258,0.233,0.024,0.348,0.156,0.192,48.9,48
969.6,0.281,0.232,0.049,0.35,0.156,0.194,56.2,56
969.75,0.308,0.231,0.078,0.35,0.153,0.197,68.3,68
969.9,0.333,0.229,0.104,0.35,0.15,0.2,80.4,80
970.05,0.35,0.228,0.122,0.35,0.148,0.202,92.6,92
970.2,0.378,0.227,0.151,0.35,0.147,0.203,104.6,104
970.35,0.41,0.226,0.184,0.35,0.147,0.203,116.4,116
970.5,0.441,0.226,0.215,0.35,0.149,0.201,127.7,127
970.65,0.466,0.225,0.241,0.35,0.15,0.2,139.4,139
970.8,0.493,0.226,0.267,0.35,0.152,0.198,150.6,150
970.95,0.527,0.226,0.301,0.35,0.155,0.195,161.4,161
971.1,0.554,0.227,0.328,0.35,0.156,0.194,172.8,172
971.25,0.583,0.227,0.356,0.35,0.159,0.191,183.5,183
971.4,0.622,0.228,0.394,0.35,0.161,0.189,194.1,194
971.55,0.652,0.229,0.423,0.35,0.166,0.184,204.1,204
971.7,0.683,0.231,0.452,0.35,0.171,0.179,213.8,213
971.85,0.724,0.232,0.491,0.35,0.173,0.177,223.9,223
972.0,0.763,0.234,0.53,0.35,0.176,0.174,233.7,233
972.15,0.804,0.235,0.568,0.35,0.181,0.169,242.8,242
972.3,0.838,0.237,0.601,0.35,0.184,0.166,252.0,251
972.45,0.872,0.239,0.633,0.35,0.188,0.162,260.9,255
972.6,0.909,0.241,0.669,0.35,0.192,0.158,260.0,255
972.75,0.945,0.243,0.703,0.35,0.197,0.153,258.9,255
972.9,0.988,0.245,0.743,0.35,0.201,0.149,258.1,255
973.05,1.023,0.247,0.776,0.35,0.207,0.143,256.9,255
973.2,1.062,0.249,0.813,0.35,0.213,0.137,255.6,255
973.35,1.1,0.252,0.848,0.35,0.217,0.133,254.8,254
973.5,1.147,0.254,0.893,0.35,0.223,0.127,261.2,255
973.65,1.195,0.256,0.939,0.35,0.226,0.124,260.8,255
973.8,1.235,0.259,0.977,0.35,0.231,0.119,259.5,255
973.95,1.272,0.261,1.011,0.35,0.234,0.116,259.0,255
974.1,1.315,0.263,1.053,0.35,0.237,0.113,258.5,255
974.25,1.359,0.264,1.094,0.35,0.239,0.111,258.0,255
974.4,1.402,0.266,1.136,0.35,0.243,0.107,257.2,255
974.55,1.451,0.268,1.183,0.35,0.247,0.103,256.2,255
974.7,1.495,0.27,1.226,0.35,0.251,0.099,255.4,255
974.85,1.533,0.272,1.261,0.35,0.254,0.096,255.0,254
975.0,1.58,0.274,1.306,0.35,0.259,0.091,259.4,255
975.15,1.625,0.276,1.35,0.35,0.264,0.086,258.3,255
975.3,1.664,0.278,1.386,0.35,0.27,0.08,257.1,255
975.45,1.708,0.28,1.428,0.35,0.275,0.075,256.1,255
975.6,1.752,0.282,1.47,0.35,0.276,0.074,256.0,255
975.75,1.786,0.284,1.502,0.35,0.281,0.069,254.8,254
975.9,1.826,0.286,1.54,0.35,0.286,0.064,257.8,255
976.05,1.871,0.288,1.583,0.35,0.288,0.062,257.5,255
976.2,1.911,0.29,1.621,0.35,0.291,0.059,256.6,255
976.35,1.958,0.292,1.665,0.35,0.296,0.054,255.6,255
976.5,1.998,0.294,1.704,0.35,0.301,0.049,254.7,254
976.65,2.037,0.296,1.741,0.35,0.301,0.049,257.5,255
976.8,2.074,0.297,1.776,0.35,0.304,0.046,256.8,255
976.95,2.112,0.299,1.814,0.35,0.305,0.045,256.9,255
977.1,2.152,0.3,1.852,0.35,0.306,0.044,256.5,255
977.25,2.19,0.301,1.889,0.35,0.309,0.041,255.9,255
977.4,2.228,0.302,1.926,0.35,0.311,0.039,255.5,255
977.55,2.269,0.303,1.966,0.35,0.312,0.038,255.3,255
977.7,2.305,0.304,2.001,0.35,0.314,0.036,255.0,254
977.85,2.333,0.305,2.028,0.35,0.318,0.032,256.2,255
978.0,2.373,0.306,2.067,0.35,0.32,0.03,255.6,255
978.15,2.402,0.308,2.094,0.35,0.323,0.027,255.0,254
978.3,2.436,0.309,2.127,0.35,0.326,0.024,256.0,255
978.45,2.462,0.31,2.151,0.35,0.328,0.022,255.6,255
978.6,2.497,0.312,2.185,0.35,0.33,0.02,255.2,255
978.75,2.531,0.313,2.218,0.35,0.332,0.018,254.8,254
978.9,2.561,0.314,2.247,0.35,0.335,0.015,255.2,255
979.05,2.594,0.315,2.279,0.35,0.335,0.015,255.4,255
979.2,2.622,0.315,2.306,0.35,0.336,0.014,255.1,255
979.35,2.64,0.316,2.324,0.35,0.336,0.014,255.1,255
979.5,2.67,0.317,2.353,0.35,0.337,0.013,254.8,254
979.65,2.696,0.317,2.379,0.35,0.339,0.011,255.0,255
979.8,2.715,0.318,2.397,0.35,0.341,0.009,254.7,254
979.95,2.734,0.319,2.415,0.35,0.344,0.006,254.5,254
980.1,2.758,0.32,2.438,0.35,0.345,0.005,254.9,254
980.25,2.78,0.32,2.459,0.35,0.344,0.006,255.4,255
980.4,2.798,0.321,2.477,0.35,0.345,0.005,255.0,254
980.55,2.815,0.321,2.493,0.35,0.345,0.005,255.4,255
980.7,2.824,0.322,2.502,0.35,0.348,0.002,254.6,254
980.85,2.835,0.323,2.512,0.35,0.35,0.0,254.5,254
981.0,2.854,0.324,2.53,0.35,0.352,-0.002,254.0,253
981.15,2.864,0.324,2.54,0.35,0.352,-0.002,254.0,253
981.3,2.875,0.325,2.55,0.35,0.355,-0.005,253.1,253
981.45,2.883,0.326,2.557,0.35,0.356,-0.006,252.5,252
981.6,2.899,0.326,2.573,0.35,0.356,-0.006,252.4,252
981.75,2.903,0.327,2.576,0.35,0.357,-0.007,251.7,251
981.9,2.905,0.328,2.577,0.35,0.36,-0.01,250.6,250
982.05,2.91,0.328,2.581,0.35,0.362,-0.012,249.7,249
982.2,2.913,0.329,2.584,0.35,0.363,-0.013,248.7,248
982.35,2.915,0.33,2.585,0.35,0.364,-0.014,247.7,247
982.5,2.921,0.331,2.59,0.35,0.367,-0.017,246.3,246
982.65,2.922,0.332,2.59,0.35,0.367,-0.017,245.3,245
982.8,2.926,0.332,2.593,0.35,0.369,-0.019,243.9,243
982.95,2.918,0.333,2.585,0.35,0.37,-0.02,242.7,242
983.1,2.913,0.334,2.579,0.35,0.371,-0.021,241.2,241
983.25,2.913,0.334,2.579,0.35,0.372,-0.022,239.8,239
983.4,2.905,0.335,2.57,0.35,0.374,-0.024,238.0,238
983.55,2.898,0.336,2.562,0.35,0.376,-0.026,236.2,236
983.7,2.884,0.336,2.548,0.35,0.374,-0.024,235.3,235
983.85,2.873,0.336,2.537,0.35,0.371,-0.021,234.4,234
984.0,2.857,0.336,2.521,0.35,0.373,-0.023,232.7,232
984.15,2.853,0.336,2.516,0.35,0.373,-0.023,231.4,231
984.3,2.846,0.336,2.51,0.35,0.374,-0.024,229.8,229
984.45,2.824,0.337,2.487,0.35,0.374,-0.024,228.5,228
984.6,2.812,0.337,2.475,0.35,0.375,-0.025,226.8,226
984.75,2.792,0.337,2.455,0.35,0.377,-0.027,225.0,224
984.9,2.77,0.337,2.433,0.35,0.375,-0.025,223.9,223
985.05,2.757,0.337,2.42,0.35,0.372,-0.022,223.2,223
985.2,2.733,0.337,2.396,0.35,0.373,-0.023,221.4,221
985.35,2.705,0.337,2.368,0.35,0.374,-0.024,219.9,219
985.5,2.682,0.337,2.345,0.35,0.375,-0.025,218.3,218
985.65,2.652,0.337,2.315,0.35,0.373,-0.023,217.3,217
985.8,2.624,0.337,2.287,0.35,0.374,-0.024,215.7,215
985.95,2.601,0.337,2.264,0.35,0.374,-0.024,214.3,214
986.1,2.571,0.337,2.234,0.35,0.375,-0.025,212.7,212
986.25,2.542,0.337,2.206,0.35,0.372,-0.022,211.9,211
986.4,2.51,0.336,2.174,0.35,0.369,-0.019,211.2,211
986.55,2.485,0.336,2.149,0.35,0.371,-0.021,209.7,209
986.7,2.453,0.335,2.118,0.35,0.367,-0.017,209.3,209
986.85,2.421,0.335,2.086,0.35,0.367,-0.017,208.3,208
987.0,2.392,0.334,2.058,0.35,0.364,-0.014,207.9,207
987.15,2.367,0.334,2.033,0.35,0.365,-0.015,206.7,206
987.3,2.329,0.333,1.996,0.35,0.363,-0.013,206.4,206
987.45,2.301,0.333,1.968,0.35,0.361,-0.011,206.1,206
987.6,2.26,0.332,1.928,0.35,0.36,-0.01,205.6,205
987.75,2.219,0.332,1.887,0.35,0.362,-0.012,204.6,204
987.9,2.186,0.331,1.855,0.35,0.359,-0.009,204.6,204
988.05,2.154,0.331,1.823,0.35,0.359,-0.009,204.0,204
988.2,2.114,0.331,1.784,0.35,0.36,-0.01,203.1,203
988.35,2.082,0.33,1.751,0.35,0.36,-0.01,202.7,202
988.5,2.039,0.33,1.708,0.35,0.361,-0.011,201.8,201
988.65,2.0,0.33,1.67,0.35,0.359,-0.009,201.7,201
988.8,1.961,0.33,1.631,0.35,0.359,-0.009,201.2,201
988.95,1.917,0.33,1.588,0.35,0.356,-0.006,201.3,201
989.1,1.877,0.329,1.548,0.35,0.357,-0.007,200.7,200
989.25,1.842,0.329,1.512,0.35,0.358,-0.008,200.1,200
989.4,1.8,0.329,1.471,0.35,0.355,-0.005,200.4,200
989.55,1.753,0.328,1.425,0.35,0.355,-0.005,199.9,199
989.7,1.709,0.328,1.381,0.35,0.353,-0.003,200.2,200
989.85,1.666,0.327,1.339,0.35,0.35,-0.0,200.6,200
990.0,1.627,0.326,1.3,0.35,0.347,0.003,201.4,201
990.15,1.585,0.325,1.26,0.35,0.344,0.006,202.1,202
990.3,1.547,0.325,1.223,0.35,0.345,0.005,202.0,202
990.45,1.51,0.324,1.186,0.35,0.345,0.005,202.5,202
990.6,1.459,0.324,1.135,0.35,0.345,0.005,202.6,202
990.75,1.408,0.323,1.085,0.35,0.345,0.005,203.1,203
990.9,1.368,0.323,1.045,0.35,0.342,0.008,204.1,204
991.05,1.326,0.322,1.004,0.35,0.342,0.008,204.4,204
991.2,1.29,0.322,0.968,0.35,0.342,0.008,205.0,205
991.35,1.24,0.322,0.919,0.35,0.341,0.009,205.6,205
991.5,1.205,0.321,0.883,0.35,0.341,0.009,206.1,206
991.65,1.166,0.321,0.845,0.35,0.339,0.011,207.1,207
991.8,1.127,0.32,0.806,0.35,0.339,0.011,207.8,207
991.95,1.085,0.32,0.765,0.35,0.338,0.012,208.7,208
992.1,1.047,0.32,0.727,0.35,0.339,0.011,209.0,209
992.25,1.001,0.32,0.681,0.35,0.34,0.01,209.6,209
992.4,0.954,0.32,0.635,0.35,0.337,0.013,210.8,210
992.55,0.909,0.319,0.589,0.35,0.336,0.014,211.8,211
992.7,0.864,0.319,0.545,0.35,0.335,0.015,212.9,212
992.85,0.821,0.318,0.503,0.35,0.333,0.017,214.2,214
993.0,0.787,0.318,0.469,0.35,0.333,0.017,215.1,215
993.15,0.757,0.317,0.44,0.35,0.331,0.019,216.7,216
993.3,0.716,0.317,0.4,0.35,0.33,0.02,217.9,217
993.45,0.682,0.316,0.366,0.35,0.328,0.022,219.6,219
993.6,0.653,0.315,0.337,0.35,0.328,0.022,220.8,220
993.75,0.616,0.315,0.301,0.35,0.33,0.02,221.5,221
993.9,0.59,0.315,0.274,0.35,0.329,0.021,223.1,223
994.05,0.551,0.315,0.236,0.35,0.331,0.019,223.7,223
994.2,0.524,0.316,0.209,0.35,0.334,0.016,224.3,224
994.35,0.493,0.316,0.177,0.35,0.334,0.016,225.2,225
994.5,0.467,0.316,0.151,0.35,0.335,0.015,225.8,225
994.65,0.438,0.317,0.121,0.35,0.337,0.013,226.3,226
994.8,0.414,0.317,0.096,0.35,0.338,0.012,226.9,226
994.95,0.386,0.318,0.068,0.35,0.341,0.009,226.9,226
995.1,0.361,0.319,0.042,0.35,0.343,0.007,227.0,226
995.25,0.333,0.32,0.013,0.35,0.345,0.005,226.9,226
995.4,0.307,0.321,-0.014,0.32,0.345,-0.025,219.9,219
995.55,0.279,0.321,-0.042,0.29,0.347,-0.057,211.8,211
995.7,0.264,0.322,-0.058,0.26,0.346,-0.086,202.4,202
995.85,0.235,0.322,-0.086,0.23,0.344,-0.114,191.6,191
996.0,0.224,0.322,-0.098,0.2,0.341,-0.141,179.1,179
996.15,0.208,0.321,-0.113,0.17,0.338,-0.168,165.2,165
996.3,0.187,0.32,-0.134,0.14,0.338,-0.198,149.0,148
996.45,0.173,0.32,-0.146,0.11,0.334,-0.224,132.1,132
996.6,0.159,0.318,-0.159,0.08,0.329,-0.249,113.7,113
996.75,0.144,0.317,-0.173,0.05,0.325,-0.275,-58.7,0
996.9,0.131,0.315,-0.184,0.02,0.316,-0.296,-63.0,0
997.05,0.127,0.312,-0.185,0.0,0.309,-0.309,-65.3,0
997.2,0.109,0.309,-0.2,0.0,0.301,-0.301,-74.2,0
997.35,0.105,0.306,-0.201,0.0,0.291,-0.291,-71.9,0
997.5,0.092,0.302,-0.211,0.0,0.285,-0.285,-70.3,0
997.65,0.081,0.299,-0.218,0.0,0.279,-0.279,-68.7,0
997.8,0.084,0.296,-0.212,0.0,0.272,-0.272,-67.0,0
997.95,0.074,0.293,-0.219,0.0,0.267,-0.267,-65.8,0
998.1,0.075,0.29,-0.214,0.0,0.26,-0.26,-64.1,0
998.25,0.073,0.286,-0.214,0.0,0.254,-0.254,-62.6,0
998.4,0.068,0.283,-0.215,0.0,0.246,-0.246,-60.7,0
998.55,0.07,0.28,-0.21,0.0,0.24,-0.24,-59.3,0
998.7,0.077,0.277,-0.2,0.0,0.235,-0.235,-58.0,0
998.85,0.085,0.273,-0.189,0.0,0.227,-0.227,-56.0,0
999.0,0.087,0.27,-0.183,0.0,0.22,-0.22,-54.2,0
999.15,0.096,0.267,-0.171,0.0,0.213,-0.213,-52.6,0
999.3,0.103,0.264,-0.161,0.0,0.21,-0.21,-51.7,0
999.45,0.108,0.261,-0.153,0.0,0.204,-0.204,-50.4,0
999.6,0.123,0.258,-0.135,0.0,0.199,-0.199,-41.6,0
999.75,0.132,0.255,-0.123,0.0,0.193,-0.193,-40.4,0
999.9,0.138,0.252,-0.114,0.0,0.186,-0.186,-38.9,0
1000.05,0.156,0.249,-0.093,0.0,0.18,-0.18,-37.5,0
1000.2,0.176,0.246,-0.07,0.0,0.174,-0.174,-36.3,0
1000.35,0.197,0.243,-0.046,0.0,0.168,-0.168,-35.1,0
1000.5,0.21,0.24,-0.03,0.0,0.164,-0.164,-34.3,0
1000.65,0.233,0.238,-0.005,0.072,0.159,-0.087,-15.4,0
1000.8,0.254,0.235,0.019,0.316,0.153,0.163,43.5,43
1000.95,0.277,0.232,0.044,0.35,0.15,0.2,53.0,52
1001.1,0.302,0.23,0.072,0.35,0.146,0.204,64.3,64
1001.25,0.32,0.228,0.092,0.35,0.146,0.204,76.0,75
1001.4,0.338,0.227,0.111,0.35,0.148,0.202,87.5,87
1001.55,0.359,0.226,0.133,0.35,0.146,0.204,99.9,99
1001.7,0.391,0.225,0.165,0.35,0.145,0.205,112.0,112
1001.85,0.421,0.224,0.197,0.35,0.143,0.207,124.3,124
1002.0,0.456,0.224,0.232,0.35,0.144,0.206,136.3,136
1002.15,0.479,0.223,0.256,0.35,0.144,0.206,148.2,148
1002.3,0.514,0.223,0.291,0.35,0.146,0.204,159.9,159
1002.45,0.551,0.224,0.327,0.35,0.15,0.2,170.9,170
1002.6,0.584,0.225,0.359,0.35,0.155,0.195,181.5,181
1002.75,0.616,0.226,0.39,0.35,0.159,0.191,192.0,192
1002.9,0.641,0.227,0.413,0.35,0.164,0.186,202.1,202
1003.05,0.67,0.229,0.441,0.35,0.169,0.181,212.0,211
1003.2,0.712,0.231,0.481,0.35,0.175,0.175,221.4,221
1003.35,0.751,0.233,0.518,0.35,0.177,0.173,231.2,231
1003.5,0.791,0.235,0.556,0.35,0.182,0.168,240.3,240
1003.65,0.821,0.237,0.584,0.35,0.184,0.166,249.7,249
1003.8,0.857,0.239,0.618,0.35,0.19,0.16,258.0,255
1003.95,0.898,0.241,0.656,0.35,0.197,0.153,256.5,255
1004.1,0.942,0.244,0.699,0.35,0.202,0.148,255.5,255
1004.25,0.986,0.246,0.74,0.35,0.208,0.142,254.2,254
1004.4,1.022,0.249,0.773,0.35,0.213,0.137,261.6,255
1004.55,1.067,0.252,0.815,0.35,0.22,0.13,260.1,255
1004.7,1.112,0.254,0.858,0.35,0.222,0.128,259.7,255
1004.85,1.157,0.257,0.9,0.35,0.228,0.122,258.2,255
1005.0,1.198,0.259,0.939,0.35,0.233,0.117,257.4,255
1005.15,1.233,0.261,0.972,0.35,0.235,0.115,256.9,255
1005.3,1.27,0.263,1.007,0.35,0.241,0.109,255.7,255
1005.45,1.312,0.266,1.046,0.35,0.244,0.106,255.1,255
1005.6,1.356,0.268,1.088,0.35,0.249,0.101,254.1,254
1005.75,1.397,0.27,1.127,0.35,0.25,0.1,259.8,255
1005.9,1.44,0.271,1.169,0.35,0.254,0.096,258.9,255
1006.05,1.476,0.273,1.202,0.35,0.258,0.092,258.0,255
1006.2,1.523,0.275,1.248,0.35,0.259,0.091,257.9,255
1006.35,1.564,0.276,1.287,0.35,0.261,0.089,257.5,255
1006.5,1.609,0.278,1.331,0.35,0.265,0.085,256.7,255
1006.65,1.648,0.279,1.369,0.35,0.267,0.083,256.3,255
1006.8,1.695,0.281,1.414,0.35,0.27,0.08,255.6,255
1006.95,1.73,0.282,1.448,0.35,0.274,0.076,254.6,254
1007.1,1.771,0.284,1.488,0.35,0.278,0.072,258.4,255
1007.25,1.807,0.286,1.521,0.35,0.281,0.069,257.6,255
1007.4,1.843,0.287,1.556,0.35,0.286,0.064,256.6,255
1007.55,1.892,0.289,1.603,0.35,0.29,0.06,255.7,255
1007.7,1.932,0.291,1.641,0.35,0.292,0.058,255.3,255
1007.85,1.971,0.293,1.678,0.35,0.294,0.056,255.1,255
1008.0,2.008,0.294,1.714,0.35,0.295,0.055,254.8,254
1008.15,2.054,0.295,1.759,0.35,0.298,0.052,257.3,255
1008.3,2.093,0.297,1.796,0.35,0.302,0.048,256.5,255
1008.45,2.126,0.298,1.828,0.35,0.302,0.048,256.5,255
1008.6,2.169,0.299,1.871,0.35,0.302,0.048,256.5,255
1008.75,2.211,0.299,1.912,0.35,0.303,0.047,256.5,255
1008.9,2.242,0.3,1.941,0.35,0.306,0.044,255.5,255
1009.05,2.276,0.301,1.975,0.35,0.309,0.041,255.0,254
1009.2,2.313,0.302,2.01,0.35,0.31,0.04,257.3,255
1009.35,2.344,0.303,2.041,0.35,0.312,0.038,256.7,255
1009.5,2.378,0.304,2.074,0.35,0.312,0.038,256.9,255
1009.65,2.418,0.304,2.113,0.35,0.312,0.038,256.8,255
1009.8,2.455,0.305,2.15,0.35,0.313,0.037,256.7,255
1009.95,2.482,0.306,2.176,0.35,0.316,0.034,255.9,255
1010.1,2.51,0.306,2.204,0.35,0.317,0.033,255.8,255
1010.25,2.535,0.307,2.228,0.35,0.321,0.029,254.9,254
1010.4,2.568,0.309,2.259,0.35,0.324,0.026,256.0,255
1010.55,2.603,0.31,2.294,0.35,0.326,0.024,255.7,255
1010.7,2.628,0.311,2.318,0.35,0.327,0.023,255.4,255
1010.85,2.651,0.311,2.34,0.35,0.328,0.022,255.3,255
1011.0,2.678,0.312,2.366,0.35,0.329,0.021,254.9,254
1011.15,2.701,0.313,2.388,0.35,0.332,0.018,255.6,255
1011.3,2.72,0.314,2.406,0.35,0.334,0.016,255.1,255
1011.45,2.745,0.315,2.43,0.35,0.336,0.014,254.8,254
1011.6,2.764,0.316,2.448,0.35,0.338,0.012,255.1,255
1011.75,2.777,0.317,2.46,0.35,0.339,0.011,255.0,255
1011.9,2.796,0.318,2.478,0.35,0.339,0.011,254.9,254
1012.05,2.811,0.318,2.492,0.35,0.341,0.009,255.1,255
1012.2,2.834,0.319,2.515,0.35,0.344,0.006,254.6,254
1012.35,2.854,0.32,2.533,0.35,0.347,0.003,254.3,254
1012.5,2.869,0.321,2.548,0.35,0.347,0.003,254.5,254
1012.65,2.872,0.322,2.551,0.35,0.347,0.003,254.7,254
1012.8,2.879,0.322,2.557,0.35,0.349,0.001,254.3,254
1012.95,2.892,0.323,2.569,0.35,0.35,-0.0,254.2,254
1013.1,2.905,0.324,2.581,0.35,0.353,-0.003,253.5,253
1013.25,2.906,0.325,2.581,0.35,0.356,-0.006,252.7,252
1013.4,2.911,0.326,2.585,0.35,0.36,-0.01,251.6,251
1013.55,2.91,0.327,2.583,0.35,0.361,-0.011,250.7,250
1013.7,2.92,0.328,2.592,0.35,0.36,-0.01,250.3,250
1013.85,2.918,0.328,2.59,0.35,0.359,-0.009,250.0,250
1014.0,2.918,0.329,2.59,0.35,0.36,-0.01,249.1,249
1014.15,2.922,0.329,2.593,0.35,0.359,-0.009,248.8,248
1014.3,2.924,0.329,2.595,0.35,0.361,-0.011,247.7,247
1014.45,2.926,0.33,2.596,0.35,0.362,-0.012,246.9,246
1014.6,2.913,0.33,2.583,0.35,0.363,-0.013,246.0,245
1014.75,2.912,0.331,2.582,0.35,0.365,-0.015,244.7,244
1014.9,2.901,0.331,2.569,0.35,0.366,-0.016,243.8,243
1015.05,2.886,0.332,2.554,0.35,0.365,-0.015,243.0,243
1015.2,2.882,0.332,2.55,0.35,0.367,-0.017,241.6,241
1015.35,2.871,0.333,2.539,0.35,0.368,-0.018,240.4,240
1015.5,2.858,0.333,2.525,0.35,0.369,-0.019,239.3,239
1015.65,2.846,0.333,2.513,0.35,0.368,-0.018,238.5,238
1015.8,2.831,0.334,2.497,0.35,0.37,-0.02,236.8,236
1015.95,2.82,0.334,2.486,0.35,0.372,-0.022,235.1,235
1016.1,2.807,0.335,2.472,0.35,0.372,-0.022,233.9,233
1016.25,2.784,0.335,2.449,0.35,0.372,-0.022,232.6,232
1016.4,2.761,0.335,2.426,0.35,0.371,-0.021,231.5,231
1016.55,2.734,0.336,2.399,0.35,0.373,-0.023,229.8,229
1016.7,2.719,0.336,2.383,0.35,0.372,-0.022,228.9,228
1016.85,2.702,0.336,2.366,0.35,0.374,-0.024,227.1,227
1017.0,2.674,0.336,2.338,0.35,0.374,-0.024,225.7,225
1017.15,2.654,0.336,2.318,0.35,0.374,-0.024,224.3,224
1017.3,2.627,0.337,2.29,0.35,0.375,-0.025,222.6,222
1017.45,2.604,0.337,2.268,0.35,0.374,-0.024,221.4,221
1017.6,2.576,0.337,2.239,0.35,0.372,-0.022,220.4,220
1017.75,2.551,0.336,2.214,0.35,0.372,-0.022,219.2,219
1017.9,2.526,0.336,2.189,0.35,0.372,-0.022,217.7,217
1018.05,2.498,0.336,2.162,0.35,0.372,-0.022,216.6,216
1018.2,2.471,0.336,2.135,0.35,0.369,-0.019,215.9,215
1018.35,2.433,0.335,2.098,0.35,0.367,-0.017,215.3,215
1018.5,2.403,0.334,2.069,0.35,0.364,-0.014,215.0,214
1018.65,2.371,0.334,2.037,0.35,0.363,-0.013,214.3,214
1018.8,2.339,0.333,2.007,0.35,0.361,-0.011,214.1,214
1018.95,2.308,0.332,1.976,0.35,0.359,-0.009,213.7,213
1019.1,2.261,0.331,1.93,0.35,0.358,-0.008,213.4,213
1019.25,2.222,0.331,1.891,0.35,0.358,-0.008,213.0,212
1019.4,2.176,0.33,1.845,0.35,0.358,-0.008,212.5,212
1019.55,2.134,0.33,1.805,0.35,0.356,-0.006,212.5,212
1019.7,2.097,0.329,1.768,0.35,0.356,-0.006,212.1,212
1019.85,2.051,0.329,1.722,0.35,0.357,-0.007,211.5,211
1020.0,2.006,0.329,1.678,0.35,0.355,-0.005,211.6,211
1020.15,1.968,0.328,1.64,0.35,0.352,-0.002,212.0,211
1020.3,1.935,0.327,1.607,0.35,0.351,-0.001,212.0,212
1020.45,1.894,0.327,1.567,0.35,0.353,-0.003,211.5,211
1020.6,1.86,0.327,1.533,0.35,0.351,-0.001,211.8,211
1020.75,1.819,0.326,1.493,0.35,0.35,0.0,212.0,211
1020.9,1.775,0.326,1.449,0.35,0.351,-0.001,211.6,211
1021.05,1.732,0.326,1.406,0.35,0.349,0.001,212.2,212
1021.2,1.684,0.325,1.359,0.35,0.347,0.003,212.6,212
1021.35,1.636,0.325,1.311,0.35,0.346,0.004,213.0,213
1021.5,1.597,0.324,1.272,0.35,0.347,0.003,212.8,212
1021.65,1.548,0.324,1.223,0.35,0.349,0.001,212.6,212
1021.8,1.509,0.324,1.184,0.35,0.349,0.001,212.8,212
1021.95,1.472,0.324,1.147,0.35,0.349,0.001,212.8,212
1022.1,1.422,0.324,1.097,0.35,0.348,0.002,213.2,213
1022.25,1.373,0.324,1.049,0.35,0.347,0.003,213.6,213
1022.4,1.329,0.324,1.005,0.35,0.345,0.005,214.1,214
1022.55,1.288,0.323,0.965,0.35,0.344,0.006,214.5,214
1022.7,1.25,0.323,0.927,0.35,0.346,0.004,214.5,214
1022.85,1.21,0.323,0.887,0.35,0.346,0.004,214.7,214
1023.0,1.165,0.323,0.842,0.35,0.344,0.006,215.3,215
1023.15,1.12,0.323,0.797,0.35,0.344,0.006,215.7,215
1023.3,1.077,0.323,0.755,0.35,0.345,0.005,215.9,215
1023.45,1.041,0.322,0.719,0.35,0.343,0.007,216.7,216
1023.6,0.998,0.322,0.675,0.35,0.345,0.005,216.6,216
1023.75,0.96,0.323,0.637,0.35,0.346,0.004,216.5,216
1023.9,0.917,0.322,0.595,0.35,0.345,0.005,217.2,217
1024.05,0.877,0.323,0.555,0.35,0.347,0.003,217.0,216
1024.2,0.835,0.323,0.512,0.35,0.346,0.004,217.5,217
1024.35,0.804,0.323,0.481,0.35,0.348,0.002,217.2,217
1024.5,0.762,0.324,0.438,0.35,0.35,0.0,216.9,216
1024.65,0.734,0.324,0.41,0.35,0.348,0.002,217.5,217
1024.8,0.701,0.324,0.378,0.35,0.347,0.003,217.7,217
1024.95,0.673,0.324,0.349,0.35,0.347,0.003,218.0,217
1025.1,0.638,0.323,0.314,0.35,0.346,0.004,218.2,218
1025.25,0.599,0.323,0.275,0.35,0.344,0.006,219.0,218
1025.4,0.574,0.323,0.251,0.35,0.346,0.004,218.8,218
1025.55,0.538,0.323,0.216,0.35,0.343,0.007,219.7,219
1025.7,0.503,0.323,0.18,0.35,0.345,0.005,219.5,219
1025.85,0.47,0.323,0.148,0.35,0.346,0.004,219.7,219
1026.0,0.449,0.323,0.126,0.35,0.345,0.005,220.3,220
1026.15,0.415,0.323,0.092,0.35,0.345,0.005,220.5,220
1026.3,0.388,0.322,0.065,0.35,0.344,0.006,221.0,220
1026.45,0.367,0.322,0.045,0.35,0.344,0.006,221.4,221
1026.6,0.343,0.322,0.021,0.35,0.343,0.007,221.9,221
1026.75,0.319,0.322,-0.003,0.326,0.346,-0.019,215.8,215
1026.9,0.297,0.323,-0.026,0.296,0.348,-0.051,207.7,207
1027.05,0.27,0.323,-0.053,0.266,0.347,-0.081,198.6,198
1027.2,0.255,0.323,-0.068,0.236,0.347,-0.111,187.7,187
1027.35,0.239,0.323,-0.083,0.206,0.345,-0.139,175.4,175
1027.5,0.214,0.323,-0.108,0.176,0.344,-0.168,161.0,161
1027.65,0.201,0.322,-0.121,0.146,0.343,-0.197,145.1,145
1027.8,0.189,0.322,-0.133,0.116,0.339,-0.223,128.2,128
1027.95,0.164,0.321,-0.156,0.086,0.334,-0.248,110.0,110
1028.1,0.156,0.319,-0.163,0.056,0.332,-0.276,89.6,89
1028.25,0.145,0.318,-0.172,0.026,0.325,-0.299,-63.7,0
1028.4,0.125,0.315,-0.19,0.0,0.318,-0.318,-67.4,0
1028.55,0.112,0.313,-0.201,0.0,0.312,-0.312,-76.9,0
1028.7,0.106,0.31,-0.204,0.0,0.305,-0.305,-75.3,0
1028.85,0.091,0.307,-0.216,0.0,0.297,-0.297,-73.3,0
1029.0,0.086,0.305,-0.218,0.0,0.291,-0.291,-71.9,0
1029.15,0.085,0.302,-0.217,0.0,0.285,-0.285,-70.4,0
1029.3,0.081,0.298,-0.217,0.0,0.278,-0.278,-68.7,0
1029.45,0.073,0.295,-0.222,0.0,0.273,-0.273,-67.3,0
1029.6,0.071,0.293,-0.222,0.0,0.268,-0.268,-66.1,0
1029.75,0.078,0.289,-0.212,0.0,0.26,-0.26,-64.1,0
1029.9,0.077,0.286,-0.209,0.0,0.253,-0.253,-62.3,0
1030.05,0.077,0.283,-0.206,0.0,0.248,-0.248,-61.1,0
1030.2,0.083,0.28,-0.197,0.0,0.24,-0.24,-59.1,0
1030.35,0.089,0.277,-0.188,0.0,0.234,-0.234,-57.8,0
1030.5,0.095,0.273,-0.178,0.0,0.227,-0.227,-56.0,0
1030.65,0.095,0.27,-0.175,0.0,0.221,-0.221,-54.6,0
1030.8,0.108,0.267,-0.159,0.0,0.218,-0.218,-53.8,0
1030.95,0.12,0.265,-0.145,0.0,0.214,-0.214,-44.8,0
1031.1,0.134,0.262,-0.129,0.0,0.211,-0.211,-44.2,0
1031.25,0.149,0.26,-0.111,0.0,0.203,-0.203,-42.5,0
1031.4,0.161,0.257,-0.096,0.0,0.199,-0.199,-41.6,0
1031.55,0.171,0.255,-0.084,0.0,0.195,-0.195,-40.7,0
1031.7,0.192,0.252,-0.061,0.0,0.191,-0.191,-40.1,0
1031.85,0.209,0.25,-0.041,0.0,0.185,-0.185,-38.7,0
1032.0,0.233,0.247,-0.014,0.0,0.179,-0.179,-37.5,0
1032.15,0.244,0.245,-0.001,0.169,0.176,-0.007,4.8,4
1032.3,0.263,0.243,0.02,0.33,0.171,0.159,39.0,39
1032.45,0.285,0.241,0.044,0.35,0.168,0.182,47.9,47
1032.6,0.311,0.238,0.073,0.35,0.164,0.186,58.8,58
1032.75,0.33,0.236,0.094,0.35,0.161,0.189,70.3,70
1032.9,0.36,0.235,0.126,0.35,0.158,0.192,81.9,81
1033.05,0.388,0.233,0.155,0.35,0.157,0.193,93.2,93
1033.2,0.409,0.232,0.177,0.35,0.157,0.193,104.4,104
1033.35,0.439,0.231,0.208,0.35,0.156,0.194,116.0,115
1033.5,0.474,0.23,0.244,0.35,0.154,0.196,127.7,127
1033.65,0.51,0.229,0.28,0.35,0.155,0.195,139.0,138
1033.8,0.539,0.229,0.31,0.35,0.155,0.195,150.5,150
1033.95,0.576,0.229,0.347,0.35,0.155,0.195,161.7,161
1034.1,0.6,0.228,0.371,0.35,0.156,0.194,173.0,172
1034.25,0.627,0.229,0.398,0.35,0.158,0.192,183.8,183
1034.4,0.668,0.229,0.439,0.35,0.162,0.188,194.2,194
1034.55,0.705,0.23,0.475,0.35,0.167,0.183,204.0,204
1034.7,0.745,0.232,0.513,0.35,0.171,0.179,214.0,214
1034.85,0.778,0.233,0.545,0.35,0.176,0.174,223.3,223
1035.0,0.806,0.235,0.57,0.35,0.183,0.167,232.0,232
1035.15,0.837,0.238,0.599,0.35,0.189,0.161,240.5,240
1035.3,0.871,0.24,0.631,0.35,0.193,0.157,249.2,249
1035.45,0.916,0.242,0.674,0.35,0.199,0.151,257.1,255
1035.6,0.95,0.245,0.705,0.35,0.206,0.144,255.6,255
1035.75,0.993,0.247,0.746,0.35,0.209,0.141,255.2,255
1035.9,1.035,0.25,0.786,0.35,0.213,0.137,254.2,254
1036.05,1.081,0.252,0.829,0.35,0.219,0.131,260.9,255
1036.2,1.121,0.254,0.866,0.35,0.223,0.127,260.2,255
1036.35,1.156,0.256,0.9,0.35,0.226,0.124,259.6,255
1036.5,1.195,0.258,0.936,0.35,0.229,0.121,258.9,255
1036.65,1.245,0.261,0.984,0.35,0.234,0.116,257.7,255
1036.8,1.283,0.263,1.021,0.35,0.236,0.114,257.3,255
1036.95,1.322,0.264,1.057,0.35,0.241,0.109,256.3,255
1037.1,1.369,0.267,1.102,0.35,0.246,0.104,255.2,255
1037.25,1.414,0.268,1.145,0.35,0.248,0.102,255.0,255
1037.4,1.455,0.27,1.184,0.35,0.252,0.098,254.0,253
1037.55,1.499,0.272,1.227,0.35,0.257,0.093,258.6,255
1037.7,1.546,0.274,1.271,0.35,0.261,0.089,258.0,255
1037.85,1.591,0.276,1.315,0.35,0.264,0.086,257.4,255
1038.0,1.636,0.278,1.358,0.35,0.265,0.085,257.2,255
1038.15,1.674,0.28,1.394,0.35,0.269,0.081,256.1,255
1038.3,1.72,0.281,1.439,0.35,0.275,0.075,254.9,254
1038.45,1.759,0.284,1.476,0.35,0.28,0.07,258.3,255
1038.6,1.807,0.286,1.521,0.35,0.283,0.067,257.7,255
1038.75,1.84,0.287,1.553,0.35,0.285,0.065,257.3,255
1038.9,1.88,0.289,1.592,0.35,0.286,0.064,257.0,255
1039.05,1.927,0.29,1.637,0.35,0.288,0.062,256.8,255
1039.2,1.974,0.291,1.683,0.35,0.29,0.06,256.2,255
1039.35,2.007,0.293,1.714,0.35,0.295,0.055,255.1,255
1039.5,2.052,0.294,1.758,0.35,0.297,0.053,254.7,254
1039.65,2.093,0.296,1.797,0.35,0.299,0.051,257.5,255
1039.8,2.123,0.297,1.826,0.35,0.304,0.046,256.3,255
1039.95,2.163,0.299,1.865,0.35,0.307,0.043,255.6,255
1040.1,2.205,0.3,1.905,0.35,0.308,0.042,255.7,255
1040.25,2.245,0.301,1.944,0.35,0.308,0.042,255.6,255
1040.4,2.273,0.302,1.971,0.35,0.308,0.042,255.6,255
1040.55,2.3,0.302,1.998,0.35,0.309,0.041,255.5,255
1040.7,2.333,0.303,2.029,0.35,0.313,0.037,254.4,254
1040.85,2.364,0.304,2.06,0.35,0.315,0.035,256.4,255
1041.0,2.398,0.305,2.093,0.35,0.315,0.035,256.2,255
1041.15,2.429,0.306,2.123,0.35,0.317,0.033,255.9,255
1041.3,2.465,0.307,2.157,0.35,0.321,0.029,254.8,254
1041.45,2.501,0.309,2.192,0.35,0.325,0.025,255.7,255
1041.6,2.524,0.31,2.214,0.35,0.327,0.023,255.3,255
1041.75,2.56,0.311,2.249,0.35,0.33,0.02,254.8,254
1041.9,2.589,0.312,2.277,0.35,0.333,0.017,255.3,255
1042.05,2.619,0.314,2.306,0.35,0.336,0.014,254.5,254
1042.2,2.646,0.315,2.331,0.35,0.338,0.012,255.0,254
1042.35,2.664,0.317,2.347,0.35,0.342,0.008,254.8,254
1042.5,2.695,0.318,2.376,0.35,0.346,0.004,254.5,254
1042.65,2.724,0.319,2.405,0.35,0.345,0.005,255.0,254
1042.8,2.74,0.32,2.419,0.35,0.347,0.003,254.7,254
1042.95,2.756,0.322,2.434,0.35,0.351,-0.001,254.2,254
1043.1,2.77,0.323,2.447,0.35,0.353,-0.003,253.7,253
1043.25,2.786,0.324,2.462,0.35,0.355,-0.005,253.2,253
1043.4,2.799,0.325,2.474,0.35,0.356,-0.006,252.7,252
1043.55,2.81,0.325,2.485,0.35,0.354,-0.004,252.8,252
1043.7,2.829,0.326,2.504,0.35,0.354,-0.004,252.6,252
1043.85,2.847,0.326,2.52,0.35,0.357,-0.007,251.6,251
1044.0,2.86,0.327,2.534,0.35,0.356,-0.006,251.6,251
1044.15,2.874,0.327,2.547,0.35,0.358,-0.008,250.8,250
1044.3,2.881,0.328,2.553,0.35,0.357,-0.007,250.4,250
1044.45,2.888,0.328,2.56,0.35,0.36,-0.01,249.4,249
1044.6,2.891,0.329,2.562,0.35,0.362,-0.012,248.4,248
1044.75,2.904,0.33,2.574,0.35,0.365,-0.015,247.0,246
1044.9,2.912,0.331,2.582,0.35,0.366,-0.016,246.0,246
1045.05,2.913,0.331,2.581,0.35,0.368,-0.018,244.6,244
1045.2,2.91,0.332,2.578,0.35,0.366,-0.016,244.1,244
1045.35,2.914,0.332,2.582,0.35,0.366,-0.016,243.0,242
1045.5,2.912,0.332,2.579,0.35,0.365,-0.015,242.4,242
1045.65,2.909,0.332,2.577,0.35,0.363,-0.013,242.0,241
1045.8,2.905,0.332,2.573,0.35,0.364,-0.014,240.8,240
1045.95,2.907,0.332,2.575,0.35,0.365,-0.015,239.9,239
1046.1,2.897,0.332,2.565,0.35,0.364,-0.014,239.3,239
1046.25,2.898,0.332,2.566,0.35,0.364,-0.014,238.5,238
1046.4,2.897,0.332,2.565,0.35,0.362,-0.012,238.0,238
1046.55,2.891,0.332,2.559,0.35,0.362,-0.012,237.4,237
1046.7,2.875,0.331,2.544,0.35,0.361,-0.011,236.9,236
1046.85,2.862,0.331,2.531,0.35,0.36,-0.01,236.4,236
1047.0,2.854,0.331,2.523,0.35,0.362,-0.012,235.4,235
1047.15,2.84,0.331,2.509,0.35,0.364,-0.014,234.2,234
1047.3,2.821,0.331,2.49,0.35,0.363,-0.013,233.7,233
1047.45,2.811,0.331,2.48,0.35,0.362,-0.012,233.2,233
1047.6,2.788,0.331,2.457,0.35,0.362,-0.012,232.4,232
1047.75,2.766,0.331,2.435,0.35,0.363,-0.013,231.5,231
1047.9,2.748,0.331,2.417,0.35,0.362,-0.012,231.0,231
1048.05,2.735,0.331,2.404,0.35,0.362,-0.012,230.1,230
1048.2,2.72,0.331,2.389,0.35,0.362,-0.012,229.5,229
1048.35,2.697,0.331,2.365,0.35,0.364,-0.014,228.4,228
1048.5,2.67,0.331,2.339,0.35,0.362,-0.012,228.1,228
1048.65,2.64,0.331,2.309,0.35,0.36,-0.01,227.9,227
1048.8,2.616,0.33,2.285,0.35,0.357,-0.007,227.8,227
1048.95,2.587,0.33,2.257,0.35,0.358,-0.008,227.1,227
1049.1,2.554,0.33,2.224,0.35,0.358,-0.008,226.8,226
1049.25,2.527,0.33,2.197,0.35,0.36,-0.01,225.8,225
1049.4,2.491,0.33,2.162,0.35,0.359,-0.009,225.6,225
1049.55,2.455,0.329,2.125,0.35,0.357,-0.007,225.4,225
1049.7,2.422,0.329,2.093,0.35,0.359,-0.009,224.5,224
1049.85,2.391,0.33,2.061,0.35,0.36,-0.01,223.8,223
1050.0,2.365,0.329,2.036,0.35,0.358,-0.008,223.6,223
1050.15,2.33,0.329,2.001,0.35,0.356,-0.006,223.7,223
1050.3,2.303,0.329,1.974,0.35,0.354,-0.004,223.8,223
1050.45,2.267,0.328,1.938,0.35,0.356,-0.006,222.9,222
1050.6,2.225,0.328,1.897,0.35,0.355,-0.005,223.0,222
1050.75,2.194,0.328,1.866,0.35,0.353,-0.003,223.1,223
1050.9,2.153,0.327,1.825,0.35,0.352,-0.002,223.0,223
1051.05,2.117,0.327,1.79,0.35,0.353,-0.003,222.8,222
1051.2,2.081,0.327,1.754,0.35,0.352,-0.002,222.9,222
1051.35,2.047,0.327,1.72,0.35,0.354,-0.004,222.2,222
1051.5,2.01,0.327,1.683,0.35,0.355,-0.005,221.9,221
1051.65,1.973,0.327,1.646,0.35,0.353,-0.003,222.0,222
1051.8,1.937,0.327,1.61,0.35,0.354,-0.004,221.7,221
1051.95,1.893,0.327,1.566,0.35,0.353,-0.003,221.6,221
1052.1,1.854,0.327,1.527,0.35,0.354,-0.004,221.2,221
1052.25,1.808,0.327,1.48,0.35,0.356,-0.006,220.6,220
1052.4,1.766,0.327,1.439,0.35,0.357,-0.007,220.0,219
1052.55,1.716,0.327,1.388,0.35,0.355,-0.005,220.1,220
1052.7,1.674,0.328,1.347,0.35,0.357,-0.007,219.3,219
1052.85,1.63,0.328,1.302,0.35,0.355,-0.005,219.4,219
1053.0,1.58,0.328,1.252,0.35,0.356,-0.006,218.8,218
1053.15,1.534,0.327,1.206,0.35,0.353,-0.003,219.1,219
1053.3,1.493,0.327,1.166,0.35,0.353,-0.003,218.9,218
1053.45,1.447,0.327,1.12,0.35,0.354,-0.004,218.6,218
1053.6,1.4,0.327,1.073,0.35,0.353,-0.003,218.6,218
1053.75,1.353,0.327,1.026,0.35,0.353,-0.003,218.5,218
1053.9,1.305,0.326,0.978,0.35,0.351,-0.001,218.8,218
1054.05,1.26,0.326,0.935,0.35,0.348,0.002,219.3,219
1054.2,1.216,0.325,0.891,0.35,0.347,0.003,219.6,219
1054.35,1.181,0.325,0.857,0.35,0.345,0.005,220.3,220
1054.5,1.136,0.324,0.812,0.35,0.346,0.004,220.3,220
1054.65,1.101,0.324,0.777,0.35,0.344,0.006,221.1,221
1054.8,1.068,0.323,0.745,0.35,0.345,0.005,221.0,221
1054.95,1.032,0.323,0.709,0.35,0.347,0.003,221.0,220
1055.1,0.987,0.323,0.664,0.35,0.345,0.005,221.6,221
1055.25,0.944,0.323,0.621,0.35,0.344,0.006,222.1,222
1055.4,0.905,0.323,0.582,0.35,0.345,0.005,222.1,222
1055.55,0.861,0.323,0.538,0.35,0.344,0.006,222.8,222
1055.7,0.83,0.322,0.508,0.35,0.342,0.008,223.5,223
1055.85,0.788,0.322,0.465,0.35,0.344,0.006,223.5,223
1056.0,0.755,0.322,0.433,0.35,0.344,0.006,223.9,223
1056.15,0.716,0.322,0.394,0.35,0.343,0.007,224.5,224
1056.3,0.683,0.322,0.361,0.35,0.345,0.005,224.3,224
1056.45,0.653,0.322,0.331,0.35,0.345,0.005,224.8,224
1056.6,0.617,0.322,0.294,0.35,0.346,0.004,224.8,224
1056.75,0.586,0.323,0.263,0.35,0.346,0.004,225.0,224
1056.9,0.555,0.323,0.233,0.35,0.345,0.005,225.4,225
1057.05,0.527,0.323,0.205,0.35,0.345,0.005,225.7,225
1057.2,0.491,0.323,0.169,0.35,0.345,0.005,226.1,226
1057.35,0.464,0.323,0.141,0.35,0.345,0.005,226.3,226
1057.5,0.441,0.322,0.119,0.35,0.343,0.007,227.2,227
1057.65,0.418,0.322,0.096,0.35,0.342,0.008,227.8,227
1057.8,0.388,0.322,0.066,0.35,0.343,0.007,227.9,227
1057.95,0.365,0.322,0.043,0.35,0.342,0.008,228.6,228
1058.1,0.339,0.322,0.017,0.35,0.342,0.008,228.9,228
1058.25,0.311,0.322,-0.01,0.32,0.345,-0.025,221.3,221
1058.4,0.281,0.322,-0.04,0.29,0.343,-0.053,214.2,214
1058.55,0.266,0.322,-0.056,0.26,0.345,-0.085,204.2,204
1058.7,0.246,0.322,-0.076,0.23,0.344,-0.114,193.2,193
1058.85,0.221,0.322,-0.101,0.2,0.344,-0.144,180.1,180
1059.0,0.195,0.322,-0.127,0.17,0.345,-0.175,165.3,165
1059.15,0.182,0.322,-0.14,0.14,0.343,-0.203,149.1,149
1059.3,0.171,0.321,-0.151,0.11,0.339,-0.229,131.9,131
1059.45,0.155,0.321,-0.166,0.08,0.336,-0.256,112.7,112
1059.6,0.135,0.319,-0.184,0.05,0.332,-0.282,-60.1,0
1059.75,0.123,0.318,-0.194,0.02,0.325,-0.305,-64.8,0
1059.9,0.111,0.315,-0.204,0.0,0.316,-0.316,-77.9,0
1060.05,0.105,0.312,-0.207,0.0,0.307,-0.307,-75.7,0
1060.2,0.1,0.309,-0.209,0.0,0.297,-0.297,-73.2,0
1060.35,0.094,0.305,-0.212,0.0,0.289,-0.289,-71.2,0
1060.5,0.085,0.301,-0.216,0.0,0.28,-0.28,-69.0,0
1060.65,0.073,0.298,-0.224,0.0,0.272,-0.272,-67.2,0
1060.8,0.067,0.294,-0.227,0.0,0.265,-0.265,-65.5,0
1060.95,0.063,0.29,-0.228,0.0,0.257,-0.257,-63.5,0
1061.1,0.067,0.286,-0.219,0.0,0.251,-0.251,-61.9,0
1061.25,0.076,0.283,-0.207,0.0,0.245,-0.245,-60.4,0
1061.4,0.083,0.28,-0.197,0.0,0.241,-0.241,-59.4,0
1061.55,0.088,0.277,-0.189,0.0,0.237,-0.237,-58.5,0
1061.7,0.085,0.274,-0.189,0.0,0.233,-0.233,-57.6,0
1061.85,0.097,0.272,-0.175,0.0,0.23,-0.23,-56.7,0
1062.0,0.106,0.27,-0.164,0.0,0.226,-0.226,-55.8,0
1062.15,0.115,0.268,-0.152,0.0,0.223,-0.223,-54.9,0
1062.3,0.121,0.265,-0.144,0.0,0.217,-0.217,-45.4,0
1062.45,0.126,0.263,-0.137,0.0,0.213,-0.213,-44.5,0
1062.6,0.132,0.261,-0.128,0.0,0.208,-0.208,-43.6,0
1062.75,0.149,0.258,-0.109,0.0,0.202,-0.202,-42.1,0
1062.9,0.158,0.256,-0.098,0.0,0.195,-0.195,-40.8,0
1063.05,0.168,0.253,-0.085,0.0,0.191,-0.191,-39.9,0
1063.2,0.193,0.251,-0.057,0.0,0.187,-0.187,-39.0,0
1063.35,0.204,0.248,-0.044,0.0,0.181,-0.181,-37.8,0
1063.5,0.228,0.246,-0.018,0.0,0.177,-0.177,-37.0,0
1063.65,0.247,0.243,0.003,0.207,0.172,0.034,15.0,14
1063.8,0.271,0.241,0.03,0.35,0.168,0.182,45.6,45
1063.95,0.297,0.239,0.057,0.35,0.168,0.182,50.8,50
1064.1,0.325,0.238,0.087,0.35,0.167,0.183,61.7,61
1064.25,0.348,0.236,0.111,0.35,0.163,0.187,73.3,73
1064.4,0.368,0.235,0.133,0.35,0.16,0.19,84.9,84
1064.55,0.4,0.233,0.167,0.35,0.157,0.193,96.7,96
1064.7,0.428,0.232,0.196,0.35,0.159,0.191,107.4,107
1064.85,0.449,0.231,0.218,0.35,0.157,0.193,119.2,119
1065.0,0.479,0.23,0.248,0.35,0.156,0.194,130.5,130
1065.15,0.514,0.23,0.283,0.35,0.158,0.192,141.4,141
1065.3,0.551,0.23,0.321,0.35,0.162,0.188,151.8,151
1065.45,0.58,0.231,0.349,0.35,0.166,0.184,161.9,161
1065.6,0.605,0.232,0.374,0.35,0.168,0.182,172.3,172
1065.75,0.643,0.232,0.41,0.35,0.169,0.181,182.7,182
1065.9,0.677,0.234,0.443,0.35,0.174,0.176,192.3,192
1066.05,0.709,0.235,0.474,0.35,0.179,0.171,201.3,201
1066.2,0.751,0.237,0.514,0.35,0.182,0.168,210.7,210
1066.35,0.787,0.238,0.549,0.35,0.185,0.165,220.2,220
1066.5,0.826,0.24,0.586,0.35,0.191,0.159,228.4,228
1066.65,0.858,0.242,0.616,0.35,0.194,0.156,237.1,237
1066.8,0.895,0.244,0.651,0.35,0.2,0.15,244.9,244
1066.95,0.938,0.246,0.692,0.35,0.204,0.146,252.9,252
1067.1,0.973,0.248,0.725,0.35,0.209,0.141,260.4,255
1067.25,1.009,0.25,0.759,0.35,0.213,0.137,259.6,255
1067.4,1.056,0.252,0.805,0.35,0.215,0.135,259.2,255
1067.55,1.101,0.254,0.847,0.35,0.222,0.128,257.6,255
1067.7,1.146,0.257,0.889,0.35,0.228,0.122,256.4,255
1067.85,1.193,0.259,0.934,0.35,0.232,0.118,255.6,255
1068.0,1.226,0.261,0.965,0.35,0.238,0.112,254.2,254
1068.15,1.271,0.264,1.008,0.35,0.241,0.109,260.2,255
1068.3,1.312,0.266,1.046,0.35,0.246,0.104,259.2,255
1068.45,1.355,0.268,1.087,0.35,0.25,0.1,258.4,255
1068.6,1.395,0.271,1.124,0.35,0.255,0.095,257.3,255
1068.75,1.435,0.273,1.162,0.35,0.259,0.091,256.3,255
1068.9,1.478,0.275,1.203,0.35,0.263,0.087,255.6,255
1069.05,1.518,0.277,1.241,0.35,0.265,0.085,255.2,255
1069.2,1.568,0.279,1.289,0.35,0.271,0.079,253.9,253
1069.35,1.603,0.281,1.322,0.35,0.274,0.076,257.8,255
1069.5,1.648,0.283,1.364,0.35,0.279,0.071,256.7,255
1069.65,1.691,0.285,1.406,0.35,0.282,0.068,256.3,255
1069.8,1.726,0.287,1.439,0.35,0.287,0.063,255.3,255
1069.95,1.772,0.289,1.483,0.35,0.29,0.06,254.6,254
1070.1,1.818,0.291,1.527,0.35,0.292,0.058,257.8,255
1070.25,1.863,0.292,1.571,0.35,0.292,0.058,257.7,255
1070.4,1.898,0.293,1.605,0.35,0.294,0.056,257.2,255
1070.55,1.935,0.295,1.64,0.35,0.297,0.053,256.6,255
1070.7,1.972,0.296,1.676,0.35,0.301,0.049,255.7,255
1070.85,2.006,0.298,1.709,0.35,0.303,0.047,255.3,255
1071.0,2.055,0.299,1.757,0.35,0.306,0.044,254.7,254
1071.15,2.101,0.3,1.801,0.35,0.309,0.041,256.8,255
1071.3,2.144,0.302,1.842,0.35,0.312,0.038,255.9,255
1071.45,2.178,0.303,1.875,0.35,0.313,0.037,255.9,255
1071.6,2.215,0.304,1.911,0.35,0.314,0.036,255.6,255
1071.75,2.257,0.305,1.952,0.35,0.318,0.032,254.7,254
1071.9,2.294,0.306,1.987,0.35,0.32,0.03,256.2,255
1072.05,2.322,0.308,2.014,0.35,0.324,0.026,255.3,255
1072.2,2.356,0.309,2.047,0.35,0.329,0.021,254.4,254
1072.35,2.385,0.311,2.074,0.35,0.329,0.021,255.6,255
1072.5,2.423,0.312,2.111,0.35,0.332,0.018,255.1,255
1072.65,2.459,0.313,2.146,0.35,0.335,0.015,254.3,254
1072.8,2.497,0.314,2.182,0.35,0.336,0.014,255.1,255
1072.95,2.519,0.316,2.203,0.35,0.339,0.011,254.4,254
1073.1,2.541,0.317,2.224,0.35,0.341,0.009,254.5,254
1073.25,2.573,0.318,2.255,0.35,0.345,0.005,254.3,254
1073.4,2.607,0.319,2.288,0.35,0.344,0.006,254.9,254
1073.55,2.633,0.32,2.313,0.35,0.343,0.007,255.4,255
1073.7,2.663,0.321,2.343,0.35,0.347,0.003,254.5,254
1073.85,2.692,0.322,2.371,0.35,0.348,0.002,254.6,254
1074.0,2.715,0.322,2.393,0.35,0.349,0.001,254.5,254
1074.15,2.733,0.323,2.41,0.35,0.352,-0.002,253.9,253
1074.3,2.76,0.324,2.436,0.35,0.354,-0.004,253.2,253
1074.45,2.773,0.325,2.448,0.35,0.355,-0.005,252.9,252
1074.6,2.793,0.326,2.467,0.35,0.358,-0.008,252.0,251
1074.75,2.81,0.327,2.483,0.35,0.358,-0.008,251.7,251
1074.9,2.826,0.327,2.499,0.35,0.358,-0.008,251.0,251
1075.05,2.842,0.328,2.515,0.35,0.358,-0.008,250.6,250
1075.2,2.853,0.328,2.525,0.35,0.359,-0.009,250.0,250
1075.35,2.865,0.328,2.536,0.35,0.359,-0.009,249.5,249
1075.5,2.878,0.329,2.55,0.35,0.359,-0.009,249.0,248
1075.65,2.884,0.329,2.555,0.35,0.36,-0.01,248.1,248
1075.8,2.888,0.329,2.559,0.35,0.359,-0.009,247.8,247
1075.95,2.893,0.329,2.564,0.35,0.358,-0.008,247.6,247
1076.1,2.903,0.329,2.574,0.35,0.359,-0.009,246.7,246
1076.25,2.911,0.329,2.582,0.35,0.36,-0.01,246.0,246
1076.4,2.911,0.33,2.581,0.35,0.363,-0.013,244.8,244
1076.55,2.91,0.33,2.58,0.35,0.364,-0.014,243.8,243
1076.7,2.909,0.331,2.578,0.35,0.367,-0.017,242.4,242
1076.85,2.914,0.332,2.582,0.35,0.366,-0.016,241.7,241
1077.0,2.92,0.332,2.588,0.35,0.367,-0.017,240.4,240
1077.15,2.916,0.332,2.584,0.35,0.366,-0.016,239.7,239
1077.3,2.921,0.333,2.588,0.35,0.367,-0.017,238.5,238
1077.45,2.923,0.333,2.59,0.35,0.366,-0.016,237.8,237
1077.6,2.913,0.333,2.58,0.35,0.367,-0.017,236.5,236
1077.75,2.901,0.333,2.569,0.35,0.365,-0.015,236.0,236
1077.9,2.895,0.333,2.562,0.35,0.366,-0.016,234.8,234
1078.05,2.885,0.333,2.552,0.35,0.365,-0.015,234.2,234
1078.2,2.871,0.333,2.538,0.35,0.365,-0.015,233.4,233
1078.35,2.86,0.332,2.528,0.35,0.363,-0.013,232.9,232
1078.5,2.851,0.332,2.518,0.35,0.364,-0.014,231.8,231
1078.65,2.832,0.332,2.5,0.35,0.363,-0.013,231.4,231
1078.8,2.821,0.332,2.489,0.35,0.361,-0.011,231.1,231
1078.95,2.801,0.331,2.47,0.35,0.36,-0.01,230.5,230
1079.1,2.776,0.331,2.445,0.35,0.362,-0.012,229.5,229
1079.25,2.757,0.331,2.426,0.35,0.363,-0.013,228.7,228
1079.4,2.739,0.331,2.408,0.35,0.361,-0.011,228.4,228
1079.55,2.711,0.331,2.38,0.35,0.363,-0.013,227.2,227
1079.7,2.686,0.331,2.355,0.35,0.361,-0.011,226.9,226
1079.85,2.665,0.331,2.334,0.35,0.362,-0.012,226.1,226
1080.0,2.646,0.331,2.315,0.35,0.364,-0.014,224.9,224
1080.15,2.619,0.332,2.287,0.35,0.366,-0.016,223.7,223
1080.3,2.587,0.332,2.255,0.35,0.367,-0.017,222.5,222
1080.45,2.556,0.332,2.224,0.35,0.365,-0.015,222.1,222
1080.6,2.524,0.332,2.192,0.35,0.364,-0.014,221.4,221
1080.75,2.496,0.332,2.165,0.35,0.362,-0.012,220.9,220
1080.9,2.463,0.332,2.131,0.35,0.363,-0.013,220.0,220
1081.05,2.431,0.332,2.099,0.35,0.363,-0.013,219.3,219
1081.2,2.394,0.332,2.062,0.35,0.365,-0.015,218.0,218
1081.35,2.361,0.332,2.028,0.35,0.365,-0.015,217.2,217
1081.5,2.327,0.332,1.996,0.35,0.363,-0.013,216.8,216
1081.65,2.293,0.332,1.961,0.35,0.365,-0.015,215.5,215
1081.8,2.267,0.332,1.935,0.35,0.366,-0.016,214.5,214
1081.95,2.236,0.333,1.904,0.35,0.367,-0.017,213.4,213
1082.1,2.199,0.333,1.866,0.35,0.367,-0.017,212.3,212
1082.25,2.169,0.333,1.836,0.35,0.368,-0.018,211.1,211
1082.4,2.131,0.333,1.798,0.35,0.365,-0.015,210.8,210
1082.55,2.087,0.333,1.754,0.35,0.363,-0.013,210.3,210
1082.7,2.049,0.332,1.716,0.35,0.363,-0.013,209.5,209
1082.85,2.003,0.332,1.671,0.35,0.363,-0.013,208.7,208
1083.0,1.961,0.332,1.63,0.35,0.361,-0.011,208.4,208
1083.15,1.917,0.331,1.586,0.35,0.358,-0.008,208.4,208
1083.3,1.88,0.331,1.55,0.35,0.359,-0.009,207.7,207
1083.45,1.847,0.33,1.517,0.35,0.359,-0.009,207.1,207
1083.6,1.804,0.33,1.474,0.35,0.357,-0.007,207.1,207
1083.75,1.763,0.33,1.434,0.35,0.357,-0.007,206.7,206
1083.9,1.724,0.329,1.395,0.35,0.356,-0.006,206.5,206
1084.05,1.688,0.329,1.359,0.35,0.355,-0.005,206.3,206
1084.2,1.641,0.328,1.313,0.35,0.352,-0.002,206.8,206
1084.35,1.593,0.327,1.266,0.35,0.35,-0.0,206.9,206
1084.5,1.549,0.327,1.222,0.35,0.351,-0.001,206.7,206
1084.65,1.51,0.327,1.184,0.35,0.352,-0.002,206.5,206
1084.8,1.469,0.326,1.142,0.35,0.35,0.0,206.9,206
1084.95,1.428,0.326,1.102,0.35,0.347,0.003,207.4,207
1085.1,1.392,0.325,1.067,0.35,0.349,0.001,207.1,207
1085.25,1.342,0.325,1.017,0.35,0.347,0.003,207.6,207
1085.4,1.307,0.325,0.982,0.35,0.348,0.002,207.6,207
1085.55,1.259,0.324,0.935,0.35,0.345,0.005,208.4,208
1085.7,1.209,0.324,0.886,0.35,0.344,0.006,208.9,208
1085.85,1.163,0.323,0.841,0.35,0.341,0.009,209.8,209
1086.0,1.129,0.322,0.807,0.35,0.34,0.01,210.7,210
1086.15,1.082,0.322,0.76,0.35,0.34,0.01,211.1,211
1086.3,1.043,0.321,0.722,0.35,0.338,0.012,212.1,212
1086.45,0.999,0.32,0.679,0.35,0.337,0.013,213.0,213
1086.6,0.959,0.32,0.64,0.35,0.336,0.014,214.1,214
1086.75,0.926,0.319,0.607,0.35,0.336,0.014,214.8,214
1086.9,0.892,0.319,0.573,0.35,0.337,0.013,215.3,215
1087.05,0.849,0.319,0.53,0.35,0.337,0.013,216.1,216
1087.2,0.818,0.319,0.499,0.35,0.336,0.014,217.2,217
1087.35,0.78,0.318,0.461,0.35,0.334,0.016,218.4,218
1087.5,0.739,0.318,0.422,0.35,0.333,0.017,219.7,219
1087.65,0.697,0.318,0.38,0.35,0.333,0.017,220.5,220
1087.8,0.669,0.317,0.351,0.35,0.334,0.016,221.3,221
1087.95,0.64,0.317,0.322,0.35,0.334,0.016,222.2,222
1088.1,0.604,0.317,0.287,0.35,0.333,0.017,223.5,223
1088.25,0.575,0.317,0.258,0.35,0.332,0.018,224.7,224
1088.4,0.544,0.317,0.227,0.35,0.332,0.018,225.8,225
1088.55,0.513,0.317,0.196,0.35,0.333,0.017,226.5,226
1088.7,0.478,0.317,0.161,0.35,0.336,0.014,226.8,226
1088.85,0.454,0.317,0.137,0.35,0.335,0.015,227.9,227
1089.0,0.425,0.317,0.108,0.35,0.337,0.013,228.4,228
1089.15,0.402,0.318,0.085,0.35,0.338,0.012,228.9,228
1089.3,0.373,0.318,0.055,0.35,0.338,0.012,229.6,229
1089.45,0.35,0.318,0.032,0.35,0.338,0.012,230.4,230
1089.6,0.327,0.319,0.008,0.35,0.339,0.011,230.8,230
1089.75,0.297,0.319,-0.022,0.32,0.338,-0.018,224.2,224
1089.9,0.269,0.319,-0.05,0.29,0.339,-0.049,216.7,216
1090.05,0.252,0.319,-0.067,0.26,0.339,-0.079,207.7,207
1090.2,0.233,0.319,-0.087,0.23,0.339,-0.109,196.6,196
1090.35,0.214,0.319,-0.105,0.2,0.339,-0.139,183.9,183
1090.5,0.197,0.319,-0.123,0.17,0.339,-0.169,169.5,169
1090.65,0.176,0.319,-0.143,0.14,0.336,-0.196,154.0,154
1090.8,0.167,0.318,-0.152,0.11,0.333,-0.223,137.1,137
1090.95,0.15,0.317,-0.167,0.08,0.327,-0.247,118.9,118
1091.1,0.144,0.316,-0.172,0.05,0.324,-0.274,-58.4,0
1091.25,0.135,0.314,-0.179,0.02,0.315,-0.295,-62.9,0
1091.4,0.122,0.311,-0.189,0.0,0.309,-0.309,-65.3,0
1091.55,0.113,0.309,-0.196,0.0,0.3,-0.3,-74.1,0
1091.7,0.097,0.306,-0.209,0.0,0.292,-0.292,-72.1,0
1091.85,0.09,0.302,-0.212,0.0,0.283,-0.283,-69.8,0
1092.0,0.086,0.299,-0.212,0.0,0.276,-0.276,-68.1,0
1092.15,0.082,0.295,-0.213,0.0,0.268,-0.268,-66.1,0
1092.3,0.083,0.291,-0.208,0.0,0.261,-0.261,-64.5,0
1092.45,0.085,0.288,-0.202,0.0,0.253,-0.253,-62.3,0
1092.6,0.077,0.284,-0.207,0.0,0.248,-0.248,-61.3,0
1092.75,0.084,0.281,-0.197,0.0,0.24,-0.24,-59.3,0
1092.9,0.082,0.277,-0.195,0.0,0.232,-0.232,-57.3,0
1093.05,0.089,0.274,-0.185,0.0,0.226,-0.226,-55.6,0
1093.2,0.086,0.27,-0.184,0.0,0.22,-0.22,-54.3,0
1093.35,0.099,0.267,-0.168,0.0,0.215,-0.215,-53.1,0
1093.5,0.11,0.264,-0.154,0.0,0.21,-0.21,-51.8,0
1093.65,0.117,0.261,-0.144,0.0,0.206,-0.206,-50.8,0
1093.8,0.12,0.259,-0.139,0.0,0.202,-0.202,-49.8,0
1093.95,0.127,0.256,-0.128,0.0,0.196,-0.196,-40.8,0
1094.1,0.137,0.253,-0.116,0.0,0.191,-0.191,-39.9,0
1094.25,0.159,0.251,-0.092,0.0,0.185,-0.185,-38.6,0
1094.4,0.168,0.248,-0.079,0.0,0.18,-0.18,-37.5,0
1094.55,0.179,0.245,-0.066,0.0,0.175,-0.175,-36.6,0
1094.7,0.205,0.243,-0.038,0.0,0.173,-0.173,-36.3,0
1094.85,0.219,0.241,-0.022,0.0,0.17,-0.17,-35.7,0
1095.0,0.245,0.239,0.006,0.226,0.167,0.059,20.7,20
1095.15,0.27,0.238,0.033,0.35,0.166,0.184,46.7,46
1095.3,0.291,0.236,0.055,0.35,0.164,0.186,53.4,53
1095.45,0.316,0.235,0.081,0.35,0.159,0.191,65.3,65
1095.6,0.335,0.233,0.102,0.35,0.156,0.194,77.2,77
1095.75,0.365,0.232,0.133,0.35,0.155,0.195,88.5,88
1095.9,0.383,0.231,0.152,0.35,0.157,0.193,99.5,99
1096.05,0.417,0.23,0.186,0.35,0.157,0.193,110.7,110
1096.2,0.441,0.23,0.211,0.35,0.158,0.192,121.8,121
1096.35,0.468,0.23,0.239,0.35,0.157,0.193,133.4,133
1096.5,0.504,0.229,0.274,0.35,0.158,0.192,144.5,144
1096.65,0.527,0.229,0.298,0.35,0.157,0.193,156.0,155
1096.8,0.564,0.229,0.335,0.35,0.158,0.192,166.9,166
1096.95,0.589,0.229,0.359,0.35,0.16,0.19,177.8,177
1097.1,0.616,0.23,0.386,0.35,0.163,0.187,188.2,188
1097.25,0.656,0.231,0.425,0.35,0.168,0.182,197.9,197
1097.4,0.684,0.232,0.452,0.35,0.172,0.178,207.9,207
1097.55,0.724,0.233,0.491,0.35,0.174,0.176,217.9,217
1097.7,0.756,0.235,0.522,0.35,0.177,0.173,227.7,227
1097.85,0.79,0.236,0.554,0.35,0.181,0.169,236.8,236
1098.0,0.826,0.238,0.589,0.35,0.186,0.164,245.7,245
1098.15,0.874,0.24,0.634,0.35,0.192,0.158,254.0,253
1098.3,0.918,0.242,0.675,0.35,0.199,0.151,261.8,255
1098.45,0.96,0.245,0.716,0.35,0.204,0.146,260.7,255
1098.6,0.998,0.247,0.751,0.35,0.208,0.142,259.9,255
1098.75,1.044,0.25,0.795,0.35,0.215,0.135,258.4,255
1098.9,1.077,0.252,0.825,0.35,0.219,0.131,257.7,255
1099.05,1.117,0.254,0.863,0.35,0.223,0.127,256.7,255
1099.2,1.153,0.257,0.896,0.35,0.229,0.121,255.4,255
1099.35,1.195,0.259,0.936,0.35,0.232,0.118,255.0,254
1099.5,1.235,0.261,0.974,0.35,0.235,0.115,261.2,255
1099.65,1.274,0.264,1.01,0.35,0.241,0.109,259.8,255
1099.8,1.317,0.266,1.052,0.35,0.244,0.106,259.3,255
1099.95,1.365,0.268,1.097,0.35,0.246,0.104,258.9,255
1100.1,1.411,0.269,1.141,0.35,0.249,0.101,258.2,255
1100.25,1.458,0.271,1.187,0.35,0.253,0.097,257.5,255
1100.4,1.496,0.273,1.223,0.35,0.254,0.096,257.3,255
1100.55,1.532,0.274,1.258,0.35,0.259,0.091,256.1,255
1100.7,1.576,0.276,1.3,0.35,0.261,0.089,255.7,255
1100.85,1.626,0.277,1.349,0.35,0.263,0.087,255.3,255
1101.0,1.676,0.279,1.398,0.35,0.265,0.085,254.9,254
1101.15,1.723,0.28,1.443,0.35,0.27,0.08,258.7,255
1101.3,1.767,0.282,1.485,0.35,0.271,0.079,258.6,255
1101.45,1.808,0.283,1.524,0.35,0.276,0.074,257.4,255
1101.6,1.847,0.285,1.563,0.35,0.278,0.072,257.3,255
1101.75,1.881,0.286,1.595,0.35,0.279,0.071,257.0,255
1101.9,1.923,0.287,1.636,0.35,0.281,0.069,256.5,255
1102.05,1.969,0.288,1.681,0.35,0.282,0.068,256.3,255
1102.2,2.002,0.289,1.713,0.35,0.284,0.066,256.0,255
1102.35,2.037,0.29,1.747,0.35,0.288,0.062,254.9,254
1102.5,2.075,0.291,1.783,0.35,0.29,0.06,258.3,255
1102.65,2.119,0.292,1.827,0.35,0.29,0.06,258.3,255
1102.8,2.158,0.294,1.864,0.35,0.295,0.055,257.2,255
1102.95,2.188,0.295,1.893,0.35,0.296,0.054,256.9,255
1103.1,2.233,0.296,1.937,0.35,0.299,0.051,256.4,255
1103.25,2.27,0.297,1.973,0.35,0.302,0.048,255.6,255
1103.4,2.307,0.298,2.009,0.35,0.302,0.048,255.7,255
1103.55,2.338,0.299,2.038,0.35,0.305,0.045,255.2,255
1103.7,2.372,0.301,2.072,0.35,0.309,0.041,254.3,254
1103.85,2.411,0.302,2.109,0.35,0.311,0.039,256.2,255
1104.0,2.445,0.303,2.142,0.35,0.315,0.035,255.5,255
1104.15,2.479,0.304,2.174,0.35,0.315,0.035,255.5,255
1104.3,2.509,0.305,2.203,0.35,0.317,0.033,254.9,254
1104.45,2.541,0.306,2.235,0.35,0.32,0.03,256.3,255
1104.6,2.565,0.308,2.258,0.35,0.323,0.027,255.7,255
1104.75,2.599,0.309,2.29,0.35,0.323,0.027,255.7,255
1104.9,2.619,0.31,2.309,0.35,0.325,0.025,255.3,255
1105.05,2.642,0.31,2.332,0.35,0.326,0.024,255.1,255
1105.2,2.662,0.311,2.351,0.35,0.326,0.024,255.2,255
1105.35,2.69,0.312,2.378,0.35,0.328,0.022,254.6,254
1105.5,2.712,0.312,2.4,0.35,0.328,0.022,255.9,255
1105.65,2.738,0.313,2.425,0.35,0.332,0.018,254.9,254
1105.8,2.763,0.314,2.449,0.35,0.332,0.018,256.1,255
1105.95,2.777,0.315,2.462,0.35,0.337,0.013,255.1,255
1106.1,2.79,0.316,2.474,0.35,0.336,0.014,255.3,255
1106.25,2.813,0.317,2.496,0.35,0.34,0.01,254.3,254
1106.4,2.83,0.318,2.513,0.35,0.34,0.01,255.0,255
1106.55,2.841,0.319,2.522,0.35,0.344,0.006,254.0,254
1106.7,2.86,0.32,2.54,0.35,0.344,0.006,254.5,254
1106.85,2.878,0.32,2.558,0.35,0.343,0.007,255.1,255
1107.0,2.887,0.32,2.567,0.35,0.343,0.007,255.2,255
1107.15,2.902,0.321,2.581,0.35,0.346,0.004,254.4,254
1107.3,2.905,0.321,2.584,0.35,0.345,0.005,255.0,254
1107.45,2.91,0.322,2.588,0.35,0.347,0.003,254.7,254
1107.6,2.919,0.322,2.597,0.35,0.347,0.003,255.1,255
1107.75,2.929,0.323,2.606,0.35,0.347,0.003,254.9,254
1107.9,2.935,0.323,2.612,0.35,0.347,0.003,255.1,255
1108.05,2.939,0.323,2.616,0.35,0.346,0.004,255.3,255
1108.2,2.934,0.323,2.611,0.35,0.348,0.002,254.9,254
1108.35,2.928,0.323,2.604,0.35,0.347,0.003,255.4,255
1108.5,2.92,0.324,2.596,0.35,0.35,-0.0,254.5,254
1108.65,2.916,0.324,2.592,0.35,0.352,-0.002,254.1,254
1108.8,2.908,0.325,2.583,0.35,0.351,-0.001,254.2,254
1108.95,2.897,0.325,2.572,0.35,0.354,-0.004,253.4,253
1109.1,2.896,0.326,2.57,0.35,0.356,-0.006,252.9,252
1109.25,2.884,0.327,2.557,0.35,0.358,-0.008,252.0,252
1109.4,2.88,0.328,2.552,0.35,0.361,-0.011,251.0,251
1109.55,2.877,0.328,2.549,0.35,0.362,-0.012,250.1,250
1109.7,2.862,0.329,2.533,0.35,0.364,-0.014,249.1,249
1109.85,2.846,0.33,2.516,0.35,0.364,-0.014,248.3,248
1110.0,2.829,0.33,2.499,0.35,0.362,-0.012,247.9,247
1110.15,2.819,0.331,2.488,0.35,0.364,-0.014,246.6,246
1110.3,2.797,0.331,2.466,0.35,0.363,-0.013,246.1,246
1110.45,2.78,0.331,2.448,0.35,0.365,-0.015,244.9,244
1110.6,2.764,0.332,2.433,0.35,0.365,-0.015,244.1,244
1110.75,2.739,0.332,2.408,0.35,0.365,-0.015,243.3,243
1110.9,2.725,0.332,2.393,0.35,0.364,-0.014,242.5,242
1111.05,2.696,0.332,2.365,0.35,0.363,-0.013,241.9,241
1111.2,2.678,0.332,2.347,0.35,0.363,-0.013,241.1,241
1111.35,2.652,0.332,2.32,0.35,0.366,-0.016,239.7,239
1111.5,2.622,0.332,2.29,0.35,0.365,-0.015,239.2,239
1111.65,2.601,0.332,2.269,0.35,0.365,-0.015,238.2,238
1111.8,2.582,0.332,2.25,0.35,0.363,-0.013,237.9,237
1111.95,2.555,0.332,2.224,0.35,0.362,-0.012,237.2,237
1112.1,2.529,0.332,2.198,0.35,0.361,-0.011,236.6,236
1112.25,2.498,0.331,2.166,0.35,0.36,-0.01,236.2,236
1112.4,2.472,0.331,2.142,0.35,0.359,-0.009,236.0,236
1112.55,2.443,0.33,2.113,0.35,0.359,-0.009,235.4,235
1112.7,2.412,0.33,2.082,0.35,0.358,-0.008,235.0,235
1112.85,2.376,0.33,2.046,0.35,0.358,-0.008,234.5,234
1113.0,2.347,0.33,2.017,0.35,0.359,-0.009,233.8,233
1113.15,2.306,0.329,1.976,0.35,0.358,-0.008,233.7,233
1113.3,2.269,0.329,1.94,0.35,0.356,-0.006,233.6,233
1113.45,2.231,0.329,1.902,0.35,0.356,-0.006,233.2,233
1113.6,2.193,0.329,1.864,0.35,0.358,-0.008,232.4,232
1113.75,2.159,0.329,1.83,0.35,0.361,-0.011,231.3,231
1113.9,2.12,0.329,1.79,0.35,0.36,-0.01,231.0,230
1114.05,2.077,0.33,1.747,0.35,0.361,-0.011,230.2,230
1114.2,2.036,0.33,1.706,0.35,0.361,-0.011,229.6,229
1114.35,1.995,0.33,1.665,0.35,0.361,-0.011,228.8,228
1114.5,1.95,0.33,1.62,0.35,0.363,-0.013,227.8,227
1114.65,1.914,0.331,1.583,0.35,0.362,-0.012,227.3,227
1114.8,1.875,0.331,1.544,0.35,0.362,-0.012,226.5,226
1114.95,1.825,0.331,1.494,0.35,0.361,-0.011,226.0,226
1115.1,1.785,0.331,1.454,0.35,0.361,-0.011,225.3,225
1115.25,1.738,0.331,1.407,0.35,0.364,-0.014,224.1,224
1115.4,1.692,0.331,1.361,0.35,0.363,-0.013,223.6,223
1115.55,1.658,0.331,1.327,0.35,0.364,-0.014,222.4,222
1115.7,1.618,0.332,1.286,0.35,0.365,-0.015,221.4,221
1115.85,1.582,0.332,1.25,0.35,0.363,-0.013,221.1,221
1116.0,1.532,0.332,1.2,0.35,0.363,-0.013,220.4,220
1116.15,1.49,0.332,1.158,0.35,0.364,-0.014,219.3,219
1116.3,1.442,0.332,1.11,0.35,0.363,-0.013,218.8,218
1116.45,1.401,0.331,1.069,0.35,0.361,-0.011,218.6,218
1116.6,1.351,0.331,1.021,0.35,0.359,-0.009,218.3,218
1116.75,1.31,0.33,0.98,0.35,0.357,-0.007,218.1,218
1116.9,1.273,0.33,0.943,0.35,0.358,-0.008,217.3,217
1117.05,1.235,0.33,0.905,0.35,0.359,-0.009,216.7,216
1117.2,1.193,0.33,0.864,0.35,0.357,-0.007,216.7,216
1117.35,1.153,0.329,0.824,0.35,0.356,-0.006,216.3,216
1117.5,1.115,0.329,0.786,0.35,0.356,-0.006,216.0,216
1117.65,1.072,0.329,0.743,0.35,0.356,-0.006,215.8,215
1117.8,1.037,0.328,0.709,0.35,0.353,-0.003,216.0,215
1117.95,0.996,0.328,0.668,0.35,0.354,-0.004,215.6,215
1118.1,0.962,0.328,0.634,0.35,0.353,-0.003,215.6,215
1118.25,0.921,0.327,0.594,0.35,0.352,-0.002,215.6,215
1118.4,0.885,0.327,0.558,0.35,0.351,-0.001,215.7,215
1118.55,0.839,0.326,0.513,0.35,0.351,-0.001,215.7,215
1118.7,0.806,0.326,0.48,0.35,0.348,0.002,216.3,216
1118.85,0.767,0.325,0.442,0.35,0.349,0.001,216.1,216
1119.0,0.726,0.325,0.401,0.35,0.347,0.003,216.8,216
1119.15,0.693,0.325,0.368,0.35,0.348,0.002,216.5,216
1119.3,0.65,0.325,0.325,0.35,0.35,-0.0,216.2,216
1119.45,0.616,0.325,0.291,0.35,0.348,0.002,216.9,216
1119.6,0.584,0.324,0.26,0.35,0.346,0.004,217.2,217
1119.75,0.547,0.324,0.224,0.35,0.344,0.006,218.1,218
1119.9,0.513,0.323,0.19,0.35,0.346,0.004,217.8,217
1120.05,0.477,0.324,0.153,0.35,0.348,0.002,217.6,217
1120.2,0.449,0.324,0.125,0.35,0.35,0.0,217.3,217
1120.35,0.423,0.324,0.1,0.35,0.347,0.003,218.1,218
1120.5,0.404,0.324,0.08,0.35,0.347,0.003,218.1,218
1120.65,0.371,0.324,0.048,0.35,0.346,0.004,218.6,218
1120.8,0.342,0.323,0.018,0.35,0.344,0.006,219.2,219
1120.95,0.313,0.323,-0.01,0.32,0.343,-0.023,212.4,212
1121.1,0.288,0.322,-0.034,0.29,0.343,-0.053,204.7,204
1121.25,0.267,0.322,-0.055,0.26,0.342,-0.082,195.5,195
1121.4,0.244,0.322,-0.078,0.23,0.342,-0.112,184.5,184
1121.55,0.224,0.322,-0.098,0.2,0.343,-0.143,171.4,171
1121.7,0.201,0.321,-0.121,0.17,0.341,-0.171,157.2,157
1121.85,0.183,0.321,-0.138,0.14,0.338,-0.198,141.7,141
1122.0,0.168,0.32,-0.152,0.11,0.336,-0.226,124.0,124
1122.15,0.148,0.319,-0.171,0.08,0.334,-0.254,-54.4,0
1122.3,0.141,0.318,-0.177,0.05,0.326,-0.276,-58.8,0
1122.45,0.128,0.315,-0.188,0.02,0.317,-0.297,-63.1,0
1122.6,0.116,0.313,-0.197,0.0,0.31,-0.31,-76.4,0
1122.75,0.11,0.31,-0.199,0.0,0.303,-0.303,-74.8,0
1122.9,0.096,0.307,-0.21,0.0,0.294,-0.294,-72.6,0
1123.05,0.086,0.303,-0.217,0.0,0.286,-0.286,-70.6,0
1123.2,0.084,0.3,-0.216,0.0,0.28,-0.28,-69.0,0
1123.35,0.085,0.297,-0.212,0.0,0.273,-0.273,-67.3,0
1123.5,0.083,0.293,-0.211,0.0,0.267,-0.267,-65.9,0
1123.65,0.076,0.29,-0.214,0.0,0.262,-0.262,-64.7,0
1123.8,0.073,0.287,-0.214,0.0,0.256,-0.256,-63.3,0
1123.95,0.079,0.284,-0.205,0.0,0.252,-0.252,-62.2,0
1124.1,0.086,0.282,-0.195,0.0,0.247,-0.247,-60.9,0
1124.25,0.083,0.279,-0.196,0.0,0.243,-0.243,-60.0,0
1124.4,0.085,0.276,-0.192,0.0,0.237,-0.237,-58.3,0
1124.55,0.093,0.274,-0.181,0.0,0.23,-0.23,-56.8,0
1124.7,0.091,0.271,-0.18,0.0,0.226,-0.226,-55.7,0
1124.85,0.097,0.268,-0.171,0.0,0.22,-0.22,-54.2,0
1125.0,0.107,0.265,-0.158,0.0,0.212,-0.212,-52.4,0
1125.15,0.119,0.262,-0.143,0.0,0.207,-0.207,-51.0,0
1125.3,0.136,0.259,-0.124,0.0,0.202,-0.202,-42.4,0
1125.45,0.14,0.257,-0.117,0.0,0.2,-0.2,-41.8,0
1125.6,0.159,0.255,-0.096,0.0,0.196,-0.196,-41.0,0
1125.75,0.169,0.252,-0.084,0.0,0.19,-0.19,-39.7,0
1125.9,0.183,0.25,-0.067,0.0,0.188,-0.188,-39.3,0
1126.05,0.198,0.248,-0.05,0.0,0.184,-0.184,-38.5,0
1126.2,0.211,0.246,-0.035,0.0,0.179,-0.179,-37.3,0
1126.35,0.233,0.244,-0.011,0.0,0.173,-0.173,-36.1,0
1126.5,0.25,0.241,0.009,0.256,0.168,0.088,28.0,27
1126.65,0.27,0.239,0.031,0.35,0.167,0.183,47.1,47
1126.8,0.289,0.237,0.052,0.35,0.163,0.187,55.2,55
1126.95,0.317,0.236,0.082,0.35,0.161,0.189,66.5,66
1127.1,0.346,0.234,0.112,0.35,0.159,0.191,77.9,77
1127.25,0.374,0.233,0.141,0.35,0.157,0.193,89.5,89
1127.4,0.403,0.232,0.171,0.35,0.157,0.193,100.7,100
1127.55,0.431,0.231,0.201,0.35,0.156,0.194,112.4,112
1127.7,0.453,0.23,0.223,0.35,0.157,0.193,123.3,123
1127.85,0.481,0.23,0.252,0.35,0.156,0.194,134.9,134
1128.0,0.519,0.23,0.29,0.35,0.16,0.19,145.3,145
1128.15,0.557,0.23,0.327,0.35,0.161,0.189,156.4,156
1128.3,0.581,0.23,0.351,0.35,0.161,0.189,167.4,167
1128.45,0.611,0.23,0.381,0.35,0.163,0.187,178.0,177
1128.6,0.646,0.231,0.415,0.35,0.167,0.183,188.1,188
1128.75,0.685,0.232,0.453,0.35,0.169,0.181,198.5,198
1128.9,0.72,0.233,0.487,0.35,0.172,0.178,208.2,208
1129.05,0.76,0.235,0.526,0.35,0.178,0.172,217.3,217
1129.2,0.791,0.236,0.554,0.35,0.185,0.165,226.0,225
1129.35,0.824,0.239,0.585,0.35,0.191,0.159,234.4,234
1129.5,0.868,0.241,0.627,0.35,0.196,0.154,242.6,242
1129.65,0.905,0.244,0.662,0.35,0.203,0.147,250.2,250
1129.8,0.939,0.246,0.694,0.35,0.206,0.144,258.3,255
1129.95,0.974,0.248,0.726,0.35,0.21,0.14,257.4,255
1130.1,1.019,0.25,0.769,0.35,0.213,0.137,256.7,255
1130.25,1.053,0.252,0.8,0.35,0.218,0.132,255.7,255
1130.4,1.102,0.255,0.847,0.35,0.223,0.127,254.6,254
1130.55,1.143,0.257,0.886,0.35,0.227,0.123,261.3,255
1130.7,1.179,0.259,0.92,0.35,0.23,0.12,260.5,255
1130.85,1.215,0.261,0.954,0.35,0.236,0.114,259.2,255
1131.0,1.253,0.263,0.99,0.35,0.239,0.111,258.8,255
1131.15,1.304,0.265,1.038,0.35,0.242,0.108,258.0,255
1131.3,1.348,0.267,1.081,0.35,0.245,0.105,257.5,255
1131.45,1.397,0.269,1.128,0.35,0.25,0.1,256.3,255
1131.6,1.442,0.271,1.171,0.35,0.252,0.098,256.1,255
1131.75,1.484,0.273,1.212,0.35,0.257,0.093,254.8,254
1131.9,1.528,0.274,1.254,0.35,0.259,0.091,260.1,255
1132.05,1.578,0.276,1.301,0.35,0.263,0.087,259.0,255
1132.2,1.614,0.278,1.336,0.35,0.265,0.085,258.7,255
1132.35,1.661,0.28,1.381,0.35,0.27,0.08,257.6,255
1132.5,1.703,0.281,1.421,0.35,0.273,0.077,257.1,255
1132.65,1.742,0.283,1.459,0.35,0.274,0.076,256.8,255
1132.8,1.78,0.284,1.496,0.35,0.276,0.074,256.5,255
1132.95,1.816,0.286,1.53,0.35,0.281,0.069,255.2,255
1133.1,1.863,0.287,1.576,0.35,0.283,0.067,254.9,254
1133.25,1.901,0.288,1.613,0.35,0.285,0.065,258.5,255
1133.4,1.944,0.29,1.654,0.35,0.289,0.061,257.5,255
1133.55,1.988,0.292,1.697,0.35,0.294,0.056,256.4,255
1133.7,2.035,0.294,1.741,0.35,0.298,0.052,255.6,255
1133.85,2.072,0.295,1.776,0.35,0.302,0.048,254.8,254
1134.0,2.108,0.297,1.811,0.35,0.304,0.046,257.2,255
1134.15,2.146,0.298,1.848,0.35,0.305,0.045,257.0,255
1134.3,2.187,0.3,1.887,0.35,0.308,0.042,256.4,255
1134.45,2.23,0.301,1.929,0.35,0.309,0.041,256.1,255
1134.6,2.271,0.302,1.969,0.35,0.313,0.037,255.3,255
1134.75,2.298,0.304,1.994,0.35,0.315,0.035,255.0,255
1134.9,2.337,0.305,2.032,0.35,0.315,0.035,255.1,255
1135.05,2.375,0.306,2.069,0.35,0.319,0.031,254.1,254
1135.2,2.411,0.307,2.104,0.35,0.321,0.029,255.4,255
1135.35,2.442,0.308,2.134,0.35,0.321,0.029,255.5,255
1135.5,2.472,0.309,2.163,0.35,0.323,0.027,255.0,255
1135.65,2.501,0.31,2.191,0.35,0.327,0.023,254.1,254
1135.8,2.527,0.311,2.216,0.35,0.329,0.021,255.2,255
1135.95,2.556,0.312,2.244,0.35,0.33,0.02,255.0,255
1136.1,2.579,0.313,2.266,0.35,0.331,0.019,254.7,254
1136.25,2.609,0.314,2.295,0.35,0.333,0.017,255.3,255
1136.4,2.636,0.315,2.321,0.35,0.334,0.016,255.2,255
1136.55,2.666,0.315,2.35,0.35,0.335,0.015,255.1,255
1136.7,2.689,0.316,2.373,0.35,0.338,0.012,254.3,254
1136.85,2.717,0.317,2.4,0.35,0.338,0.012,255.1,255
1137.0,2.74,0.317,2.423,0.35,0.338,0.012,255.2,255
1137.15,2.767,0.318,2.449,0.35,0.339,0.011,255.0,254
1137.3,2.786,0.319,2.467,0.35,0.341,0.009,255.0,255
1137.45,2.802,0.32,2.482,0.35,0.345,0.005,254.2,254
1137.6,2.82,0.32,2.499,0.35,0.345,0.005,254.6,254
1137.75,2.828,0.321,2.507,0.35,0.346,0.004,254.7,254
1137.9,2.844,0.322,2.522,0.35,0.346,0.004,254.9,254
1138.05,2.857,0.322,2.535,0.35,0.348,0.002,254.7,254
1138.2,2.865,0.323,2.542,0.35,0.351,-0.001,254.1,254
1138.35,2.876,0.324,2.552,0.35,0.354,-0.004,253.5,253
1138.5,2.879,0.325,2.555,0.35,0.355,-0.005,253.0,252
1138.65,2.894,0.326,2.568,0.35,0.358,-0.008,252.1,252
1138.8,2.901,0.327,2.575,0.35,0.357,-0.007,251.8,251
1138.95,2.916,0.327,2.588,0.35,0.36,-0.01,250.8,250
1139.1,2.923,0.328,2.595,0.35,0.361,-0.011,249.9,249
1139.25,2.925,0.329,2.596,0.35,0.361,-0.011,249.4,249
1139.4,2.923,0.33,2.593,0.35,0.364,-0.014,248.1,248
1139.55,2.925,0.33,2.595,0.35,0.366,-0.016,246.9,246
1139.7,2.93,0.331,2.599,0.35,0.366,-0.016,246.0,246
1139.85,2.928,0.332,2.597,0.35,0.368,-0.018,244.5,244
1140.0,2.924,0.332,2.592,0.35,0.367,-0.017,243.8,243
1140.15,2.916,0.332,2.584,0.35,0.365,-0.015,243.2,243
1140.3,2.915,0.333,2.582,0.35,0.367,-0.017,241.8,241
1140.45,2.913,0.333,2.58,0.35,0.369,-0.019,240.5,240
1140.6,2.908,0.334,2.574,0.35,0.371,-0.021,238.9,238
1140.75,2.891,0.334,2.557,0.35,0.37,-0.02,237.9,237
1140.9,2.875,0.334,2.541,0.35,0.371,-0.021,236.4,236
1141.05,2.868,0.335,2.533,0.35,0.372,-0.022,235.0,234
1141.2,2.86,0.335,2.525,0.35,0.371,-0.021,234.1,234
1141.35,2.839,0.335,2.504,0.35,0.371,-0.021,232.7,232
1141.5,2.832,0.335,2.497,0.35,0.37,-0.02,231.8,231
1141.65,2.814,0.335,2.478,0.35,0.371,-0.021,230.3,230
1141.8,2.796,0.336,2.46,0.35,0.373,-0.023,228.7,228
1141.95,2.778,0.336,2.443,0.35,0.371,-0.021,227.7,227
1142.1,2.76,0.335,2.425,0.35,0.37,-0.02,226.9,226
1142.25,2.738,0.335,2.403,0.35,0.368,-0.018,226.0,226
1142.4,2.714,0.335,2.379,0.35,0.37,-0.02,224.5,224
1142.55,2.686,0.335,2.351,0.35,0.367,-0.017,224.0,223
1142.7,2.661,0.334,2.326,0.35,0.367,-0.017,222.9,222
1142.85,2.636,0.334,2.302,0.35,0.366,-0.016,222.3,222
1143.0,2.615,0.333,2.281,0.35,0.363,-0.013,221.9,221
1143.15,2.587,0.333,2.254,0.35,0.362,-0.012,221.3,221
1143.3,2.558,0.332,2.226,0.35,0.361,-0.011,220.8,220
1143.45,2.527,0.332,2.196,0.35,0.36,-0.01,220.5,220
1143.6,2.493,0.331,2.162,0.35,0.358,-0.008,220.3,220
1143.75,2.461,0.33,2.13,0.35,0.358,-0.008,219.9,219
1143.9,2.427,0.33,2.097,0.35,0.356,-0.006,219.7,219
1144.05,2.391,0.33,2.061,0.35,0.358,-0.008,218.8,218
1144.2,2.361,0.33,2.031,0.35,0.358,-0.008,218.4,218
1144.35,2.336,0.33,2.006,0.35,0.361,-0.011,217.4,217
1144.5,2.307,0.33,1.977,0.35,0.362,-0.012,216.6,216
1144.65,2.278,0.33,1.948,0.35,0.36,-0.01,216.4,216
1144.8,2.236,0.33,1.906,0.35,0.357,-0.007,216.4,216
1144.95,2.206,0.329,1.876,0.35,0.356,-0.006,216.1,216
1145.1,2.175,0.329,1.846,0.35,0.356,-0.006,215.7,215
1145.25,2.131,0.329,1.803,0.35,0.355,-0.005,215.6,215
1145.4,2.095,0.328,1.767,0.35,0.353,-0.003,215.8,215
1145.55,2.061,0.328,1.733,0.35,0.353,-0.003,215.6,215
1145.7,2.017,0.327,1.69,0.35,0.351,-0.001,215.8,215
1145.85,1.978,0.327,1.651,0.35,0.353,-0.003,215.3,215
1146.0,1.941,0.327,1.614,0.35,0.353,-0.003,215.2,215
1146.15,1.897,0.327,1.57,0.35,0.353,-0.003,214.9,214
1146.3,1.852,0.327,1.526,0.35,0.352,-0.002,215.1,215
1146.45,1.807,0.326,1.481,0.35,0.349,0.001,215.7,215
1146.6,1.757,0.326,1.431,0.35,0.351,-0.001,215.2,215
1146.75,1.712,0.326,1.386,0.35,0.351,-0.001,215.3,215
1146.9,1.677,0.326,1.351,0.35,0.351,-0.001,215.2,215
1147.05,1.627,0.326,1.301,0.35,0.351,-0.001,215.0,214
1147.2,1.583,0.326,1.258,0.35,0.351,-0.001,215.0,215
1147.35,1.543,0.325,1.217,0.35,0.349,0.001,215.3,215
1147.5,1.506,0.325,1.181,0.35,0.35,0.0,215.2,215
1147.65,1.468,0.325,1.143,0.35,0.347,0.003,215.8,215
1147.8,1.419,0.325,1.095,0.35,0.347,0.003,216.0,216
1147.95,1.384,0.324,1.06,0.35,0.346,0.004,216.5,216
1148.1,1.343,0.324,1.019,0.35,0.347,0.003,216.4,216
1148.25,1.298,0.324,0.975,0.35,0.346,0.004,216.9,216
1148.4,1.26,0.323,0.936,0.35,0.345,0.005,217.2,217
1148.55,1.223,0.323,0.9,0.35,0.347,0.003,217.1,217
1148.7,1.187,0.323,0.863,0.35,0.345,0.005,217.7,217
1148.85,1.149,0.323,0.825,0.35,0.347,0.003,217.5,217
1149.0,1.102,0.323,0.779,0.35,0.346,0.004,218.0,217
1149.15,1.051,0.323,0.728,0.35,0.344,0.006,218.6,218
1149.3,1.007,0.323,0.685,0.35,0.342,0.008,219.4,219
1149.45,0.965,0.322,0.643,0.35,0.343,0.007,219.6,219
1149.6,0.926,0.322,0.604,0.35,0.342,0.008,220.2,220
1149.75,0.892,0.322,0.57,0.35,0.345,0.005,220.0,220
1149.9,0.846,0.322,0.524,0.35,0.346,0.004,220.1,220
1150.05,0.804,0.323,0.481,0.35,0.348,0.002,220.0,220
1150.2,0.771,0.323,0.449,0.35,0.346,0.004,220.6,220
1150.35,0.739,0.323,0.416,0.35,0.348,0.002,220.3,220
1150.5,0.701,0.323,0.377,0.35,0.347,0.003,220.8,220
1150.65,0.665,0.323,0.342,0.35,0.345,0.005,221.4,221
1150.8,0.629,0.323,0.307,0.35,0.344,0.006,221.8,221
1150.95,0.596,0.323,0.273,0.35,0.346,0.004,221.7,221
1151.1,0.562,0.323,0.239,0.35,0.346,0.004,222.0,221
1151.25,0.537,0.323,0.214,0.35,0.345,0.005,222.5,222
1151.4,0.507,0.322,0.184,0.35,0.343,0.007,223.3,223
1151.55,0.478,0.322,0.155,0.35,0.344,0.006,223.3,223
1151.7,0.447,0.322,0.125,0.35,0.346,0.004,223.3,223
1151.85,0.424,0.323,0.102,0.35,0.347,0.003,223.3,223
1152.0,0.399,0.323,0.076,0.35,0.347,0.003,223.6,223
1152.15,0.378,0.323,0.055,0.35,0.346,0.004,223.9,223
1152.3,0.345,0.323,0.022,0.35,0.344,0.006,224.6,224
1152.45,0.312,0.323,-0.01,0.32,0.344,-0.024,217.4,217
1152.6,0.293,0.322,-0.029,0.29,0.343,-0.053,210.1,210
1152.75,0.265,0.322,-0.057,0.26,0.341,-0.081,200.9,200
1152.9,0.237,0.321,-0.084,0.23,0.339,-0.109,190.6,190
1153.05,0.218,0.321,-0.103,0.2,0.339,-0.139,177.7,177
1153.2,0.193,0.321,-0.127,0.17,0.34,-0.17,163.1,163
1153.35,0.183,0.32,-0.137,0.14,0.336,-0.196,147.9,147
1153.5,0.162,0.319,-0.158,0.11,0.335,-0.225,130.1,130
1153.65,0.144,0.319,-0.174,0.08,0.333,-0.253,-54.3,0
1153.8,0.14,0.317,-0.178,0.05,0.326,-0.276,-58.7,0
1153.95,0.124,0.315,-0.191,0.02,0.317,-0.297,-63.1,0
1154.1,0.119,0.312,-0.193,0.0,0.308,-0.308,-76.0,0
1154.25,0.108,0.309,-0.202,0.0,0.301,-0.301,-74.3,0
1154.4,0.096,0.306,-0.21,0.0,0.296,-0.296,-72.9,0
1154.55,0.095,0.303,-0.208,0.0,0.287,-0.287,-70.9,0
1154.7,0.094,0.3,-0.206,0.0,0.282,-0.282,-69.6,0
1154.85,0.092,0.297,-0.205,0.0,0.277,-0.277,-68.3,0
1155.0,0.085,0.294,-0.209,0.0,0.269,-0.269,-66.4,0
1155.15,0.08,0.291,-0.211,0.0,0.264,-0.264,-65.2,0
1155.3,0.077,0.288,-0.211,0.0,0.26,-0.26,-64.0,0
1155.45,0.072,0.285,-0.213,0.0,0.252,-0.252,-62.0,0
1155.6,0.067,0.282,-0.215,0.0,0.243,-0.243,-59.9,0
1155.75,0.063,0.278,-0.215,0.0,0.237,-0.237,-58.4,0
1155.9,0.062,0.275,-0.213,0.0,0.232,-0.232,-57.1,0
1156.05,0.067,0.272,-0.206,0.0,0.228,-0.228,-56.3,0
1156.2,0.073,0.27,-0.197,0.0,0.225,-0.225,-55.5,0
1156.35,0.086,0.268,-0.181,0.0,0.222,-0.222,-54.7,0
1156.5,0.094,0.265,-0.171,0.0,0.217,-0.217,-53.6,0
1156.65,0.113,0.263,-0.151,0.0,0.214,-0.214,-52.8,0
1156.8,0.124,0.261,-0.137,0.0,0.209,-0.209,-43.7,0
1156.95,0.133,0.259,-0.126,0.0,0.206,-0.206,-43.1,0
1157.1,0.145,0.257,-0.112,0.0,0.203,-0.203,-42.4,0
1157.25,0.158,0.255,-0.097,0.0,0.198,-0.198,-41.4,0
1157.4,0.171,0.253,-0.082,0.0,0.191,-0.191,-39.8,0
1157.55,0.198,0.25,-0.052,0.0,0.187,-0.187,-39.1,0
1157.7,0.22,0.248,-0.028,0.0,0.18,-0.18,-37.5,0
1157.85,0.247,0.245,0.002,0.199,0.173,0.026,12.9,12
1158.0,0.273,0.242,0.031,0.35,0.168,0.182,45.5,45
1158.15,0.291,0.24,0.051,0.35,0.165,0.185,51.0,51
1158.3,0.308,0.238,0.071,0.35,0.163,0.187,62.3,62
1158.45,0.335,0.236,0.099,0.35,0.161,0.189,73.8,73
1158.6,0.363,0.234,0.129,0.35,0.158,0.192,85.4,85
1158.75,0.393,0.233,0.16,0.35,0.156,0.194,97.1,97
1158.9,0.425,0.231,0.194,0.35,0.154,0.196,108.7,108
1159.05,0.445,0.23,0.215,0.35,0.153,0.197,120.4,120
1159.2,0.478,0.229,0.248,0.35,0.153,0.197,131.9,131
1159.35,0.514,0.229,0.285,0.35,0.156,0.194,142.7,142
1159.5,0.54,0.229,0.312,0.35,0.155,0.195,154.3,154
1159.65,0.577,0.229,0.348,0.35,0.157,0.193,165.2,165
1159.8,0.601,0.229,0.372,0.35,0.162,0.188,175.3,175
1159.95,0.628,0.23,0.398,0.35,0.163,0.187,186.4,186
1160.1,0.657,0.231,0.427,0.35,0.166,0.184,196.5,196
1160.25,0.699,0.232,0.467,0.35,0.171,0.179,206.2,206
1160.4,0.732,0.233,0.499,0.35,0.174,0.176,216.1,216
1160.55,0.766,0.235,0.531,0.35,0.179,0.171,225.3,225
1160.7,0.799,0.236,0.563,0.35,0.182,0.168,234.7,234
1160.85,0.844,0.238,0.606,0.35,0.186,0.164,243.7,243
1161.0,0.885,0.24,0.645,0.35,0.19,0.16,252.4,252
1161.15,0.925,0.242,0.684,0.35,0.197,0.153,260.2,255
1161.3,0.966,0.244,0.721,0.35,0.202,0.148,259.2,255
1161.45,1.01,0.246,0.763,0.35,0.206,0.144,258.5,255
1161.6,1.046,0.249,0.797,0.35,0.212,0.138,257.2,255
1161.75,1.083,0.251,0.832,0.35,0.219,0.131,255.6,255
1161.9,1.127,0.254,0.873,0.35,0.223,0.127,254.9,254
1162.05,1.174,0.256,0.918,0.35,0.226,0.124,261.6,255
1162.2,1.219,0.259,0.96,0.35,0.231,0.119,260.5,255
1162.35,1.264,0.261,1.003,0.35,0.234,0.116,260.1,255
1162.5,1.304,0.263,1.041,0.35,0.24,0.11,258.7,255
1162.65,1.346,0.265,1.081,0.35,0.243,0.107,258.2,255
1162.8,1.392,0.267,1.125,0.35,0.249,0.101,256.8,255
1162.95,1.432,0.27,1.162,0.35,0.252,0.098,256.3,255
1163.1,1.477,0.272,1.205,0.35,0.255,0.095,255.6,255
1163.25,1.52,0.273,1.247,0.35,0.258,0.092,255.0,255
1163.4,1.561,0.275,1.286,0.35,0.262,0.088,254.1,254
1163.55,1.596,0.277,1.319,0.35,0.263,0.087,259.1,255
1163.7,1.636,0.279,1.358,0.35,0.267,0.083,258.2,255
1163.85,1.684,0.28,1.404,0.35,0.272,0.078,257.1,255
1164.0,1.728,0.282,1.446,0.35,0.275,0.075,256.5,255
1164.15,1.769,0.284,1.485,0.35,0.277,0.073,256.1,255
1164.3,1.81,0.286,1.525,0.35,0.283,0.067,254.8,254
1164.45,1.857,0.287,1.57,0.35,0.284,0.066,258.7,255
1164.6,1.901,0.288,1.613,0.35,0.284,0.066,258.6,255
1164.75,1.946,0.29,1.657,0.35,0.287,0.063,258.1,255
1164.9,1.986,0.291,1.695,0.35,0.288,0.062,257.7,255
1165.05,2.026,0.292,1.734,0.35,0.292,0.058,256.8,255
1165.2,2.058,0.294,1.764,0.35,0.296,0.054,256.1,255
1165.35,2.096,0.295,1.801,0.35,0.299,0.051,255.4,255
1165.5,2.136,0.297,1.84,0.35,0.303,0.047,254.7,254
1165.65,2.17,0.298,1.871,0.35,0.307,0.043,256.4,255
1165.8,2.205,0.3,1.905,0.35,0.309,0.041,256.1,255
1165.95,2.239,0.302,1.938,0.35,0.313,0.037,255.2,255
1166.1,2.274,0.303,1.971,0.35,0.313,0.037,255.3,255
1166.25,2.313,0.304,2.009,0.35,0.316,0.034,254.7,254
1166.4,2.351,0.305,2.045,0.35,0.319,0.031,256.0,255
1166.55,2.383,0.307,2.076,0.35,0.32,0.03,255.8,255
1166.7,2.417,0.307,2.11,0.35,0.32,0.03,255.9,255
1166.85,2.451,0.309,2.142,0.35,0.323,0.027,255.1,255
1167.0,2.485,0.31,2.175,0.35,0.327,0.023,254.3,254
1167.15,2.51,0.311,2.199,0.35,0.33,0.02,255.1,255
1167.3,2.538,0.312,2.225,0.35,0.333,0.017,254.3,254
1167.45,2.564,0.314,2.25,0.35,0.337,0.013,254.4,254
1167.6,2.588,0.315,2.273,0.35,0.338,0.012,255.1,255
1167.75,2.62,0.317,2.303,0.35,0.341,0.009,254.3,254
1167.9,2.642,0.318,2.325,0.35,0.342,0.008,254.9,254
1168.05,2.663,0.318,2.345,0.35,0.341,0.009,255.6,255
1168.2,2.681,0.319,2.362,0.35,0.341,0.009,255.4,255
1168.35,2.709,0.32,2.39,0.35,0.344,0.006,254.8,254
1168.5,2.735,0.32,2.415,0.35,0.343,0.007,255.5,255
1168.65,2.755,0.321,2.435,0.35,0.345,0.005,255.1,255
1168.8,2.771,0.321,2.45,0.35,0.344,0.006,255.2,255
1168.95,2.792,0.322,2.47,0.35,0.346,0.004,254.7,254
1169.1,2.805,0.322,2.483,0.35,0.345,0.005,255.2,255
1169.25,2.818,0.322,2.496,0.35,0.345,0.005,255.2,255
1169.4,2.842,0.322,2.52,0.35,0.345,0.005,255.3,255
1169.55,2.857,0.322,2.535,0.35,0.344,0.006,255.5,255
1169.7,2.875,0.322,2.553,0.35,0.344,0.006,255.4,255
1169.85,2.88,0.322,2.558,0.35,0.347,0.003,254.7,254
1170.0,2.885,0.323,2.562,0.35,0.347,0.003,255.0,255
1170.15,2.889,0.323,2.565,0.35,0.349,0.001,254.5,254
1170.3,2.904,0.324,2.58,0.35,0.352,-0.002,253.8,253
1170.45,2.911,0.324,2.586,0.35,0.352,-0.002,253.8,253
1170.6,2.918,0.325,2.593,0.35,0.353,-0.003,253.5,253
1170.75,2.927,0.326,2.602,0.35,0.356,-0.006,252.6,252
1170.9,2.927,0.326,2.601,0.35,0.355,-0.005,252.6,252
1171.05,2.921,0.327,2.594,0.35,0.356,-0.006,252.1,252
1171.2,2.92,0.327,2.593,0.35,0.356,-0.006,251.8,251
1171.35,2.918,0.327,2.59,0.35,0.358,-0.008,250.9,250
1171.5,2.912,0.328,2.585,0.35,0.358,-0.008,250.6,250
1171.65,2.902,0.328,2.574,0.35,0.36,-0.01,249.7,249
1171.8,2.893,0.329,2.564,0.35,0.363,-0.013,248.4,248
1171.95,2.886,0.329,2.557,0.35,0.361,-0.011,248.1,248
1172.1,2.884,0.33,2.554,0.35,0.364,-0.014,246.7,246
1172.25,2.87,0.331,2.539,0.35,0.363,-0.013,246.2,246
1172.4,2.865,0.331,2.534,0.35,0.366,-0.016,244.7,244
1172.55,2.847,0.332,2.516,0.35,0.367,-0.017,243.6,243
1172.7,2.831,0.332,2.499,0.35,0.366,-0.016,243.0,242
1172.85,2.824,0.333,2.491,0.35,0.368,-0.018,241.4,241
1173.0,2.81,0.333,2.478,0.35,0.367,-0.017,240.8,240
1173.15,2.795,0.333,2.461,0.35,0.368,-0.018,239.3,239
1173.3,2.78,0.334,2.446,0.35,0.37,-0.02,237.9,237
1173.45,2.768,0.334,2.434,0.35,0.371,-0.021,236.5,236
1173.6,2.741,0.334,2.406,0.35,0.369,-0.019,235.8,235
1173.75,2.723,0.334,2.389,0.35,0.367,-0.017,235.1,235
1173.9,2.703,0.334,2.37,0.35,0.366,-0.016,234.4,234
1174.05,2.678,0.333,2.345,0.35,0.364,-0.014,233.9,233
1174.2,2.649,0.333,2.315,0.35,0.366,-0.016,232.6,232
1174.35,2.62,0.333,2.287,0.35,0.365,-0.015,231.8,231
1174.5,2.597,0.333,2.264,0.35,0.367,-0.017,230.4,230
1174.65,2.566,0.333,2.233,0.35,0.366,-0.016,229.7,229
1174.8,2.546,0.333,2.213,0.35,0.369,-0.019,228.2,228
1174.95,2.517,0.334,2.183,0.35,0.37,-0.02,226.7,226
1175.1,2.49,0.334,2.156,0.35,0.369,-0.019,225.8,225
1175.25,2.454,0.334,2.12,0.35,0.367,-0.017,225.4,225
1175.4,2.421,0.333,2.087,0.35,0.365,-0.015,224.8,224
1175.55,2.393,0.333,2.06,0.35,0.363,-0.013,224.2,224
1175.7,2.358,0.333,2.026,0.35,0.362,-0.012,223.6,223
1175.85,2.317,0.332,1.985,0.35,0.364,-0.014,222.5,222
1176.0,2.284,0.332,1.952,0.35,0.363,-0.013,221.9,221
1176.15,2.253,0.332,1.921,0.35,0.361,-0.011,221.7,221
1176.3,2.218,0.331,1.886,0.35,0.359,-0.009,221.5,221
1176.45,2.173,0.331,1.842,0.35,0.359,-0.009,220.8,220
1176.6,2.136,0.33,1.806,0.35,0.356,-0.006,220.9,220
1176.75,2.092,0.329,1.763,0.35,0.355,-0.005,220.7,220
1176.9,2.061,0.329,1.732,0.35,0.354,-0.004,220.7,220
1177.05,2.015,0.328,1.687,0.35,0.352,-0.002,220.8,220
1177.2,1.98,0.327,1.652,0.35,0.351,-0.001,221.0,221
1177.35,1.945,0.327,1.618,0.35,0.351,-0.001,220.8,220
1177.5,1.902,0.327,1.575,0.35,0.353,-0.003,220.2,220
1177.65,1.856,0.327,1.529,0.35,0.355,-0.005,219.7,219
1177.8,1.809,0.327,1.481,0.35,0.357,-0.007,219.0,219
1177.95,1.773,0.328,1.446,0.35,0.359,-0.009,218.2,218
1178.1,1.739,0.328,1.41,0.35,0.359,-0.009,217.6,217
1178.25,1.694,0.329,1.365,0.35,0.361,-0.011,216.6,216
1178.4,1.659,0.329,1.33,0.35,0.358,-0.008,216.7,216
1178.55,1.622,0.329,1.293,0.35,0.357,-0.007,216.5,216
1178.7,1.576,0.329,1.247,0.35,0.359,-0.009,215.5,215
1178.85,1.533,0.329,1.203,0.35,0.359,-0.009,215.0,214
1179.0,1.487,0.33,1.157,0.35,0.361,-0.011,214.0,213
1179.15,1.44,0.33,1.11,0.35,0.36,-0.01,213.7,213
1179.3,1.397,0.33,1.067,0.35,0.36,-0.01,213.1,213
1179.45,1.348,0.33,1.018,0.35,0.358,-0.008,212.9,212
1179.6,1.307,0.33,0.978,0.35,0.359,-0.009,212.2,212
1179.75,1.268,0.329,0.939,0.35,0.358,-0.008,211.8,211
1179.9,1.228,0.329,0.899,0.35,0.356,-0.006,211.8,211
1180.05,1.193,0.329,0.864,0.35,0.357,-0.007,211.2,211
1180.2,1.151,0.329,0.822,0.35,0.358,-0.008,210.7,210
1180.35,1.104,0.329,0.775,0.35,0.359,-0.009,209.9,209
1180.5,1.07,0.329,0.741,0.35,0.36,-0.01,209.3,209
1180.65,1.034,0.329,0.704,0.35,0.358,-0.008,209.1,209
1180.8,0.988,0.329,0.659,0.35,0.359,-0.009,208.4,208
1180.95,0.953,0.329,0.624,0.35,0.358,-0.008,208.2,208
1181.1,0.911,0.329,0.582,0.35,0.355,-0.005,208.4,208
1181.25,0.868,0.328,0.54,0.35,0.353,-0.003,208.4,208
1181.4,0.835,0.328,0.507,0.35,0.355,-0.005,207.7,207
1181.55,0.797,0.328,0.469,0.35,0.355,-0.005,207.6,207
1181.7,0.759,0.328,0.431,0.35,0.354,-0.004,207.4,207
1181.85,0.715,0.328,0.388,0.35,0.355,-0.005,206.9,206
1182.0,0.676,0.328,0.348,0.35,0.355,-0.005,206.6,206
1182.15,0.641,0.327,0.314,0.35,0.352,-0.002,207.0,207
1182.3,0.606,0.327,0.28,0.35,0.35,0.0,207.4,207
1182.45,0.577,0.326,0.251,0.35,0.348,0.002,207.7,207
1182.6,0.548,0.325,0.222,0.35,0.346,0.004,208.3,208
1182.75,0.515,0.325,0.19,0.35,0.347,0.003,208.3,208
1182.9,0.486,0.325,0.162,0.35,0.348,0.002,208.1,208
1183.05,0.455,0.324,0.131,0.35,0.348,0.002,208.3,208
1183.2,0.424,0.324,0.1,0.35,0.348,0.002,208.6,208
1183.35,0.404,0.324,0.08,0.35,0.348,0.002,208.5,208
1183.5,0.38,0.324,0.056,0.35,0.347,0.003,208.9,208
1183.65,0.346,0.324,0.022,0.35,0.344,0.006,209.7,209
1183.8,0.328,0.323,0.005,0.35,0.344,0.006,210.0,209
1183.95,0.31,0.323,-0.013,0.32,0.343,-0.023,203.1,203
1184.1,0.286,0.323,-0.037,0.29,0.344,-0.054,195.4,195
1184.25,0.263,0.322,-0.059,0.26,0.343,-0.083,186.1,186
1184.4,0.238,0.322,-0.083,0.23,0.339,-0.109,175.9,175
1184.55,0.219,0.321,-0.102,0.2,0.339,-0.139,163.1,163
1184.7,0.197,0.32,-0.123,0.17,0.335,-0.165,149.8,149
1184.85,0.175,0.319,-0.144,0.14,0.334,-0.194,133.8,133
1185.0,0.156,0.318,-0.163,0.11,0.33,-0.22,117.0,117
1185.15,0.142,0.317,-0.175,0.08,0.325,-0.245,-52.3,0
1185.3,0.133,0.315,-0.182,0.05,0.317,-0.267,-56.9,0
1185.45,0.121,0.312,-0.192,0.02,0.308,-0.288,-61.2,0
1185.6,0.116,0.309,-0.192,0.0,0.298,-0.298,-73.5,0
1185.75,0.111,0.305,-0.194,0.0,0.29,-0.29,-71.5,0
1185.9,0.099,0.302,-0.203,0.0,0.282,-0.282,-69.5,0
1186.05,0.093,0.298,-0.205,0.0,0.274,-0.274,-67.5,0
1186.2,0.094,0.294,-0.201,0.0,0.266,-0.266,-65.5,0
1186.35,0.087,0.29,-0.204,0.0,0.257,-0.257,-63.5,0
1186.5,0.081,0.286,-0.205,0.0,0.249,-0.249,-61.4,0
1186.65,0.086,0.282,-0.197,0.0,0.242,-0.242,-59.7,0
1186.8,0.084,0.279,-0.195,0.0,0.236,-0.236,-58.1,0
1186.95,0.09,0.276,-0.186,0.0,0.232,-0.232,-57.2,0
1187.1,0.092,0.272,-0.18,0.0,0.225,-0.225,-55.5,0
1187.25,0.09,0.269,-0.18,0.0,0.22,-0.22,-54.3,0
1187.4,0.087,0.266,-0.179,0.0,0.214,-0.214,-52.7,0
1187.55,0.091,0.263,-0.172,0.0,0.207,-0.207,-51.1,0
1187.7,0.101,0.26,-0.159,0.0,0.2,-0.2,-49.3,0
1187.85,0.108,0.257,-0.148,0.0,0.195,-0.195,-48.2,0
1188.0,0.118,0.254,-0.136,0.0,0.192,-0.192,-47.4,0
1188.15,0.134,0.252,-0.118,0.0,0.19,-0.19,-39.8,0
1188.3,0.149,0.249,-0.101,0.0,0.184,-0.184,-38.5,0
1188.45,0.157,0.247,-0.091,0.0,0.182,-0.182,-38.2,0
1188.6,0.165,0.245,-0.08,0.0,0.177,-0.177,-36.9,0
1188.75,0.183,0.243,-0.059,0.0,0.171,-0.171,-35.7,0
1188.9,0.199,0.24,-0.041,0.0,0.164,-0.164,-34.3,0
1189.05,0.216,0.238,-0.022,0.0,0.161,-0.161,-33.6,0
1189.2,0.236,0.236,0.0,0.162,0.159,0.003,6.7,6
1189.35,0.257,0.234,0.023,0.342,0.157,0.185,45.8,45
1189.5,0.276,0.232,0.044,0.35,0.153,0.197,52.7,52
1189.65,0.295,0.231,0.065,0.35,0.154,0.196,63.7,63
1189.8,0.327,0.23,0.097,0.35,0.153,0.197,75.4,75
1189.95,0.345,0.229,0.116,0.35,0.154,0.196,86.7,86
1190.1,0.369,0.228,0.141,0.35,0.152,0.198,98.6,98
1190.25,0.398,0.228,0.17,0.35,0.152,0.198,110.2,110
1190.4,0.43,0.227,0.203,0.35,0.152,0.198,121.8,121
1190.55,0.461,0.227,0.234,0.35,0.151,0.199,133.7,133
1190.7,0.493,0.226,0.267,0.35,0.151,0.199,145.2,145
1190.85,0.52,0.226,0.294,0.35,0.15,0.2,157.0,157
1191.0,0.558,0.226,0.332,0.35,0.153,0.197,167.9,167
1191.15,0.588,0.227,0.361,0.35,0.158,0.192,178.4,178
1191.3,0.614,0.228,0.386,0.35,0.163,0.187,188.6,188
1191.45,0.644,0.229,0.415,0.35,0.165,0.185,199.3,199
1191.6,0.679,0.231,0.448,0.35,0.17,0.18,208.9,208
1191.75,0.714,0.232,0.482,0.35,0.174,0.176,218.7,218
1191.9,0.753,0.234,0.519,0.35,0.179,0.171,227.8,227
1192.05,0.796,0.236,0.56,0.35,0.182,0.168,237.2,237
1192.2,0.832,0.238,0.594,0.35,0.189,0.161,245.4,245
1192.35,0.867,0.24,0.627,0.35,0.193,0.157,254.2,254
1192.5,0.905,0.242,0.663,0.35,0.196,0.154,262.7,255
1192.65,0.947,0.244,0.703,0.35,0.202,0.148,261.4,255
1192.8,0.987,0.247,0.741,0.35,0.208,0.142,260.2,255
1192.95,1.02,0.249,0.771,0.35,0.214,0.136,259.0,255
1193.1,1.067,0.252,0.815,0.35,0.221,0.129,257.5,255
1193.25,1.114,0.255,0.859,0.35,0.227,0.123,256.2,255
1193.4,1.149,0.258,0.892,0.35,0.232,0.118,255.2,255
1193.55,1.188,0.26,0.927,0.35,0.238,0.112,253.8,253
1193.7,1.236,0.263,0.973,0.35,0.24,0.11,260.0,255
1193.85,1.284,0.265,1.018,0.35,0.246,0.104,258.6,255
1194.0,1.329,0.268,1.061,0.35,0.251,0.099,257.7,255
1194.15,1.376,0.27,1.106,0.35,0.256,0.094,256.7,255
1194.3,1.416,0.272,1.144,0.35,0.257,0.093,256.5,255
1194.45,1.456,0.275,1.181,0.35,0.263,0.087,255.1,255
1194.6,1.499,0.277,1.222,0.35,0.264,0.086,255.1,255
1194.75,1.542,0.278,1.264,0.35,0.266,0.084,254.6,254
1194.9,1.581,0.28,1.301,0.35,0.271,0.079,258.4,255
1195.05,1.619,0.282,1.337,0.35,0.276,0.074,257.3,255
1195.2,1.664,0.284,1.38,0.35,0.281,0.069,256.3,255
1195.35,1.701,0.286,1.415,0.35,0.284,0.066,255.7,255
1195.5,1.747,0.288,1.459,0.35,0.289,0.061,254.7,254
1195.65,1.79,0.29,1.5,0.35,0.289,0.061,258.3,255
1195.8,1.838,0.292,1.547,0.35,0.294,0.056,257.2,255
1195.95,1.876,0.293,1.583,0.35,0.297,0.053,256.7,255
1196.1,1.914,0.295,1.62,0.35,0.298,0.052,256.4,255
1196.25,1.957,0.296,1.661,0.35,0.3,0.05,255.9,255
1196.4,1.996,0.297,1.698,0.35,0.301,0.049,255.9,255
1196.55,2.029,0.298,1.731,0.35,0.304,0.046,255.1,255
1196.7,2.064,0.299,1.765,0.35,0.305,0.045,255.0,255
1196.85,2.11,0.301,1.809,0.35,0.309,0.041,254.1,254
1197.0,2.144,0.302,1.842,0.35,0.31,0.04,256.2,255
1197.15,2.187,0.303,1.884,0.35,0.314,0.036,255.4,255
1197.3,2.22,0.304,1.916,0.35,0.314,0.036,255.6,255
1197.45,2.254,0.305,1.949,0.35,0.316,0.034,255.0,254
1197.6,2.297,0.306,1.991,0.35,0.317,0.033,257.0,255
1197.75,2.326,0.307,2.019,0.35,0.321,0.029,256.0,255
1197.9,2.367,0.308,2.059,0.35,0.324,0.026,255.3,255
1198.05,2.395,0.309,2.086,0.35,0.325,0.025,255.3,255
1198.2,2.432,0.31,2.122,0.35,0.326,0.024,255.0,254
1198.35,2.468,0.311,2.157,0.35,0.327,0.023,256.0,255
1198.5,2.5,0.312,2.188,0.35,0.331,0.019,255.3,255
1198.65,2.532,0.313,2.218,0.35,0.334,0.016,254.7,254
1198.8,2.565,0.314,2.251,0.35,0.335,0.015,255.3,255
1198.95,2.591,0.315,2.276,0.35,0.335,0.015,255.5,255
1199.1,2.61,0.316,2.294,0.35,0.339,0.011,254.5,254
1199.25,2.63,0.317,2.313,0.35,0.342,0.008,254.6,254
1199.4,2.663,0.319,2.345,0.35,0.344,0.006,254.5,254
1199.55,2.686,0.32,2.367,0.35,0.345,0.005,254.8,254
1199.7,2.714,0.32,2.393,0.35,0.346,0.004,254.9,254
1199.85,2.741,0.321,2.42,0.35,0.348,0.002,254.8,254
