time,dist,d_safe,df,speed,v_leader,v_ref,uff,u_mpc,u_total,pwm,pred_penalty
0.0,1.5441,0.253,1.2911,0.0043,0.2,0.38,0.76,0.317,1.0,255,0.0
0.2,1.5586,0.2974,1.2612,0.0677,0.2045,0.38,0.76,0.2823,1.0,255,0.0
0.4,1.5907,0.3365,1.2541,0.1236,0.209,0.38,0.76,0.2536,1.0,255,0.0
0.6,1.5871,0.3733,1.2138,0.1762,0.2135,0.38,0.76,0.2233,0.9833,252,0.0
0.8,1.5841,0.3999,1.1842,0.2142,0.218,0.38,0.76,0.2013,0.9613,248,0.0
1.0,1.5947,0.4236,1.1711,0.248,0.2224,0.38,0.76,0.1831,0.9431,245,0.0
1.2,1.577,0.4397,1.1373,0.271,0.2269,0.38,0.76,0.1682,0.9282,243,0.0
1.4,1.5631,0.456,1.1071,0.2942,0.2313,0.38,0.76,0.1536,0.9136,241,0.0
1.6,1.5485,0.4735,1.0749,0.3193,0.2358,0.38,0.76,0.1378,0.8978,238,0.0
1.8,1.537,0.4845,1.0524,0.335,0.2402,0.38,0.76,0.1277,0.8877,237,0.0
2.0,1.5129,0.4938,1.0192,0.3482,0.2445,0.38,0.76,0.1178,0.8778,235,0.0
2.2,1.4817,0.5009,0.9808,0.3585,0.2489,0.38,0.76,0.1088,0.8688,234,0.0
2.4,1.4746,0.5036,0.971,0.3623,0.2532,0.38,0.76,0.106,0.866,233,0.0
2.6,1.4369,0.5121,0.9248,0.3745,0.2575,0.38,0.76,0.0952,0.8552,231,0.0
2.8,1.4108,0.5108,0.8999,0.3726,0.2617,0.38,0.76,0.0937,0.8537,231,0.0
3.0,1.3952,0.5166,0.8786,0.3808,0.2659,0.38,0.76,0.0875,0.8475,230,0.0
3.2,1.3719,0.5169,0.855,0.3813,0.2701,0.38,0.76,0.0849,0.8449,230,0.0
3.4,1.3579,0.5197,0.8382,0.3853,0.2742,0.38,0.76,0.0812,0.8412,229,0.0
3.6,1.3282,0.5233,0.8048,0.3905,0.2783,0.38,0.76,0.0752,0.8352,228,0.0
3.8,1.3118,0.5224,0.7893,0.3892,0.2823,0.38,0.76,0.0743,0.8343,228,0.0
4.0,1.2806,0.5249,0.7557,0.3928,0.2863,0.38,0.76,0.0692,0.8292,227,0.0
4.2,1.2668,0.5272,0.7395,0.396,0.2902,0.38,0.76,0.0659,0.8259,227,0.0
4.4,1.2527,0.5271,0.7256,0.3958,0.2941,0.38,0.76,0.0646,0.8246,226,0.0
4.6,1.2256,0.5263,0.6993,0.3947,0.2979,0.38,0.76,0.0626,0.8226,226,0.0
4.8,1.2022,0.5265,0.6757,0.395,0.3016,0.38,0.76,0.0601,0.8201,226,0.0
5.0,1.1949,0.5303,0.6646,0.4004,0.3053,0.38,0.76,0.0563,0.8163,225,0.0
5.2,1.1709,0.5278,0.6431,0.3968,0.3089,0.38,0.76,0.0559,0.8159,225,0.0
5.4,1.1615,0.5283,0.6332,0.3976,0.3125,0.38,0.76,0.0545,0.8145,225,0.0
5.6,1.1298,0.527,0.6028,0.3957,0.316,0.38,0.76,0.0524,0.8124,224,0.0
5.8,1.1223,0.5254,0.5969,0.3934,0.3194,0.38,0.76,0.053,0.813,225,0.0
6.0,1.1044,0.529,0.5753,0.3986,0.3227,0.38,0.76,0.0482,0.8082,224,0.0
6.2,1.0923,0.5311,0.5612,0.4016,0.3259,0.38,0.76,0.0453,0.8053,223,0.0
6.4,1.0683,0.5297,0.5387,0.3995,0.3291,0.38,0.76,0.0441,0.8041,223,0.0
6.6,1.0572,0.5292,0.5281,0.3988,0.3322,0.38,0.76,0.0434,0.8034,223,0.0
6.8,1.0561,0.5278,0.5283,0.3968,0.3352,0.38,0.76,0.0444,0.8044,223,0.0
7.0,1.0387,0.5246,0.5141,0.3923,0.3382,0.38,0.76,0.0453,0.8053,223,0.0
7.2,1.0256,0.5264,0.4992,0.3949,0.341,0.38,0.76,0.0425,0.8025,223,0.0
7.4,1.0273,0.5233,0.504,0.3905,0.3438,0.38,0.76,0.0452,0.8052,223,0.0
7.6,1.0086,0.5287,0.4798,0.3982,0.3464,0.38,0.76,0.0389,0.7989,222,0.0
7.8,0.9938,0.5225,0.4713,0.3893,0.349,0.38,0.76,0.0425,0.8025,223,0.0
8.0,1.0035,0.5228,0.4807,0.3897,0.3515,0.38,0.76,0.0432,0.8032,223,0.0
8.2,0.9949,0.5223,0.4726,0.3889,0.3538,0.38,0.76,0.0428,0.8028,223,0.0
8.4,0.9849,0.5278,0.4571,0.3968,0.3561,0.38,0.76,0.0373,0.7973,222,0.0
8.6,0.9686,0.5284,0.4402,0.3977,0.3583,0.38,0.76,0.0352,0.7952,222,0.0
8.8,0.9688,0.5268,0.442,0.3954,0.3604,0.38,0.76,0.0365,0.7965,222,0.0
9.0,0.9641,0.5285,0.4357,0.3978,0.3624,0.38,0.76,0.0347,0.7947,222,0.0
9.2,0.952,0.5278,0.4242,0.3969,0.3643,0.38,0.76,0.034,0.794,222,0.0
9.4,0.9515,0.5221,0.4294,0.3887,0.3661,0.38,0.76,0.0386,0.7986,222,0.0
9.6,0.936,0.5237,0.4123,0.391,0.3678,0.38,0.76,0.0357,0.7957,222,0.0
9.8,0.935,0.5281,0.407,0.3973,0.3693,0.38,0.76,0.0321,0.7921,221,0.0
10.0,0.9403,0.5255,0.4149,0.3935,0.3708,0.38,0.76,0.0347,0.7947,222,0.0
10.2,0.9336,0.5271,0.4065,0.3959,0.3722,0.38,0.76,0.0327,0.7927,221,0.0
10.4,0.9352,0.5272,0.408,0.396,0.3734,0.38,0.76,0.0328,0.7928,221,0.0
10.6,0.9227,0.527,0.3957,0.3957,0.3746,0.38,0.76,0.0317,0.7917,221,0.0
10.8,0.9112,0.5251,0.3861,0.393,0.3756,0.38,0.76,0.0321,0.7921,221,0.0
11.0,0.9181,0.523,0.395,0.3901,0.3766,0.38,0.76,0.0345,0.7945,222,0.0
11.2,0.9121,0.5213,0.3908,0.3876,0.3774,0.38,0.76,0.0353,0.7953,222,0.0
11.4,0.9042,0.5208,0.3834,0.3868,0.3781,0.38,0.76,0.0349,0.7949,222,0.0
11.6,0.9184,0.5239,0.3946,0.3912,0.3787,0.38,0.76,0.0338,0.7938,222,0.0
11.8,0.904,0.5232,0.3808,0.3903,0.3792,0.38,0.76,0.0329,0.7929,221,0.0
12.0,0.9087,0.521,0.3876,0.3872,0.3795,0.38,0.76,0.0352,0.7952,222,0.0
12.2,0.892,0.5244,0.3676,0.392,0.3798,0.38,0.76,0.0307,0.7907,221,0.0
12.4,0.8951,0.525,0.3701,0.3928,0.38,0.38,0.76,0.0306,0.7906,221,0.0
12.6,0.8914,0.5222,0.3692,0.3888,0.38,0.38,0.76,0.0325,0.7925,221,0.0
12.8,0.8864,0.5236,0.3628,0.3908,0.3799,0.38,0.76,0.0309,0.7909,221,0.0
13.0,0.8909,0.5267,0.3642,0.3953,0.3797,0.38,0.76,0.0288,0.7888,221,0.0
13.2,0.8866,0.5222,0.3643,0.3889,0.3794,0.38,0.76,0.032,0.792,221,0.0
13.4,0.8884,0.5221,0.3663,0.3888,0.379,0.38,0.76,0.0323,0.7923,221,0.0
13.6,0.8867,0.5242,0.3625,0.3917,0.3785,0.38,0.76,0.0304,0.7904,221,0.0
13.8,0.8886,0.522,0.3666,0.3885,0.3779,0.38,0.76,0.0324,0.7924,221,0.0
14.0,0.8732,0.5251,0.3481,0.3929,0.3771,0.38,0.76,0.0283,0.7883,221,0.0
14.2,0.8843,0.5238,0.3605,0.3911,0.3763,0.38,0.76,0.0305,0.7905,221,0.0
14.4,0.8828,0.521,0.3618,0.3871,0.3753,0.38,0.76,0.0326,0.7926,221,0.0
14.6,0.8801,0.5265,0.3536,0.395,0.3742,0.38,0.76,0.0278,0.7878,221,0.0
14.8,0.869,0.5208,0.3482,0.3868,0.373,0.38,0.76,0.0314,0.7914,221,0.0
15.0,0.8651,0.5244,0.3407,0.392,0.3717,0.38,0.76,0.0281,0.7881,221,0.0
15.2,0.8522,0.5203,0.3319,0.3861,0.3703,0.38,0.76,0.0301,0.7901,221,0.0
15.4,0.8585,0.5256,0.3329,0.3937,0.3688,0.38,0.76,0.0264,0.7864,220,0.0
15.6,0.8593,0.5206,0.3388,0.3865,0.3672,0.38,0.76,0.0306,0.7906,221,0.0
15.8,0.8515,0.5201,0.3315,0.3858,0.3655,0.38,0.76,0.0302,0.7902,221,0.0
16.0,0.8451,0.5208,0.3243,0.3868,0.3637,0.38,0.76,0.029,0.789,221,0.0
16.2,0.8392,0.5203,0.3188,0.3862,0.3617,0.38,0.76,0.0288,0.7888,221,0.0
16.4,0.8335,0.5195,0.314,0.3849,0.3597,0.38,0.76,0.0289,0.7889,221,0.0
16.6,0.8227,0.521,0.3017,0.3872,0.3576,0.38,0.76,0.0266,0.7866,220,0.0
16.8,0.8238,0.5198,0.304,0.3854,0.3554,0.38,0.76,0.0277,0.7877,221,0.0
17.0,0.8169,0.5213,0.2956,0.3876,0.3531,0.38,0.76,0.0258,0.7858,220,0.0
17.2,0.799,0.5254,0.2736,0.3934,0.3506,0.38,0.76,0.0206,0.7806,219,0.0
17.4,0.7899,0.5216,0.2683,0.388,0.3481,0.38,0.76,0.0228,0.7828,220,0.0
17.6,0.792,0.5192,0.2729,0.3845,0.3455,0.38,0.76,0.025,0.785,220,0.0
17.8,0.7699,0.521,0.249,0.3871,0.3428,0.38,0.76,0.0214,0.7814,220,0.0
18.0,0.7732,0.5219,0.2513,0.3885,0.3401,0.38,0.76,0.0209,0.7809,219,0.0
18.2,0.7554,0.5199,0.2355,0.3856,0.3372,0.38,0.76,0.0208,0.7808,219,0.0
18.4,0.7382,0.5249,0.2133,0.3927,0.3342,0.38,0.76,0.015,0.775,218,0.0
18.6,0.7278,0.5213,0.2065,0.3876,0.3312,0.38,0.76,0.0168,0.7768,219,0.0
18.8,0.717,0.5182,0.1989,0.3831,0.3281,0.38,0.76,0.0183,0.7783,219,0.0
19.0,0.702,0.5237,0.1783,0.391,0.3249,0.38,0.76,0.0123,0.7723,218,0.0
19.2,0.6959,0.518,0.1779,0.3828,0.3216,0.38,0.76,0.0164,0.7764,219,0.0
19.4,0.6836,0.5222,0.1613,0.3889,0.3182,0.38,0.76,0.0117,0.7717,218,0.0
19.6,0.6649,0.52,0.1449,0.3857,0.3148,0.38,0.76,0.0116,0.7716,218,0.0
19.8,0.6454,0.5203,0.125,0.3862,0.3113,0.38,0.76,0.0094,0.7694,218,0.0
20.0,0.6337,0.5233,0.1104,0.3904,0.3077,0.38,0.76,0.0058,0.7658,217,0.0
20.2,0.628,0.52,0.108,0.3857,0.3041,0.38,0.76,0.008,0.768,217,0.0
20.4,0.6132,0.5183,0.0949,0.3833,0.3004,0.3763,0.7526,0.006,0.7586,216,0.0
20.6,0.5958,0.5219,0.0739,0.3884,0.2966,0.3558,0.7115,-0.0089,0.7026,207,0.0
20.8,0.5653,0.5204,0.0449,0.3862,0.2928,0.3287,0.6575,-0.0243,0.6332,196,0.0
21.0,0.545,0.5155,0.0295,0.3793,0.2889,0.3125,0.625,-0.0305,0.5945,190,0.0
21.2,0.5381,0.5117,0.0264,0.3739,0.285,0.3061,0.6122,-0.0312,0.581,187,0.0
21.4,0.518,0.5058,0.0122,0.3654,0.281,0.2907,0.5815,-0.0361,0.5454,182,0.0
21.6,0.4929,0.4998,-0.0069,0.3568,0.2769,0.2714,0.5428,-0.0434,0.4994,174,0.0
21.8,0.4772,0.4948,-0.0175,0.3497,0.2728,0.2588,0.5176,-0.0472,0.4704,170,0.0
22.0,0.4804,0.4931,-0.0126,0.3472,0.2687,0.2586,0.5172,-0.0456,0.4716,170,0.0
22.2,0.4518,0.4848,-0.033,0.3355,0.2645,0.2381,0.4762,-0.052,0.4243,162,0.0
22.4,0.4366,0.4798,-0.0432,0.3283,0.2603,0.2257,0.4514,-0.0556,0.3958,158,0.0
22.6,0.4343,0.4779,-0.0437,0.3256,0.256,0.2211,0.4422,-0.0566,0.3856,156,0.0
22.8,0.4202,0.4714,-0.0512,0.3164,0.2517,0.2107,0.4215,-0.0579,0.3636,153,0.0
23.0,0.4155,0.4619,-0.0463,0.3027,0.2474,0.2103,0.4207,-0.0508,0.3699,154,0.0
23.2,0.4008,0.4614,-0.0607,0.3021,0.2431,0.1945,0.389,-0.0598,0.3292,147,0.0
23.4,0.3919,0.4563,-0.0644,0.2947,0.2387,0.1872,0.3743,-0.0602,0.3142,145,0.0
23.6,0.3637,0.4544,-0.0906,0.292,0.2343,0.1618,0.3235,-0.0742,0.2494,134,0.0
23.8,0.3611,0.447,-0.0859,0.2814,0.2298,0.1611,0.3223,-0.0687,0.2536,135,0.0
24.0,0.3543,0.4415,-0.0872,0.2735,0.2254,0.1556,0.3113,-0.0677,0.2436,133,0.0
24.2,0.351,0.441,-0.09,0.2728,0.2209,0.1489,0.2979,-0.0709,0.2269,131,0.0
24.4,0.3346,0.4325,-0.098,0.2608,0.2165,0.1381,0.2762,-0.0711,0.2051,127,0.0
24.6,0.3165,0.4311,-0.1146,0.2587,0.212,0.1203,0.2406,-0.0807,0.1599,120,0.0
24.8,0.3158,0.4283,-0.1125,0.2547,0.2075,0.1174,0.2349,-0.0799,0.155,119,0.0
25.0,0.2973,0.4194,-0.1221,0.242,0.203,0.1053,0.2107,-0.0805,0.1302,115,0.0
25.2,0.3028,0.4154,-0.1126,0.2363,0.1985,0.1084,0.2168,-0.0752,0.1416,117,0.0
25.4,0.2902,0.4109,-0.1207,0.2299,0.194,0.0974,0.1949,-0.0783,0.1166,113,0.0
25.6,0.2776,0.4122,-0.1346,0.2317,0.1895,0.0818,0.1636,-0.0884,0.0752,107,0.0
25.8,0.279,0.4058,-0.1268,0.2226,0.185,0.0835,0.1671,-0.0822,0.0849,108,0.0
26.0,0.2758,0.4057,-0.1299,0.2224,0.1805,0.0766,0.1533,-0.0859,0.0674,105,0.0
26.2,0.257,0.3987,-0.1417,0.2125,0.1761,0.0627,0.1253,-0.0891,0.0362,100,0.0
26.4,0.2615,0.3939,-0.1325,0.2056,0.1716,0.0656,0.1312,-0.0833,0.048,102,0.0
26.6,0.2366,0.391,-0.1544,0.2014,0.1672,0.0437,0.0874,-0.0943,0.0,0,0.0
26.8,0.2371,0.3743,-0.1372,0.1776,0.1628,0.053,0.1059,-0.076,0.0,0,0.0
27.0,0.2439,0.3562,-0.1123,0.1517,0.1584,0.0686,0.1371,-0.0528,0.0,0,0.0
27.2,0.2437,0.3376,-0.0939,0.1251,0.154,0.0789,0.1577,-0.0325,0.0,0,0.0
27.4,0.2609,0.3232,-0.0623,0.1046,0.1497,0.0998,0.1997,-0.0086,0.1911,125,0.0
27.6,0.2602,0.3374,-0.0772,0.1249,0.1454,0.0836,0.1671,-0.0284,0.1387,117,0.0
27.8,0.2711,0.3472,-0.0761,0.1389,0.1411,0.0802,0.1604,-0.0369,0.1235,114,0.0
28.0,0.2577,0.3524,-0.0947,0.1462,0.1369,0.0611,0.1222,-0.052,0.0702,106,0.0
28.2,0.259,0.353,-0.094,0.1472,0.1327,0.0575,0.1149,-0.0543,0.0607,104,0.0
28.4,0.2527,0.3608,-0.108,0.1582,0.1285,0.0421,0.0842,-0.0689,0.0153,97,0.0
28.6,0.2503,0.358,-0.1077,0.1543,0.1244,0.0383,0.0765,-0.0688,0.0077,0,0.0
28.8,0.2431,0.3426,-0.0995,0.1323,0.1203,0.0407,0.0815,-0.0558,0.0,0,0.0
29.0,0.2464,0.3268,-0.0805,0.1097,0.1163,0.052,0.1039,-0.0369,0.0,0,0.0
29.2,0.2426,0.3188,-0.0762,0.0983,0.1124,0.0514,0.1028,-0.031,0.0,0,0.0
29.4,0.258,0.3109,-0.0529,0.087,0.1085,0.0662,0.1323,-0.0157,0.1167,113,0.0
29.6,0.2633,0.3189,-0.0556,0.0984,0.1046,0.0601,0.1203,-0.0247,0.0956,110,0.0
29.8,0.2476,0.3288,-0.0812,0.1126,0.1008,0.0359,0.0718,-0.0464,0.0,0,0.0
30.0,0.2555,0.3199,-0.0644,0.0998,0.0971,0.0456,0.0912,-0.0336,0.0576,104,0.0
30.2,0.2489,0.3305,-0.0816,0.115,0.0935,0.0282,0.0564,-0.0515,0.0,0,0.0
30.4,0.2467,0.3169,-0.0702,0.0956,0.0899,0.0337,0.0674,-0.038,0.0,0,0.0
30.6,0.2399,0.3068,-0.067,0.0812,0.0863,0.0328,0.0655,-0.0309,0.0,0,0.0
30.8,0.2437,0.2989,-0.0552,0.0699,0.0829,0.0387,0.0774,-0.0211,0.0,0,0.0
31.0,0.2554,0.2935,-0.0382,0.0622,0.0795,0.049,0.098,-0.0104,0.0875,109,0.0
31.2,0.2655,0.3034,-0.0379,0.0763,0.0762,0.0459,0.0918,-0.019,0.0729,106,0.0
31.4,0.2569,0.3167,-0.0597,0.0952,0.073,0.0252,0.0504,-0.041,0.0094,0,0.0
31.6,0.2568,0.3062,-0.0494,0.0803,0.0698,0.0303,0.0607,-0.0299,0.0308,99,0.0
31.8,0.2345,0.3144,-0.0798,0.092,0.0668,0.0029,0.0058,-0.0525,0.0,0,0.0
32.0,0.2398,0.3077,-0.0679,0.0824,0.0638,0.0094,0.0188,-0.0433,0.0,0,0.0
32.2,0.2457,0.2994,-0.0537,0.0706,0.0609,0.0179,0.0358,-0.0318,0.0,0,0.0
32.4,0.2327,0.2932,-0.0605,0.0617,0.0581,0.0097,0.0194,-0.0321,0.0,0,0.0
32.6,0.2432,0.2833,-0.0401,0.0476,0.0553,0.0232,0.0465,-0.0162,0.0,0,0.0
32.8,0.2425,0.2777,-0.0353,0.0396,0.0527,0.0245,0.049,-0.0111,0.0,0,0.0
33.0,0.2383,0.272,-0.0337,0.0314,0.0502,0.0232,0.0465,-0.0075,0.0,0,0.0
33.2,0.2422,0.2746,-0.0324,0.0351,0.0,0.0,0.0,-0.0208,0.0,0,0.0
33.4,0.2404,0.2655,-0.0251,0.0221,0.0,0.0,0.0,-0.0136,0.0,0,0.0
33.6,0.2344,0.2669,-0.0325,0.0241,0.0,0.0,0.0,-0.0153,0.0,0,0.0
33.8,0.2234,0.2621,-0.0387,0.0172,0.0,0.0,0.0,-0.0125,0.0,0,0.0
34.0,0.2309,0.261,-0.0301,0.0157,0.0,0.0,0.0,-0.0109,0.0,0,0.0
34.2,0.2233,0.2589,-0.0356,0.0127,0.0,0.0,0.0,-0.0099,0.0,0,0.0
34.4,0.2282,0.2601,-0.0318,0.0144,0.0,0.0,0.0,-0.0104,0.0,0,0.0
34.6,0.2177,0.2583,-0.0406,0.0118,0.0,0.0,0.0,-0.01,0.0,0,0.0
34.8,0.2161,0.2549,-0.0388,0.007,0.0,0.0,0.0,-0.0074,0.0,0,0.0
35.0,0.2216,0.2536,-0.032,0.0052,0.0,0.0,0.0,-0.0058,0.0,0,0.0
35.2,0.2101,0.2564,-0.0463,0.0092,0.0,0.0,0.0,-0.0092,0.0,0,0.0
35.4,0.2097,0.2558,-0.0461,0.0082,0.0,0.0,0.0,-0.0087,0.0,0,0.0
35.6,0.2019,0.25,-0.0481,0.0,0.0,0.0,0.0,-0.0048,0.0,0,0.0
35.8,0.2063,0.2514,-0.0451,0.002,0.0,0.0,0.0,-0.0055,0.0,0,0.0
36.0,0.2189,0.2524,-0.0335,0.0034,0.0,0.0,0.0,-0.005,0.0,0,0.0
36.2,0.2133,0.25,-0.0367,0.0,0.0,0.0,0.0,-0.0037,0.0,0,0.0
36.4,0.2155,0.2522,-0.0367,0.0032,0.0,0.0,0.0,-0.0053,0.0,0,0.0
36.6,0.2104,0.2516,-0.0411,0.0022,0.0,0.0,0.0,-0.0052,0.0,0,0.0
36.8,0.2002,0.2513,-0.0511,0.0018,0.0,0.0,0.0,-0.006,0.0,0,0.0
37.0,0.2138,0.2526,-0.0388,0.0037,0.0,0.0,0.0,-0.0057,0.0,0,0.0
37.2,0.2002,0.2543,-0.0541,0.0061,0.0,0.0,0.0,-0.0085,0.0,0,0.0
37.4,0.21,0.25,-0.04,0.0,0.0,0.0,0.0,-0.004,0.0,0,0.0
37.6,0.2098,0.2518,-0.042,0.0025,0.0,0.0,0.0,-0.0055,0.0,0,0.0
37.8,0.2092,0.25,-0.0408,0.0,0.0,0.0,0.0,-0.0041,0.0,0,0.0
38.0,0.2061,0.2515,-0.0454,0.0021,0.0,0.0,0.0,-0.0056,0.0,0,0.0
38.2,0.1969,0.25,-0.0531,0.0,0.0,0.0,0.0,-0.0053,0.0,0,0.0
38.4,0.2122,0.2532,-0.041,0.0046,0.0,0.0,0.0,-0.0064,0.0,0,0.0
38.6,0.2013,0.2511,-0.0498,0.0015,0.0,0.0,0.0,-0.0057,0.0,0,0.0
38.8,0.2044,0.2501,-0.0457,0.0002,0.0,0.0,0.0,-0.0046,0.0,0,0.0
39.0,0.2115,0.25,-0.0385,0.0,0.0,0.0,0.0,-0.0039,0.0,0,0.0
39.2,0.2143,0.25,-0.0357,0.0,0.0,0.0,0.0,-0.0036,0.0,0,0.0
39.4,0.1999,0.25,-0.0501,0.0,0.0,0.0,0.0,-0.005,0.0,0,0.0
39.6,0.1986,0.2514,-0.0527,0.002,0.0,0.0,0.0,-0.0062,0.0,0,0.0
39.8,0.2033,0.25,-0.0467,0.0,0.0,0.0,0.0,-0.0047,0.0,0,0.0
40.0,0.1966,0.25,-0.0534,0.0,0.0,0.0,0.0,-0.0053,0.0,0,0.0
40.2,0.2052,0.252,-0.0467,0.0028,0.0,0.0,0.0,-0.0061,0.0,0,0.0
40.4,0.2034,0.2506,-0.0472,0.0009,0.0,0.0,0.0,-0.0052,0.0,0,0.0
40.6,0.2099,0.2519,-0.0419,0.0027,0.0,0.0,0.0,-0.0055,0.0,0,0.0
40.8,0.2065,0.2503,-0.0438,0.0004,0.0,0.0,0.0,-0.0046,0.0,0,0.0
41.0,0.2058,0.25,-0.0442,0.0,0.0,0.0,0.0,-0.0044,0.0,0,0.0
41.2,0.202,0.2523,-0.0503,0.0033,0.0,0.0,0.0,-0.0067,0.0,0,0.0
41.4,0.2147,0.25,-0.0353,0.0,0.0,0.0,0.0,-0.0035,0.0,0,0.0
41.6,0.1992,0.2521,-0.0529,0.003,0.0,0.0,0.0,-0.0068,0.0,0,0.0
41.8,0.2016,0.25,-0.0484,0.0,0.0,0.0,0.0,-0.0048,0.0,0,0.0
42.0,0.2051,0.25,-0.0449,0.0,0.0,0.0,0.0,-0.0045,0.0,0,0.0
42.2,0.2146,0.2504,-0.0358,0.0006,0.0,0.0,0.0,-0.0039,0.0,0,0.0
42.4,0.2144,0.2506,-0.0362,0.0008,0.0502,0.0213,0.0425,0.0066,0.0,0,0.0
42.6,0.2347,0.25,-0.0153,0.0,0.0527,0.0405,0.0809,0.0187,0.0,0,0.0
42.8,0.2333,0.25,-0.0167,0.0,0.0554,0.042,0.0841,0.0193,0.0,0,0.0
43.0,0.2426,0.25,-0.0074,0.0,0.0581,0.0522,0.1044,0.0254,0.0,0,0.0
43.2,0.2631,0.25,0.0131,0.0,0.0609,0.0714,0.1428,0.037,0.1798,123,0.0
43.4,0.2646,0.2762,-0.0116,0.0374,0.0638,0.0546,0.1091,0.0074,0.1165,113,0.0
43.6,0.2719,0.2924,-0.0205,0.0606,0.0668,0.0504,0.1008,-0.0072,0.0936,109,0.0
43.8,0.2721,0.304,-0.0319,0.0771,0.0699,0.0443,0.0887,-0.0196,0.0691,106,0.0
44.0,0.2722,0.3142,-0.042,0.0917,0.073,0.0394,0.0788,-0.0303,0.0485,102,0.0
44.2,0.2535,0.3264,-0.0728,0.1091,0.0762,0.018,0.036,-0.0528,0.0,0,0.0
44.4,0.262,0.3115,-0.0495,0.0878,0.0795,0.0399,0.0799,-0.0289,0.051,103,0.0
44.6,0.253,0.3207,-0.0677,0.1011,0.0829,0.0287,0.0575,-0.0429,0.0145,97,0.0
44.8,0.2532,0.3305,-0.0773,0.115,0.0864,0.0245,0.049,-0.053,0.0,0,0.0
45.0,0.2449,0.3174,-0.0725,0.0963,0.0899,0.0319,0.0638,-0.0395,0.0,0,0.0
45.2,0.2523,0.3074,-0.0551,0.082,0.0935,0.0494,0.0988,-0.0218,0.077,107,0.0
45.4,0.2377,0.3194,-0.0817,0.0992,0.0972,0.0318,0.0636,-0.0419,0.0,0,0.0
45.6,0.2441,0.311,-0.0669,0.0872,0.1009,0.0473,0.0946,-0.0266,0.0,0,0.0
45.8,0.2616,0.3011,-0.0396,0.0731,0.1047,0.073,0.146,-0.004,0.1421,117,0.0
46.0,0.2618,0.3133,-0.0515,0.0904,0.1085,0.0673,0.1346,-0.0167,0.1178,113,0.0
46.2,0.2505,0.3232,-0.0727,0.1046,0.1124,0.0542,0.1085,-0.0325,0.076,107,0.0
46.4,0.2596,0.3363,-0.0767,0.1233,0.1164,0.055,0.11,-0.0418,0.0682,105,0.0
46.6,0.254,0.3414,-0.0874,0.1305,0.1204,0.0505,0.1009,-0.0488,0.0521,103,0.0
46.8,0.2633,0.3459,-0.0825,0.1369,0.1244,0.0584,0.1169,-0.0475,0.0694,106,0.0
47.0,0.2575,0.3542,-0.0967,0.1489,0.1286,0.0512,0.1024,-0.0585,0.0439,102,0.0
47.2,0.2393,0.3545,-0.1153,0.1493,0.1327,0.0405,0.081,-0.066,0.0,0,0.0
47.4,0.2453,0.3364,-0.0911,0.1234,0.1369,0.0641,0.1281,-0.0388,0.0,0,0.0
47.6,0.2543,0.3281,-0.0738,0.1116,0.1411,0.0821,0.1642,-0.0221,0.1421,117,0.0
47.8,0.2606,0.3387,-0.078,0.1267,0.1454,0.083,0.166,-0.0296,0.1363,116,0.0
48.0,0.2646,0.343,-0.0785,0.1329,0.1497,0.0869,0.1739,-0.0308,0.1431,117,0.0
48.2,0.2705,0.352,-0.0815,0.1457,0.154,0.0889,0.1777,-0.0366,0.1411,117,0.0
48.4,0.2725,0.3619,-0.0893,0.1598,0.1584,0.0869,0.1739,-0.0454,0.1285,115,0.0
48.6,0.2587,0.3669,-0.1082,0.1671,0.1628,0.0762,0.1524,-0.0563,0.0962,110,0.0
48.8,0.267,0.3651,-0.0982,0.1645,0.1672,0.0887,0.1773,-0.0477,0.1296,115,0.0
49.0,0.2566,0.3729,-0.1163,0.1755,0.1716,0.0786,0.1572,-0.0601,0.0972,110,0.0
49.2,0.2737,0.3711,-0.0974,0.1729,0.1761,0.0982,0.1964,-0.0471,0.1493,118,0.0
49.4,0.2751,0.3758,-0.1006,0.1797,0.1806,0.1001,0.2001,-0.0499,0.1503,119,0.0
49.6,0.2674,0.3813,-0.1138,0.1875,0.185,0.094,0.1879,-0.0582,0.1298,115,0.0
49.8,0.2694,0.3784,-0.1089,0.1834,0.1895,0.1024,0.2048,-0.0514,0.1534,119,0.0
50.0,0.2713,0.3805,-0.1092,0.1864,0.194,0.1067,0.2133,-0.0508,0.1626,121,0.0
50.2,0.2771,0.3843,-0.1073,0.1919,0.1985,0.1127,0.2254,-0.0503,0.1751,123,0.0
50.4,0.26,0.386,-0.1259,0.1942,0.203,0.1023,0.2046,-0.0586,0.146,118,0.0
50.6,0.265,0.3861,-0.1211,0.1944,0.2075,0.1106,0.2213,-0.054,0.1673,121,0.0
50.8,0.2704,0.3901,-0.1197,0.2002,0.212,0.1162,0.2325,-0.054,0.1785,123,0.0
51.0,0.2665,0.3925,-0.126,0.2036,0.2165,0.1157,0.2314,-0.0565,0.1749,122,0.0
51.2,0.284,0.3945,-0.1105,0.2065,0.221,0.1326,0.2651,-0.048,0.2171,129,0.0
51.4,0.277,0.3966,-0.1196,0.2094,0.2254,0.1298,0.2596,-0.0518,0.2078,128,0.0
51.6,0.2776,0.3955,-0.1179,0.2079,0.2299,0.1356,0.2712,-0.0479,0.2232,130,0.0
51.8,0.2971,0.3992,-0.102,0.2131,0.2343,0.1527,0.3054,-0.0404,0.2649,137,0.0
52.0,0.2978,0.4055,-0.1077,0.2221,0.2387,0.1525,0.3051,-0.0456,0.2595,136,0.0
52.2,0.2983,0.4063,-0.1081,0.2233,0.2431,0.1567,0.3133,-0.0441,0.2692,138,0.0
52.4,0.2991,0.4074,-0.1083,0.2249,0.2475,0.1608,0.3216,-0.0429,0.2787,139,0.0
52.6,0.3,0.4125,-0.1124,0.2321,0.2518,0.1619,0.3237,-0.0463,0.2774,139,0.0
52.8,0.307,0.4147,-0.1078,0.2353,0.2561,0.1698,0.3397,-0.0435,0.2962,142,0.0
53.0,0.3122,0.4122,-0.1,0.2317,0.2603,0.1803,0.3607,-0.0357,0.325,146,0.0
53.2,0.3178,0.4165,-0.0987,0.2379,0.2646,0.1856,0.3712,-0.036,0.3352,148,0.0
53.4,0.3262,0.4206,-0.0944,0.2437,0.2687,0.1932,0.3864,-0.0347,0.3517,151,0.0
53.6,0.3309,0.4218,-0.091,0.2455,0.2729,0.2001,0.4002,-0.0318,0.3684,153,0.0
53.8,0.3363,0.4209,-0.0845,0.2441,0.277,0.2093,0.4187,-0.0258,0.3928,157,0.0
54.0,0.3438,0.4243,-0.0805,0.249,0.281,0.2166,0.4332,-0.0243,0.4089,160,0.0
54.2,0.3431,0.4272,-0.0841,0.2531,0.285,0.2177,0.4355,-0.0261,0.4094,160,0.0
54.4,0.3476,0.4301,-0.0825,0.2573,0.2889,0.2229,0.4459,-0.0255,0.4204,162,0.0
54.6,0.3569,0.4355,-0.0786,0.265,0.2928,0.2299,0.4599,-0.0254,0.4345,164,0.0
54.8,0.3647,0.4389,-0.0742,0.2699,0.2967,0.2373,0.4745,-0.0237,0.4508,167,0.0
55.0,0.3675,0.4377,-0.0702,0.2682,0.3004,0.2443,0.4886,-0.019,0.4696,170,0.0
55.2,0.3856,0.4436,-0.058,0.2766,0.3041,0.2577,0.5154,-0.0153,0.5001,175,0.0
55.4,0.3853,0.445,-0.0597,0.2786,0.3078,0.26,0.5199,-0.0153,0.5046,175,0.0
55.6,0.3941,0.4502,-0.0562,0.286,0.3113,0.2664,0.5328,-0.0154,0.5174,177,0.0
55.8,0.4009,0.4556,-0.0547,0.2937,0.3148,0.271,0.5421,-0.0168,0.5253,179,0.0
56.0,0.4062,0.4548,-0.0485,0.2925,0.3183,0.2794,0.5588,-0.0114,0.5474,182,0.0
56.2,0.4045,0.4582,-0.0537,0.2974,0.3216,0.2786,0.5573,-0.0147,0.5426,181,0.0
56.4,0.4011,0.4572,-0.0561,0.296,0.3249,0.28,0.56,-0.0136,0.5464,182,0.0
56.6,0.4109,0.4647,-0.0538,0.3067,0.3281,0.285,0.57,-0.0162,0.5538,183,0.0
56.8,0.4106,0.4652,-0.0546,0.3074,0.3312,0.2876,0.5751,-0.0154,0.5597,184,0.0
57.0,0.4203,0.4678,-0.0475,0.3111,0.3343,0.2963,0.5925,-0.0122,0.5804,187,0.0
57.2,0.4213,0.4668,-0.0455,0.3097,0.3372,0.3008,0.6017,-0.009,0.5927,189,0.0
57.4,0.436,0.4717,-0.0357,0.3167,0.3401,0.3115,0.623,-0.0062,0.6169,193,0.0
57.6,0.4328,0.4723,-0.0395,0.3175,0.3429,0.3113,0.6225,-0.0071,0.6154,193,0.0
57.8,0.4518,0.4781,-0.0263,0.3259,0.3456,0.3245,0.649,-0.0033,0.6457,198,0.0
58.0,0.4525,0.4775,-0.025,0.325,0.3482,0.3281,0.6563,-0.0009,0.6554,199,0.0
58.2,0.4571,0.4786,-0.0215,0.3266,0.3507,0.3334,0.6669,0.0012,0.6681,201,0.0
58.4,0.4576,0.4861,-0.0286,0.3373,0.3531,0.3302,0.6604,-0.0064,0.654,199,0.0
58.6,0.4493,0.4882,-0.039,0.3403,0.3554,0.3242,0.6484,-0.012,0.6365,196,0.0
58.8,0.465,0.4886,-0.0236,0.3409,0.3576,0.3387,0.6775,-0.0034,0.674,202,0.0
59.0,0.4624,0.4882,-0.0258,0.3403,0.3597,0.3391,0.6783,-0.0032,0.6751,203,0.0
59.2,0.4675,0.4911,-0.0237,0.3445,0.3618,0.3428,0.6856,-0.0032,0.6824,204,0.0
59.4,0.4714,0.4935,-0.0221,0.3478,0.3637,0.346,0.6921,-0.0031,0.689,205,0.0
59.6,0.4853,0.4955,-0.0103,0.3507,0.3655,0.3573,0.7146,0.0023,0.7169,209,0.0
59.8,0.4798,0.4937,-0.0139,0.3481,0.3672,0.3561,0.7122,0.0026,0.7148,209,0.0
60.0,0.4899,0.4978,-0.0079,0.354,0.3688,0.3625,0.725,0.0035,0.7284,211,0.0
60.2,0.4934,0.4988,-0.0054,0.3554,0.3703,0.366,0.732,0.0047,0.7368,212,0.0
60.4,0.4857,0.5001,-0.0144,0.3573,0.3717,0.3602,0.7204,-0.0,0.7204,210,0.0
60.6,0.4826,0.5004,-0.0178,0.3577,0.373,0.3588,0.7176,-0.0013,0.7163,209,0.0
60.8,0.4983,0.5056,-0.0073,0.3651,0.3742,0.3684,0.7368,0.0009,0.7377,213,0.0
61.0,0.4964,0.5035,-0.0071,0.3622,0.3753,0.3696,0.7393,0.003,0.7423,213,0.0
61.2,0.5021,0.5085,-0.0064,0.3692,0.3763,0.3711,0.7423,0.0003,0.7426,213,0.0
61.4,0.4944,0.5048,-0.0103,0.3639,0.3771,0.3689,0.7377,0.0014,0.7391,213,0.0
61.6,0.4944,0.5074,-0.0131,0.3677,0.3779,0.3674,0.7349,-0.0015,0.7334,212,0.0
61.8,0.5066,0.5076,-0.0009,0.368,0.3785,0.3778,0.7555,0.0048,0.7603,216,0.0
62.0,0.5037,0.5085,-0.0048,0.3694,0.379,0.3752,0.7504,0.0024,0.7528,215,0.0
62.2,0.501,0.509,-0.008,0.3701,0.3794,0.373,0.746,0.0007,0.7467,214,0.0
62.4,0.5076,0.5138,-0.0062,0.3768,0.3797,0.3748,0.7496,-0.0016,0.7479,214,0.0
62.6,0.5178,0.5145,0.0033,0.3779,0.3799,0.38,0.76,0.0014,0.7614,216,0.0
62.8,0.506,0.5132,-0.0072,0.376,0.38,0.3742,0.7485,-0.0016,0.7469,214,0.0
63.0,0.5041,0.5158,-0.0117,0.3797,0.38,0.3706,0.7412,-0.0057,0.7355,212,0.0
63.2,0.5052,0.5125,-0.0073,0.375,0.3798,0.374,0.7479,-0.0012,0.7467,214,0.0
63.4,0.5166,0.5147,0.002,0.3781,0.3795,0.38,0.76,0.0011,0.7611,216,0.0
63.6,0.5119,0.5107,0.0012,0.3725,0.3792,0.38,0.76,0.0039,0.7639,217,0.0
63.8,0.5182,0.5145,0.0037,0.3779,0.3787,0.38,0.76,0.0014,0.7614,216,0.0
64.0,0.5167,0.5163,0.0004,0.3804,0.3781,0.3784,0.7568,-0.001,0.7559,215,0.0
64.2,0.511,0.5143,-0.0033,0.3776,0.3774,0.3747,0.7494,-0.0018,0.7476,214,0.0
64.4,0.5041,0.5128,-0.0086,0.3754,0.3766,0.3697,0.7393,-0.0037,0.7356,212,0.0
64.6,0.5126,0.5145,-0.0019,0.3778,0.3756,0.3741,0.7482,-0.0021,0.7461,214,0.0
64.8,0.5101,0.5177,-0.0076,0.3824,0.3746,0.3685,0.737,-0.0077,0.7293,211,0.0
65.0,0.5055,0.5113,-0.0058,0.3733,0.3734,0.3688,0.7375,-0.0029,0.7347,212,0.0
65.2,0.5181,0.5142,0.0038,0.3775,0.3722,0.3752,0.7505,-0.0007,0.7498,214,0.0
65.4,0.5139,0.5121,0.0018,0.3745,0.3708,0.3722,0.7444,-0.001,0.7435,213,0.0
65.6,0.5133,0.5158,-0.0025,0.3798,0.3693,0.3673,0.7347,-0.0065,0.7282,211,0.0
65.8,0.5127,0.5146,-0.0019,0.378,0.3678,0.3662,0.7325,-0.0061,0.7264,211,0.0
66.0,0.5022,0.5103,-0.0081,0.3718,0.3661,0.3596,0.7192,-0.0069,0.7122,208,0.0
66.2,0.5101,0.5122,-0.0021,0.3746,0.3643,0.3626,0.7251,-0.0062,0.7189,210,0.0
66.4,0.5048,0.5087,-0.0039,0.3696,0.3624,0.3592,0.7185,-0.0056,0.7129,209,0.0
66.6,0.5,0.5126,-0.0126,0.3752,0.3604,0.3503,0.7006,-0.0137,0.6869,204,0.0
66.8,0.4998,0.5117,-0.0119,0.3738,0.3583,0.3488,0.6976,-0.0137,0.6839,204,0.0
67.0,0.4821,0.5082,-0.0261,0.3688,0.3561,0.3352,0.6705,-0.0194,0.651,199,0.0
67.2,0.4879,0.5038,-0.0159,0.3626,0.3538,0.3411,0.6822,-0.0123,0.6698,202,0.0
67.4,0.4792,0.5071,-0.0278,0.3672,0.3514,0.3292,0.6584,-0.0218,0.6365,196,0.0
67.6,0.4837,0.5061,-0.0224,0.3659,0.349,0.331,0.662,-0.0197,0.6424,197,0.0
67.8,0.4753,0.5033,-0.028,0.3619,0.3464,0.324,0.648,-0.0217,0.6263,195,0.0
68.0,0.4823,0.4991,-0.0169,0.3559,0.3437,0.3302,0.6605,-0.0145,0.646,198,0.0
68.2,0.4826,0.4965,-0.0139,0.3522,0.341,0.3298,0.6596,-0.0126,0.6471,198,0.0
68.4,0.4724,0.4982,-0.0258,0.3546,0.3381,0.3175,0.635,-0.0211,0.6139,193,0.0
68.6,0.4646,0.4959,-0.0313,0.3513,0.3352,0.3101,0.6203,-0.0237,0.5966,190,0.0
68.8,0.4585,0.4927,-0.0341,0.3466,0.3322,0.3049,0.6098,-0.0243,0.5855,188,0.0
69.0,0.4709,0.4918,-0.021,0.3455,0.3291,0.3123,0.6246,-0.0187,0.606,191,0.0
69.2,0.4582,0.489,-0.0308,0.3414,0.3259,0.3013,0.6026,-0.0231,0.5795,187,0.0
69.4,0.4617,0.4939,-0.0322,0.3484,0.3227,0.2969,0.5937,-0.029,0.5647,185,0.0
69.6,0.4435,0.4903,-0.0469,0.3433,0.3193,0.2819,0.5637,-0.0354,0.5283,179,0.0
69.8,0.4417,0.4835,-0.0418,0.3336,0.3159,0.2825,0.5649,-0.0298,0.5352,180,0.0
70.0,0.4408,0.4817,-0.0409,0.331,0.3125,0.2797,0.5595,-0.0297,0.5297,179,0.0
70.2,0.4342,0.4817,-0.0475,0.3309,0.3089,0.2709,0.5419,-0.0348,0.5071,176,0.0
70.4,0.4269,0.4783,-0.0515,0.3262,0.3053,0.2641,0.5282,-0.0362,0.4921,173,0.0
70.6,0.4313,0.4759,-0.0446,0.3227,0.3016,0.2659,0.5318,-0.0329,0.4989,174,0.0
70.8,0.4128,0.4776,-0.0648,0.3252,0.2979,0.246,0.492,-0.0461,0.446,166,0.0
71.0,0.4104,0.4752,-0.0648,0.3217,0.294,0.2422,0.4844,-0.0462,0.4382,165,0.0
71.2,0.4024,0.4726,-0.0702,0.318,0.2902,0.234,0.4681,-0.049,0.4191,162,0.0
71.4,0.4149,0.4646,-0.0497,0.3066,0.2863,0.2465,0.493,-0.035,0.458,168,0.0
71.6,0.3967,0.4679,-0.0712,0.3113,0.2823,0.2253,0.4507,-0.0501,0.4006,159,0.0
71.8,0.3943,0.4605,-0.0662,0.3007,0.2783,0.2253,0.4506,-0.0443,0.4062,159,0.0
72.0,0.3819,0.462,-0.0801,0.3029,0.2742,0.2101,0.4202,-0.0544,0.3658,153,0.0
72.2,0.3949,0.4587,-0.0637,0.2981,0.2701,0.2191,0.4381,-0.0459,0.3922,157,0.0
72.4,0.3846,0.4539,-0.0693,0.2912,0.2659,0.2105,0.4209,-0.0473,0.3736,154,0.0
72.6,0.38,0.4536,-0.0737,0.2909,0.2617,0.2027,0.4055,-0.0515,0.354,151,0.0
72.8,0.3695,0.4516,-0.0821,0.288,0.2574,0.1918,0.3835,-0.0563,0.3272,147,0.0
73.0,0.3631,0.4479,-0.0848,0.2828,0.2532,0.1853,0.3706,-0.0572,0.3134,145,0.0
73.2,0.3666,0.4443,-0.0777,0.2776,0.2488,0.1867,0.3733,-0.0533,0.3201,146,0.0
73.4,0.3463,0.4433,-0.097,0.2762,0.2445,0.1669,0.3337,-0.0644,0.2694,138,0.0
73.6,0.3417,0.4368,-0.0951,0.2669,0.2401,0.164,0.3281,-0.0609,0.2672,137,0.0
73.8,0.338,0.4348,-0.0968,0.264,0.2357,0.1582,0.3165,-0.0626,0.2539,135,0.0
74.0,0.3289,0.4333,-0.1044,0.2619,0.2313,0.1478,0.2955,-0.0675,0.228,131,0.0
74.2,0.3329,0.4293,-0.0964,0.2562,0.2269,0.1497,0.2994,-0.0629,0.2365,132,0.0
74.4,0.3204,0.4244,-0.104,0.2492,0.2224,0.1392,0.2783,-0.0654,0.2129,129,0.0
74.6,0.3246,0.4222,-0.0976,0.246,0.2179,0.1398,0.2797,-0.0628,0.2169,129,0.0
74.8,0.316,0.4229,-0.1069,0.247,0.2134,0.1279,0.2558,-0.0702,0.1856,124,0.0
75.0,0.2982,0.4171,-0.1189,0.2388,0.209,0.1138,0.2276,-0.0744,0.1532,119,0.0
75.2,0.2926,0.4159,-0.1234,0.2371,0.2045,0.1058,0.2115,-0.078,0.1335,116,0.0
75.4,0.2812,0.4155,-0.1343,0.2365,0.2,0.0925,0.185,-0.0854,0.0996,110,0.0
75.6,0.283,0.4065,-0.1235,0.2236,0.1955,0.0967,0.1933,-0.0758,0.1175,113,0.0
75.8,0.2662,0.4072,-0.141,0.2245,0.191,0.0782,0.1563,-0.0873,0.069,106,0.0
76.0,0.2617,0.3992,-0.1375,0.2131,0.1865,0.0765,0.153,-0.0821,0.0709,106,0.0
76.2,0.2635,0.3961,-0.1326,0.2087,0.182,0.0759,0.1518,-0.0797,0.0722,106,0.0
76.4,0.2495,0.3977,-0.1483,0.211,0.1775,0.0589,0.1178,-0.0909,0.0,0,0.0
76.6,0.2508,0.3753,-0.1246,0.179,0.1731,0.0734,0.1468,-0.0652,0.0816,108,0.0
76.8,0.2516,0.3767,-0.125,0.181,0.1686,0.0686,0.1372,-0.0687,0.0685,105,0.0
77.0,0.2609,0.3759,-0.115,0.1799,0.1642,0.0722,0.1444,-0.0653,0.0791,107,0.0
77.2,0.2523,0.377,-0.1247,0.1814,0.1598,0.0601,0.1201,-0.0731,0.047,102,0.0
77.4,0.2386,0.3754,-0.1368,0.1791,0.1554,0.046,0.092,-0.0802,0.0,0,0.0
77.6,0.2478,0.3576,-0.1098,0.1537,0.1511,0.0633,0.1265,-0.0562,0.0,0,0.0
77.8,0.2397,0.3444,-0.1047,0.1349,0.1468,0.063,0.126,-0.0464,0.0,0,0.0
78.0,0.245,0.3261,-0.0812,0.1088,0.1425,0.0775,0.1551,-0.0237,0.0,0,0.0
78.2,0.2555,0.3176,-0.0621,0.0965,0.1382,0.0886,0.1772,-0.0102,0.167,121,0.0
78.4,0.2534,0.3266,-0.0732,0.1094,0.134,0.0755,0.151,-0.0243,0.1267,115,0.0
78.6,0.2732,0.3384,-0.0652,0.1263,0.1299,0.0777,0.1554,-0.0308,0.1246,114,0.0
78.8,0.2576,0.3437,-0.0861,0.1339,0.1257,0.0568,0.1137,-0.0471,0.0666,105,0.0
79.0,0.2612,0.3532,-0.092,0.1474,0.1217,0.0481,0.0962,-0.0589,0.0373,100,0.0
79.2,0.259,0.3533,-0.0943,0.1475,0.1176,0.0422,0.0844,-0.0621,0.0224,98,0.0
79.4,0.2388,0.3536,-0.1148,0.148,0.1137,0.0218,0.0437,-0.0746,0.0,0,0.0
79.6,0.2398,0.3409,-0.1011,0.1299,0.1097,0.0289,0.0577,-0.0606,0.0,0,0.0
79.8,0.2455,0.3301,-0.0846,0.1144,0.1059,0.0382,0.0765,-0.0465,0.0,0,0.0
80.0,0.2406,0.319,-0.0784,0.0985,0.1021,0.0394,0.0787,-0.0374,0.0,0,0.0
80.2,0.2476,0.3039,-0.0563,0.077,0.0983,0.0533,0.1065,-0.0175,0.0,0,0.0
80.4,0.2502,0.2957,-0.0455,0.0653,0.0947,0.0583,0.1165,-0.0081,0.1085,112,0.0
80.6,0.2507,0.3142,-0.0635,0.0917,0.091,0.0402,0.0804,-0.0321,0.0483,102,0.0
80.8,0.2462,0.324,-0.0778,0.1058,0.0875,0.0252,0.0504,-0.0481,0.0,0,0.0
81.0,0.2527,0.3105,-0.0578,0.0864,0.084,0.0378,0.0756,-0.0301,0.0455,102,0.0
81.2,0.2431,0.3195,-0.0763,0.0992,0.0806,0.0195,0.0391,-0.0475,0.0,0,0.0
81.4,0.2318,0.3127,-0.0808,0.0895,0.0773,0.0126,0.0252,-0.0466,0.0,0,0.0
81.6,0.234,0.3003,-0.0663,0.0719,0.074,0.021,0.042,-0.0321,0.0,0,0.0
81.8,0.2366,0.2947,-0.0581,0.0639,0.0708,0.0243,0.0487,-0.0256,0.0,0,0.0
82.0,0.256,0.2862,-0.0301,0.0517,0.0678,0.0437,0.0873,-0.007,0.0803,107,0.0
82.2,0.2528,0.2999,-0.0471,0.0713,0.0647,0.0271,0.0541,-0.0268,0.0273,99,0.0
82.4,0.2492,0.3088,-0.0597,0.084,0.0618,0.0141,0.0282,-0.0409,0.0,0,0.0
82.6,0.2382,0.2999,-0.0616,0.0712,0.059,0.0097,0.0193,-0.037,0.0,0,0.0
82.8,0.233,0.2924,-0.0593,0.0605,0.0562,0.0087,0.0175,-0.0318,0.0,0,0.0
83.0,0.2278,0.2863,-0.0585,0.0518,0.0536,0.0068,0.0136,-0.0283,0.0,0,0.0
83.2,0.242,0.2807,-0.0387,0.0438,0.051,0.02,0.04,-0.0158,0.0,0,0.0
83.4,0.2197,0.2774,-0.0577,0.0391,0.0,0.0,0.0,-0.0253,0.0,0,0.0
83.6,0.2207,0.274,-0.0533,0.0343,0.0,0.0,0.0,-0.0225,0.0,0,0.0
83.8,0.213,0.271,-0.058,0.03,0.0,0.0,0.0,-0.0208,0.0,0,0.0
84.0,0.2165,0.2641,-0.0476,0.0201,0.0,0.0,0.0,-0.0148,0.0,0,0.0
84.2,0.2126,0.263,-0.0505,0.0186,0.0,0.0,0.0,-0.0144,0.0,0,0.0
84.4,0.2067,0.2631,-0.0564,0.0187,0.0,0.0,0.0,-0.015,0.0,0,0.0
84.6,0.204,0.2604,-0.0564,0.0148,0.0,0.0,0.0,-0.0131,0.0,0,0.0
84.8,0.1876,0.2557,-0.0681,0.0082,0.0,0.0,0.0,-0.0109,0.0,0,0.0
85.0,0.1975,0.2578,-0.0603,0.0112,0.0,0.0,0.0,-0.0116,0.0,0,0.0
85.2,0.1849,0.2537,-0.0688,0.0053,0.0,0.0,0.0,-0.0095,0.0,0,0.0
85.4,0.1878,0.2576,-0.0698,0.0108,0.0,0.0,0.0,-0.0124,0.0,0,0.0
85.6,0.1914,0.2578,-0.0665,0.0112,0.0,0.0,0.0,-0.0122,0.0,0,0.0
85.8,0.1864,0.2569,-0.0705,0.0098,0.0,0.0,0.0,-0.0119,0.0,0,0.0
86.0,0.1828,0.2567,-0.0739,0.0096,0.0,0.0,0.0,-0.0122,0.0,0,0.0
86.2,0.1871,0.2539,-0.0669,0.0056,0.0,0.0,0.0,-0.0095,0.0,0,0.0
86.4,0.1968,0.2516,-0.0548,0.0023,0.0,0.0,0.0,-0.0066,0.0,0,0.0
86.6,0.1917,0.2546,-0.0629,0.0065,0.0,0.0,0.0,-0.0096,0.0,0,0.0
86.8,0.1856,0.25,-0.0644,0.0,0.0,0.0,0.0,-0.0064,0.0,0,0.0
87.0,0.1864,0.2545,-0.0681,0.0065,0.0,0.0,0.0,-0.0101,0.0,0,0.0
87.2,0.1919,0.25,-0.0581,0.0,0.0,0.0,0.0,-0.0058,0.0,0,0.0
87.4,0.1767,0.25,-0.0733,0.0,0.0,0.0,0.0,-0.0073,0.0,0,0.0
87.6,0.1848,0.25,-0.0652,0.0,0.0,0.0,0.0,-0.0065,0.0,0,0.0
87.8,0.193,0.2537,-0.0607,0.0053,0.0,0.0,0.0,-0.0087,0.0,0,0.0
88.0,0.1922,0.25,-0.0578,0.0,0.0,0.0,0.0,-0.0058,0.0,0,0.0
88.2,0.1804,0.25,-0.0696,0.0,0.0,0.0,0.0,-0.007,0.0,0,0.0
88.4,0.1931,0.2503,-0.0571,0.0004,0.0,0.0,0.0,-0.0059,0.0,0,0.0
88.6,0.1778,0.2512,-0.0734,0.0017,0.0,0.0,0.0,-0.0082,0.0,0,0.0
88.8,0.184,0.25,-0.066,0.0,0.0,0.0,0.0,-0.0066,0.0,0,0.0
89.0,0.1905,0.25,-0.0595,0.0,0.0,0.0,0.0,-0.0059,0.0,0,0.0
89.2,0.1828,0.2533,-0.0704,0.0047,0.0,0.0,0.0,-0.0094,0.0,0,0.0
89.4,0.1792,0.25,-0.0708,0.0,0.0,0.0,0.0,-0.0071,0.0,0,0.0
89.6,0.1773,0.2516,-0.0743,0.0023,0.0,0.0,0.0,-0.0086,0.0,0,0.0
89.8,0.1811,0.25,-0.0689,0.0,0.0,0.0,0.0,-0.0069,0.0,0,0.0
90.0,0.1893,0.25,-0.0607,0.0,0.0,0.0,0.0,-0.0061,0.0,0,0.0
90.2,0.1898,0.25,-0.0602,0.0,0.0,0.0,0.0,-0.006,0.0,0,0.0
90.4,0.1883,0.25,-0.0617,0.0,0.0,0.0,0.0,-0.0062,0.0,0,0.0
90.6,0.1856,0.2502,-0.0646,0.0002,0.0,0.0,0.0,-0.0066,0.0,0,0.0
90.8,0.1816,0.2508,-0.0692,0.0011,0.0,0.0,0.0,-0.0075,0.0,0,0.0
91.0,0.1778,0.2523,-0.0744,0.0032,0.0,0.0,0.0,-0.0091,0.0,0,0.0
91.2,0.181,0.25,-0.069,0.0,0.0,0.0,0.0,-0.0069,0.0,0,0.0
91.4,0.1791,0.25,-0.0709,0.0,0.0,0.0,0.0,-0.0071,0.0,0,0.0
91.6,0.1811,0.2535,-0.0724,0.005,0.0,0.0,0.0,-0.0097,0.0,0,0.0
91.8,0.1788,0.25,-0.0712,0.0,0.0,0.0,0.0,-0.0071,0.0,0,0.0
92.0,0.1886,0.25,-0.0614,0.0,0.0,0.0,0.0,-0.0061,0.0,0,0.0
92.2,0.1786,0.25,-0.0714,0.0,0.0,0.0,0.0,-0.0071,0.0,0,0.0
92.4,0.1848,0.25,-0.0652,0.0,0.0,0.0,0.0,-0.0065,0.0,0,0.0
92.6,0.1881,0.25,-0.0619,0.0,0.0,0.0,0.0,-0.0062,0.0,0,0.0
92.8,0.1983,0.25,-0.0517,0.0,0.0519,0.0,0.0,-0.0052,0.0,0,0.0
93.0,0.2076,0.25,-0.0424,0.0,0.0545,0.0206,0.0412,0.0061,0.0,0,0.0
93.2,0.2126,0.25,-0.0374,0.0,0.0572,0.0272,0.0545,0.0099,0.0,0,0.0
93.4,0.2205,0.25,-0.0295,0.0,0.06,0.0363,0.0727,0.0152,0.0,0,0.0
93.6,0.2477,0.2531,-0.0054,0.0044,0.0628,0.0586,0.1171,0.0265,0.0,0,0.0
93.8,0.2493,0.25,-0.0007,0.0,0.0658,0.0652,0.1304,0.0325,0.0,0,0.0
94.0,0.2756,0.25,0.0256,0.0,0.0688,0.0893,0.1787,0.0472,0.2259,131,0.0
94.2,0.2805,0.2729,0.0076,0.0327,0.072,0.078,0.1561,0.0234,0.1795,123,0.0
94.4,0.2756,0.2906,-0.0151,0.058,0.0752,0.0631,0.1262,0.001,0.1272,115,0.0
94.6,0.2726,0.3099,-0.0373,0.0855,0.0784,0.0486,0.0972,-0.0222,0.075,107,0.0
94.8,0.2667,0.3163,-0.0496,0.0947,0.0818,0.0421,0.0842,-0.0313,0.053,103,0.0
95.0,0.2584,0.3315,-0.0731,0.1164,0.0852,0.0268,0.0535,-0.0521,0.0014,0,0.0
95.2,0.2655,0.3131,-0.0476,0.0901,0.0887,0.0506,0.1013,-0.0245,0.0767,107,0.0
95.4,0.259,0.328,-0.069,0.1115,0.0923,0.0371,0.0742,-0.0441,0.0301,99,0.0
95.6,0.2559,0.3311,-0.0752,0.1158,0.0959,0.0358,0.0716,-0.0475,0.0241,98,0.0
95.8,0.2582,0.3361,-0.078,0.1231,0.0997,0.0373,0.0745,-0.0507,0.0238,98,0.0
96.0,0.2399,0.3406,-0.1007,0.1294,0.1034,0.0229,0.0457,-0.0634,0.0,0,0.0
96.2,0.2456,0.3298,-0.0842,0.1139,0.1072,0.0399,0.0798,-0.0454,0.0,0,0.0
96.4,0.2506,0.3207,-0.0701,0.101,0.1111,0.055,0.1101,-0.03,0.0801,107,0.0
96.6,0.2472,0.3275,-0.0803,0.1107,0.1151,0.0509,0.1017,-0.038,0.0,0,0.0
96.8,0.2612,0.313,-0.0518,0.09,0.1191,0.0776,0.1552,-0.0114,0.1438,118,0.0
97.0,0.255,0.3248,-0.0698,0.1068,0.1231,0.0673,0.1345,-0.0268,0.1078,112,0.0
97.2,0.2638,0.3368,-0.073,0.124,0.1272,0.0688,0.1375,-0.0349,0.1026,111,0.0
97.4,0.2605,0.3455,-0.085,0.1364,0.1313,0.0634,0.1267,-0.045,0.0817,108,0.0
97.6,0.2534,0.3533,-0.0999,0.1475,0.1355,0.0556,0.1112,-0.056,0.0552,103,0.0
97.8,0.2549,0.3563,-0.1015,0.1519,0.1397,0.0586,0.1172,-0.0568,0.0604,104,0.0
98.0,0.2504,0.3553,-0.105,0.1505,0.144,0.06,0.12,-0.0557,0.0643,105,0.0
98.2,0.2437,0.3578,-0.1141,0.1539,0.1483,0.057,0.1141,-0.0599,0.0,0,0.0
98.4,0.2574,0.3473,-0.0899,0.139,0.1526,0.0807,0.1613,-0.0382,0.1231,114,0.0
98.6,0.2566,0.3537,-0.0971,0.1482,0.157,0.0793,0.1585,-0.0442,0.1143,113,0.0
98.8,0.248,0.3545,-0.1065,0.1493,0.1614,0.0761,0.1523,-0.0472,0.0,0,0.0
99.0,0.2705,0.3437,-0.0732,0.1338,0.1658,0.1072,0.2145,-0.0206,0.1939,126,0.0
99.2,0.2765,0.3495,-0.073,0.1422,0.1702,0.1118,0.2236,-0.0225,0.2011,127,0.0
99.4,0.2817,0.3578,-0.0761,0.154,0.1746,0.1137,0.2275,-0.0277,0.1997,126,0.0
99.6,0.2713,0.3652,-0.0939,0.1645,0.1791,0.104,0.208,-0.0397,0.1683,121,0.0
99.8,0.2715,0.3706,-0.0991,0.1723,0.1836,0.1043,0.2087,-0.0439,0.1648,121,0.0
100.0,0.275,0.3778,-0.1029,0.1826,0.1881,0.1058,0.2115,-0.0487,0.1628,121,0.0
100.2,0.2854,0.3798,-0.0945,0.1855,0.1926,0.117,0.234,-0.0437,0.1903,125,0.0
100.4,0.2866,0.3852,-0.0985,0.1931,0.1971,0.1182,0.2364,-0.0473,0.1891,125,0.0
100.6,0.2907,0.3834,-0.0927,0.1905,0.2016,0.1274,0.2548,-0.0408,0.214,129,0.0
100.8,0.2795,0.3896,-0.1101,0.1994,0.2061,0.118,0.236,-0.0517,0.1843,124,0.0
101.0,0.2955,0.3942,-0.0987,0.206,0.2105,0.1316,0.2633,-0.047,0.2162,129,0.0
101.2,0.2942,0.3952,-0.101,0.2074,0.215,0.1343,0.2685,-0.0467,0.2219,130,0.0
101.4,0.2863,0.3991,-0.1128,0.213,0.2195,0.1293,0.2585,-0.0532,0.2054,127,0.0
101.6,0.3012,0.3963,-0.0951,0.209,0.224,0.1479,0.2958,-0.0401,0.2558,135,0.0
101.8,0.2933,0.4001,-0.1067,0.2144,0.2284,0.1431,0.2861,-0.0463,0.2398,133,0.0
102.0,0.3046,0.4053,-0.1007,0.2219,0.2329,0.1523,0.3046,-0.0449,0.2597,136,0.0
102.2,0.296,0.4027,-0.1067,0.2182,0.2373,0.1519,0.3038,-0.0438,0.26,136,0.0
102.4,0.3117,0.4091,-0.0973,0.2272,0.2417,0.1638,0.3276,-0.0414,0.2862,140,0.0
102.6,0.3154,0.4104,-0.095,0.2292,0.246,0.17,0.34,-0.0391,0.3009,143,0.0
102.8,0.3195,0.4123,-0.0928,0.2318,0.2504,0.1761,0.3522,-0.0371,0.3151,145,0.0
103.0,0.3146,0.4156,-0.101,0.2365,0.2547,0.1739,0.3478,-0.0414,0.3064,144,0.0
103.2,0.3244,0.4132,-0.0888,0.2332,0.2589,0.1879,0.3757,-0.0315,0.3442,150,0.0
103.4,0.3233,0.4159,-0.0926,0.2371,0.2632,0.1891,0.3781,-0.0333,0.3449,150,0.0
103.6,0.3242,0.4225,-0.0984,0.2465,0.2674,0.1887,0.3774,-0.0387,0.3386,149,0.0
103.8,0.3436,0.4239,-0.0803,0.2484,0.2715,0.2073,0.4146,-0.0286,0.386,156,0.0
104.0,0.344,0.4297,-0.0858,0.2567,0.2756,0.207,0.4141,-0.0334,0.3806,155,0.0
104.2,0.3368,0.426,-0.0892,0.2514,0.2797,0.2083,0.4167,-0.0305,0.3862,156,0.0
104.4,0.3482,0.4343,-0.0861,0.2632,0.2837,0.2148,0.4297,-0.0328,0.3969,158,0.0
104.6,0.3481,0.434,-0.0859,0.2629,0.2877,0.2189,0.4378,-0.0306,0.4073,160,0.0
104.8,0.3615,0.4341,-0.0726,0.263,0.2916,0.2335,0.4669,-0.022,0.4449,166,0.0
105.0,0.3583,0.4355,-0.0772,0.2651,0.2954,0.2336,0.4672,-0.0234,0.4438,166,0.0
105.2,0.3802,0.4399,-0.0597,0.2713,0.2992,0.2515,0.5029,-0.0159,0.487,172,0.0
105.4,0.3663,0.4417,-0.0754,0.2739,0.3029,0.2426,0.4852,-0.0232,0.462,168,0.0
105.6,0.3778,0.4427,-0.065,0.2753,0.3066,0.2546,0.5092,-0.0168,0.4924,173,0.0
105.8,0.3869,0.4504,-0.0635,0.2863,0.3102,0.2594,0.5188,-0.0198,0.499,174,0.0
106.0,0.3817,0.4538,-0.072,0.2911,0.3137,0.2561,0.5121,-0.0247,0.4874,172,0.0
106.2,0.3949,0.4554,-0.0604,0.2934,0.3171,0.2688,0.5376,-0.0183,0.5192,178,0.0
106.4,0.3954,0.4568,-0.0613,0.2954,0.3205,0.2714,0.5429,-0.0181,0.5248,178,0.0
106.6,0.4067,0.4599,-0.0532,0.2999,0.3238,0.2812,0.5625,-0.0147,0.5478,182,0.0
106.8,0.4209,0.459,-0.0381,0.2986,0.3271,0.2966,0.5932,-0.0048,0.5884,189,0.0
107.0,0.4254,0.4602,-0.0348,0.3002,0.3302,0.3024,0.6047,-0.0024,0.6023,191,0.0
107.2,0.42,0.469,-0.049,0.3129,0.3333,0.294,0.5881,-0.0143,0.5738,186,0.0
107.4,0.4372,0.4719,-0.0347,0.317,0.3363,0.3085,0.617,-0.0077,0.6093,192,0.0
107.6,0.4264,0.4721,-0.0457,0.3173,0.3391,0.3026,0.6052,-0.0119,0.5933,189,0.0
107.8,0.4347,0.47,-0.0353,0.3143,0.342,0.3137,0.6275,-0.0038,0.6236,194,0.0
108.0,0.4421,0.4748,-0.0327,0.3212,0.3447,0.3185,0.6371,-0.0046,0.6325,196,0.0
108.2,0.4514,0.4786,-0.0272,0.3266,0.3473,0.3255,0.6511,-0.0033,0.6478,198,0.0
108.4,0.4437,0.4793,-0.0356,0.3276,0.3499,0.3213,0.6427,-0.0067,0.636,196,0.0
108.6,0.4514,0.4792,-0.0278,0.3275,0.3523,0.33,0.6601,-0.0015,0.6585,200,0.0
108.8,0.4499,0.4876,-0.0377,0.3395,0.3546,0.3245,0.649,-0.0113,0.6377,197,0.0
109.0,0.4692,0.4865,-0.0172,0.3378,0.3569,0.3431,0.6863,0.0009,0.6872,204,0.0
109.2,0.4597,0.4855,-0.0258,0.3365,0.3591,0.3384,0.6768,-0.0016,0.6753,203,0.0
109.4,0.471,0.4925,-0.0215,0.3465,0.3611,0.3439,0.6878,-0.0034,0.6843,204,0.0
109.6,0.4626,0.4912,-0.0286,0.3446,0.3631,0.3402,0.6804,-0.0051,0.6754,203,0.0
109.8,0.478,0.4915,-0.0135,0.345,0.3649,0.3541,0.7082,0.0032,0.7114,208,0.0
110.0,0.4882,0.4983,-0.0101,0.3547,0.3667,0.3586,0.7171,0.0009,0.718,209,0.0
110.2,0.4907,0.4997,-0.009,0.3566,0.3683,0.3611,0.7223,0.0013,0.7236,210,0.0
110.4,0.478,0.5009,-0.0229,0.3584,0.3699,0.3515,0.7031,-0.0057,0.6973,206,0.0
110.6,0.4855,0.5006,-0.0151,0.358,0.3713,0.3592,0.7185,-0.0009,0.7176,209,0.0
110.8,0.4925,0.5043,-0.0118,0.3633,0.3726,0.3632,0.7263,-0.0013,0.725,211,0.0
111.0,0.4848,0.5015,-0.0168,0.3593,0.3738,0.3604,0.7209,-0.0011,0.7197,210,0.0
111.2,0.4863,0.5042,-0.0179,0.3631,0.375,0.3607,0.7213,-0.003,0.7183,209,0.0
111.4,0.4933,0.5052,-0.0119,0.3646,0.376,0.3664,0.7329,-0.0003,0.7326,212,0.0
111.6,0.5087,0.5047,0.004,0.3639,0.3769,0.38,0.76,0.0084,0.7684,217,0.0
111.8,0.4995,0.5072,-0.0077,0.3674,0.3776,0.3715,0.743,0.0013,0.7443,214,0.0
112.0,0.5108,0.505,0.0058,0.3642,0.3783,0.38,0.76,0.0085,0.7685,217,0.0
112.2,0.5033,0.5104,-0.0071,0.372,0.3789,0.3732,0.7463,-0.0001,0.7462,214,0.0
112.4,0.516,0.5105,0.0055,0.3721,0.3793,0.38,0.76,0.0045,0.7645,217,0.0
112.6,0.5108,0.5147,-0.004,0.3782,0.3797,0.3765,0.753,-0.0012,0.7517,215,0.0
112.8,0.5127,0.5132,-0.0005,0.376,0.3799,0.3795,0.7589,0.0017,0.7606,216,0.0
113.0,0.513,0.5149,-0.0018,0.3784,0.38,0.3785,0.757,-0.0001,0.7569,216,0.0
113.2,0.5196,0.5132,0.0065,0.3759,0.38,0.38,0.76,0.0027,0.7627,217,0.0
113.4,0.5076,0.5176,-0.0099,0.3822,0.3799,0.3719,0.7439,-0.0061,0.7377,213,0.0
113.6,0.5113,0.5166,-0.0053,0.3809,0.3796,0.3754,0.7509,-0.0032,0.7476,214,0.0
113.8,0.5121,0.5134,-0.0013,0.3763,0.3793,0.3783,0.7565,0.0008,0.7574,216,0.0
114.0,0.5111,0.5158,-0.0047,0.3797,0.3789,0.3751,0.7502,-0.0028,0.7474,214,0.0
114.2,0.5067,0.5164,-0.0097,0.3806,0.3783,0.3705,0.7411,-0.006,0.735,212,0.0
114.4,0.5206,0.5145,0.0061,0.3778,0.3776,0.38,0.76,0.0017,0.7617,216,0.0
114.6,0.5101,0.5174,-0.0073,0.382,0.3768,0.371,0.7421,-0.0062,0.7359,212,0.0
114.8,0.519,0.5159,0.0031,0.3799,0.3759,0.3784,0.7569,-0.0004,0.7565,216,0.0
115.0,0.5171,0.5165,0.0006,0.3807,0.3749,0.3754,0.7508,-0.0026,0.7481,214,0.0
115.2,0.5036,0.5167,-0.0131,0.381,0.3738,0.3633,0.7266,-0.0102,0.7164,209,0.0
115.4,0.5118,0.5122,-0.0005,0.3746,0.3726,0.3722,0.7444,-0.0012,0.7432,213,0.0
115.6,0.5176,0.5133,0.0043,0.3761,0.3713,0.3747,0.7495,-0.0003,0.7492,214,0.0
115.8,0.4985,0.5159,-0.0174,0.3799,0.3698,0.3559,0.7118,-0.0137,0.6981,206,0.0
116.0,0.5132,0.5101,0.0031,0.3716,0.3683,0.3707,0.7415,-0.0001,0.7414,213,0.0
116.2,0.5093,0.5145,-0.0052,0.3779,0.3666,0.3625,0.725,-0.0082,0.7168,209,0.0
116.4,0.5048,0.512,-0.0072,0.3743,0.3649,0.3591,0.7182,-0.0083,0.7099,208,0.0
116.6,0.495,0.5112,-0.0163,0.3732,0.363,0.35,0.7,-0.0132,0.6868,204,0.0
116.8,0.4941,0.5095,-0.0154,0.3707,0.3611,0.3487,0.6975,-0.0125,0.685,204,0.0
117.0,0.5021,0.5085,-0.0064,0.3693,0.359,0.3539,0.7077,-0.0084,0.6994,206,0.0
117.2,0.5004,0.5067,-0.0063,0.3667,0.3568,0.3518,0.7037,-0.0081,0.6956,206,0.0
117.4,0.4836,0.5104,-0.0268,0.372,0.3546,0.3331,0.6662,-0.0221,0.6441,198,0.0
117.6,0.4865,0.5031,-0.0166,0.3615,0.3522,0.339,0.6779,-0.0129,0.665,201,0.0
117.8,0.4829,0.5028,-0.0198,0.3611,0.3498,0.3339,0.6678,-0.0156,0.6523,199,0.0
118.0,0.4815,0.5012,-0.0197,0.3589,0.3472,0.3314,0.6629,-0.0157,0.6472,198,0.0
118.2,0.477,0.5017,-0.0247,0.3596,0.3446,0.3249,0.6498,-0.0198,0.6299,195,0.0
118.4,0.4725,0.5024,-0.0299,0.3606,0.3419,0.3179,0.6359,-0.0243,0.6116,192,0.0
118.6,0.4791,0.4997,-0.0206,0.3567,0.3391,0.3226,0.6452,-0.0191,0.6261,195,0.0
118.8,0.4809,0.499,-0.018,0.3556,0.3362,0.3218,0.6435,-0.0187,0.6248,194,0.0
119.0,0.4582,0.4931,-0.0349,0.3472,0.3332,0.3053,0.6106,-0.0245,0.5861,188,0.0
119.2,0.4694,0.492,-0.0226,0.3458,0.3301,0.312,0.624,-0.0191,0.6049,191,0.0
119.4,0.4572,0.494,-0.0367,0.3486,0.327,0.2976,0.5951,-0.0292,0.566,185,0.0
119.6,0.4548,0.4872,-0.0324,0.3388,0.3237,0.2978,0.5957,-0.0237,0.572,186,0.0
119.8,0.456,0.4914,-0.0354,0.3448,0.3204,0.2921,0.5842,-0.0299,0.5543,183,0.0
120.0,0.4434,0.4855,-0.0421,0.3364,0.3171,0.2833,0.5667,-0.0308,0.5359,180,0.0
120.2,0.4408,0.487,-0.0461,0.3385,0.3136,0.2767,0.5534,-0.0355,0.5179,177,0.0
120.4,0.4415,0.4792,-0.0377,0.3275,0.3101,0.2799,0.5598,-0.0276,0.5322,180,0.0
120.6,0.4402,0.4777,-0.0376,0.3253,0.3065,0.2764,0.5529,-0.0282,0.5247,178,0.0
120.8,0.4264,0.4806,-0.0541,0.3294,0.3028,0.2595,0.519,-0.0404,0.4786,171,0.0
121.0,0.4192,0.4748,-0.0557,0.3212,0.2991,0.2545,0.5091,-0.0389,0.4702,170,0.0
121.2,0.4228,0.4724,-0.0496,0.3177,0.2953,0.2557,0.5113,-0.036,0.4754,171,0.0
121.4,0.4202,0.4705,-0.0503,0.3149,0.2915,0.2512,0.5024,-0.0369,0.4655,169,0.0
121.6,0.4073,0.4714,-0.0641,0.3163,0.2876,0.2363,0.4726,-0.0464,0.4261,163,0.0
121.8,0.3969,0.467,-0.0701,0.3099,0.2836,0.2275,0.455,-0.0482,0.4068,160,0.0
122.0,0.3909,0.4639,-0.073,0.3055,0.2796,0.2212,0.4424,-0.0495,0.3929,157,0.0
122.2,0.388,0.4625,-0.0745,0.3036,0.2755,0.2159,0.4319,-0.0513,0.3806,155,0.0
122.4,0.382,0.4571,-0.075,0.2958,0.2714,0.2114,0.4228,-0.0497,0.3731,154,0.0
122.6,0.3868,0.4547,-0.0679,0.2924,0.2673,0.2129,0.4259,-0.0465,0.3793,155,0.0
122.8,0.3811,0.4559,-0.0748,0.2941,0.2631,0.2032,0.4065,-0.0529,0.3536,151,0.0
123.0,0.3659,0.4517,-0.0857,0.2881,0.2588,0.1902,0.3805,-0.0575,0.323,146,0.0
123.2,0.3554,0.4457,-0.0903,0.2796,0.2546,0.1823,0.3646,-0.0577,0.3069,144,0.0
123.4,0.3567,0.4466,-0.0899,0.2808,0.2503,0.1784,0.3567,-0.0602,0.2965,142,0.0
123.6,0.3602,0.4403,-0.0801,0.2718,0.2459,0.1818,0.3637,-0.053,0.3107,144,0.0
123.8,0.3516,0.4399,-0.0883,0.2714,0.2416,0.1709,0.3418,-0.0591,0.2828,140,0.0
124.0,0.3489,0.4349,-0.086,0.2641,0.2372,0.1684,0.3368,-0.0564,0.2803,139,0.0
124.2,0.3444,0.4368,-0.0923,0.2668,0.2327,0.1589,0.3177,-0.0632,0.2545,135,0.0
124.4,0.3337,0.4353,-0.1015,0.2647,0.2283,0.1471,0.2942,-0.069,0.2252,131,0.0
124.6,0.3154,0.428,-0.1126,0.2543,0.2239,0.1338,0.2676,-0.0715,0.196,126,0.0
124.8,0.3107,0.423,-0.1123,0.2472,0.2194,0.1295,0.2591,-0.07,0.189,125,0.0
125.0,0.3035,0.424,-0.1205,0.2486,0.2149,0.1185,0.237,-0.0771,0.1599,120,0.0
125.2,0.3,0.4175,-0.1175,0.2393,0.2104,0.1164,0.2328,-0.0732,0.1596,120,0.0
125.4,0.3005,0.4184,-0.1179,0.2406,0.2059,0.1116,0.2232,-0.0763,0.1469,118,0.0
125.6,0.2883,0.4106,-0.1223,0.2295,0.2014,0.1036,0.2072,-0.0752,0.132,116,0.0
125.8,0.2811,0.4066,-0.1255,0.2237,0.1969,0.0965,0.1931,-0.0761,0.117,113,0.0
126.0,0.287,0.408,-0.1211,0.2258,0.1924,0.0956,0.1912,-0.0772,0.114,113,0.0
126.2,0.2725,0.4074,-0.1349,0.2248,0.1879,0.08,0.1601,-0.0859,0.0742,106,0.0
126.4,0.2656,0.4018,-0.1362,0.2168,0.1835,0.0745,0.149,-0.0848,0.0643,105,0.0
126.6,0.2699,0.3973,-0.1274,0.2105,0.179,0.0771,0.1541,-0.0794,0.0747,106,0.0
126.8,0.2499,0.3946,-0.1447,0.2065,0.1745,0.0588,0.1176,-0.0883,0.0,0,0.0
127.0,0.2617,0.3736,-0.1119,0.1766,0.1701,0.0805,0.1611,-0.0592,0.1019,111,0.0
127.2,0.2514,0.3754,-0.124,0.1791,0.1656,0.0664,0.1329,-0.0687,0.0641,105,0.0
127.4,0.247,0.3791,-0.1322,0.1845,0.1612,0.0555,0.111,-0.0777,0.0,0,0.0
127.6,0.2457,0.3549,-0.1092,0.1498,0.1569,0.0695,0.139,-0.0511,0.0,0,0.0
127.8,0.2561,0.3405,-0.0844,0.1292,0.1525,0.085,0.17,-0.0305,0.1395,117,0.0
128.0,0.2431,0.3468,-0.1037,0.1383,0.1482,0.0652,0.1304,-0.0469,0.0,0,0.0
128.2,0.2502,0.3355,-0.0854,0.1222,0.1439,0.0756,0.1512,-0.0318,0.1193,114,0.0
128.4,0.266,0.3459,-0.08,0.1371,0.1396,0.0756,0.1513,-0.0387,0.1126,113,0.0
128.6,0.2505,0.3514,-0.1009,0.1449,0.1354,0.0547,0.1094,-0.0552,0.0542,103,0.0
128.8,0.2623,0.3527,-0.0904,0.1468,0.1312,0.0589,0.1177,-0.053,0.0647,105,0.0
129.0,0.2481,0.3573,-0.1093,0.1534,0.1271,0.0397,0.0793,-0.0678,0.0,0,0.0
129.2,0.2498,0.3416,-0.0918,0.1309,0.123,0.0496,0.0991,-0.0499,0.0,0,0.0
129.4,0.2483,0.3258,-0.0776,0.1084,0.119,0.0569,0.1138,-0.0335,0.0,0,0.0
129.6,0.2612,0.3163,-0.0551,0.0947,0.115,0.0709,0.1417,-0.0174,0.1243,114,0.0
129.8,0.2552,0.3289,-0.0738,0.1127,0.111,0.052,0.104,-0.0377,0.0663,105,0.0
130.0,0.2511,0.3348,-0.0838,0.1212,0.1071,0.0401,0.0803,-0.0489,0.0313,100,0.0
130.2,0.248,0.3406,-0.0927,0.1295,0.1033,0.0292,0.0584,-0.0594,0.0,0,0.0
130.4,0.2401,0.3249,-0.0848,0.107,0.0996,0.0317,0.0634,-0.0461,0.0,0,0.0
130.6,0.2328,0.3171,-0.0843,0.0959,0.0958,0.0284,0.0568,-0.0422,0.0,0,0.0
130.8,0.2449,0.3088,-0.0639,0.084,0.0922,0.0411,0.0822,-0.0278,0.0,0,0.0
131.0,0.252,0.2984,-0.0464,0.0691,0.0886,0.0515,0.1031,-0.0134,0.0897,109,0.0
131.2,0.2499,0.3119,-0.0619,0.0884,0.0851,0.0356,0.0712,-0.0326,0.0,0,0.0
131.4,0.2552,0.3041,-0.0488,0.0772,0.0817,0.0427,0.0853,-0.0222,0.0632,105,0.0
131.6,0.2449,0.3152,-0.0704,0.0932,0.0784,0.0221,0.0441,-0.0426,0.0,0,0.0
131.8,0.2474,0.3025,-0.0551,0.075,0.0751,0.031,0.0621,-0.0275,0.0,0,0.0
132.0,0.256,0.2965,-0.0405,0.0664,0.0719,0.0395,0.079,-0.0175,0.0615,104,0.0
132.2,0.2562,0.3069,-0.0507,0.0813,0.0688,0.0282,0.0564,-0.0316,0.0248,98,0.0
132.4,0.2324,0.3182,-0.0857,0.0974,0.0657,0.0,0.0,-0.0573,0.0,0,0.0
132.6,0.2381,0.309,-0.0708,0.0842,0.0628,0.0061,0.0122,-0.0461,0.0,0,0.0
132.8,0.2404,0.3,-0.0596,0.0714,0.0599,0.0122,0.0244,-0.0356,0.0,0,0.0
133.0,0.2388,0.2915,-0.0527,0.0593,0.0571,0.0149,0.0299,-0.0274,0.0,0,0.0
133.2,0.2276,0.283,-0.0554,0.0471,0.0544,0.0101,0.0202,-0.0241,0.0,0,0.0
133.4,0.2378,0.2831,-0.0453,0.0473,0.0518,0.0156,0.0311,-0.0204,0.0,0,0.0
133.6,0.2262,0.2777,-0.0516,0.0396,0.0,0.0,0.0,-0.025,0.0,0,0.0
133.8,0.2166,0.2729,-0.0563,0.0327,0.0,0.0,0.0,-0.022,0.0,0,0.0
134.0,0.2122,0.2653,-0.0531,0.0219,0.0,0.0,0.0,-0.0162,0.0,0,0.0
134.2,0.2097,0.2678,-0.058,0.0254,0.0,0.0,0.0,-0.0185,0.0,0,0.0
134.4,0.2013,0.2655,-0.0642,0.0221,0.0,0.0,0.0,-0.0175,0.0,0,0.0
134.6,0.1966,0.2598,-0.0632,0.014,0.0,0.0,0.0,-0.0133,0.0,0,0.0
134.8,0.2071,0.2564,-0.0493,0.0091,0.0,0.0,0.0,-0.0095,0.0,0,0.0
135.0,0.208,0.2603,-0.0524,0.0148,0.0,0.0,0.0,-0.0126,0.0,0,0.0
135.2,0.204,0.2563,-0.0523,0.009,0.0,0.0,0.0,-0.0098,0.0,0,0.0
135.4,0.1967,0.2557,-0.059,0.0082,0.0,0.0,0.0,-0.01,0.0,0,0.0
135.6,0.187,0.2518,-0.0648,0.0025,0.0,0.0,0.0,-0.0078,0.0,0,0.0
135.8,0.1958,0.2548,-0.059,0.0069,0.0,0.0,0.0,-0.0093,0.0,0,0.0
136.0,0.1908,0.2569,-0.066,0.0098,0.0,0.0,0.0,-0.0115,0.0,0,0.0
136.2,0.1875,0.256,-0.0685,0.0086,0.0,0.0,0.0,-0.0111,0.0,0,0.0
136.4,0.1972,0.2516,-0.0544,0.0023,0.0,0.0,0.0,-0.0066,0.0,0,0.0
136.6,0.1949,0.2538,-0.0589,0.0054,0.0,0.0,0.0,-0.0086,0.0,0,0.0
136.8,0.2009,0.2531,-0.0521,0.0044,0.0,0.0,0.0,-0.0074,0.0,0,0.0
137.0,0.1867,0.25,-0.0633,0.0,0.0,0.0,0.0,-0.0063,0.0,0,0.0
137.2,0.1985,0.2532,-0.0547,0.0046,0.0,0.0,0.0,-0.0078,0.0,0,0.0
137.4,0.1995,0.25,-0.0505,0.0,0.0,0.0,0.0,-0.0051,0.0,0,0.0
137.6,0.1894,0.25,-0.0606,0.0,0.0,0.0,0.0,-0.0061,0.0,0,0.0
137.8,0.19,0.2513,-0.0613,0.0018,0.0,0.0,0.0,-0.007,0.0,0,0.0
138.0,0.1864,0.2531,-0.0666,0.0044,0.0,0.0,0.0,-0.0088,0.0,0,0.0
138.2,0.1888,0.25,-0.0612,0.0,0.0,0.0,0.0,-0.0061,0.0,0,0.0
138.4,0.1815,0.25,-0.0685,0.0,0.0,0.0,0.0,-0.0069,0.0,0,0.0
138.6,0.1806,0.2503,-0.0697,0.0004,0.0,0.0,0.0,-0.0072,0.0,0,0.0
138.8,0.1857,0.25,-0.0643,0.0,0.0,0.0,0.0,-0.0064,0.0,0,0.0
139.0,0.1953,0.25,-0.0547,0.0,0.0,0.0,0.0,-0.0055,0.0,0,0.0
139.2,0.1797,0.2529,-0.0732,0.0041,0.0,0.0,0.0,-0.0094,0.0,0,0.0
139.4,0.1891,0.25,-0.0609,0.0,0.0,0.0,0.0,-0.0061,0.0,0,0.0
139.6,0.1955,0.2521,-0.0566,0.003,0.0,0.0,0.0,-0.0072,0.0,0,0.0
139.8,0.1857,0.2525,-0.0668,0.0035,0.0,0.0,0.0,-0.0084,0.0,0,0.0
140.0,0.1799,0.25,-0.0701,0.0,0.0,0.0,0.0,-0.007,0.0,0,0.0
140.2,0.1787,0.25,-0.0713,0.0,0.0,0.0,0.0,-0.0071,0.0,0,0.0
140.4,0.1957,0.25,-0.0543,0.0,0.0,0.0,0.0,-0.0054,0.0,0,0.0
140.6,0.1906,0.253,-0.0624,0.0043,0.0,0.0,0.0,-0.0084,0.0,0,0.0
140.8,0.1782,0.2526,-0.0744,0.0037,0.0,0.0,0.0,-0.0093,0.0,0,0.0
141.0,0.1899,0.25,-0.0601,0.0,0.0,0.0,0.0,-0.006,0.0,0,0.0
141.2,0.1821,0.2534,-0.0713,0.0049,0.0,0.0,0.0,-0.0096,0.0,0,0.0
141.4,0.1781,0.25,-0.0719,0.0,0.0,0.0,0.0,-0.0072,0.0,0,0.0
141.6,0.1964,0.25,-0.0536,0.0,0.0,0.0,0.0,-0.0054,0.0,0,0.0
141.8,0.1938,0.2512,-0.0574,0.0017,0.0,0.0,0.0,-0.0066,0.0,0,0.0
142.0,0.1806,0.25,-0.0694,0.0,0.0,0.0,0.0,-0.0069,0.0,0,0.0
142.2,0.1941,0.25,-0.0559,0.0,0.0,0.0,0.0,-0.0056,0.0,0,0.0
142.4,0.1871,0.2519,-0.0648,0.0027,0.0,0.0,0.0,-0.0078,0.0,0,0.0
142.6,0.18,0.2533,-0.0733,0.0047,0.0,0.0,0.0,-0.0097,0.0,0,0.0
142.8,0.1826,0.25,-0.0674,0.0,0.0,0.0,0.0,-0.0067,0.0,0,0.0
143.0,0.2068,0.2522,-0.0455,0.0032,0.0511,0.0147,0.0294,0.0012,0.0,0,0.0
143.2,0.2152,0.25,-0.0348,0.0,0.0536,0.0258,0.0516,0.0094,0.0,0,0.0
143.4,0.2224,0.25,-0.0276,0.0,0.0563,0.0342,0.0685,0.0144,0.0,0,0.0
143.6,0.223,0.251,-0.028,0.0014,0.0591,0.0367,0.0733,0.0148,0.0,0,0.0
143.8,0.2488,0.2528,-0.004,0.004,0.0619,0.0587,0.1174,0.027,0.0,0,0.0
144.0,0.257,0.2517,0.0053,0.0024,0.0648,0.0691,0.1381,0.0338,0.172,122,0.0
144.2,0.2589,0.2761,-0.0172,0.0372,0.0678,0.0541,0.1081,0.0067,0.1148,113,0.0
144.4,0.259,0.2902,-0.0312,0.0574,0.0709,0.046,0.092,-0.0088,0.0832,108,0.0
144.6,0.2566,0.3012,-0.0446,0.0731,0.0741,0.0384,0.0768,-0.0218,0.055,103,0.0
144.8,0.2681,0.318,-0.05,0.0972,0.0774,0.0374,0.0748,-0.0349,0.0399,101,0.0
145.0,0.2605,0.3259,-0.0654,0.1084,0.0807,0.0284,0.0568,-0.0465,0.0103,96,0.0
145.2,0.2457,0.3278,-0.0822,0.1112,0.0841,0.0184,0.0367,-0.0546,0.0,0,0.0
145.4,0.2492,0.317,-0.0678,0.0958,0.0876,0.0333,0.0667,-0.038,0.0,0,0.0
145.6,0.2513,0.3061,-0.0547,0.0801,0.0911,0.0473,0.0947,-0.0219,0.0728,106,0.0
145.8,0.2434,0.3183,-0.0749,0.0976,0.0947,0.0348,0.0697,-0.0389,0.0,0,0.0
146.0,0.2635,0.3072,-0.0437,0.0816,0.0984,0.0635,0.127,-0.0134,0.1136,113,0.0
146.2,0.2598,0.3239,-0.0641,0.1055,0.1022,0.0509,0.1018,-0.0337,0.0681,105,0.0
146.4,0.251,0.3295,-0.0785,0.1136,0.106,0.0431,0.0863,-0.0431,0.0432,101,0.0
146.6,0.2567,0.3348,-0.0781,0.1211,0.1099,0.0474,0.0948,-0.0447,0.0501,103,0.0
146.8,0.2413,0.3405,-0.0992,0.1293,0.1138,0.0344,0.0688,-0.0574,0.0,0,0.0
147.0,0.2518,0.3314,-0.0796,0.1164,0.1178,0.054,0.1081,-0.0391,0.0689,106,0.0
147.2,0.2506,0.3366,-0.086,0.1237,0.1218,0.053,0.106,-0.044,0.062,104,0.0
147.4,0.2539,0.3424,-0.0885,0.1319,0.1259,0.055,0.1101,-0.0473,0.0628,105,0.0
147.6,0.2425,0.3461,-0.1036,0.1373,0.13,0.0471,0.0941,-0.0555,0.0,0,0.0
147.8,0.2428,0.331,-0.0883,0.1158,0.1341,0.0635,0.127,-0.035,0.0,0,0.0
148.0,0.2513,0.3198,-0.0685,0.0997,0.1384,0.0836,0.1671,-0.0149,0.1522,119,0.0
148.2,0.2654,0.3299,-0.0646,0.1142,0.1426,0.091,0.1819,-0.0181,0.1638,121,0.0
148.4,0.271,0.3401,-0.0691,0.1287,0.1469,0.0916,0.1832,-0.0255,0.1577,120,0.0
148.6,0.2669,0.3483,-0.0813,0.1404,0.1512,0.0861,0.1723,-0.0352,0.1371,116,0.0
148.8,0.2632,0.3601,-0.0968,0.1572,0.1555,0.0781,0.1561,-0.0493,0.1069,112,0.0
149.0,0.2572,0.3651,-0.1079,0.1645,0.1599,0.0736,0.1472,-0.0562,0.091,109,0.0
149.2,0.2721,0.3677,-0.0956,0.1682,0.1643,0.0878,0.1757,-0.0497,0.1259,115,0.0
149.4,0.2531,0.3685,-0.1154,0.1692,0.1687,0.0764,0.1529,-0.0579,0.0949,110,0.0
149.6,0.2566,0.3732,-0.1166,0.1759,0.1732,0.0799,0.1599,-0.0597,0.1002,111,0.0
149.8,0.2655,0.3747,-0.1092,0.1782,0.1776,0.0903,0.1806,-0.0549,0.1257,115,0.0
150.0,0.2694,0.3735,-0.1041,0.1764,0.1821,0.0989,0.1977,-0.0492,0.1485,118,0.0
150.2,0.2651,0.3816,-0.1165,0.188,0.1866,0.0934,0.1868,-0.059,0.1278,115,0.0
150.4,0.2613,0.3841,-0.1228,0.1916,0.1911,0.0928,0.1856,-0.0617,0.124,114,0.0
150.6,0.2596,0.3804,-0.1208,0.1863,0.1956,0.099,0.1979,-0.0557,0.1422,117,0.0
150.8,0.2745,0.3828,-0.1083,0.1897,0.2001,0.1134,0.2269,-0.0489,0.1779,123,0.0
151.0,0.276,0.3842,-0.1082,0.1918,0.2046,0.118,0.236,-0.0477,0.1883,125,0.0
151.2,0.2795,0.3911,-0.1116,0.2016,0.2091,0.1198,0.2396,-0.052,0.1876,125,0.0
151.4,0.2741,0.3929,-0.1188,0.2042,0.2136,0.1186,0.2371,-0.0547,0.1824,124,0.0
151.6,0.2751,0.395,-0.1199,0.2071,0.218,0.1221,0.2443,-0.0545,0.1898,125,0.0
151.8,0.2711,0.3953,-0.1242,0.2076,0.2225,0.1232,0.2464,-0.0546,0.1918,125,0.0
152.0,0.2712,0.3988,-0.1276,0.2125,0.227,0.1249,0.2498,-0.0566,0.1932,125,0.0
152.2,0.2851,0.4013,-0.1162,0.2161,0.2314,0.1385,0.277,-0.0504,0.2265,131,0.0
152.4,0.2928,0.4001,-0.1073,0.2144,0.2358,0.15,0.3001,-0.0429,0.2571,136,0.0
152.6,0.2955,0.4049,-0.1094,0.2212,0.2402,0.1528,0.3055,-0.0452,0.2603,136,0.0
152.8,0.3044,0.4063,-0.1019,0.2233,0.2446,0.1631,0.3261,-0.0403,0.2858,140,0.0
153.0,0.3016,0.4054,-0.1038,0.222,0.249,0.1659,0.3319,-0.0384,0.2935,141,0.0
153.2,0.301,0.4071,-0.1061,0.2244,0.2533,0.1684,0.3368,-0.0386,0.2982,142,0.0
153.4,0.3222,0.4118,-0.0897,0.2312,0.2576,0.1858,0.3716,-0.0317,0.34,149,0.0
153.6,0.3119,0.4124,-0.1005,0.232,0.2618,0.1814,0.3628,-0.0354,0.3274,147,0.0
153.8,0.3185,0.4208,-0.1022,0.2439,0.266,0.1842,0.3684,-0.0401,0.3283,147,0.0
154.0,0.3304,0.4207,-0.0902,0.2438,0.2702,0.198,0.3959,-0.0319,0.364,153,0.0
154.2,0.3425,0.4236,-0.0811,0.248,0.2743,0.2094,0.4188,-0.0274,0.3914,157,0.0
154.4,0.3303,0.4254,-0.0951,0.2506,0.2784,0.2023,0.4045,-0.0337,0.3709,154,0.0
154.6,0.3462,0.4268,-0.0806,0.2525,0.2824,0.2179,0.4359,-0.0253,0.4105,160,0.0
154.8,0.3462,0.4337,-0.0876,0.2625,0.2864,0.2163,0.4326,-0.0318,0.4008,159,0.0
155.0,0.3589,0.4354,-0.0765,0.2648,0.2903,0.2291,0.4582,-0.0255,0.4327,164,0.0
155.2,0.3611,0.4369,-0.0758,0.267,0.2942,0.2335,0.467,-0.0243,0.4427,165,0.0
155.4,0.3626,0.4381,-0.0755,0.2687,0.298,0.2376,0.4751,-0.0231,0.452,167,0.0
155.6,0.3652,0.4414,-0.0762,0.2734,0.3017,0.2408,0.4815,-0.0239,0.4576,168,0.0
155.8,0.3826,0.4428,-0.0602,0.2755,0.3054,0.2572,0.5144,-0.0152,0.4992,174,0.0
156.0,0.3903,0.4473,-0.0569,0.2818,0.309,0.2635,0.5269,-0.0149,0.512,176,0.0
156.2,0.3915,0.4477,-0.0562,0.2824,0.3125,0.2676,0.5352,-0.013,0.5221,178,0.0
156.4,0.4005,0.4539,-0.0533,0.2912,0.316,0.2733,0.5467,-0.0143,0.5324,180,0.0
156.6,0.4094,0.4558,-0.0465,0.2941,0.3194,0.2822,0.5645,-0.0105,0.5539,183,0.0
156.8,0.4113,0.4595,-0.0483,0.2993,0.3228,0.2842,0.5683,-0.0124,0.5559,183,0.0
157.0,0.4018,0.4644,-0.0625,0.3062,0.326,0.276,0.5519,-0.0214,0.5306,179,0.0
157.2,0.4215,0.4628,-0.0413,0.304,0.3292,0.2961,0.5922,-0.0081,0.5842,188,0.0
157.4,0.4179,0.4644,-0.0465,0.3063,0.3323,0.2951,0.5901,-0.0103,0.5799,187,0.0
157.6,0.4209,0.4675,-0.0466,0.3108,0.3353,0.298,0.596,-0.0111,0.5849,188,0.0
157.8,0.4339,0.4692,-0.0352,0.3131,0.3382,0.31,0.62,-0.0051,0.615,193,0.0
158.0,0.4304,0.4734,-0.0431,0.3192,0.341,0.3066,0.6132,-0.0106,0.6025,191,0.0
158.2,0.4472,0.4725,-0.0253,0.3179,0.3438,0.3236,0.6471,0.0003,0.6474,198,0.0
158.4,0.4432,0.4773,-0.0341,0.3247,0.3465,0.3192,0.6384,-0.0062,0.6322,196,0.0
158.6,0.4505,0.4806,-0.0301,0.3294,0.349,0.325,0.6499,-0.0052,0.6447,198,0.0
158.8,0.4404,0.4788,-0.0384,0.3269,0.3515,0.3208,0.6416,-0.0069,0.6347,196,0.0
159.0,0.4443,0.4814,-0.0371,0.3306,0.3539,0.3242,0.6483,-0.0069,0.6414,197,0.0
159.2,0.4578,0.4881,-0.0303,0.3402,0.3562,0.3319,0.6638,-0.0072,0.6567,200,0.0
159.4,0.4527,0.4881,-0.0354,0.3401,0.3584,0.3301,0.6601,-0.0086,0.6516,199,0.0
159.6,0.4591,0.4865,-0.0274,0.3378,0.3605,0.3386,0.6771,-0.0023,0.6748,202,0.0
159.8,0.4683,0.4865,-0.0182,0.3378,0.3624,0.3479,0.6958,0.0032,0.699,206,0.0
160.0,0.4742,0.4901,-0.0159,0.343,0.3643,0.3516,0.7033,0.0027,0.706,207,0.0
160.2,0.4749,0.4954,-0.0205,0.3506,0.3661,0.3497,0.6994,-0.0025,0.6969,206,0.0
160.4,0.4821,0.4977,-0.0156,0.3539,0.3678,0.3553,0.7107,-0.0008,0.7099,208,0.0
160.6,0.485,0.4947,-0.0097,0.3496,0.3694,0.3616,0.7232,0.005,0.7282,211,0.0
160.8,0.4899,0.4978,-0.0079,0.354,0.3708,0.3645,0.729,0.0045,0.7335,212,0.0
161.0,0.4857,0.5032,-0.0175,0.3617,0.3722,0.3582,0.7164,-0.0035,0.7129,209,0.0
161.2,0.4905,0.5057,-0.0151,0.3652,0.3735,0.3614,0.7227,-0.0034,0.7193,210,0.0
161.4,0.4857,0.5011,-0.0154,0.3587,0.3746,0.3623,0.7246,0.0002,0.7248,210,0.0
161.6,0.4895,0.5054,-0.0159,0.3648,0.3756,0.3629,0.7258,-0.0026,0.7232,210,0.0
161.8,0.5056,0.506,-0.0004,0.3657,0.3766,0.3763,0.7526,0.0053,0.7579,216,0.0
162.0,0.5012,0.5079,-0.0066,0.3684,0.3774,0.3721,0.7442,0.0012,0.7453,214,0.0
162.2,0.5081,0.5085,-0.0004,0.3693,0.3781,0.3778,0.7555,0.0042,0.7597,216,0.0
162.4,0.5051,0.5067,-0.0016,0.3667,0.3787,0.3774,0.7548,0.0052,0.7599,216,0.0
162.6,0.5108,0.5071,0.0037,0.3673,0.3792,0.38,0.76,0.0067,0.7667,217,0.0
162.8,0.5077,0.5124,-0.0047,0.3749,0.3796,0.3758,0.7515,-0.0,0.7515,215,0.0
163.0,0.5078,0.5105,-0.0027,0.3721,0.3798,0.3777,0.7554,0.0025,0.7579,216,0.0
163.2,0.5073,0.5094,-0.0022,0.3706,0.38,0.3782,0.7564,0.0036,0.76,216,0.0
163.4,0.5178,0.5146,0.0033,0.378,0.38,0.38,0.76,0.0013,0.7613,216,0.0
163.6,0.513,0.5108,0.0021,0.3726,0.3799,0.38,0.76,0.0039,0.7639,217,0.0
163.8,0.5148,0.5174,-0.0025,0.3819,0.3797,0.3777,0.7554,-0.0024,0.753,215,0.0
164.0,0.51,0.5166,-0.0065,0.3808,0.3794,0.3742,0.7484,-0.004,0.7444,214,0.0
164.2,0.5137,0.5169,-0.0032,0.3813,0.379,0.3765,0.7529,-0.0027,0.7502,215,0.0
164.4,0.5188,0.5138,0.005,0.3768,0.3785,0.38,0.76,0.0021,0.7621,216,0.0
164.6,0.5097,0.5142,-0.0046,0.3775,0.3779,0.3742,0.7484,-0.0021,0.7463,214,0.0
164.8,0.5046,0.5117,-0.0071,0.3738,0.3771,0.3714,0.7428,-0.0019,0.7409,213,0.0
165.0,0.5182,0.5142,0.004,0.3774,0.3762,0.3795,0.7589,0.0014,0.7604,216,0.0
165.2,0.5159,0.5122,0.0037,0.3746,0.3753,0.3782,0.7564,0.0022,0.7585,216,0.0
165.4,0.517,0.5144,0.0025,0.3778,0.3742,0.3762,0.7525,-0.0005,0.7519,215,0.0
165.6,0.512,0.5149,-0.0029,0.3784,0.373,0.3707,0.7414,-0.0041,0.7373,212,0.0
165.8,0.5048,0.5145,-0.0096,0.3778,0.3717,0.364,0.728,-0.0079,0.7202,210,0.0
166.0,0.5075,0.5157,-0.0082,0.3795,0.3703,0.3638,0.7276,-0.0087,0.7189,210,0.0
166.2,0.4952,0.5101,-0.0149,0.3716,0.3688,0.3569,0.7137,-0.0089,0.7049,207,0.0
166.4,0.5072,0.5109,-0.0036,0.3727,0.3672,0.3643,0.7285,-0.0046,0.724,210,0.0
166.6,0.5106,0.5104,0.0002,0.372,0.3655,0.3656,0.7312,-0.0032,0.7281,211,0.0
166.8,0.4928,0.5129,-0.0201,0.3756,0.3636,0.3475,0.695,-0.0161,0.679,203,0.0
167.0,0.5048,0.5123,-0.0075,0.3747,0.3617,0.3557,0.7114,-0.0102,0.7012,207,0.0
167.2,0.4967,0.5098,-0.0131,0.3711,0.3597,0.3492,0.6985,-0.0123,0.6862,204,0.0
167.4,0.4963,0.5079,-0.0116,0.3684,0.3576,0.3483,0.6966,-0.0112,0.6854,204,0.0
167.6,0.4906,0.5067,-0.0161,0.3667,0.3553,0.3425,0.6849,-0.0137,0.6712,202,0.0
167.8,0.4889,0.507,-0.0181,0.3671,0.353,0.3386,0.6771,-0.0161,0.661,200,0.0
168.0,0.4842,0.5073,-0.0231,0.3676,0.3506,0.3321,0.6643,-0.02,0.6443,198,0.0
168.2,0.4738,0.5023,-0.0285,0.3605,0.3481,0.3253,0.6505,-0.0204,0.6301,195,0.0
168.4,0.4731,0.5039,-0.0307,0.3626,0.3455,0.3209,0.6418,-0.024,0.6178,193,0.0
168.6,0.47,0.4963,-0.0264,0.3519,0.3428,0.3217,0.6434,-0.0177,0.6257,195,0.0
168.8,0.4752,0.4967,-0.0215,0.3525,0.34,0.3228,0.6456,-0.017,0.6286,195,0.0
169.0,0.4699,0.5003,-0.0304,0.3576,0.3371,0.3128,0.6257,-0.0254,0.6003,191,0.0
169.2,0.4706,0.4955,-0.0249,0.3507,0.3342,0.3143,0.6286,-0.0207,0.6079,192,0.0
169.4,0.4546,0.4923,-0.0377,0.3461,0.3311,0.301,0.6019,-0.0264,0.5756,187,0.0
169.6,0.4524,0.4948,-0.0424,0.3497,0.328,0.2941,0.5882,-0.032,0.5562,183,0.0
169.8,0.4548,0.4904,-0.0356,0.3434,0.3248,0.2963,0.5926,-0.0271,0.5655,185,0.0
170.0,0.4587,0.4862,-0.0275,0.3374,0.3215,0.2996,0.5991,-0.0216,0.5775,187,0.0
170.2,0.4569,0.4857,-0.0288,0.3367,0.3182,0.2951,0.5903,-0.0236,0.5667,185,0.0
170.4,0.4439,0.4882,-0.0443,0.3403,0.3147,0.2793,0.5586,-0.0349,0.5237,178,0.0
170.6,0.4326,0.4815,-0.0489,0.3307,0.3112,0.2721,0.5443,-0.0342,0.5101,176,0.0
170.8,0.444,0.4818,-0.0378,0.3311,0.3077,0.2774,0.5548,-0.0306,0.5242,178,0.0
171.0,0.4251,0.4808,-0.0557,0.3298,0.304,0.2594,0.5189,-0.0407,0.4781,171,0.0
171.2,0.4168,0.4775,-0.0607,0.325,0.3003,0.2517,0.5035,-0.0427,0.4608,168,0.0
171.4,0.4312,0.4709,-0.0396,0.3155,0.2965,0.2648,0.5297,-0.0293,0.5004,175,0.0
171.6,0.4088,0.4743,-0.0655,0.3205,0.2927,0.2403,0.4807,-0.0466,0.4341,164,0.0
171.8,0.4211,0.4683,-0.0472,0.3119,0.2888,0.251,0.5021,-0.0352,0.4669,169,0.0
172.0,0.4052,0.4649,-0.0597,0.307,0.2849,0.2372,0.4743,-0.0409,0.4335,164,0.0
172.2,0.4019,0.4633,-0.0614,0.3047,0.2809,0.2318,0.4636,-0.0426,0.4209,162,0.0
172.4,0.3962,0.4635,-0.0672,0.3049,0.2769,0.2231,0.4462,-0.0477,0.3985,158,0.0
172.6,0.3912,0.4587,-0.0675,0.2981,0.2728,0.2188,0.4376,-0.0464,0.3912,157,0.0
172.8,0.3931,0.4598,-0.0667,0.2997,0.2686,0.2152,0.4305,-0.0489,0.3816,156,0.0
173.0,0.3712,0.4535,-0.0823,0.2907,0.2644,0.1986,0.3973,-0.0543,0.343,149,0.0
173.2,0.3811,0.4558,-0.0747,0.294,0.2602,0.2005,0.401,-0.0542,0.3467,150,0.0
173.4,0.373,0.449,-0.076,0.2843,0.256,0.1951,0.3903,-0.0522,0.3381,149,0.0
173.6,0.365,0.4471,-0.0822,0.2816,0.2517,0.1859,0.3719,-0.0561,0.3158,145,0.0
173.8,0.3473,0.4422,-0.0948,0.2745,0.2473,0.1715,0.3429,-0.061,0.2819,140,0.0
174.0,0.3552,0.4388,-0.0836,0.2697,0.243,0.1761,0.3523,-0.0551,0.2971,142,0.0
174.2,0.349,0.4424,-0.0934,0.2749,0.2386,0.1639,0.3278,-0.0649,0.2629,137,0.0
174.4,0.3267,0.4388,-0.1121,0.2698,0.2342,0.1445,0.289,-0.0738,0.2152,129,0.0
174.6,0.3375,0.4302,-0.0927,0.2574,0.2298,0.1556,0.3112,-0.0602,0.2511,135,0.0
174.8,0.3136,0.4324,-0.1187,0.2605,0.2253,0.1303,0.2607,-0.077,0.1837,124,0.0
175.0,0.318,0.4251,-0.1071,0.2502,0.2209,0.1352,0.2704,-0.0682,0.2022,127,0.0
175.2,0.3026,0.422,-0.1194,0.2458,0.2164,0.1209,0.2417,-0.0744,0.1673,121,0.0
175.4,0.303,0.4227,-0.1198,0.2468,0.2119,0.1161,0.2322,-0.0773,0.1549,119,0.0
175.6,0.2998,0.4169,-0.1171,0.2384,0.2074,0.1138,0.2275,-0.074,0.1535,119,0.0
175.8,0.2881,0.4112,-0.1231,0.2303,0.2029,0.1044,0.2088,-0.0752,0.1336,116,0.0
176.0,0.2787,0.4099,-0.1312,0.2285,0.1984,0.0934,0.1869,-0.0806,0.1062,111,0.0
176.2,0.2788,0.4035,-0.1247,0.2193,0.1939,0.0941,0.1882,-0.0751,0.1132,113,0.0
176.4,0.2695,0.4028,-0.1333,0.2183,0.1894,0.0828,0.1655,-0.0811,0.0844,108,0.0
176.6,0.262,0.4,-0.1379,0.2142,0.1849,0.0746,0.1491,-0.0836,0.0655,105,0.0
176.8,0.2648,0.396,-0.1312,0.2086,0.1804,0.0755,0.151,-0.0797,0.0713,106,0.0
177.0,0.2651,0.3979,-0.1328,0.2113,0.176,0.0697,0.1394,-0.0841,0.0554,103,0.0
177.2,0.2585,0.3922,-0.1337,0.2032,0.1715,0.0646,0.1292,-0.0827,0.0465,102,0.0
177.4,0.2487,0.3875,-0.1388,0.1964,0.1671,0.0561,0.1122,-0.0841,0.0,0,0.0
177.6,0.2426,0.3697,-0.1271,0.171,0.1627,0.061,0.1221,-0.0677,0.0,0,0.0
177.8,0.2498,0.3521,-0.1023,0.1459,0.1583,0.0765,0.1529,-0.0449,0.0,0,0.0
178.0,0.247,0.3337,-0.0867,0.1196,0.1539,0.0846,0.1691,-0.0262,0.0,0,0.0
178.2,0.2673,0.323,-0.0557,0.1043,0.1496,0.105,0.21,-0.0052,0.2049,127,0.0
178.4,0.2572,0.3373,-0.0801,0.1247,0.1453,0.0812,0.1625,-0.0297,0.1327,116,0.0
178.6,0.2654,0.3445,-0.0791,0.135,0.141,0.0777,0.1555,-0.0365,0.119,114,0.0
178.8,0.2687,0.3522,-0.0836,0.1461,0.1368,0.0699,0.1398,-0.0464,0.0934,109,0.0
179.0,0.2654,0.3542,-0.0888,0.1488,0.1326,0.0615,0.123,-0.0525,0.0705,106,0.0
179.2,0.2481,0.36,-0.1119,0.1572,0.1284,0.0389,0.0778,-0.0703,0.0,0,0.0
179.4,0.2607,0.343,-0.0823,0.1328,0.1243,0.0585,0.117,-0.0454,0.0716,106,0.0
179.6,0.247,0.3496,-0.1025,0.1422,0.1203,0.0382,0.0765,-0.0622,0.0,0,0.0
179.8,0.2485,0.3329,-0.0843,0.1184,0.1163,0.0488,0.0976,-0.0432,0.0,0,0.0
180.0,0.2458,0.32,-0.0742,0.1001,0.1123,0.053,0.1059,-0.031,0.0,0,0.0
180.2,0.2484,0.3092,-0.0609,0.0846,0.1084,0.0597,0.1194,-0.0186,0.0,0,0.0
180.4,0.2598,0.3011,-0.0413,0.0731,0.1046,0.0715,0.143,-0.0049,0.1381,117,0.0
180.6,0.2676,0.3178,-0.0502,0.0969,0.1008,0.0606,0.1212,-0.0231,0.0981,110,0.0
180.8,0.2607,0.3296,-0.069,0.1138,0.0971,0.0419,0.0838,-0.0428,0.0409,101,0.0
181.0,0.251,0.3344,-0.0834,0.1206,0.0934,0.0267,0.0533,-0.0553,0.0,0,0.0
181.2,0.2441,0.3185,-0.0744,0.0978,0.0898,0.0303,0.0606,-0.0412,0.0,0,0.0
181.4,0.2417,0.3071,-0.0654,0.0816,0.0863,0.034,0.0679,-0.0304,0.0,0,0.0
181.6,0.2463,0.3046,-0.0583,0.078,0.0828,0.0362,0.0724,-0.0267,0.0,0,0.0
181.8,0.262,0.2926,-0.0306,0.0608,0.0794,0.055,0.11,-0.006,0.104,111,0.0
182.0,0.2566,0.3063,-0.0497,0.0805,0.0761,0.0364,0.0728,-0.027,0.0457,102,0.0
182.2,0.2436,0.3196,-0.0761,0.0995,0.0729,0.0121,0.0241,-0.0513,0.0,0,0.0
182.4,0.2415,0.3065,-0.065,0.0808,0.0698,0.0177,0.0355,-0.038,0.0,0,0.0
182.6,0.2416,0.3005,-0.0589,0.0722,0.0667,0.0196,0.0392,-0.0322,0.0,0,0.0
182.8,0.246,0.2934,-0.0475,0.0621,0.0637,0.0257,0.0515,-0.0229,0.0,0,0.0
183.0,0.245,0.2858,-0.0408,0.0512,0.0608,0.0282,0.0564,-0.0156,0.0,0,0.0
183.2,0.2588,0.2781,-0.0193,0.0402,0.058,0.0426,0.0851,-0.0007,0.0844,108,0.0
183.4,0.2535,0.2938,-0.0403,0.0626,0.0553,0.0231,0.0461,-0.0238,0.0223,98,0.0
183.6,0.24,0.3043,-0.0643,0.0776,0.0527,0.0012,0.0024,-0.0446,0.0,0,0.0
183.8,0.2398,0.2984,-0.0587,0.0692,0.0501,0.0032,0.0063,-0.0389,0.0,0,0.0
184.0,0.2239,0.2894,-0.0655,0.0563,0.0,0.0,0.0,-0.0347,0.0,0,0.0
184.2,0.2191,0.285,-0.0659,0.05,0.0,0.0,0.0,-0.0316,0.0,0,0.0
184.4,0.2018,0.2784,-0.0765,0.0405,0.0,0.0,0.0,-0.0279,0.0,0,0.0
184.6,0.2033,0.2754,-0.0721,0.0363,0.0,0.0,0.0,-0.0253,0.0,0,0.0
184.8,0.1997,0.2708,-0.0711,0.0297,0.0,0.0,0.0,-0.022,0.0,0,0.0
185.0,0.1985,0.2686,-0.0701,0.0266,0.0,0.0,0.0,-0.0203,0.0,0,0.0
185.2,0.1879,0.2681,-0.0802,0.0259,0.0,0.0,0.0,-0.021,0.0,0,0.0
185.4,0.1906,0.2641,-0.0735,0.0201,0.0,0.0,0.0,-0.0174,0.0,0,0.0
185.6,0.1713,0.2594,-0.0881,0.0134,0.0,0.0,0.0,-0.0155,0.0,0,0.0
185.8,0.1711,0.2581,-0.0871,0.0116,0.0,0.0,0.0,-0.0145,0.0,0,0.0
186.0,0.1703,0.2589,-0.0886,0.0128,0.0,0.0,0.0,-0.0152,0.0,0,0.0
186.2,0.1784,0.2577,-0.0793,0.011,0.0,0.0,0.0,-0.0134,0.0,0,0.0
186.4,0.1706,0.2593,-0.0887,0.0132,0.0,0.0,0.0,-0.0155,0.0,0,0.0
186.6,0.1787,0.2574,-0.0787,0.0105,0.0,0.0,0.0,-0.0131,0.0,0,0.0
186.8,0.1779,0.2564,-0.0785,0.0092,0.0,0.0,0.0,-0.0125,0.0,0,0.0
187.0,0.1766,0.2567,-0.0801,0.0095,0.0,0.0,0.0,-0.0128,0.0,0,0.0
187.2,0.168,0.2544,-0.0863,0.0063,0.0,0.0,0.0,-0.0118,0.0,0,0.0
187.4,0.1655,0.2527,-0.0872,0.0039,0.0,0.0,0.0,-0.0107,0.0,0,0.0
187.6,0.1749,0.2516,-0.0766,0.0022,0.0,0.0,0.0,-0.0088,0.0,0,0.0
187.8,0.1583,0.2519,-0.0936,0.0028,0.0,0.0,0.0,-0.0107,0.0,0,0.0
188.0,0.1582,0.2527,-0.0945,0.0039,0.0,0.0,0.0,-0.0114,0.0,0,0.0
188.2,0.1696,0.25,-0.0804,0.0,0.0,0.0,0.0,-0.008,0.0,0,0.0
188.4,0.173,0.25,-0.077,0.0,0.0,0.0,0.0,-0.0077,0.0,0,0.0
188.6,0.1571,0.2521,-0.095,0.003,0.0,0.0,0.0,-0.011,0.0,0,0.0
188.8,0.165,0.25,-0.085,0.0,0.0,0.0,0.0,-0.0085,0.0,0,0.0
189.0,0.1664,0.251,-0.0846,0.0015,0.0,0.0,0.0,-0.0092,0.0,0,0.0
189.2,0.1539,0.25,-0.0961,0.0,0.0,0.0,0.0,-0.0096,0.0,0,0.0
189.4,0.173,0.2529,-0.0799,0.0041,0.0,0.0,0.0,-0.01,0.0,0,0.0
189.6,0.1628,0.25,-0.0872,0.0,0.0,0.0,0.0,-0.0087,0.0,0,0.0
189.8,0.1715,0.25,-0.0785,0.0,0.0,0.0,0.0,-0.0078,0.0,0,0.0
190.0,0.1661,0.2503,-0.0842,0.0005,0.0,0.0,0.0,-0.0087,0.0,0,0.0
190.2,0.1542,0.2501,-0.096,0.0002,0.0,0.0,0.0,-0.0097,0.0,0,0.0
190.4,0.1692,0.25,-0.0809,0.0001,0.0,0.0,0.0,-0.0081,0.0,0,0.0
190.6,0.161,0.2503,-0.0893,0.0004,0.0,0.0,0.0,-0.0091,0.0,0,0.0
190.8,0.1564,0.25,-0.0936,0.0,0.0,0.0,0.0,-0.0094,0.0,0,0.0
191.0,0.1534,0.25,-0.0966,0.0,0.0,0.0,0.0,-0.0097,0.0,0,0.0
191.2,0.1543,0.2502,-0.0959,0.0003,0.0,0.0,0.0,-0.0097,0.0,0,0.0
191.4,0.162,0.25,-0.088,0.0,0.0,0.0,0.0,-0.0088,0.0,0,0.0
191.6,0.1696,0.25,-0.0804,0.0,0.0,0.0,0.0,-0.008,0.0,0,0.0
191.8,0.1657,0.252,-0.0863,0.0029,0.0,0.0,0.0,-0.0101,0.0,0,0.0
192.0,0.1606,0.2514,-0.0908,0.0019,0.0,0.0,0.0,-0.01,0.0,0,0.0
192.2,0.1564,0.25,-0.0936,0.0,0.0,0.0,0.0,-0.0094,0.0,0,0.0
192.4,0.1711,0.25,-0.0789,0.0,0.0,0.0,0.0,-0.0079,0.0,0,0.0
192.6,0.1682,0.2511,-0.0829,0.0016,0.0,0.0,0.0,-0.0091,0.0,0,0.0
192.8,0.1638,0.25,-0.0862,0.0,0.0,0.0,0.0,-0.0086,0.0,0,0.0
193.0,0.1539,0.2515,-0.0976,0.0021,0.0,0.0,0.0,-0.0108,0.0,0,0.0
193.2,0.1627,0.25,-0.0873,0.0,0.0502,0.0,0.0,-0.0087,0.0,0,0.0
193.4,0.1814,0.25,-0.0686,0.0,0.0528,0.0,0.0,-0.0069,0.0,0,0.0
193.6,0.1984,0.25,-0.0516,0.0,0.0554,0.0,0.0,-0.0052,0.0,0,0.0
193.8,0.2027,0.2521,-0.0495,0.0031,0.0581,0.0186,0.0371,0.0028,0.0,0,0.0
194.0,0.223,0.2508,-0.0278,0.0012,0.061,0.0387,0.0774,0.016,0.0,0,0.0
194.2,0.2398,0.2503,-0.0105,0.0004,0.0639,0.0555,0.1109,0.0265,0.0,0,0.0
194.4,0.2537,0.25,0.0037,0.0,0.0668,0.0698,0.1395,0.0353,0.1748,122,0.0
194.6,0.2586,0.2726,-0.014,0.0323,0.0699,0.0587,0.1174,0.0118,0.1291,115,0.0
194.8,0.2554,0.2899,-0.0345,0.0571,0.0731,0.0454,0.0909,-0.0093,0.0816,108,0.0
195.0,0.2482,0.3033,-0.0551,0.0761,0.0763,0.0322,0.0644,-0.0275,0.0,0,0.0
195.2,0.2665,0.2965,-0.03,0.0664,0.0796,0.0556,0.1112,-0.0084,0.1028,111,0.0
195.4,0.2483,0.3102,-0.0619,0.0859,0.083,0.0335,0.0669,-0.0324,0.0,0,0.0
195.6,0.268,0.2992,-0.0312,0.0702,0.0864,0.0615,0.123,-0.0075,0.1155,113,0.0
195.8,0.2639,0.3148,-0.051,0.0926,0.09,0.0492,0.0984,-0.0268,0.0715,106,0.0
196.0,0.2506,0.3226,-0.0719,0.1037,0.0936,0.036,0.072,-0.041,0.031,99,0.0
196.2,0.2446,0.3319,-0.0873,0.1169,0.0972,0.0274,0.0548,-0.0535,0.0,0,0.0
196.4,0.26,0.3183,-0.0583,0.0975,0.1009,0.0543,0.1087,-0.0274,0.0813,108,0.0
196.6,0.2575,0.3295,-0.072,0.1135,0.1047,0.0471,0.0943,-0.0404,0.0539,103,0.0
196.8,0.2531,0.3386,-0.0854,0.1265,0.1086,0.0402,0.0805,-0.0517,0.0288,99,0.0
197.0,0.2452,0.3417,-0.0965,0.1309,0.1125,0.0353,0.0706,-0.0575,0.0,0,0.0
197.2,0.2391,0.3302,-0.0911,0.1146,0.1164,0.0435,0.0871,-0.0446,0.0,0,0.0
197.4,0.2456,0.3191,-0.0734,0.0986,0.1205,0.0617,0.1235,-0.0258,0.0,0,0.0
197.6,0.2557,0.3057,-0.05,0.0796,0.1245,0.0845,0.169,-0.0026,0.1665,121,0.0
197.8,0.2675,0.3191,-0.0515,0.0987,0.1286,0.0874,0.1748,-0.0108,0.164,121,0.0
198.0,0.2711,0.3286,-0.0575,0.1123,0.1328,0.0867,0.1735,-0.0185,0.1549,119,0.0
198.2,0.2791,0.3445,-0.0654,0.135,0.137,0.0847,0.1693,-0.0317,0.1376,117,0.0
198.4,0.2603,0.3485,-0.0882,0.1407,0.1412,0.0706,0.1413,-0.0439,0.0974,110,0.0
198.6,0.2601,0.3585,-0.0984,0.155,0.1455,0.0668,0.1335,-0.054,0.0795,107,0.0
198.8,0.27,0.3568,-0.0867,0.1525,0.1498,0.0804,0.1608,-0.0447,0.1161,113,0.0
199.0,0.2655,0.3652,-0.0997,0.1645,0.1541,0.0744,0.1487,-0.0551,0.0936,109,0.0
199.2,0.2693,0.3687,-0.0995,0.1696,0.1585,0.0789,0.1578,-0.0553,0.1025,111,0.0
199.4,0.2533,0.3687,-0.1154,0.1696,0.1629,0.0705,0.1411,-0.0611,0.08,107,0.0
199.6,0.2561,0.374,-0.1179,0.1772,0.1673,0.0729,0.1459,-0.0639,0.082,108,0.0
199.8,0.269,0.3739,-0.1049,0.177,0.1717,0.0878,0.1756,-0.0551,0.1205,114,0.0
200.0,0.2601,0.3773,-0.1172,0.1819,0.1762,0.0824,0.1648,-0.0615,0.1033,111,0.0
200.2,0.2606,0.381,-0.1205,0.1872,0.1806,0.0843,0.1685,-0.0635,0.105,111,0.0
200.4,0.2531,0.3793,-0.1261,0.1847,0.1851,0.0842,0.1685,-0.0628,0.1056,111,0.0
200.6,0.259,0.3781,-0.1191,0.183,0.1896,0.0943,0.1886,-0.0563,0.1323,116,0.0
200.8,0.269,0.3823,-0.1133,0.1889,0.1941,0.1035,0.207,-0.054,0.153,119,0.0
201.0,0.2638,0.383,-0.1192,0.19,0.1986,0.1033,0.2065,-0.0553,0.1512,119,0.0
201.2,0.2688,0.3835,-0.1147,0.1907,0.2031,0.1113,0.2227,-0.0512,0.1715,122,0.0
201.4,0.2585,0.386,-0.1275,0.1943,0.2076,0.1056,0.2112,-0.0571,0.1541,119,0.0
201.6,0.2693,0.3874,-0.1181,0.1963,0.2121,0.1176,0.2353,-0.0512,0.1841,124,0.0
201.8,0.2787,0.3923,-0.1137,0.2033,0.2166,0.1257,0.2513,-0.0502,0.2011,127,0.0
202.0,0.2817,0.3914,-0.1097,0.202,0.2211,0.1333,0.2666,-0.0453,0.2213,130,0.0
202.2,0.2755,0.3939,-0.1184,0.2056,0.2255,0.1308,0.2616,-0.0493,0.2123,128,0.0
202.4,0.2858,0.397,-0.1112,0.21,0.23,0.141,0.282,-0.0456,0.2364,132,0.0
202.6,0.2801,0.3993,-0.1192,0.2133,0.2344,0.139,0.2781,-0.049,0.2291,131,0.0
202.8,0.2934,0.3995,-0.1061,0.2136,0.2388,0.1539,0.3078,-0.0404,0.2674,137,0.0
203.0,0.2985,0.4044,-0.1059,0.2206,0.2432,0.1585,0.3169,-0.0417,0.2752,139,0.0
203.2,0.3068,0.4071,-0.1003,0.2245,0.2475,0.1673,0.3345,-0.0387,0.2959,142,0.0
203.4,0.3065,0.4081,-0.1016,0.2258,0.2519,0.1706,0.3412,-0.0378,0.3034,143,0.0
203.6,0.3134,0.4094,-0.096,0.2277,0.2562,0.1793,0.3586,-0.0338,0.3249,146,0.0
203.8,0.3198,0.4123,-0.0925,0.2318,0.2604,0.1864,0.3728,-0.032,0.3408,149,0.0
204.0,0.3234,0.4149,-0.0915,0.2356,0.2646,0.1914,0.3828,-0.0313,0.3515,151,0.0
204.2,0.3318,0.422,-0.0902,0.2457,0.2688,0.1966,0.3933,-0.0336,0.3597,152,0.0
204.4,0.332,0.4252,-0.0932,0.2503,0.2729,0.1984,0.3968,-0.0353,0.3615,152,0.0
204.6,0.3342,0.4259,-0.0917,0.2512,0.277,0.2037,0.4074,-0.033,0.3744,154,0.0
204.8,0.3428,0.4303,-0.0876,0.2576,0.2811,0.211,0.4221,-0.032,0.39,157,0.0
205.0,0.3443,0.4309,-0.0866,0.2585,0.2851,0.2158,0.4315,-0.03,0.4015,159,0.0
205.2,0.3515,0.4314,-0.08,0.2592,0.289,0.225,0.45,-0.0251,0.425,162,0.0
205.4,0.3589,0.4374,-0.0786,0.2678,0.2929,0.23,0.4601,-0.0267,0.4334,164,0.0
205.6,0.3524,0.4381,-0.0857,0.2688,0.2967,0.2281,0.4562,-0.0289,0.4274,163,0.0
205.8,0.3699,0.4409,-0.071,0.2727,0.3005,0.2437,0.4874,-0.0216,0.4658,169,0.0
206.0,0.381,0.4403,-0.0593,0.2719,0.3042,0.2568,0.5135,-0.0135,0.5,175,0.0
206.2,0.3808,0.449,-0.0682,0.2843,0.3078,0.2533,0.5066,-0.0223,0.4843,172,0.0
206.4,0.3787,0.4518,-0.0731,0.2883,0.3114,0.2529,0.5057,-0.025,0.4807,171,0.0
206.6,0.3914,0.4512,-0.0598,0.2874,0.3149,0.267,0.5341,-0.0162,0.5179,177,0.0
206.8,0.3891,0.4539,-0.0648,0.2912,0.3183,0.2665,0.533,-0.0188,0.5142,177,0.0
207.0,0.4006,0.4521,-0.0515,0.2887,0.3217,0.2805,0.561,-0.0092,0.5517,183,0.0
207.2,0.4131,0.4593,-0.0462,0.2991,0.3249,0.288,0.5759,-0.0102,0.5657,185,0.0
207.4,0.4169,0.4616,-0.0447,0.3023,0.3281,0.2924,0.5847,-0.0094,0.5753,187,0.0
207.6,0.4168,0.4661,-0.0493,0.3087,0.3313,0.2918,0.5837,-0.0134,0.5703,186,0.0
207.8,0.4249,0.4658,-0.0409,0.3083,0.3343,0.3016,0.6032,-0.0075,0.5957,190,0.0
208.0,0.4245,0.4708,-0.0463,0.3154,0.3373,0.3002,0.6004,-0.0122,0.5882,189,0.0
208.2,0.4377,0.4697,-0.032,0.3139,0.3401,0.3146,0.6291,-0.0028,0.6263,195,0.0
208.4,0.4434,0.4739,-0.0305,0.3199,0.3429,0.3185,0.6371,-0.0037,0.6333,196,0.0
208.6,0.4309,0.4789,-0.048,0.3269,0.3456,0.3072,0.6144,-0.0147,0.5997,190,0.0
208.8,0.4482,0.4817,-0.0335,0.3311,0.3482,0.3214,0.6428,-0.0082,0.6346,196,0.0
209.0,0.4446,0.481,-0.0364,0.33,0.3507,0.3216,0.6432,-0.0079,0.6353,196,0.0
209.2,0.4506,0.4838,-0.0332,0.3339,0.3531,0.3266,0.6531,-0.007,0.6461,198,0.0
209.4,0.46,0.4831,-0.0231,0.333,0.3554,0.337,0.6739,-0.0003,0.6736,202,0.0
209.6,0.461,0.4866,-0.0256,0.338,0.3577,0.3372,0.6743,-0.003,0.6713,202,0.0
209.8,0.4613,0.4891,-0.0278,0.3415,0.3598,0.3375,0.6751,-0.0048,0.6703,202,0.0
210.0,0.4634,0.487,-0.0236,0.3385,0.3618,0.3429,0.6859,-0.0002,0.6857,204,0.0
210.2,0.481,0.4886,-0.0075,0.3408,0.3637,0.3577,0.7154,0.0077,0.7231,210,0.0
210.4,0.4797,0.4922,-0.0125,0.346,0.3655,0.3556,0.7111,0.0035,0.7147,209,0.0
210.6,0.4865,0.4994,-0.0129,0.3563,0.3673,0.3569,0.7139,-0.001,0.7129,209,0.0
210.8,0.4739,0.4957,-0.0218,0.3509,0.3689,0.3514,0.7029,-0.0019,0.7009,207,0.0
211.0,0.4876,0.4982,-0.0107,0.3546,0.3704,0.3619,0.7237,0.0026,0.7263,211,0.0
211.2,0.4867,0.5039,-0.0173,0.3628,0.3718,0.3579,0.7159,-0.0041,0.7118,208,0.0
211.4,0.4966,0.5028,-0.0061,0.3611,0.3731,0.3681,0.7363,0.0029,0.7392,213,0.0
211.6,0.4976,0.507,-0.0094,0.3671,0.3742,0.3667,0.7335,-0.0011,0.7323,212,0.0
211.8,0.4875,0.5071,-0.0196,0.3673,0.3753,0.3596,0.7192,-0.0058,0.7134,209,0.0
212.0,0.489,0.5067,-0.0177,0.3667,0.3763,0.3622,0.7243,-0.004,0.7203,210,0.0
212.2,0.4907,0.5071,-0.0164,0.3673,0.3771,0.364,0.728,-0.0033,0.7247,210,0.0
212.4,0.5094,0.5057,0.0037,0.3653,0.3779,0.38,0.76,0.0077,0.7677,217,0.0
212.6,0.4964,0.5051,-0.0087,0.3644,0.3785,0.3715,0.743,0.0027,0.7457,214,0.0
212.8,0.5008,0.5106,-0.0099,0.3723,0.379,0.3711,0.7423,-0.0016,0.7407,213,0.0
213.0,0.5144,0.507,0.0074,0.3672,0.3794,0.38,0.76,0.0071,0.7671,217,0.0
213.2,0.5049,0.5117,-0.0068,0.3738,0.3797,0.3743,0.7487,-0.0004,0.7483,214,0.0
213.4,0.5124,0.5091,0.0033,0.3701,0.3799,0.38,0.76,0.0053,0.7653,217,0.0
213.6,0.5172,0.5093,0.0078,0.3705,0.38,0.38,0.76,0.0055,0.7655,217,0.0
213.8,0.5171,0.5141,0.003,0.3773,0.38,0.38,0.76,0.0016,0.7616,216,0.0
214.0,0.5011,0.5169,-0.0158,0.3813,0.3798,0.3671,0.7343,-0.0087,0.7256,211,0.0
214.2,0.5171,0.5135,0.0035,0.3765,0.3795,0.38,0.76,0.0021,0.7621,216,0.0
214.4,0.5076,0.514,-0.0064,0.3771,0.3792,0.374,0.7481,-0.0022,0.7459,214,0.0
214.6,0.5117,0.5172,-0.0054,0.3817,0.3787,0.3743,0.7486,-0.0042,0.7444,214,0.0
214.8,0.5165,0.5144,0.0021,0.3778,0.3781,0.3797,0.7594,0.0012,0.7606,216,0.0
215.0,0.5219,0.515,0.0069,0.3786,0.3774,0.38,0.76,0.0014,0.7614,216,0.0
215.2,0.5108,0.5179,-0.0071,0.3827,0.3765,0.3709,0.7418,-0.0066,0.7352,212,0.0
215.4,0.5052,0.5122,-0.007,0.3746,0.3756,0.37,0.74,-0.003,0.7371,212,0.0
215.6,0.5118,0.5155,-0.0036,0.3792,0.3746,0.3716,0.7433,-0.0042,0.7391,213,0.0
215.8,0.5043,0.5119,-0.0076,0.3742,0.3734,0.3673,0.7346,-0.0042,0.7305,211,0.0
216.0,0.5051,0.5129,-0.0078,0.3756,0.3721,0.3659,0.7318,-0.0056,0.7262,211,0.0
216.2,0.4991,0.5122,-0.0131,0.3746,0.3708,0.3603,0.7206,-0.0084,0.7122,208,0.0
216.4,0.5016,0.5097,-0.0081,0.371,0.3693,0.3629,0.7257,-0.0049,0.7208,210,0.0
216.6,0.5132,0.5095,0.0038,0.3706,0.3677,0.3708,0.7415,0.0004,0.742,213,0.0
216.8,0.4991,0.5099,-0.0108,0.3712,0.366,0.3574,0.7149,-0.008,0.7069,208,0.0
217.0,0.5086,0.5104,-0.0018,0.372,0.3642,0.3628,0.7256,-0.0048,0.7208,210,0.0
217.2,0.5094,0.5143,-0.0049,0.3776,0.3624,0.3584,0.7169,-0.0101,0.7068,208,0.0
217.4,0.4957,0.5111,-0.0154,0.373,0.3604,0.348,0.6961,-0.014,0.6821,204,0.0
217.6,0.4961,0.5091,-0.013,0.3702,0.3583,0.3478,0.6957,-0.0125,0.6832,204,0.0
217.8,0.4945,0.5057,-0.0112,0.3653,0.3561,0.3471,0.6942,-0.0102,0.684,204,0.0
218.0,0.493,0.5095,-0.0164,0.3707,0.3538,0.3406,0.6813,-0.0167,0.6646,201,0.0
218.2,0.4901,0.508,-0.0179,0.3686,0.3514,0.3371,0.6741,-0.0176,0.6566,200,0.0
218.4,0.4946,0.502,-0.0074,0.3601,0.3489,0.343,0.6859,-0.0093,0.6766,203,0.0
218.6,0.4874,0.5055,-0.018,0.365,0.3463,0.3319,0.6638,-0.0183,0.6455,198,0.0
218.8,0.4723,0.5031,-0.0309,0.3616,0.3437,0.319,0.638,-0.0244,0.6135,193,0.0
219.0,0.4669,0.5022,-0.0352,0.3603,0.3409,0.3127,0.6255,-0.0273,0.5982,190,0.0
219.2,0.481,0.501,-0.02,0.3586,0.3381,0.3221,0.6442,-0.0203,0.6239,194,0.0
219.4,0.4663,0.4967,-0.0304,0.3525,0.3352,0.3108,0.6216,-0.0239,0.5978,190,0.0
219.6,0.466,0.4926,-0.0265,0.3465,0.3321,0.3109,0.6218,-0.0205,0.6013,191,0.0
219.8,0.4657,0.4937,-0.028,0.3482,0.329,0.3066,0.6133,-0.0236,0.5897,189,0.0
220.0,0.4624,0.4952,-0.0328,0.3502,0.3259,0.2996,0.5993,-0.0286,0.5707,186,0.0
220.2,0.4577,0.4898,-0.0321,0.3425,0.3226,0.297,0.5939,-0.026,0.5679,185,0.0
220.4,0.4461,0.491,-0.0449,0.3443,0.3193,0.2834,0.5667,-0.035,0.5317,180,0.0
220.6,0.4399,0.4844,-0.0446,0.3349,0.3159,0.2802,0.5604,-0.0318,0.5287,179,0.0
220.8,0.4377,0.4808,-0.0431,0.3297,0.3124,0.2779,0.5558,-0.0302,0.5257,179,0.0
221.0,0.4398,0.4826,-0.0429,0.3323,0.3088,0.2746,0.5491,-0.0332,0.5159,177,0.0
221.2,0.4255,0.4792,-0.0537,0.3274,0.3052,0.2623,0.5245,-0.0379,0.4866,172,0.0
221.4,0.4311,0.4757,-0.0447,0.3225,0.3015,0.2658,0.5316,-0.0328,0.4988,174,0.0
221.6,0.4176,0.4758,-0.0582,0.3225,0.2978,0.2512,0.5025,-0.0415,0.461,168,0.0
221.8,0.4215,0.4698,-0.0483,0.314,0.294,0.2554,0.5107,-0.0341,0.4766,171,0.0
222.0,0.4185,0.4698,-0.0512,0.3139,0.2901,0.2491,0.4982,-0.0375,0.4607,168,0.0
222.2,0.4146,0.4719,-0.0573,0.317,0.2862,0.2403,0.4806,-0.0441,0.4366,164,0.0
222.4,0.4005,0.4682,-0.0677,0.3117,0.2822,0.228,0.4561,-0.0486,0.4075,160,0.0
222.6,0.3953,0.4664,-0.071,0.3091,0.2782,0.2214,0.4427,-0.051,0.3918,157,0.0
222.8,0.39,0.4634,-0.0734,0.3049,0.2741,0.2154,0.4308,-0.0521,0.3787,155,0.0
223.0,0.3877,0.4599,-0.0721,0.2998,0.27,0.2123,0.4246,-0.051,0.3736,154,0.0
223.2,0.3709,0.4585,-0.0876,0.2979,0.2658,0.1957,0.3915,-0.0598,0.3316,148,0.0
223.4,0.3669,0.4497,-0.0828,0.2853,0.2616,0.1954,0.3907,-0.0533,0.3375,148,0.0
223.6,0.3683,0.4499,-0.0816,0.2856,0.2574,0.1921,0.3842,-0.0549,0.3292,147,0.0
223.8,0.363,0.4431,-0.0801,0.2758,0.2531,0.189,0.378,-0.0514,0.3266,147,0.0
224.0,0.3628,0.4439,-0.0811,0.277,0.2488,0.1839,0.3677,-0.0547,0.313,145,0.0
224.2,0.3525,0.4425,-0.09,0.275,0.2444,0.1724,0.3448,-0.0603,0.2846,140,0.0
224.4,0.3453,0.4397,-0.0944,0.271,0.24,0.1645,0.329,-0.0627,0.2664,137,0.0
224.6,0.335,0.4344,-0.0995,0.2635,0.2356,0.1561,0.3121,-0.0637,0.2484,134,0.0
224.8,0.3355,0.4304,-0.0949,0.2577,0.2312,0.1553,0.3106,-0.0607,0.2499,134,0.0
225.0,0.3268,0.4289,-0.1021,0.2556,0.2268,0.1451,0.2902,-0.0655,0.2247,130,0.0
225.2,0.3116,0.4308,-0.1193,0.2583,0.2223,0.1269,0.2538,-0.0776,0.1762,123,0.0
225.4,0.3243,0.4249,-0.1007,0.2499,0.2179,0.1373,0.2746,-0.0664,0.2082,128,0.0
225.6,0.2999,0.4233,-0.1234,0.2476,0.2134,0.1146,0.2293,-0.0788,0.1505,119,0.0
225.8,0.3076,0.4181,-0.1105,0.2402,0.2089,0.1204,0.2409,-0.0709,0.17,122,0.0
226.0,0.2934,0.4141,-0.1208,0.2345,0.2044,0.1078,0.2155,-0.0754,0.1401,117,0.0
226.2,0.2874,0.4139,-0.1265,0.2341,0.1999,0.0987,0.1974,-0.0804,0.117,113,0.0
226.4,0.2866,0.4111,-0.1245,0.2302,0.1954,0.0958,0.1916,-0.0796,0.1119,112,0.0
226.6,0.2837,0.4088,-0.1251,0.2269,0.1909,0.0908,0.1816,-0.0805,0.1011,111,0.0
226.8,0.2619,0.4034,-0.1415,0.2191,0.1864,0.0732,0.1465,-0.0871,0.0594,104,0.0
227.0,0.2625,0.3968,-0.1344,0.2098,0.1819,0.0744,0.1488,-0.0811,0.0677,105,0.0
227.2,0.2624,0.3976,-0.1352,0.2109,0.1774,0.0693,0.1386,-0.0843,0.0543,103,0.0
227.4,0.2461,0.3902,-0.1441,0.2003,0.173,0.0577,0.1155,-0.0857,0.0,0,0.0
227.6,0.2538,0.374,-0.1202,0.1771,0.1685,0.0724,0.1448,-0.0643,0.0805,107,0.0
227.8,0.243,0.3763,-0.1333,0.1805,0.1641,0.0575,0.115,-0.0748,0.0,0,0.0
228.0,0.2446,0.3547,-0.11,0.1495,0.1597,0.0717,0.1434,-0.0499,0.0,0,0.0
228.2,0.2592,0.3406,-0.0814,0.1294,0.1554,0.0902,0.1805,-0.0277,0.1527,119,0.0
228.4,0.2501,0.3474,-0.0973,0.1392,0.151,0.0732,0.1463,-0.0427,0.1036,111,0.0
228.6,0.2614,0.3559,-0.0945,0.1512,0.1467,0.0711,0.1422,-0.0495,0.0926,109,0.0
228.8,0.2537,0.3608,-0.1072,0.1583,0.1424,0.0567,0.1134,-0.0615,0.0518,103,0.0
229.0,0.2591,0.3632,-0.1041,0.1617,0.1382,0.0549,0.1098,-0.0638,0.0459,102,0.0
229.2,0.2473,0.3603,-0.113,0.1576,0.134,0.0436,0.0871,-0.0683,0.0,0,0.0
229.4,0.2523,0.3488,-0.0965,0.1412,0.1298,0.0526,0.1052,-0.054,0.0512,103,0.0
229.6,0.2427,0.3478,-0.105,0.1396,0.1257,0.0417,0.0833,-0.0595,0.0,0,0.0
229.8,0.2322,0.3336,-0.1014,0.1194,0.1216,0.0405,0.081,-0.0496,0.0,0,0.0
230.0,0.2507,0.3223,-0.0717,0.1033,0.1176,0.0602,0.1205,-0.0287,0.0918,109,0.0
230.2,0.2382,0.3332,-0.095,0.1189,0.1136,0.0376,0.0751,-0.0502,0.0,0,0.0
230.4,0.2375,0.3219,-0.0844,0.1027,0.1097,0.0422,0.0844,-0.0387,0.0,0,0.0
230.6,0.257,0.3105,-0.0535,0.0864,0.1058,0.063,0.1261,-0.017,0.109,112,0.0
230.8,0.2474,0.3233,-0.076,0.1047,0.102,0.0412,0.0825,-0.0393,0.0,0,0.0
231.0,0.2528,0.3093,-0.0565,0.0847,0.0983,0.0531,0.1062,-0.0215,0.0847,108,0.0
231.2,0.2561,0.323,-0.0669,0.1042,0.0946,0.0411,0.0821,-0.0383,0.0438,102,0.0
231.4,0.2368,0.3309,-0.0941,0.1156,0.091,0.0157,0.0313,-0.0594,0.0,0,0.0
231.6,0.2364,0.3186,-0.0822,0.098,0.0874,0.0217,0.0433,-0.0464,0.0,0,0.0
231.8,0.2496,0.3054,-0.0558,0.0791,0.0839,0.0393,0.0787,-0.0255,0.0,0,0.0
232.0,0.252,0.2988,-0.0468,0.0698,0.0805,0.0431,0.0861,-0.018,0.0681,105,0.0
232.2,0.2406,0.3118,-0.0712,0.0883,0.0772,0.0202,0.0405,-0.0412,0.0,0,0.0
232.4,0.2396,0.302,-0.0624,0.0742,0.074,0.0241,0.0481,-0.0313,0.0,0,0.0
232.6,0.2435,0.2911,-0.0476,0.0586,0.0708,0.0328,0.0655,-0.0177,0.0,0,0.0
232.8,0.2432,0.2891,-0.0458,0.0558,0.0677,0.031,0.0621,-0.017,0.0,0,0.0
233.0,0.2585,0.2806,-0.0222,0.0438,0.0647,0.047,0.0939,-0.0006,0.0933,109,0.0
233.2,0.2526,0.2996,-0.047,0.0708,0.0618,0.0242,0.0483,-0.028,0.0203,98,0.0
233.4,0.2482,0.3053,-0.0571,0.0789,0.0589,0.0133,0.0265,-0.0385,0.0,0,0.0
233.6,0.2479,0.2999,-0.052,0.0713,0.0562,0.0146,0.0292,-0.0335,0.0,0,0.0
233.8,0.2489,0.2933,-0.0444,0.0619,0.0535,0.018,0.0359,-0.0264,0.0,0,0.0
234.0,0.2465,0.2826,-0.0361,0.0465,0.0509,0.0221,0.0442,-0.0158,0.0,0,0.0
234.2,0.2251,0.2804,-0.0552,0.0434,0.0,0.0,0.0,-0.0272,0.0,0,0.0
234.4,0.2281,0.2753,-0.0472,0.0361,0.0,0.0,0.0,-0.0228,0.0,0,0.0
234.6,0.2131,0.2704,-0.0573,0.0291,0.0,0.0,0.0,-0.0203,0.0,0,0.0
234.8,0.2125,0.2676,-0.0551,0.0252,0.0,0.0,0.0,-0.0181,0.0,0,0.0
235.0,0.2014,0.2681,-0.0667,0.0259,0.0,0.0,0.0,-0.0196,0.0,0,0.0
235.2,0.2041,0.2654,-0.0613,0.022,0.0,0.0,0.0,-0.0171,0.0,0,0.0
235.4,0.1978,0.264,-0.0663,0.0201,0.0,0.0,0.0,-0.0167,0.0,0,0.0
235.6,0.2053,0.2604,-0.0551,0.0148,0.0,0.0,0.0,-0.0129,0.0,0,0.0
235.8,0.2019,0.2603,-0.0584,0.0147,0.0,0.0,0.0,-0.0132,0.0,0,0.0
236.0,0.1915,0.2601,-0.0686,0.0144,0.0,0.0,0.0,-0.0141,0.0,0,0.0
236.2,0.1841,0.2556,-0.0715,0.0081,0.0,0.0,0.0,-0.0112,0.0,0,0.0
236.4,0.2,0.258,-0.058,0.0115,0.0,0.0,0.0,-0.0115,0.0,0,0.0
236.6,0.1823,0.252,-0.0697,0.0028,0.0,0.0,0.0,-0.0084,0.0,0,0.0
236.8,0.1828,0.2552,-0.0724,0.0074,0.0,0.0,0.0,-0.011,0.0,0,0.0
237.0,0.1935,0.2518,-0.0583,0.0026,0.0,0.0,0.0,-0.0071,0.0,0,0.0
237.2,0.1894,0.2552,-0.0658,0.0074,0.0,0.0,0.0,-0.0103,0.0,0,0.0
237.4,0.1774,0.2545,-0.0771,0.0064,0.0,0.0,0.0,-0.0109,0.0,0,0.0
237.6,0.1953,0.2521,-0.0568,0.003,0.0,0.0,0.0,-0.0072,0.0,0,0.0
237.8,0.1764,0.2539,-0.0775,0.0055,0.0,0.0,0.0,-0.0105,0.0,0,0.0
238.0,0.1823,0.2506,-0.0684,0.0009,0.0,0.0,0.0,-0.0073,0.0,0,0.0
238.2,0.1915,0.2513,-0.0598,0.0019,0.0,0.0,0.0,-0.0069,0.0,0,0.0
238.4,0.1874,0.2529,-0.0655,0.0041,0.0,0.0,0.0,-0.0086,0.0,0,0.0
238.6,0.1841,0.2536,-0.0694,0.0051,0.0,0.0,0.0,-0.0095,0.0,0,0.0
238.8,0.1861,0.2527,-0.0667,0.0039,0.0,0.0,0.0,-0.0086,0.0,0,0.0
239.0,0.1888,0.25,-0.0612,0.0,0.0,0.0,0.0,-0.0061,0.0,0,0.0
239.2,0.1782,0.25,-0.0718,0.0,0.0,0.0,0.0,-0.0072,0.0,0,0.0
239.4,0.1875,0.2515,-0.064,0.0021,0.0,0.0,0.0,-0.0075,0.0,0,0.0
239.6,0.1846,0.25,-0.0654,0.0,0.0,0.0,0.0,-0.0065,0.0,0,0.0
239.8,0.1861,0.2509,-0.0648,0.0012,0.0,0.0,0.0,-0.0071,0.0,0,0.0
240.0,0.1838,0.2534,-0.0696,0.0049,0.0,0.0,0.0,-0.0094,0.0,0,0.0
240.2,0.1833,0.2516,-0.0683,0.0023,0.0,0.0,0.0,-0.008,0.0,0,0.0
240.4,0.1889,0.2534,-0.0645,0.0049,0.0,0.0,0.0,-0.0089,0.0,0,0.0
240.6,0.182,0.25,-0.068,0.0,0.0,0.0,0.0,-0.0068,0.0,0,0.0
240.8,0.1925,0.25,-0.0575,0.0,0.0,0.0,0.0,-0.0057,0.0,0,0.0
241.0,0.1783,0.2536,-0.0753,0.0051,0.0,0.0,0.0,-0.0101,0.0,0,0.0
241.2,0.1731,0.2505,-0.0774,0.0008,0.0,0.0,0.0,-0.0081,0.0,0,0.0
241.4,0.1866,0.25,-0.0634,0.0,0.0,0.0,0.0,-0.0063,0.0,0,0.0
241.6,0.1743,0.25,-0.0757,0.0,0.0,0.0,0.0,-0.0076,0.0,0,0.0
241.8,0.1876,0.2526,-0.065,0.0037,0.0,0.0,0.0,-0.0084,0.0,0,0.0
242.0,0.1918,0.25,-0.0582,0.0,0.0,0.0,0.0,-0.0058,0.0,0,0.0
242.2,0.1918,0.25,-0.0582,0.0,0.0,0.0,0.0,-0.0058,0.0,0,0.0
242.4,0.1751,0.25,-0.0749,0.0,0.0,0.0,0.0,-0.0075,0.0,0,0.0
242.6,0.1893,0.25,-0.0607,0.0,0.0,0.0,0.0,-0.0061,0.0,0,0.0
242.8,0.1807,0.25,-0.0693,0.0,0.0,0.0,0.0,-0.0069,0.0,0,0.0
243.0,0.1796,0.2515,-0.0719,0.0022,0.0,0.0,0.0,-0.0083,0.0,0,0.0
243.2,0.1844,0.25,-0.0656,0.0,0.0,0.0,0.0,-0.0066,0.0,0,0.0
243.4,0.1896,0.2507,-0.0612,0.001,0.0,0.0,0.0,-0.0066,0.0,0,0.0
243.6,0.1977,0.25,-0.0523,0.0,0.0519,0.0,0.0,-0.0052,0.0,0,0.0
243.8,0.2096,0.2509,-0.0414,0.0013,0.0545,0.0215,0.0429,0.0059,0.0,0,0.0
244.0,0.2172,0.25,-0.0328,0.0,0.0572,0.031,0.0621,0.0122,0.0,0,0.0
244.2,0.2244,0.2524,-0.0281,0.0035,0.06,0.0376,0.0751,0.0142,0.0,0,0.0
244.4,0.2407,0.252,-0.0113,0.0029,0.0629,0.0538,0.1077,0.0244,0.0,0,0.0
244.6,0.2475,0.2532,-0.0057,0.0046,0.0659,0.0613,0.1225,0.0277,0.0,0,0.0
244.8,0.2744,0.2529,0.0214,0.0042,0.0689,0.086,0.1721,0.0431,0.2151,129,0.0
245.0,0.2727,0.2715,0.0011,0.0308,0.072,0.0729,0.1458,0.0212,0.167,121,0.0
245.2,0.2719,0.295,-0.023,0.0643,0.0752,0.0568,0.1136,-0.006,0.1075,112,0.0
245.4,0.2855,0.3037,-0.0182,0.0767,0.0785,0.0639,0.1279,-0.0082,0.1197,114,0.0
245.6,0.2649,0.3164,-0.0515,0.0948,0.0819,0.0407,0.0814,-0.0322,0.0491,102,0.0
245.8,0.2746,0.331,-0.0564,0.1157,0.0853,0.0402,0.0803,-0.0434,0.0369,100,0.0
246.0,0.263,0.3367,-0.0737,0.1239,0.0888,0.0299,0.0597,-0.0544,0.0054,0,0.0
246.2,0.2676,0.3241,-0.0566,0.1059,0.0924,0.0471,0.0943,-0.035,0.0592,104,0.0
246.4,0.2452,0.3279,-0.0827,0.1113,0.096,0.0299,0.0597,-0.049,0.0,0,0.0
246.6,0.2586,0.3171,-0.0584,0.0958,0.0997,0.053,0.106,-0.0272,0.0787,107,0.0
246.8,0.2599,0.3304,-0.0705,0.1149,0.1035,0.0471,0.0941,-0.041,0.0532,103,0.0
247.0,0.2524,0.3361,-0.0837,0.123,0.1073,0.0403,0.0806,-0.0497,0.0309,99,0.0
247.2,0.2407,0.3381,-0.0974,0.1259,0.1112,0.0332,0.0665,-0.0561,0.0,0,0.0
247.4,0.2386,0.327,-0.0883,0.1099,0.1151,0.0445,0.0889,-0.0416,0.0,0,0.0
247.6,0.2607,0.316,-0.0553,0.0943,0.1191,0.0749,0.1498,-0.0152,0.1346,116,0.0
247.8,0.2469,0.33,-0.0831,0.1143,0.1232,0.0567,0.1134,-0.0371,0.0,0,0.0
248.0,0.2697,0.3175,-0.0479,0.0965,0.1273,0.089,0.178,-0.0085,0.1694,122,0.0
248.2,0.2673,0.3278,-0.0604,0.1111,0.1314,0.0831,0.1661,-0.0201,0.1461,118,0.0
248.4,0.2728,0.3392,-0.0665,0.1275,0.1356,0.0824,0.1648,-0.0292,0.1357,116,0.0
248.6,0.2746,0.3484,-0.0738,0.1406,0.1398,0.0808,0.1615,-0.0373,0.1243,114,0.0
248.8,0.2685,0.3508,-0.0822,0.144,0.1441,0.0783,0.1566,-0.0411,0.1155,113,0.0
249.0,0.2747,0.36,-0.0853,0.1572,0.1484,0.0801,0.1602,-0.0471,0.1132,113,0.0
249.2,0.2637,0.3665,-0.1028,0.1664,0.1527,0.0705,0.141,-0.0582,0.0827,108,0.0
249.4,0.2691,0.3698,-0.1006,0.1711,0.1571,0.0765,0.1531,-0.0573,0.0958,110,0.0
249.6,0.2582,0.3664,-0.1082,0.1663,0.1614,0.0749,0.1498,-0.0565,0.0933,109,0.0
249.8,0.2661,0.3739,-0.1078,0.177,0.1658,0.0796,0.1592,-0.0594,0.0998,110,0.0
250.0,0.2554,0.3715,-0.1162,0.1736,0.1703,0.0773,0.1547,-0.0598,0.0949,110,0.0
250.2,0.2508,0.3745,-0.1237,0.1779,0.1747,0.0757,0.1515,-0.0635,0.088,109,0.0
250.4,0.2484,0.3754,-0.127,0.1791,0.1792,0.0776,0.1551,-0.0635,0.0,0,0.0
250.6,0.2659,0.3613,-0.0955,0.1591,0.1837,0.1073,0.2146,-0.0354,0.1791,123,0.0
250.8,0.277,0.3651,-0.0882,0.1645,0.1881,0.1176,0.2352,-0.0322,0.203,127,0.0
251.0,0.2635,0.3717,-0.1082,0.1739,0.1926,0.1061,0.2121,-0.0447,0.1674,121,0.0
251.2,0.2767,0.3775,-0.1007,0.1821,0.1971,0.1166,0.2331,-0.0428,0.1903,125,0.0
251.4,0.2824,0.3782,-0.0958,0.1831,0.2016,0.125,0.2501,-0.0386,0.2114,128,0.0
251.6,0.2722,0.3843,-0.1121,0.1918,0.2061,0.1165,0.2329,-0.0489,0.184,124,0.0
251.8,0.2936,0.3854,-0.0917,0.1934,0.2106,0.1373,0.2745,-0.0372,0.2373,132,0.0
252.0,0.2914,0.3884,-0.097,0.1977,0.2151,0.1375,0.275,-0.0398,0.2353,132,0.0
252.2,0.2845,0.396,-0.1115,0.2085,0.2196,0.1304,0.2608,-0.0502,0.2105,128,0.0
252.4,0.2884,0.395,-0.1066,0.2071,0.2241,0.1388,0.2776,-0.0448,0.2328,132,0.0
252.6,0.293,0.3962,-0.1032,0.2089,0.2285,0.146,0.2919,-0.0418,0.2502,135,0.0
252.8,0.2919,0.3992,-0.1073,0.2132,0.2329,0.1471,0.2943,-0.0437,0.2505,135,0.0
253.0,0.3077,0.4062,-0.0985,0.2231,0.2374,0.1586,0.3172,-0.0421,0.2751,139,0.0
253.2,0.307,0.4063,-0.0993,0.2233,0.2417,0.1623,0.3246,-0.0404,0.2842,140,0.0
253.4,0.3046,0.4101,-0.1055,0.2287,0.2461,0.1617,0.3235,-0.044,0.2795,139,0.0
253.6,0.3134,0.4142,-0.1008,0.2346,0.2504,0.1698,0.3396,-0.0424,0.2972,142,0.0
253.8,0.3199,0.4145,-0.0946,0.235,0.2548,0.1791,0.3581,-0.0374,0.3207,146,0.0
254.0,0.3261,0.415,-0.0889,0.2357,0.259,0.1879,0.3759,-0.0328,0.3431,149,0.0
254.2,0.3366,0.4184,-0.0819,0.2406,0.2633,0.1978,0.3955,-0.0296,0.3659,153,0.0
254.4,0.3252,0.4245,-0.0993,0.2493,0.2674,0.188,0.376,-0.0406,0.3354,148,0.0
254.6,0.3274,0.4256,-0.0982,0.2509,0.2716,0.193,0.3861,-0.0387,0.3473,150,0.0
254.8,0.3375,0.4216,-0.0842,0.2452,0.2757,0.2084,0.4167,-0.0268,0.3899,157,0.0
255.0,0.344,0.4251,-0.0811,0.2501,0.2798,0.2149,0.4298,-0.0257,0.4041,159,0.0
255.2,0.3465,0.4305,-0.084,0.2578,0.2838,0.2166,0.4331,-0.029,0.4041,159,0.0
255.4,0.3623,0.4311,-0.0688,0.2588,0.2877,0.2327,0.4653,-0.0199,0.4454,166,0.0
255.6,0.3546,0.4377,-0.0831,0.2682,0.2916,0.2251,0.4503,-0.0298,0.4204,162,0.0
255.8,0.3768,0.4368,-0.06,0.2668,0.2955,0.2475,0.495,-0.0156,0.4793,171,0.0
256.0,0.3699,0.4421,-0.0722,0.2744,0.2993,0.2415,0.4829,-0.0237,0.4592,168,0.0
256.2,0.3848,0.4412,-0.0564,0.2732,0.303,0.2579,0.5157,-0.0133,0.5024,175,0.0
256.4,0.3868,0.4471,-0.0603,0.2816,0.3066,0.2584,0.5168,-0.0177,0.4991,174,0.0
256.6,0.388,0.4502,-0.0622,0.286,0.3102,0.2605,0.5209,-0.019,0.502,175,0.0
256.8,0.4021,0.4545,-0.0524,0.2922,0.3138,0.2718,0.5436,-0.0154,0.5282,179,0.0
257.0,0.4068,0.4584,-0.0516,0.2977,0.3172,0.2759,0.5519,-0.0161,0.5358,180,0.0
257.2,0.4009,0.4589,-0.0579,0.2984,0.3206,0.2742,0.5485,-0.0179,0.5306,179,0.0
257.4,0.4097,0.4628,-0.053,0.304,0.3239,0.2815,0.5629,-0.0165,0.5464,182,0.0
257.6,0.4143,0.4641,-0.0498,0.3058,0.3271,0.2873,0.5746,-0.0142,0.5603,184,0.0
257.8,0.4221,0.4609,-0.0388,0.3013,0.3303,0.2992,0.5984,-0.0049,0.5935,189,0.0
258.0,0.4152,0.4704,-0.0551,0.3148,0.3333,0.2892,0.5784,-0.0183,0.5601,184,0.0
258.2,0.4225,0.4695,-0.047,0.3136,0.3363,0.2987,0.5974,-0.0121,0.5853,188,0.0
258.4,0.4269,0.4729,-0.046,0.3184,0.3392,0.3024,0.6048,-0.0126,0.5922,189,0.0
258.6,0.4323,0.4717,-0.0394,0.3167,0.342,0.3105,0.6209,-0.0071,0.6138,193,0.0
258.8,0.4343,0.472,-0.0377,0.3172,0.3447,0.3146,0.6291,-0.0051,0.624,194,0.0
259.0,0.4476,0.4804,-0.0329,0.3292,0.3474,0.3211,0.6421,-0.0074,0.6348,196,0.0
259.2,0.4464,0.4807,-0.0342,0.3295,0.3499,0.3225,0.645,-0.0069,0.6381,197,0.0
259.4,0.4575,0.4842,-0.0267,0.3346,0.3523,0.331,0.6619,-0.0045,0.6574,200,0.0
259.6,0.4581,0.4851,-0.0271,0.3359,0.3547,0.333,0.6661,-0.0042,0.6619,200,0.0
259.8,0.4537,0.4891,-0.0355,0.3416,0.3569,0.3286,0.6571,-0.0101,0.647,198,0.0
260.0,0.4712,0.4883,-0.0171,0.3404,0.3591,0.3454,0.6908,0.0008,0.6916,205,0.0
260.2,0.4779,0.4893,-0.0114,0.3418,0.3612,0.352,0.7041,0.004,0.7081,208,0.0
260.4,0.4711,0.4925,-0.0214,0.3464,0.3631,0.346,0.692,-0.0024,0.6896,205,0.0
260.6,0.4714,0.4949,-0.0235,0.3498,0.365,0.3462,0.6924,-0.0042,0.6882,205,0.0
260.8,0.4748,0.4963,-0.0215,0.3519,0.3667,0.3495,0.699,-0.0034,0.6956,206,0.0
261.0,0.4751,0.4994,-0.0243,0.3563,0.3684,0.3489,0.6978,-0.0061,0.6917,205,0.0
261.2,0.4948,0.4989,-0.004,0.3556,0.3699,0.3667,0.7333,0.0051,0.7385,213,0.0
261.4,0.4969,0.4971,-0.0002,0.3529,0.3713,0.3712,0.7424,0.0091,0.7515,215,0.0
261.6,0.4911,0.5032,-0.0121,0.3617,0.3727,0.363,0.7259,-0.0006,0.7254,211,0.0
261.8,0.4867,0.5044,-0.0176,0.3634,0.3739,0.3598,0.7195,-0.0036,0.716,209,0.0
262.0,0.5061,0.5046,0.0015,0.3637,0.375,0.3762,0.7523,0.0064,0.7587,216,0.0
262.2,0.5004,0.5057,-0.0053,0.3653,0.376,0.3717,0.7435,0.0027,0.7462,214,0.0
262.4,0.5005,0.507,-0.0066,0.3672,0.3769,0.3716,0.7433,0.0016,0.7448,214,0.0
262.6,0.4992,0.5116,-0.0124,0.3737,0.3777,0.3678,0.7355,-0.0042,0.7313,212,0.0
262.8,0.51,0.5093,0.0006,0.3705,0.3783,0.3788,0.7576,0.0042,0.7619,216,0.0
263.0,0.5085,0.5085,-0.0,0.3693,0.3789,0.3788,0.7577,0.0048,0.7625,216,0.0
263.2,0.5019,0.5077,-0.0058,0.3681,0.3793,0.3747,0.7494,0.0027,0.7522,215,0.0
263.4,0.502,0.5087,-0.0067,0.3695,0.3797,0.3743,0.7487,0.0017,0.7504,215,0.0
263.6,0.4994,0.5133,-0.0139,0.3761,0.3799,0.3687,0.7375,-0.0051,0.7324,212,0.0
263.8,0.4998,0.5143,-0.0146,0.3776,0.38,0.3683,0.7367,-0.0061,0.7306,211,0.0
264.0,0.519,0.5117,0.0073,0.3738,0.38,0.38,0.76,0.0038,0.7638,217,0.0
264.2,0.5046,0.5119,-0.0074,0.3742,0.3799,0.374,0.748,-0.0008,0.7471,214,0.0
264.4,0.5177,0.5113,0.0064,0.3733,0.3796,0.38,0.76,0.004,0.764,217,0.0
264.6,0.5226,0.5133,0.0093,0.3761,0.3793,0.38,0.76,0.0029,0.7629,217,0.0
264.8,0.5123,0.5163,-0.004,0.3804,0.3788,0.3756,0.7513,-0.0028,0.7485,214,0.0
265.0,0.5032,0.5131,-0.0099,0.3759,0.3783,0.3704,0.7407,-0.0038,0.737,212,0.0
265.2,0.5062,0.516,-0.0098,0.3801,0.3776,0.3697,0.7395,-0.0061,0.7333,212,0.0
265.4,0.5139,0.5131,0.0008,0.3758,0.3768,0.3775,0.7549,0.0009,0.7558,215,0.0
265.6,0.517,0.5138,0.0032,0.3768,0.3759,0.3785,0.7569,0.0011,0.7581,216,0.0
265.8,0.5206,0.5113,0.0093,0.3732,0.3749,0.38,0.76,0.0043,0.7643,217,0.0
266.0,0.5105,0.5153,-0.0048,0.379,0.3738,0.3699,0.7399,-0.005,0.7349,212,0.0
266.2,0.5102,0.5167,-0.0065,0.381,0.3726,0.3674,0.7347,-0.0075,0.7273,211,0.0
266.4,0.5178,0.5172,0.0005,0.3817,0.3712,0.3717,0.7434,-0.005,0.7384,213,0.0
266.6,0.5154,0.5169,-0.0016,0.3813,0.3698,0.3685,0.7371,-0.0065,0.7305,211,0.0
266.8,0.5063,0.5106,-0.0042,0.3722,0.3683,0.3649,0.7297,-0.0041,0.7256,211,0.0
267.0,0.5056,0.5118,-0.0062,0.374,0.3666,0.3617,0.7233,-0.0068,0.7165,209,0.0
267.2,0.4961,0.5139,-0.0178,0.377,0.3648,0.3506,0.7012,-0.015,0.6862,204,0.0
267.4,0.499,0.5141,-0.0151,0.3773,0.363,0.3509,0.7019,-0.0147,0.6872,204,0.0
267.6,0.4905,0.5112,-0.0206,0.3731,0.361,0.3445,0.689,-0.0164,0.6727,202,0.0
267.8,0.5041,0.5075,-0.0034,0.3679,0.359,0.3562,0.7125,-0.0061,0.7063,208,0.0
268.0,0.4962,0.5069,-0.0107,0.367,0.3568,0.3482,0.6965,-0.0104,0.686,204,0.0
268.2,0.4857,0.507,-0.0213,0.3671,0.3545,0.3375,0.675,-0.0169,0.6581,200,0.0
268.4,0.4968,0.5054,-0.0086,0.3649,0.3522,0.3453,0.6906,-0.0106,0.68,203,0.0
268.6,0.4854,0.5028,-0.0174,0.3611,0.3497,0.3358,0.6716,-0.0144,0.6572,200,0.0
268.8,0.4909,0.5005,-0.0097,0.3579,0.3472,0.3395,0.6789,-0.0102,0.6687,201,0.0
269.0,0.4895,0.502,-0.0125,0.36,0.3446,0.3346,0.6692,-0.0139,0.6552,199,0.0
269.2,0.4814,0.5033,-0.0219,0.3619,0.3418,0.3243,0.6486,-0.021,0.6276,195,0.0
269.4,0.4707,0.4991,-0.0284,0.3558,0.339,0.3163,0.6326,-0.0226,0.61,192,0.0
269.6,0.4727,0.4959,-0.0232,0.3512,0.3361,0.3176,0.6351,-0.0192,0.616,193,0.0
269.8,0.4746,0.4979,-0.0233,0.3541,0.3331,0.3145,0.629,-0.0221,0.6068,192,0.0
270.0,0.4678,0.4982,-0.0304,0.3546,0.3301,0.3057,0.6115,-0.0275,0.584,188,0.0
270.2,0.4591,0.4898,-0.0308,0.3426,0.3269,0.3023,0.6046,-0.0232,0.5813,188,0.0
270.4,0.454,0.4898,-0.0357,0.3425,0.3237,0.2951,0.5902,-0.0273,0.5629,185,0.0
270.6,0.449,0.4928,-0.0438,0.3469,0.3204,0.2853,0.5706,-0.0352,0.5355,180,0.0
270.8,0.438,0.4858,-0.0477,0.3368,0.317,0.2788,0.5576,-0.0338,0.5238,178,0.0
271.0,0.4362,0.4826,-0.0464,0.3322,0.3135,0.2764,0.5528,-0.0325,0.5203,178,0.0
271.2,0.4312,0.4834,-0.0522,0.3334,0.31,0.2683,0.5365,-0.0378,0.4987,174,0.0
271.4,0.4368,0.4771,-0.0403,0.3244,0.3064,0.2742,0.5484,-0.0292,0.5192,178,0.0
271.6,0.4181,0.4778,-0.0598,0.3255,0.3027,0.2549,0.5099,-0.0412,0.4686,169,0.0
271.8,0.4129,0.478,-0.0651,0.3257,0.299,0.247,0.494,-0.0459,0.4481,166,0.0
272.0,0.4231,0.4712,-0.0481,0.3159,0.2952,0.2568,0.5135,-0.0344,0.4792,171,0.0
272.2,0.4182,0.469,-0.0508,0.3128,0.2914,0.2508,0.5016,-0.0361,0.4655,169,0.0
272.4,0.4015,0.4719,-0.0704,0.317,0.2875,0.2312,0.4623,-0.0499,0.4124,160,0.0
272.6,0.3992,0.4658,-0.0667,0.3084,0.2835,0.2302,0.4604,-0.0458,0.4146,161,0.0
272.8,0.403,0.4616,-0.0586,0.3023,0.2795,0.2327,0.4653,-0.0407,0.4247,162,0.0
273.0,0.3957,0.458,-0.0623,0.2971,0.2754,0.2256,0.4513,-0.042,0.4093,160,0.0
273.2,0.3915,0.4591,-0.0677,0.2988,0.2713,0.2172,0.4344,-0.0476,0.3868,156,0.0
273.4,0.3726,0.4557,-0.0831,0.2938,0.2672,0.2007,0.4015,-0.0548,0.3466,150,0.0
273.6,0.3763,0.4519,-0.0756,0.2885,0.263,0.2025,0.405,-0.0505,0.3545,151,0.0
273.8,0.3661,0.4525,-0.0863,0.2893,0.2588,0.1897,0.3794,-0.0584,0.3209,146,0.0
274.0,0.3699,0.4485,-0.0786,0.2836,0.2545,0.1916,0.3832,-0.0538,0.3294,147,0.0
274.2,0.3566,0.4474,-0.0908,0.282,0.2502,0.1775,0.3551,-0.0613,0.2938,142,0.0
274.4,0.3602,0.4411,-0.081,0.273,0.2458,0.1811,0.3621,-0.0541,0.3081,144,0.0
274.6,0.3406,0.4383,-0.0976,0.269,0.2415,0.1634,0.3267,-0.0626,0.2642,137,0.0
274.8,0.3328,0.4364,-0.1036,0.2663,0.2371,0.1542,0.3085,-0.0664,0.2421,133,0.0
275.0,0.3295,0.4356,-0.1061,0.2651,0.2327,0.1478,0.2956,-0.0692,0.2264,131,0.0
275.2,0.3222,0.4316,-0.1094,0.2594,0.2282,0.1407,0.2814,-0.0703,0.2112,128,0.0
275.4,0.3187,0.4285,-0.1098,0.255,0.2238,0.136,0.2719,-0.0705,0.2015,127,0.0
275.6,0.3146,0.426,-0.1114,0.2514,0.2193,0.1302,0.2603,-0.0718,0.1886,125,0.0
275.8,0.304,0.4204,-0.1164,0.2435,0.2148,0.1217,0.2435,-0.0725,0.171,122,0.0
276.0,0.2991,0.4204,-0.1213,0.2435,0.2103,0.1133,0.2266,-0.0772,0.1493,118,0.0
276.2,0.2975,0.4138,-0.1162,0.234,0.2059,0.1129,0.2257,-0.0722,0.1536,119,0.0
276.4,0.2839,0.4109,-0.127,0.2298,0.2014,0.0998,0.1995,-0.0777,0.1218,114,0.0
276.6,0.2948,0.4056,-0.1108,0.2223,0.1969,0.1082,0.2164,-0.0681,0.1483,118,0.0
276.8,0.2861,0.4086,-0.1224,0.2265,0.1924,0.0944,0.1888,-0.0783,0.1105,112,0.0
277.0,0.2694,0.4048,-0.1354,0.2212,0.1879,0.0795,0.159,-0.0844,0.0746,106,0.0
277.2,0.273,0.4015,-0.1284,0.2164,0.1834,0.0806,0.1613,-0.0807,0.0805,107,0.0
277.4,0.2603,0.3963,-0.136,0.209,0.1789,0.0701,0.1402,-0.083,0.0572,104,0.0
277.6,0.2642,0.3956,-0.1314,0.208,0.1744,0.0693,0.1386,-0.0825,0.0561,103,0.0
277.8,0.2573,0.3906,-0.1333,0.2009,0.17,0.0634,0.1267,-0.0821,0.0446,102,0.0
278.0,0.2432,0.3887,-0.1454,0.1981,0.1656,0.0492,0.0984,-0.089,0.0,0,0.0
278.2,0.2438,0.3722,-0.1283,0.1745,0.1612,0.0585,0.117,-0.0709,0.0,0,0.0
278.4,0.2467,0.3509,-0.1042,0.1441,0.1568,0.0734,0.1469,-0.0457,0.0,0,0.0
278.6,0.2479,0.3357,-0.0878,0.1225,0.1524,0.0821,0.1643,-0.029,0.0,0,0.0
278.8,0.2668,0.3226,-0.0558,0.1037,0.1481,0.1035,0.207,-0.0057,0.2013,127,0.0
279.0,0.2698,0.3325,-0.0627,0.1179,0.1438,0.0936,0.1873,-0.0184,0.1689,122,0.0
279.2,0.2559,0.345,-0.0892,0.1358,0.1396,0.0682,0.1364,-0.0427,0.0938,110,0.0
279.4,0.2561,0.3488,-0.0927,0.1411,0.1353,0.0612,0.1224,-0.0492,0.0732,106,0.0
279.6,0.26,0.3579,-0.098,0.1542,0.1312,0.0528,0.1056,-0.0605,0.0451,102,0.0
279.8,0.2588,0.3571,-0.0983,0.1531,0.127,0.0484,0.0967,-0.0622,0.0345,100,0.0
280.0,0.2403,0.3607,-0.1204,0.1582,0.1229,0.0266,0.0532,-0.0778,0.0,0,0.0
280.2,0.2467,0.3455,-0.0988,0.1364,0.1189,0.0399,0.0798,-0.0581,0.0,0,0.0
280.4,0.2378,0.3281,-0.0903,0.1116,0.1149,0.0426,0.0852,-0.0435,0.0,0,0.0
280.6,0.2411,0.3148,-0.0737,0.0926,0.111,0.052,0.1041,-0.0276,0.0,0,0.0
280.8,0.2467,0.3073,-0.0606,0.0818,0.1071,0.0586,0.1171,-0.0177,0.0,0,0.0
281.0,0.2575,0.2998,-0.0423,0.0711,0.1032,0.0694,0.1388,-0.0051,0.1337,116,0.0
281.2,0.2545,0.3143,-0.0598,0.0919,0.0995,0.0516,0.1033,-0.0261,0.0772,107,0.0
281.4,0.246,0.3266,-0.0806,0.1094,0.0958,0.0313,0.0626,-0.0471,0.0,0,0.0
281.6,0.2483,0.3152,-0.0669,0.0932,0.0921,0.0386,0.0772,-0.034,0.0,0,0.0
281.8,0.2639,0.3055,-0.0416,0.0793,0.0886,0.0553,0.1106,-0.0161,0.0945,110,0.0
282.0,0.2522,0.318,-0.0658,0.0972,0.0851,0.0324,0.0649,-0.039,0.0259,99,0.0
282.2,0.2449,0.3263,-0.0814,0.109,0.0817,0.0165,0.033,-0.0544,0.0,0,0.0
282.4,0.2455,0.3126,-0.0671,0.0894,0.0783,0.0246,0.0492,-0.0391,0.0,0,0.0
282.6,0.2433,0.3041,-0.0608,0.0772,0.075,0.0264,0.0528,-0.0315,0.0,0,0.0
282.8,0.2564,0.2978,-0.0414,0.0683,0.0718,0.0387,0.0774,-0.019,0.0584,104,0.0
283.0,0.245,0.3056,-0.0606,0.0794,0.0687,0.0202,0.0404,-0.0357,0.0,0,0.0
283.2,0.2554,0.2982,-0.0428,0.0689,0.0657,0.0314,0.0628,-0.023,0.0398,101,0.0
283.4,0.2397,0.3139,-0.0742,0.0913,0.0627,0.0033,0.0067,-0.0514,0.0,0,0.0
283.6,0.2475,0.3031,-0.0556,0.0759,0.0598,0.0154,0.0308,-0.0358,0.0,0,0.0
283.8,0.2317,0.2964,-0.0647,0.0663,0.0571,0.0053,0.0106,-0.037,0.0,0,0.0
284.0,0.2353,0.2902,-0.0549,0.0574,0.0544,0.0104,0.0208,-0.029,0.0,0,0.0
284.2,0.2307,0.2832,-0.0525,0.0474,0.0518,0.0098,0.0196,-0.0241,0.0,0,0.0
284.4,0.2407,0.2761,-0.0355,0.0373,0.0,0.0,0.0,-0.0222,0.0,0,0.0
284.6,0.228,0.2698,-0.0418,0.0283,0.0,0.0,0.0,-0.0183,0.0,0,0.0
284.8,0.2204,0.2672,-0.0468,0.0246,0.0,0.0,0.0,-0.017,0.0,0,0.0
285.0,0.2131,0.2633,-0.0502,0.019,0.0,0.0,0.0,-0.0145,0.0,0,0.0
285.2,0.2011,0.2652,-0.0641,0.0217,0.0,0.0,0.0,-0.0172,0.0,0,0.0
285.4,0.2019,0.2631,-0.0612,0.0187,0.0,0.0,0.0,-0.0155,0.0,0,0.0
285.6,0.2036,0.2609,-0.0573,0.0155,0.0,0.0,0.0,-0.0135,0.0,0,0.0
285.8,0.2076,0.2564,-0.0488,0.0091,0.0,0.0,0.0,-0.0094,0.0,0,0.0
286.0,0.1983,0.2582,-0.0599,0.0117,0.0,0.0,0.0,-0.0118,0.0,0,0.0
286.2,0.2038,0.2531,-0.0493,0.0044,0.0,0.0,0.0,-0.0071,0.0,0,0.0
286.4,0.1973,0.2546,-0.0573,0.0066,0.0,0.0,0.0,-0.009,0.0,0,0.0
286.6,0.1939,0.2553,-0.0614,0.0076,0.0,0.0,0.0,-0.01,0.0,0,0.0
286.8,0.2019,0.2521,-0.0502,0.003,0.0,0.0,0.0,-0.0065,0.0,0,0.0
287.0,0.1891,0.256,-0.0668,0.0085,0.0,0.0,0.0,-0.0109,0.0,0,0.0
287.2,0.1936,0.2551,-0.0616,0.0073,0.0,0.0,0.0,-0.0098,0.0,0,0.0
287.4,0.1862,0.2552,-0.0691,0.0075,0.0,0.0,0.0,-0.0107,0.0,0,0.0
287.6,0.1849,0.2524,-0.0675,0.0034,0.0,0.0,0.0,-0.0085,0.0,0,0.0
287.8,0.1868,0.2502,-0.0634,0.0003,0.0,0.0,0.0,-0.0065,0.0,0,0.0
288.0,0.1954,0.25,-0.0546,0.0,0.0,0.0,0.0,-0.0055,0.0,0,0.0
288.2,0.1864,0.2528,-0.0665,0.0041,0.0,0.0,0.0,-0.0087,0.0,0,0.0
288.4,0.1986,0.2533,-0.0547,0.0047,0.0,0.0,0.0,-0.0078,0.0,0,0.0
288.6,0.1926,0.2509,-0.0583,0.0013,0.0,0.0,0.0,-0.0065,0.0,0,0.0
288.8,0.1867,0.25,-0.0633,0.0,0.0,0.0,0.0,-0.0063,0.0,0,0.0
289.0,0.1828,0.2533,-0.0705,0.0047,0.0,0.0,0.0,-0.0094,0.0,0,0.0
289.2,0.1789,0.25,-0.0711,0.0,0.0,0.0,0.0,-0.0071,0.0,0,0.0
289.4,0.1958,0.2523,-0.0565,0.0033,0.0,0.0,0.0,-0.0073,0.0,0,0.0
289.6,0.1835,0.25,-0.0665,0.0,0.0,0.0,0.0,-0.0067,0.0,0,0.0
289.8,0.187,0.2525,-0.0656,0.0036,0.0,0.0,0.0,-0.0084,0.0,0,0.0
290.0,0.1824,0.252,-0.0696,0.0029,0.0,0.0,0.0,-0.0084,0.0,0,0.0
290.2,0.1896,0.2527,-0.0631,0.0039,0.0,0.0,0.0,-0.0083,0.0,0,0.0
290.4,0.1932,0.25,-0.0568,0.0,0.0,0.0,0.0,-0.0057,0.0,0,0.0
290.6,0.1855,0.25,-0.0645,0.0,0.0,0.0,0.0,-0.0064,0.0,0,0.0
290.8,0.1836,0.2528,-0.0693,0.004,0.0,0.0,0.0,-0.009,0.0,0,0.0
291.0,0.1853,0.2513,-0.066,0.0018,0.0,0.0,0.0,-0.0075,0.0,0,0.0
291.2,0.1869,0.25,-0.0631,0.0,0.0,0.0,0.0,-0.0063,0.0,0,0.0
291.4,0.1953,0.2525,-0.0572,0.0036,0.0,0.0,0.0,-0.0075,0.0,0,0.0
291.6,0.1877,0.2505,-0.0628,0.0007,0.0,0.0,0.0,-0.0066,0.0,0,0.0
291.8,0.1836,0.25,-0.0664,0.0,0.0,0.0,0.0,-0.0066,0.0,0,0.0
292.0,0.1848,0.25,-0.0652,0.0,0.0,0.0,0.0,-0.0065,0.0,0,0.0
292.2,0.1924,0.2502,-0.0579,0.0003,0.0,0.0,0.0,-0.0059,0.0,0,0.0
292.4,0.1973,0.25,-0.0527,0.0,0.0,0.0,0.0,-0.0053,0.0,0,0.0
292.6,0.1929,0.2503,-0.0574,0.0004,0.0,0.0,0.0,-0.0059,0.0,0,0.0
292.8,0.1884,0.25,-0.0616,0.0,0.0,0.0,0.0,-0.0062,0.0,0,0.0
293.0,0.1927,0.25,-0.0573,0.0,0.0,0.0,0.0,-0.0057,0.0,0,0.0
293.2,0.1974,0.2507,-0.0533,0.0009,0.0,0.0,0.0,-0.0058,0.0,0,0.0
293.4,0.1793,0.2513,-0.0721,0.0019,0.0,0.0,0.0,-0.0082,0.0,0,0.0
293.6,0.1892,0.253,-0.0638,0.0043,0.0,0.0,0.0,-0.0085,0.0,0,0.0
293.8,0.2076,0.25,-0.0424,0.0,0.0511,0.0172,0.0344,0.0044,0.0,0,0.0
294.0,0.2009,0.25,-0.0491,0.0,0.0537,0.0144,0.0287,0.0023,0.0,0,0.0
294.2,0.2225,0.2522,-0.0297,0.0032,0.0563,0.0326,0.0652,0.0117,0.0,0,0.0
294.4,0.2379,0.25,-0.0121,0.0,0.0591,0.0494,0.0988,0.0235,0.0,0,0.0
294.6,0.2505,0.25,0.0005,0.0,0.0619,0.0623,0.1247,0.0312,0.1559,119,0.0
294.8,0.2419,0.2753,-0.0333,0.0361,0.0649,0.0382,0.0764,-0.0023,0.0,0,0.0
295.0,0.2671,0.2653,0.0018,0.0218,0.0679,0.0693,0.1386,0.0239,0.1625,121,0.0
295.2,0.2569,0.2915,-0.0346,0.0593,0.071,0.0433,0.0866,-0.0115,0.0751,107,0.0
295.4,0.2618,0.2999,-0.0381,0.0712,0.0742,0.0437,0.0874,-0.0176,0.0699,106,0.0
295.6,0.2554,0.3167,-0.0614,0.0953,0.0774,0.0283,0.0567,-0.0396,0.0171,97,0.0
295.8,0.2538,0.3236,-0.0697,0.1051,0.0808,0.025,0.0499,-0.047,0.0029,0,0.0
296.0,0.2576,0.3082,-0.0505,0.0831,0.0842,0.0437,0.0875,-0.0247,0.0627,105,0.0
296.2,0.2513,0.3219,-0.0706,0.1027,0.0876,0.0312,0.0623,-0.0428,0.0195,98,0.0
296.4,0.2418,0.3291,-0.0872,0.113,0.0912,0.0214,0.0428,-0.0545,0.0,0,0.0
296.6,0.2412,0.3169,-0.0756,0.0955,0.0948,0.0343,0.0686,-0.0382,0.0,0,0.0
296.8,0.2593,0.3047,-0.0454,0.0781,0.0985,0.0622,0.1244,-0.0125,0.1119,112,0.0
297.0,0.2418,0.3219,-0.0801,0.1027,0.1022,0.0381,0.0763,-0.0403,0.0,0,0.0
297.2,0.2608,0.3056,-0.0448,0.0794,0.1061,0.0702,0.1404,-0.0091,0.1313,116,0.0
297.4,0.2655,0.3226,-0.0571,0.1038,0.1099,0.0642,0.1284,-0.0255,0.1029,111,0.0
297.6,0.2528,0.3303,-0.0774,0.1147,0.1138,0.0519,0.1038,-0.0391,0.0646,105,0.0
297.8,0.2484,0.3373,-0.089,0.1248,0.1178,0.0467,0.0933,-0.048,0.0,0,0.0
298.0,0.2581,0.3262,-0.0682,0.1089,0.1219,0.0673,0.1347,-0.0276,0.1071,112,0.0
298.2,0.2641,0.3318,-0.0678,0.1169,0.1259,0.0717,0.1434,-0.0294,0.1141,113,0.0
298.4,0.2625,0.3424,-0.0798,0.1319,0.1301,0.0662,0.1324,-0.0409,0.0915,109,0.0
298.6,0.2542,0.3487,-0.0945,0.141,0.1342,0.0586,0.1173,-0.0506,0.0666,105,0.0
298.8,0.2582,0.3562,-0.098,0.1517,0.1384,0.06,0.1201,-0.0557,0.0644,105,0.0
299.0,0.2575,0.3577,-0.1002,0.1539,0.1427,0.0625,0.125,-0.0557,0.0692,106,0.0
299.2,0.2484,0.3624,-0.114,0.1605,0.147,0.0558,0.1116,-0.0638,0.0,0,0.0
299.4,0.2453,0.3429,-0.0976,0.1327,0.1513,0.0732,0.1464,-0.0395,0.0,0,0.0
299.6,0.2601,0.3333,-0.0732,0.119,0.1556,0.0971,0.1942,-0.0183,0.1759,123,0.0
299.8,0.268,0.3382,-0.0702,0.126,0.16,0.1039,0.2077,-0.0181,0.1896,125,0.0
300.0,0.2638,0.354,-0.0902,0.1486,0.1644,0.0922,0.1844,-0.0372,0.1472,118,0.0
300.2,0.2814,0.3547,-0.0733,0.1495,0.1688,0.1102,0.2204,-0.027,0.1934,125,0.0
300.4,0.2696,0.3635,-0.0939,0.1622,0.1733,0.0982,0.1963,-0.0414,0.155,119,0.0
300.6,0.2863,0.3725,-0.0863,0.1751,0.1777,0.1087,0.2174,-0.0418,0.1756,123,0.0
300.8,0.2685,0.3739,-0.1054,0.177,0.1822,0.0978,0.1957,-0.0501,0.1456,118,0.0
301.0,0.2782,0.3753,-0.097,0.1789,0.1867,0.1091,0.2181,-0.0446,0.1735,122,0.0
301.2,0.2705,0.3829,-0.1124,0.1898,0.1912,0.1013,0.2026,-0.0555,0.1471,118,0.0
301.4,0.2706,0.3815,-0.1108,0.1878,0.1957,0.107,0.214,-0.0515,0.1625,121,0.0
301.6,0.2878,0.3843,-0.0965,0.1918,0.2002,0.1229,0.2459,-0.0441,0.2018,127,0.0
301.8,0.2736,0.3907,-0.1171,0.201,0.2047,0.111,0.2219,-0.0567,0.1652,121,0.0
302.0,0.2885,0.3872,-0.0987,0.196,0.2092,0.1302,0.2604,-0.0428,0.2176,129,0.0
302.2,0.2947,0.3929,-0.0982,0.2041,0.2136,0.1351,0.2702,-0.0443,0.2259,131,0.0
302.4,0.2926,0.3941,-0.1015,0.2058,0.2181,0.1369,0.2739,-0.0446,0.2293,131,0.0
302.6,0.2855,0.3987,-0.1132,0.2125,0.2226,0.132,0.264,-0.0516,0.2124,128,0.0
302.8,0.2906,0.3995,-0.1089,0.2136,0.2271,0.1399,0.2799,-0.0477,0.2322,132,0.0
303.0,0.2878,0.4013,-0.1135,0.2162,0.2315,0.1407,0.2814,-0.0491,0.2323,132,0.0
303.2,0.2955,0.4012,-0.1057,0.216,0.2359,0.1513,0.3027,-0.0429,0.2597,136,0.0
303.4,0.2946,0.4081,-0.1135,0.2258,0.2403,0.1495,0.299,-0.0495,0.2495,134,0.0
303.6,0.3088,0.4089,-0.1001,0.2269,0.2447,0.1646,0.3292,-0.0412,0.288,141,0.0
303.8,0.3153,0.4108,-0.0956,0.2298,0.249,0.1726,0.3451,-0.0382,0.307,144,0.0
304.0,0.3135,0.4152,-0.1018,0.236,0.2533,0.1719,0.3439,-0.0422,0.3017,143,0.0
304.2,0.3134,0.4179,-0.1044,0.2398,0.2576,0.1741,0.3481,-0.0433,0.3048,143,0.0
304.4,0.3297,0.4199,-0.0902,0.2427,0.2619,0.1897,0.3795,-0.0355,0.344,150,0.0
304.6,0.3244,0.4226,-0.0982,0.2466,0.2661,0.1875,0.375,-0.0394,0.3356,148,0.0
304.8,0.3279,0.4179,-0.0901,0.2399,0.2702,0.1982,0.3964,-0.0299,0.3665,153,0.0
305.0,0.3368,0.4256,-0.0887,0.2508,0.2744,0.2034,0.4068,-0.0326,0.3742,154,0.0
305.2,0.3429,0.4246,-0.0817,0.2494,0.2784,0.2131,0.4261,-0.0263,0.3998,158,0.0
305.4,0.3582,0.4292,-0.071,0.2561,0.2825,0.2256,0.4513,-0.0223,0.429,163,0.0
305.6,0.3622,0.432,-0.0697,0.26,0.2864,0.2307,0.4613,-0.0216,0.4397,165,0.0
305.8,0.36,0.4336,-0.0736,0.2623,0.2904,0.2314,0.4629,-0.0228,0.4401,165,0.0
306.0,0.3723,0.4396,-0.0673,0.2709,0.2942,0.2404,0.4808,-0.022,0.4588,168,0.0
306.2,0.3761,0.4386,-0.0625,0.2694,0.298,0.248,0.496,-0.0169,0.4791,171,0.0
306.4,0.3688,0.4414,-0.0726,0.2734,0.3018,0.2437,0.4874,-0.0221,0.4653,169,0.0
306.6,0.3899,0.4463,-0.0564,0.2804,0.3054,0.2603,0.5207,-0.0157,0.505,175,0.0
306.8,0.3801,0.4494,-0.0693,0.2849,0.3091,0.2536,0.5073,-0.0226,0.4847,172,0.0
307.0,0.3839,0.4499,-0.066,0.2856,0.3126,0.2598,0.5196,-0.0195,0.5001,175,0.0
307.2,0.397,0.4542,-0.0571,0.2917,0.3161,0.2704,0.5408,-0.0163,0.5244,178,0.0
307.4,0.4042,0.4582,-0.054,0.2974,0.3195,0.2763,0.5526,-0.0159,0.5367,180,0.0
307.6,0.3988,0.4574,-0.0586,0.2962,0.3228,0.2759,0.5519,-0.016,0.5359,180,0.0
307.8,0.4072,0.4623,-0.0551,0.3032,0.3261,0.282,0.564,-0.0161,0.5479,182,0.0
308.0,0.4133,0.4626,-0.0494,0.3038,0.3292,0.2897,0.5795,-0.012,0.5675,185,0.0
308.2,0.4111,0.4658,-0.0548,0.3083,0.3323,0.2885,0.577,-0.0154,0.5616,184,0.0
308.4,0.4218,0.4683,-0.0465,0.3119,0.3353,0.2981,0.5963,-0.0115,0.5848,188,0.0
308.6,0.4224,0.4689,-0.0465,0.3127,0.3383,0.301,0.6021,-0.0105,0.5916,189,0.0
308.8,0.4277,0.468,-0.0403,0.3114,0.3411,0.3089,0.6177,-0.0053,0.6124,192,0.0
309.0,0.4351,0.4759,-0.0409,0.3228,0.3438,0.3111,0.6223,-0.0099,0.6124,192,0.0
309.2,0.4424,0.4746,-0.0322,0.3209,0.3465,0.3207,0.6415,-0.0033,0.6382,197,0.0
309.4,0.4516,0.4758,-0.0242,0.3225,0.3491,0.3297,0.6594,0.0012,0.6606,200,0.0
309.6,0.4507,0.4844,-0.0337,0.3348,0.3516,0.3246,0.6491,-0.0085,0.6406,197,0.0
309.8,0.4518,0.4819,-0.0301,0.3313,0.3539,0.3298,0.6597,-0.0037,0.656,199,0.0
310.0,0.4548,0.4841,-0.0292,0.3344,0.3562,0.3328,0.6657,-0.0037,0.662,200,0.0
310.2,0.4583,0.4864,-0.0281,0.3377,0.3584,0.3359,0.6719,-0.0037,0.6682,201,0.0
310.4,0.469,0.4916,-0.0226,0.3452,0.3605,0.3424,0.6849,-0.0036,0.6812,203,0.0
310.6,0.4807,0.489,-0.0083,0.3415,0.3625,0.3558,0.7117,0.0063,0.718,209,0.0
310.8,0.4836,0.492,-0.0084,0.3457,0.3644,0.3576,0.7153,0.0051,0.7204,210,0.0
311.0,0.4772,0.4951,-0.0179,0.3501,0.3661,0.3518,0.7037,-0.0009,0.7027,207,0.0
311.2,0.4908,0.4966,-0.0058,0.3523,0.3678,0.3632,0.7264,0.0049,0.7313,212,0.0
311.4,0.4897,0.498,-0.0083,0.3542,0.3694,0.3628,0.7256,0.0035,0.729,211,0.0
311.6,0.4872,0.501,-0.0138,0.3585,0.3709,0.3598,0.7197,-0.0007,0.7189,210,0.0
311.8,0.494,0.5017,-0.0077,0.3596,0.3722,0.3661,0.7322,0.0025,0.7347,212,0.0
312.0,0.4973,0.5056,-0.0083,0.3651,0.3735,0.3668,0.7337,0.0,0.7337,212,0.0
312.2,0.4873,0.5063,-0.019,0.3662,0.3746,0.3594,0.7188,-0.0053,0.7136,209,0.0
312.4,0.4955,0.5025,-0.007,0.3607,0.3757,0.37,0.7401,0.004,0.7441,214,0.0
312.6,0.4986,0.5045,-0.0059,0.3636,0.3766,0.3718,0.7437,0.0035,0.7472,214,0.0
312.8,0.4972,0.5045,-0.0073,0.3636,0.3774,0.3716,0.7431,0.0032,0.7464,214,0.0
313.0,0.5057,0.5096,-0.0039,0.3708,0.3781,0.375,0.7501,0.0017,0.7518,215,0.0
313.2,0.5126,0.5093,0.0033,0.3704,0.3787,0.38,0.76,0.0051,0.7651,217,0.0
313.4,0.5076,0.5129,-0.0053,0.3755,0.3792,0.3749,0.7499,-0.0008,0.7491,214,0.0
313.6,0.5104,0.5081,0.0023,0.3687,0.3796,0.38,0.76,0.0059,0.7659,217,0.0
313.8,0.5175,0.5104,0.007,0.372,0.3798,0.38,0.76,0.0047,0.7647,217,0.0
314.0,0.5121,0.5149,-0.0027,0.3784,0.38,0.3778,0.7555,-0.0006,0.7549,215,0.0
314.2,0.5027,0.5119,-0.0092,0.3742,0.38,0.3727,0.7453,-0.0017,0.7437,213,0.0
314.4,0.5018,0.5116,-0.0098,0.3738,0.3799,0.372,0.7441,-0.0019,0.7422,213,0.0
314.6,0.5045,0.516,-0.0115,0.38,0.3797,0.3706,0.7411,-0.0059,0.7353,212,0.0
314.8,0.5037,0.5151,-0.0114,0.3787,0.3794,0.3703,0.7406,-0.0053,0.7353,212,0.0
315.0,0.5119,0.5137,-0.0018,0.3767,0.379,0.3776,0.7551,0.0003,0.7554,215,0.0
315.2,0.5207,0.5126,0.0081,0.3752,0.3785,0.38,0.76,0.0032,0.7632,217,0.0
315.4,0.5052,0.5131,-0.0079,0.3758,0.3778,0.3715,0.7431,-0.0029,0.7401,213,0.0
315.6,0.5038,0.513,-0.0092,0.3757,0.3771,0.3698,0.7395,-0.0039,0.7356,212,0.0
315.8,0.5139,0.5166,-0.0028,0.3809,0.3762,0.374,0.7481,-0.0037,0.7443,214,0.0
316.0,0.5196,0.5133,0.0063,0.3761,0.3753,0.38,0.76,0.0026,0.7626,217,0.0
316.2,0.516,0.5143,0.0017,0.3776,0.3742,0.3755,0.751,-0.0009,0.7502,215,0.0
316.4,0.5154,0.5124,0.003,0.3748,0.373,0.3754,0.7508,0.0006,0.7514,215,0.0
316.6,0.5115,0.5141,-0.0026,0.3772,0.3717,0.3696,0.7392,-0.0041,0.7351,212,0.0
316.8,0.5075,0.5119,-0.0045,0.3742,0.3703,0.3667,0.7334,-0.0042,0.7292,211,0.0
317.0,0.5025,0.5117,-0.0092,0.3738,0.3688,0.3614,0.7228,-0.0071,0.7157,209,0.0
317.2,0.5083,0.512,-0.0037,0.3743,0.3672,0.3642,0.7284,-0.0054,0.723,210,0.0
317.4,0.4967,0.5122,-0.0155,0.3746,0.3654,0.353,0.7061,-0.0123,0.6937,205,0.0
317.6,0.509,0.5084,0.0006,0.3692,0.3636,0.3641,0.7281,-0.0025,0.7256,211,0.0
317.8,0.5003,0.5127,-0.0124,0.3753,0.3617,0.3517,0.7035,-0.013,0.6904,205,0.0
318.0,0.5014,0.5112,-0.0099,0.3732,0.3597,0.3518,0.7035,-0.0117,0.6918,205,0.0
318.2,0.4906,0.506,-0.0154,0.3657,0.3575,0.3452,0.6904,-0.0118,0.6786,203,0.0
318.4,0.4911,0.5052,-0.014,0.3646,0.3553,0.3441,0.6881,-0.0117,0.6765,203,0.0
318.6,0.4966,0.5076,-0.0111,0.3681,0.353,0.3441,0.6883,-0.0131,0.6752,203,0.0
318.8,0.4796,0.5045,-0.0249,0.3636,0.3506,0.3306,0.6612,-0.019,0.6422,197,0.0
319.0,0.4901,0.5069,-0.0168,0.367,0.348,0.3346,0.6692,-0.0179,0.6513,199,0.0
319.2,0.4863,0.502,-0.0157,0.36,0.3454,0.3329,0.6658,-0.0151,0.6506,199,0.0
319.4,0.4851,0.4983,-0.0132,0.3546,0.3427,0.3322,0.6644,-0.0125,0.6518,199,0.0
319.6,0.473,0.4982,-0.0251,0.3545,0.34,0.3198,0.6397,-0.0198,0.6198,194,0.0
319.8,0.4782,0.4981,-0.0199,0.3544,0.3371,0.3212,0.6424,-0.0186,0.6238,194,0.0
320.0,0.4648,0.4942,-0.0294,0.3489,0.3341,0.3106,0.6212,-0.0221,0.5991,190,0.0
320.2,0.4548,0.4969,-0.0421,0.3527,0.3311,0.2974,0.5947,-0.0319,0.5629,185,0.0
320.4,0.4578,0.4963,-0.0385,0.3519,0.328,0.2971,0.5943,-0.0312,0.563,185,0.0
320.6,0.4443,0.4917,-0.0474,0.3453,0.3247,0.2869,0.5737,-0.0339,0.5398,181,0.0
320.8,0.4462,0.4907,-0.0446,0.3439,0.3215,0.2858,0.5716,-0.0335,0.5382,181,0.0
321.0,0.4539,0.486,-0.0321,0.3371,0.3181,0.2924,0.5849,-0.0255,0.5594,184,0.0
321.2,0.4368,0.4833,-0.0465,0.3333,0.3147,0.2775,0.555,-0.0326,0.5224,178,0.0
321.4,0.4322,0.4838,-0.0516,0.334,0.3112,0.2699,0.5398,-0.0372,0.5026,175,0.0
321.6,0.4374,0.4805,-0.0431,0.3292,0.3076,0.2732,0.5463,-0.0323,0.514,177,0.0
321.8,0.436,0.4802,-0.0442,0.3289,0.304,0.2686,0.5372,-0.0346,0.5026,175,0.0
322.0,0.4211,0.478,-0.057,0.3258,0.3003,0.2547,0.5094,-0.0412,0.4681,169,0.0
322.2,0.4263,0.4721,-0.0458,0.3173,0.2965,0.2598,0.5197,-0.0333,0.4864,172,0.0
322.4,0.4073,0.4703,-0.063,0.3147,0.2927,0.2423,0.4845,-0.0425,0.442,165,0.0
322.6,0.4154,0.4666,-0.0512,0.3094,0.2888,0.2478,0.4956,-0.0359,0.4597,168,0.0
322.8,0.4134,0.4701,-0.0567,0.3144,0.2848,0.2395,0.479,-0.0431,0.4358,164,0.0
323.0,0.3903,0.4638,-0.0735,0.3054,0.2808,0.222,0.4441,-0.049,0.3951,158,0.0
323.2,0.3986,0.4651,-0.0665,0.3073,0.2768,0.2236,0.4472,-0.0485,0.3988,158,0.0
323.4,0.3949,0.4611,-0.0662,0.3015,0.2727,0.2197,0.4395,-0.0475,0.3919,157,0.0
323.6,0.3796,0.4569,-0.0773,0.2956,0.2686,0.2067,0.4135,-0.0521,0.3614,152,0.0
323.8,0.3796,0.4563,-0.0766,0.2947,0.2644,0.2031,0.4061,-0.0535,0.3526,151,0.0
324.0,0.3721,0.4545,-0.0824,0.2922,0.2601,0.1942,0.3884,-0.0572,0.3312,147,0.0
324.2,0.3695,0.4466,-0.0771,0.2809,0.2559,0.1942,0.3884,-0.0511,0.3373,148,0.0
324.4,0.3621,0.4495,-0.0874,0.2851,0.2516,0.1816,0.3633,-0.0605,0.3028,143,0.0
324.6,0.3561,0.4416,-0.0854,0.2737,0.2473,0.1789,0.3578,-0.0559,0.3019,143,0.0
324.8,0.3477,0.4411,-0.0934,0.273,0.2429,0.1682,0.3364,-0.0617,0.2746,138,0.0
325.0,0.3518,0.4381,-0.0863,0.2687,0.2385,0.1695,0.339,-0.0582,0.2808,139,0.0
325.2,0.3429,0.4365,-0.0937,0.2665,0.2341,0.1592,0.3184,-0.063,0.2553,135,0.0
325.4,0.3356,0.4338,-0.0981,0.2625,0.2297,0.1512,0.3024,-0.0655,0.237,132,0.0
325.6,0.3186,0.4287,-0.1102,0.2554,0.2252,0.1371,0.2742,-0.0701,0.2041,127,0.0
325.8,0.323,0.4284,-0.1054,0.2549,0.2208,0.1364,0.2729,-0.0698,0.2031,127,0.0
326.0,0.3172,0.421,-0.1038,0.2443,0.2163,0.1332,0.2665,-0.0659,0.2006,127,0.0
326.2,0.2973,0.4201,-0.1229,0.243,0.2118,0.1135,0.2271,-0.077,0.15,119,0.0
326.4,0.3026,0.4159,-0.1133,0.237,0.2073,0.1167,0.2334,-0.0714,0.162,120,0.0
326.6,0.2955,0.4178,-0.1224,0.2397,0.2028,0.1049,0.2099,-0.0796,0.1303,115,0.0
326.8,0.2912,0.4144,-0.1232,0.2348,0.1983,0.0998,0.1996,-0.0798,0.1198,114,0.0
327.0,0.2719,0.4048,-0.1329,0.2212,0.1938,0.0875,0.175,-0.0801,0.0949,110,0.0
327.2,0.2732,0.4035,-0.1303,0.2193,0.1893,0.0851,0.1702,-0.0801,0.0901,109,0.0
327.4,0.27,0.3989,-0.1289,0.2127,0.1848,0.0817,0.1634,-0.0784,0.085,108,0.0
327.6,0.2677,0.3965,-0.1288,0.2093,0.1804,0.0773,0.1546,-0.0789,0.0758,107,0.0
327.8,0.2461,0.3978,-0.1517,0.2112,0.1759,0.0545,0.109,-0.0935,0.0,0,0.0
328.0,0.2498,0.3748,-0.125,0.1783,0.1714,0.0714,0.1429,-0.0659,0.0,0,0.0
328.2,0.256,0.3564,-0.1004,0.1521,0.167,0.0867,0.1734,-0.0427,0.1306,115,0.0
328.4,0.2634,0.3621,-0.0987,0.1602,0.1626,0.0836,0.1672,-0.0482,0.1191,114,0.0
328.6,0.2587,0.3684,-0.1097,0.1692,0.1582,0.0704,0.1409,-0.0603,0.0805,107,0.0
328.8,0.2597,0.3682,-0.1085,0.1689,0.1538,0.067,0.134,-0.0618,0.0722,106,0.0
329.0,0.2474,0.3713,-0.1238,0.1732,0.1495,0.0504,0.1009,-0.0738,0.0,0,0.0
329.2,0.2396,0.3537,-0.1141,0.1481,0.1452,0.0539,0.1079,-0.0585,0.0,0,0.0
329.4,0.2498,0.3363,-0.0865,0.1232,0.1409,0.0717,0.1435,-0.0344,0.0,0,0.0
329.6,0.2501,0.327,-0.0769,0.11,0.1367,0.0752,0.1504,-0.0251,0.1253,115,0.0
329.8,0.2571,0.3333,-0.0762,0.119,0.1325,0.0716,0.1432,-0.0313,0.1118,112,0.0
330.0,0.2562,0.3439,-0.0877,0.1342,0.1284,0.0582,0.1164,-0.0468,0.0696,106,0.0
330.2,0.257,0.3475,-0.0905,0.1393,0.1243,0.0519,0.1037,-0.0528,0.051,103,0.0
330.4,0.247,0.354,-0.1071,0.1486,0.1202,0.0345,0.0691,-0.0677,0.0,0,0.0
330.6,0.2458,0.338,-0.0922,0.1258,0.1162,0.0424,0.0848,-0.0509,0.0,0,0.0
330.8,0.253,0.3239,-0.0709,0.1056,0.1122,0.0555,0.111,-0.0321,0.0789,107,0.0
331.0,0.2537,0.3344,-0.0807,0.1206,0.1083,0.0438,0.0875,-0.0465,0.0411,101,0.0
331.2,0.2396,0.3369,-0.0974,0.1242,0.1045,0.0266,0.0532,-0.0585,0.0,0,0.0
331.4,0.2332,0.3231,-0.0899,0.1045,0.1007,0.0288,0.0575,-0.0468,0.0,0,0.0
331.6,0.237,0.3138,-0.0768,0.0912,0.097,0.0356,0.0711,-0.0355,0.0,0,0.0
331.8,0.2365,0.3024,-0.0659,0.0748,0.0933,0.0406,0.0812,-0.0237,0.0,0,0.0
332.0,0.2481,0.2998,-0.0517,0.0712,0.0897,0.0484,0.0967,-0.0166,0.0,0,0.0
332.2,0.2577,0.29,-0.0323,0.0572,0.0862,0.0604,0.1208,-0.0016,0.1191,114,0.0
332.4,0.2671,0.3074,-0.0403,0.082,0.0828,0.0505,0.101,-0.0198,0.0813,108,0.0
332.6,0.2582,0.3141,-0.0559,0.0916,0.0794,0.0346,0.0693,-0.0341,0.0352,100,0.0
332.8,0.2526,0.3259,-0.0733,0.1085,0.0761,0.0174,0.0348,-0.0529,0.0,0,0.0
333.0,0.2438,0.3152,-0.0714,0.0931,0.0729,0.0157,0.0315,-0.0458,0.0,0,0.0
333.2,0.2445,0.3047,-0.0602,0.0781,0.0697,0.0216,0.0432,-0.0343,0.0,0,0.0
333.4,0.248,0.2978,-0.0497,0.0683,0.0667,0.0269,0.0537,-0.0257,0.0,0,0.0
333.6,0.2352,0.2857,-0.0505,0.051,0.0637,0.0233,0.0466,-0.0189,0.0,0,0.0
333.8,0.2396,0.2803,-0.0406,0.0432,0.0608,0.0283,0.0565,-0.0116,0.0,0,0.0
334.0,0.2444,0.2748,-0.0304,0.0355,0.058,0.0336,0.0672,-0.004,0.0,0,0.0
334.2,0.2606,0.2761,-0.0155,0.0373,0.0552,0.0429,0.0857,0.0012,0.0869,108,0.0
334.4,0.2575,0.2923,-0.0348,0.0605,0.0526,0.0248,0.0495,-0.0213,0.0282,99,0.0
334.6,0.2451,0.3032,-0.0581,0.076,0.0501,0.0036,0.0072,-0.042,0.0,0,0.0
334.8,0.2294,0.2952,-0.0658,0.0646,0.0,0.0,0.0,-0.0389,0.0,0,0.0
335.0,0.2294,0.286,-0.0567,0.0515,0.0,0.0,0.0,-0.0314,0.0,0,0.0
335.2,0.2127,0.2801,-0.0674,0.043,0.0,0.0,0.0,-0.0283,0.0,0,0.0
335.4,0.2092,0.2774,-0.0682,0.0392,0.0,0.0,0.0,-0.0264,0.0,0,0.0
335.6,0.2016,0.2763,-0.0747,0.0376,0.0,0.0,0.0,-0.0263,0.0,0,0.0
335.8,0.2014,0.2686,-0.0672,0.0266,0.0,0.0,0.0,-0.02,0.0,0,0.0
336.0,0.197,0.269,-0.072,0.0272,0.0,0.0,0.0,-0.0208,0.0,0,0.0
336.2,0.1856,0.2658,-0.0802,0.0225,0.0,0.0,0.0,-0.0193,0.0,0,0.0
336.4,0.1797,0.2606,-0.0809,0.0151,0.0,0.0,0.0,-0.0157,0.0,0,0.0
336.6,0.179,0.2575,-0.0784,0.0107,0.0,0.0,0.0,-0.0132,0.0,0,0.0
336.8,0.1705,0.2558,-0.0853,0.0083,0.0,0.0,0.0,-0.0127,0.0,0,0.0
337.0,0.1829,0.2565,-0.0736,0.0093,0.0,0.0,0.0,-0.012,0.0,0,0.0
337.2,0.1683,0.2553,-0.0871,0.0076,0.0,0.0,0.0,-0.0125,0.0,0,0.0
337.4,0.1726,0.2554,-0.0828,0.0077,0.0,0.0,0.0,-0.0121,0.0,0,0.0
337.6,0.1725,0.2566,-0.084,0.0094,0.0,0.0,0.0,-0.0131,0.0,0,0.0
337.8,0.1625,0.2547,-0.0921,0.0066,0.0,0.0,0.0,-0.0125,0.0,0,0.0
338.0,0.1595,0.2511,-0.0916,0.0016,0.0,0.0,0.0,-0.0099,0.0,0,0.0
338.2,0.1682,0.2513,-0.0831,0.0019,0.0,0.0,0.0,-0.0092,0.0,0,0.0
338.4,0.1747,0.2546,-0.0799,0.0066,0.0,0.0,0.0,-0.0113,0.0,0,0.0
338.6,0.1664,0.2523,-0.0859,0.0033,0.0,0.0,0.0,-0.0102,0.0,0,0.0
338.8,0.16,0.25,-0.09,0.0,0.0,0.0,0.0,-0.009,0.0,0,0.0
339.0,0.1707,0.2526,-0.0819,0.0036,0.0,0.0,0.0,-0.01,0.0,0,0.0
339.2,0.1741,0.2506,-0.0765,0.0009,0.0,0.0,0.0,-0.0081,0.0,0,0.0
339.4,0.166,0.25,-0.084,0.0,0.0,0.0,0.0,-0.0084,0.0,0,0.0
339.6,0.1746,0.2524,-0.0778,0.0034,0.0,0.0,0.0,-0.0095,0.0,0,0.0
339.8,0.1745,0.2519,-0.0774,0.0027,0.0,0.0,0.0,-0.0091,0.0,0,0.0
340.0,0.1661,0.2534,-0.0873,0.0049,0.0,0.0,0.0,-0.0112,0.0,0,0.0
340.2,0.1678,0.2515,-0.0837,0.0021,0.0,0.0,0.0,-0.0094,0.0,0,0.0
340.4,0.1686,0.25,-0.0814,0.0,0.0,0.0,0.0,-0.0081,0.0,0,0.0
340.6,0.1626,0.25,-0.0874,0.0,0.0,0.0,0.0,-0.0087,0.0,0,0.0
340.8,0.156,0.25,-0.094,0.0,0.0,0.0,0.0,-0.0094,0.0,0,0.0
341.0,0.1729,0.25,-0.0771,0.0,0.0,0.0,0.0,-0.0077,0.0,0,0.0
341.2,0.1669,0.2506,-0.0837,0.0009,0.0,0.0,0.0,-0.0088,0.0,0,0.0
341.4,0.1702,0.2533,-0.0831,0.0048,0.0,0.0,0.0,-0.0107,0.0,0,0.0
341.6,0.1681,0.2532,-0.0851,0.0046,0.0,0.0,0.0,-0.0108,0.0,0,0.0
341.8,0.169,0.2517,-0.0827,0.0024,0.0,0.0,0.0,-0.0095,0.0,0,0.0
342.0,0.1705,0.2512,-0.0807,0.0017,0.0,0.0,0.0,-0.0089,0.0,0,0.0
342.2,0.1558,0.2516,-0.0959,0.0024,0.0,0.0,0.0,-0.0108,0.0,0,0.0
342.4,0.1572,0.2518,-0.0946,0.0026,0.0,0.0,0.0,-0.0107,0.0,0,0.0
342.6,0.1668,0.25,-0.0832,0.0,0.0,0.0,0.0,-0.0083,0.0,0,0.0
342.8,0.1681,0.25,-0.0819,0.0,0.0,0.0,0.0,-0.0082,0.0,0,0.0
343.0,0.1618,0.25,-0.0882,0.0,0.0,0.0,0.0,-0.0088,0.0,0,0.0
343.2,0.159,0.2504,-0.0914,0.0006,0.0,0.0,0.0,-0.0094,0.0,0,0.0
343.4,0.1575,0.25,-0.0925,0.0,0.0,0.0,0.0,-0.0092,0.0,0,0.0
343.6,0.1648,0.2522,-0.0873,0.0031,0.0,0.0,0.0,-0.0103,0.0,0,0.0
343.8,0.1552,0.2511,-0.0959,0.0016,0.0,0.0,0.0,-0.0104,0.0,0,0.0
344.0,0.1714,0.2534,-0.082,0.0048,0.0503,0.0,0.0,-0.0106,0.0,0,0.0
344.2,0.1747,0.25,-0.0753,0.0,0.0528,0.0,0.0,-0.0075,0.0,0,0.0
344.4,0.2049,0.2504,-0.0455,0.0006,0.0555,0.0191,0.0382,0.0047,0.0,0,0.0
344.6,0.2124,0.2529,-0.0405,0.0042,0.0582,0.0258,0.0516,0.0068,0.0,0,0.0
344.8,0.2184,0.25,-0.0316,0.0,0.061,0.0357,0.0714,0.0147,0.0,0,0.0
345.0,0.2353,0.25,-0.0147,0.0,0.0639,0.0521,0.1043,0.0246,0.0,0,0.0
345.2,0.2474,0.25,-0.0026,0.0,0.0669,0.0648,0.1297,0.0322,0.0,0,0.0
345.4,0.2554,0.25,0.0054,0.0,0.07,0.0743,0.1485,0.0377,0.1862,124,0.0
345.6,0.2683,0.2753,-0.007,0.0361,0.0731,0.0676,0.1351,0.015,0.1501,119,0.0
345.8,0.2742,0.2892,-0.015,0.0559,0.0763,0.0643,0.1287,0.0027,0.1314,116,0.0
346.0,0.266,0.3072,-0.0412,0.0817,0.0797,0.0467,0.0935,-0.0216,0.0719,106,0.0
346.2,0.2612,0.3213,-0.0601,0.1018,0.083,0.0349,0.0699,-0.0395,0.0304,99,0.0
346.4,0.2729,0.3231,-0.0503,0.1045,0.0865,0.0463,0.0926,-0.0341,0.0585,104,0.0
346.6,0.2656,0.3307,-0.0651,0.1153,0.09,0.038,0.076,-0.0451,0.0308,99,0.0
346.8,0.246,0.3365,-0.0905,0.1236,0.0936,0.0212,0.0424,-0.0603,0.0,0,0.0
347.0,0.255,0.3257,-0.0708,0.1082,0.0973,0.0407,0.0813,-0.0408,0.0405,101,0.0
347.2,0.2349,0.3337,-0.0988,0.1196,0.101,0.022,0.044,-0.0587,0.0,0,0.0
347.4,0.2348,0.3239,-0.0892,0.1056,0.1048,0.0335,0.067,-0.045,0.0,0,0.0
347.6,0.2462,0.3082,-0.062,0.0831,0.1086,0.059,0.1181,-0.0183,0.0,0,0.0
347.8,0.2548,0.299,-0.0442,0.07,0.1126,0.0772,0.1544,-0.0008,0.1535,119,0.0
348.0,0.2525,0.3173,-0.0648,0.0962,0.1165,0.0647,0.1294,-0.0222,0.1071,112,0.0
348.2,0.2687,0.3272,-0.0585,0.1103,0.1205,0.0737,0.1474,-0.0241,0.1233,114,0.0
348.4,0.2698,0.3356,-0.0658,0.1222,0.1246,0.072,0.1439,-0.0317,0.1122,112,0.0
348.6,0.2678,0.3421,-0.0743,0.1316,0.1287,0.0692,0.1385,-0.0386,0.0999,110,0.0
348.8,0.2576,0.3474,-0.0899,0.1392,0.1329,0.061,0.1219,-0.0481,0.0738,106,0.0
349.0,0.2506,0.356,-0.1055,0.1515,0.137,0.0527,0.1053,-0.06,0.0453,102,0.0
349.2,0.2486,0.3592,-0.1107,0.1561,0.1413,0.0527,0.1055,-0.0627,0.0,0,0.0
349.4,0.2497,0.3437,-0.094,0.1338,0.1456,0.0703,0.1407,-0.0412,0.0,0,0.0
349.6,0.2598,0.3302,-0.0704,0.1145,0.1499,0.0935,0.187,-0.0176,0.1695,122,0.0
349.8,0.2689,0.3407,-0.0718,0.1295,0.1542,0.0968,0.1935,-0.0235,0.17,122,0.0
350.0,0.2695,0.3462,-0.0768,0.1375,0.1586,0.0971,0.1943,-0.0278,0.1664,121,0.0
350.2,0.2702,0.359,-0.0888,0.1557,0.163,0.092,0.1839,-0.0407,0.1432,117,0.0
350.4,0.2841,0.3603,-0.0763,0.1576,0.1674,0.1064,0.2127,-0.0333,0.1794,123,0.0
350.6,0.2841,0.3699,-0.0858,0.1714,0.1718,0.1032,0.2063,-0.0427,0.1637,121,0.0
350.8,0.2781,0.374,-0.096,0.1772,0.1763,0.0995,0.1989,-0.0485,0.1505,119,0.0
351.0,0.278,0.3775,-0.0996,0.1822,0.1807,0.1011,0.2021,-0.0505,0.1516,119,0.0
351.2,0.2716,0.3766,-0.105,0.1808,0.1852,0.1012,0.2025,-0.0503,0.1522,119,0.0
351.4,0.288,0.3786,-0.0906,0.1837,0.1897,0.1172,0.2345,-0.0423,0.1922,125,0.0
351.6,0.2782,0.3823,-0.1041,0.189,0.1942,0.1109,0.2218,-0.0494,0.1724,122,0.0
351.8,0.284,0.3858,-0.1019,0.194,0.1987,0.1172,0.2344,-0.0486,0.1858,124,0.0
352.0,0.2901,0.3907,-0.1006,0.201,0.2032,0.1227,0.2455,-0.0492,0.1963,126,0.0
352.2,0.2895,0.3906,-0.1011,0.2009,0.2077,0.1268,0.2536,-0.0472,0.2064,128,0.0
352.4,0.2802,0.397,-0.1168,0.2099,0.2122,0.1188,0.2376,-0.0573,0.1803,123,0.0
352.6,0.2899,0.3939,-0.1039,0.2055,0.2167,0.1335,0.267,-0.0464,0.2206,130,0.0
352.8,0.294,0.3959,-0.1019,0.2084,0.2211,0.1396,0.2792,-0.0446,0.2346,132,0.0
353.0,0.2937,0.3988,-0.1051,0.2125,0.2256,0.1415,0.283,-0.046,0.237,132,0.0
353.2,0.2993,0.399,-0.0997,0.2128,0.23,0.1503,0.3006,-0.0412,0.2594,136,0.0
353.4,0.302,0.4054,-0.1034,0.2219,0.2345,0.1517,0.3035,-0.0454,0.2581,136,0.0
353.6,0.2926,0.4076,-0.1149,0.2251,0.2389,0.1469,0.2938,-0.0506,0.2433,133,0.0
353.8,0.3081,0.4044,-0.0963,0.2206,0.2433,0.1662,0.3325,-0.0368,0.2957,142,0.0
354.0,0.2991,0.4106,-0.1115,0.2294,0.2476,0.1584,0.3168,-0.0467,0.2702,138,0.0
354.2,0.3171,0.4119,-0.0948,0.2314,0.2519,0.1761,0.3522,-0.0371,0.3151,145,0.0
354.4,0.3105,0.4122,-0.1017,0.2317,0.2562,0.1748,0.3497,-0.0386,0.311,144,0.0
354.6,0.3082,0.4153,-0.1071,0.2361,0.2605,0.1748,0.3496,-0.0413,0.3083,144,0.0
354.8,0.3224,0.4179,-0.0956,0.2399,0.2647,0.1882,0.3765,-0.0354,0.3411,149,0.0
355.0,0.3231,0.4224,-0.0993,0.2463,0.2689,0.1894,0.3789,-0.0384,0.3405,149,0.0
355.2,0.3271,0.4243,-0.0972,0.249,0.273,0.1953,0.3906,-0.0366,0.354,151,0.0
355.4,0.3466,0.4274,-0.0808,0.2534,0.2771,0.2125,0.4249,-0.0286,0.3964,158,0.0
355.6,0.336,0.4285,-0.0925,0.255,0.2812,0.2071,0.4143,-0.0332,0.3811,155,0.0
355.8,0.3518,0.4295,-0.0776,0.2564,0.2851,0.223,0.446,-0.0244,0.4216,162,0.0
356.0,0.3617,0.4362,-0.0745,0.266,0.2891,0.2295,0.4589,-0.0257,0.4332,164,0.0
356.2,0.3656,0.433,-0.0674,0.2614,0.293,0.239,0.4781,-0.0179,0.4602,168,0.0
356.4,0.3722,0.4378,-0.0656,0.2683,0.2968,0.2443,0.4886,-0.0185,0.4701,170,0.0
356.6,0.3765,0.445,-0.0685,0.2785,0.3005,0.2458,0.4915,-0.0232,0.4683,169,0.0
356.8,0.3734,0.4446,-0.0711,0.278,0.3042,0.2473,0.4947,-0.0224,0.4722,170,0.0
357.0,0.3803,0.4504,-0.0701,0.2862,0.3079,0.2518,0.5036,-0.0242,0.4794,171,0.0
357.2,0.3831,0.4489,-0.0658,0.2842,0.3115,0.2588,0.5176,-0.0192,0.4984,174,0.0
357.4,0.3961,0.4541,-0.058,0.2916,0.315,0.2685,0.5371,-0.0173,0.5198,178,0.0
357.6,0.3993,0.4547,-0.0554,0.2925,0.3184,0.2741,0.5481,-0.0148,0.5334,180,0.0
357.8,0.3941,0.459,-0.0649,0.2986,0.3217,0.2698,0.5396,-0.0209,0.5187,177,0.0
358.0,0.404,0.4601,-0.0561,0.3002,0.325,0.2801,0.5602,-0.0157,0.5445,182,0.0
358.2,0.4124,0.4597,-0.0473,0.2996,0.3282,0.2904,0.5807,-0.0094,0.5714,186,0.0
358.4,0.4162,0.4668,-0.0506,0.3098,0.3313,0.2908,0.5816,-0.0145,0.5671,185,0.0
358.6,0.4206,0.4676,-0.0469,0.3108,0.3344,0.2968,0.5936,-0.0117,0.5819,188,0.0
358.8,0.4346,0.4668,-0.0322,0.3097,0.3373,0.3116,0.6231,-0.0023,0.6208,194,0.0
359.0,0.4242,0.4697,-0.0454,0.3138,0.3402,0.3038,0.6077,-0.0095,0.5981,190,0.0
359.2,0.4473,0.4709,-0.0236,0.3155,0.343,0.3241,0.6482,0.0019,0.6501,199,0.0
359.4,0.4364,0.4753,-0.0389,0.3218,0.3456,0.3145,0.629,-0.0076,0.6215,194,0.0
359.6,0.4467,0.4798,-0.0332,0.3283,0.3482,0.3217,0.6434,-0.0066,0.6368,196,0.0
359.8,0.4421,0.4787,-0.0366,0.3267,0.3508,0.3215,0.643,-0.0063,0.6367,196,0.0
360.0,0.4635,0.4852,-0.0216,0.336,0.3532,0.3358,0.6717,-0.0022,0.6695,202,0.0
360.2,0.4613,0.4832,-0.0219,0.3332,0.3555,0.3379,0.6758,0.0002,0.676,203,0.0
360.4,0.4575,0.4843,-0.0267,0.3347,0.3577,0.3363,0.6726,-0.0018,0.6708,202,0.0
360.6,0.4657,0.4903,-0.0247,0.3433,0.3598,0.3401,0.6802,-0.0041,0.6761,203,0.0
360.8,0.4713,0.4889,-0.0176,0.3413,0.3618,0.3477,0.6955,0.0015,0.6969,206,0.0
361.0,0.4817,0.4904,-0.0088,0.3435,0.3638,0.3567,0.7135,0.0057,0.7192,210,0.0
361.2,0.4769,0.4929,-0.016,0.347,0.3656,0.3527,0.7055,0.0013,0.7068,208,0.0
361.4,0.4717,0.4987,-0.0269,0.3552,0.3673,0.3457,0.6915,-0.0074,0.684,204,0.0
361.6,0.4738,0.4995,-0.0257,0.3564,0.3689,0.3484,0.6967,-0.0066,0.6901,205,0.0
361.8,0.488,0.5022,-0.0141,0.3602,0.3704,0.3591,0.7182,-0.002,0.7162,209,0.0
362.0,0.4881,0.5022,-0.0141,0.3603,0.3718,0.3605,0.721,-0.0013,0.7197,210,0.0
362.2,0.4896,0.5015,-0.012,0.3594,0.3731,0.3635,0.727,0.0009,0.7279,211,0.0
362.4,0.4868,0.5048,-0.0181,0.364,0.3743,0.3598,0.7196,-0.0039,0.7157,209,0.0
362.6,0.5037,0.5047,-0.001,0.3638,0.3753,0.3746,0.7492,0.0053,0.7544,215,0.0
362.8,0.4952,0.5079,-0.0127,0.3684,0.3763,0.3661,0.7323,-0.0024,0.7299,211,0.0
363.0,0.4986,0.507,-0.0085,0.3672,0.3772,0.3704,0.7408,0.0008,0.7415,213,0.0
363.2,0.5105,0.5054,0.0051,0.3649,0.3779,0.38,0.76,0.0081,0.7681,217,0.0
363.4,0.5093,0.5057,0.0036,0.3653,0.3785,0.38,0.76,0.0077,0.7677,217,0.0
363.6,0.5093,0.5103,-0.001,0.3718,0.379,0.3783,0.7565,0.0031,0.7597,216,0.0
363.8,0.5161,0.5111,0.005,0.3729,0.3795,0.38,0.76,0.004,0.764,217,0.0
364.0,0.5136,0.5113,0.0023,0.3733,0.3797,0.38,0.76,0.0036,0.7636,217,0.0
364.2,0.5168,0.5129,0.0039,0.3755,0.3799,0.38,0.76,0.0026,0.7626,217,0.0
364.4,0.504,0.5121,-0.0082,0.3745,0.38,0.3734,0.7469,-0.0013,0.7455,214,0.0
364.6,0.505,0.5126,-0.0076,0.3751,0.38,0.3739,0.7478,-0.0014,0.7464,214,0.0
364.8,0.5041,0.5144,-0.0103,0.3777,0.3798,0.3716,0.7431,-0.0041,0.739,213,0.0
365.0,0.513,0.5137,-0.0006,0.3767,0.3795,0.379,0.7581,0.0011,0.7592,216,0.0
365.2,0.5161,0.5109,0.0053,0.3727,0.3792,0.38,0.76,0.0042,0.7642,217,0.0
365.4,0.5191,0.5151,0.0041,0.3787,0.3787,0.38,0.76,0.0011,0.7611,216,0.0
365.6,0.5137,0.5132,0.0005,0.376,0.3781,0.3785,0.757,0.0013,0.7582,216,0.0
365.8,0.5175,0.5138,0.0037,0.3768,0.3773,0.38,0.76,0.002,0.762,216,0.0
366.0,0.5015,0.5172,-0.0158,0.3817,0.3765,0.3639,0.7278,-0.0105,0.7173,209,0.0
366.2,0.5061,0.5126,-0.0066,0.3752,0.3756,0.3703,0.7406,-0.0031,0.7375,213,0.0
366.4,0.5035,0.5165,-0.013,0.3807,0.3745,0.3641,0.7282,-0.0096,0.7186,209,0.0
366.6,0.5071,0.5107,-0.0037,0.3725,0.3734,0.3704,0.7409,-0.0014,0.7395,213,0.0
366.8,0.5108,0.5144,-0.0036,0.3777,0.3721,0.3692,0.7385,-0.0046,0.7339,212,0.0
367.0,0.5015,0.51,-0.0084,0.3714,0.3708,0.364,0.728,-0.0045,0.7235,210,0.0
367.2,0.5092,0.5092,-0.0,0.3703,0.3693,0.3693,0.7386,-0.0005,0.738,213,0.0
367.4,0.4978,0.5127,-0.0149,0.3753,0.3677,0.3558,0.7116,-0.0112,0.7004,207,0.0
367.6,0.5046,0.5137,-0.0091,0.3767,0.366,0.3587,0.7174,-0.0099,0.7075,208,0.0
367.8,0.5017,0.5094,-0.0078,0.3706,0.3642,0.358,0.716,-0.0071,0.7089,208,0.0
368.0,0.4984,0.5111,-0.0127,0.3731,0.3623,0.3522,0.7043,-0.0117,0.6926,205,0.0
368.2,0.4959,0.5084,-0.0125,0.3692,0.3603,0.3503,0.7006,-0.0107,0.69,205,0.0
368.4,0.5027,0.5088,-0.0061,0.3697,0.3582,0.3533,0.7067,-0.0088,0.6979,206,0.0
368.6,0.4885,0.5095,-0.021,0.3707,0.356,0.3392,0.6784,-0.0179,0.6606,200,0.0
368.8,0.5002,0.5033,-0.0031,0.3618,0.3537,0.3513,0.7026,-0.0056,0.697,206,0.0
369.0,0.4973,0.5071,-0.0098,0.3673,0.3514,0.3435,0.687,-0.0129,0.6742,202,0.0
369.2,0.4906,0.506,-0.0154,0.3658,0.3489,0.3365,0.6731,-0.0162,0.6569,200,0.0
369.4,0.4827,0.5058,-0.0231,0.3655,0.3463,0.3278,0.6556,-0.0211,0.6345,196,0.0
369.6,0.4866,0.5034,-0.0168,0.3621,0.3436,0.3302,0.6604,-0.0176,0.6428,197,0.0
369.8,0.4684,0.5014,-0.033,0.3591,0.3409,0.3144,0.6289,-0.0257,0.6032,191,0.0
370.0,0.4707,0.5003,-0.0296,0.3576,0.338,0.3144,0.6287,-0.0246,0.6041,191,0.0
370.2,0.4712,0.4971,-0.0259,0.353,0.3351,0.3144,0.6287,-0.0219,0.6068,192,0.0
370.4,0.4556,0.492,-0.0363,0.3457,0.3321,0.303,0.606,-0.025,0.5811,187,0.0
370.6,0.4637,0.4957,-0.032,0.351,0.329,0.3034,0.6068,-0.027,0.5797,187,0.0
370.8,0.449,0.491,-0.042,0.3443,0.3258,0.2922,0.5844,-0.0302,0.5541,183,0.0
371.0,0.4428,0.4909,-0.0481,0.3441,0.3225,0.2841,0.5681,-0.0348,0.5333,180,0.0
371.2,0.447,0.4837,-0.0366,0.3338,0.3192,0.2899,0.5798,-0.0256,0.5542,183,0.0
371.4,0.4431,0.4821,-0.039,0.3316,0.3158,0.2846,0.5692,-0.0274,0.5419,181,0.0
371.6,0.4316,0.484,-0.0524,0.3343,0.3123,0.2704,0.5408,-0.0372,0.5036,175,0.0
371.8,0.4404,0.4791,-0.0387,0.3273,0.3088,0.2778,0.5556,-0.0286,0.527,179,0.0
372.0,0.4369,0.4798,-0.043,0.3284,0.3052,0.2708,0.5415,-0.0331,0.5085,176,0.0
372.2,0.4268,0.4744,-0.0476,0.3206,0.3015,0.2634,0.5268,-0.0334,0.4934,173,0.0
372.4,0.4235,0.4735,-0.05,0.3192,0.2977,0.2577,0.5155,-0.0357,0.4797,171,0.0
372.6,0.4113,0.4705,-0.0592,0.315,0.2939,0.2465,0.4931,-0.0402,0.4529,167,0.0
372.8,0.4217,0.4687,-0.047,0.3124,0.29,0.2525,0.505,-0.0347,0.4703,170,0.0
373.0,0.4004,0.4665,-0.0661,0.3093,0.2861,0.2333,0.4665,-0.0446,0.4219,162,0.0
373.2,0.4082,0.4691,-0.0609,0.313,0.2821,0.2334,0.4668,-0.0459,0.4209,162,0.0
373.4,0.3895,0.4622,-0.0727,0.3031,0.2781,0.2199,0.4399,-0.0489,0.391,157,0.0
373.6,0.389,0.4626,-0.0736,0.3038,0.274,0.2151,0.4303,-0.0517,0.3786,155,0.0
373.8,0.3937,0.4557,-0.062,0.2938,0.2699,0.2203,0.4407,-0.043,0.3977,158,0.0
374.0,0.385,0.4583,-0.0733,0.2975,0.2657,0.2071,0.4143,-0.0525,0.3617,152,0.0
374.2,0.379,0.4529,-0.0739,0.2899,0.2615,0.2024,0.4049,-0.0511,0.3538,151,0.0
374.4,0.3597,0.4533,-0.0937,0.2905,0.2573,0.1824,0.3647,-0.0634,0.3013,143,0.0
374.6,0.3563,0.4442,-0.0879,0.2774,0.253,0.1827,0.3654,-0.0561,0.3093,144,0.0
374.8,0.3468,0.4416,-0.0949,0.2738,0.2487,0.1728,0.3456,-0.06,0.2856,140,0.0
375.0,0.3563,0.4429,-0.0866,0.2756,0.2443,0.1751,0.3501,-0.0589,0.2912,141,0.0
375.2,0.3499,0.438,-0.088,0.2685,0.24,0.1695,0.3391,-0.0583,0.2808,139,0.0
375.4,0.3396,0.4327,-0.0931,0.261,0.2356,0.1611,0.3222,-0.0593,0.2629,137,0.0
375.6,0.3291,0.4353,-0.1062,0.2647,0.2311,0.1462,0.2924,-0.0699,0.2225,130,0.0
375.8,0.3305,0.4319,-0.1014,0.2599,0.2267,0.1456,0.2912,-0.0673,0.2239,130,0.0
376.0,0.3209,0.4255,-0.1046,0.2507,0.2222,0.1386,0.2771,-0.0665,0.2106,128,0.0
376.2,0.3228,0.4239,-0.1011,0.2484,0.2178,0.1369,0.2738,-0.0659,0.2079,128,0.0
376.4,0.304,0.422,-0.1181,0.2458,0.2133,0.1188,0.2377,-0.0753,0.1624,120,0.0
376.6,0.3109,0.4185,-0.1076,0.2407,0.2088,0.1227,0.2455,-0.0697,0.1758,123,0.0
376.8,0.2851,0.4154,-0.1303,0.2363,0.2043,0.1001,0.2002,-0.0811,0.1191,114,0.0
377.0,0.285,0.4097,-0.1247,0.2281,0.1998,0.1,0.2,-0.0765,0.1235,114,0.0
377.2,0.277,0.4078,-0.1308,0.2254,0.1953,0.0907,0.1814,-0.0804,0.101,111,0.0
377.4,0.2734,0.407,-0.1336,0.2243,0.1908,0.0839,0.1678,-0.0835,0.0843,108,0.0
377.6,0.2764,0.4057,-0.1293,0.2224,0.1863,0.0829,0.1657,-0.0827,0.083,108,0.0
377.8,0.2563,0.4004,-0.144,0.2148,0.1818,0.0666,0.1332,-0.0885,0.0448,102,0.0
378.0,0.264,0.3932,-0.1293,0.2046,0.1774,0.0739,0.1479,-0.0783,0.0696,106,0.0
378.2,0.2516,0.3919,-0.1403,0.2027,0.1729,0.0606,0.1213,-0.0851,0.0362,100,0.0
378.4,0.2439,0.3906,-0.1467,0.2009,0.1685,0.0511,0.1022,-0.0896,0.0,0,0.0
378.6,0.2416,0.3722,-0.1306,0.1746,0.164,0.0595,0.1191,-0.0706,0.0,0,0.0
378.8,0.2438,0.3502,-0.1064,0.1432,0.1596,0.0745,0.149,-0.045,0.0,0,0.0
379.0,0.2455,0.3338,-0.0883,0.1198,0.1553,0.0846,0.1692,-0.0264,0.0,0,0.0
379.2,0.2525,0.3224,-0.0699,0.1034,0.1509,0.095,0.19,-0.0112,0.1788,123,0.0
379.4,0.2639,0.3377,-0.0738,0.1253,0.1466,0.0876,0.1751,-0.0263,0.1488,118,0.0
379.6,0.2763,0.3442,-0.0679,0.1345,0.1423,0.088,0.1761,-0.03,0.1461,118,0.0
379.8,0.2575,0.355,-0.0976,0.15,0.1381,0.06,0.1201,-0.0547,0.0653,105,0.0
380.0,0.2576,0.3593,-0.1017,0.1561,0.1339,0.0525,0.105,-0.062,0.0431,101,0.0
380.2,0.255,0.3605,-0.1056,0.1579,0.1297,0.0453,0.0905,-0.0669,0.0237,98,0.0
380.4,0.2584,0.3632,-0.1048,0.1617,0.1256,0.0418,0.0836,-0.0704,0.0132,97,0.0
380.6,0.2361,0.3609,-0.1248,0.1584,0.1215,0.0217,0.0434,-0.0808,0.0,0,0.0
380.8,0.2384,0.3424,-0.104,0.132,0.1175,0.0343,0.0686,-0.0593,0.0,0,0.0
381.0,0.2384,0.331,-0.0926,0.1157,0.1135,0.0395,0.079,-0.0474,0.0,0,0.0
381.2,0.2378,0.3163,-0.0785,0.0948,0.1096,0.0468,0.0936,-0.0318,0.0,0,0.0
381.4,0.2457,0.3085,-0.0628,0.0836,0.1057,0.0555,0.111,-0.0203,0.0,0,0.0
381.6,0.2581,0.2974,-0.0393,0.0677,0.1019,0.0705,0.1409,-0.0026,0.1384,117,0.0
381.8,0.2538,0.314,-0.0602,0.0914,0.0982,0.05,0.1001,-0.0267,0.0734,106,0.0
382.0,0.2493,0.3224,-0.0731,0.1034,0.0945,0.036,0.0721,-0.041,0.0,0,0.0
382.2,0.2604,0.3134,-0.053,0.0905,0.0909,0.0485,0.097,-0.0263,0.0707,106,0.0
382.4,0.2568,0.3254,-0.0686,0.1077,0.0874,0.0325,0.065,-0.0445,0.0205,98,0.0
382.6,0.2349,0.3295,-0.0947,0.1136,0.0839,0.0082,0.0163,-0.0622,0.0,0,0.0
382.8,0.2289,0.315,-0.0861,0.0928,0.0805,0.0116,0.0232,-0.0492,0.0,0,0.0
383.0,0.2366,0.3102,-0.0735,0.086,0.0772,0.0183,0.0367,-0.0412,0.0,0,0.0
383.2,0.2348,0.298,-0.0632,0.0686,0.0739,0.0233,0.0467,-0.0289,0.0,0,0.0
383.4,0.23,0.2906,-0.0606,0.058,0.0707,0.0222,0.0445,-0.024,0.0,0,0.0
383.6,0.2338,0.2835,-0.0496,0.0478,0.0676,0.0279,0.0559,-0.0149,0.0,0,0.0
383.8,0.2456,0.2832,-0.0376,0.0474,0.0646,0.0345,0.0691,-0.0102,0.0,0,0.0
384.0,0.2563,0.2779,-0.0217,0.0399,0.0617,0.0444,0.0887,0.0001,0.0888,109,0.0
384.2,0.2453,0.2895,-0.0441,0.0564,0.0589,0.0236,0.0471,-0.0208,0.0,0,0.0
384.4,0.2451,0.2824,-0.0373,0.0463,0.0561,0.0263,0.0525,-0.0138,0.0,0,0.0
384.6,0.2539,0.283,-0.0291,0.0472,0.0535,0.0302,0.0604,-0.0114,0.049,102,0.0
384.8,0.2555,0.293,-0.0375,0.0615,0.0509,0.0209,0.0417,-0.0241,0.0177,97,0.0
385.0,0.239,0.305,-0.066,0.0785,0.0,0.0,0.0,-0.0459,0.0,0,0.0
385.2,0.2135,0.2978,-0.0843,0.0683,0.0,0.0,0.0,-0.0426,0.0,0,0.0
385.4,0.2133,0.2933,-0.08,0.0619,0.0,0.0,0.0,-0.0389,0.0,0,0.0
385.6,0.2008,0.2876,-0.0868,0.0537,0.0,0.0,0.0,-0.0355,0.0,0,0.0
385.8,0.1836,0.28,-0.0963,0.0428,0.0,0.0,0.0,-0.031,0.0,0,0.0
386.0,0.18,0.2754,-0.0954,0.0363,0.0,0.0,0.0,-0.0277,0.0,0,0.0
386.2,0.1746,0.2677,-0.0931,0.0253,0.0,0.0,0.0,-0.0219,0.0,0,0.0
386.4,0.1796,0.2714,-0.0919,0.0306,0.0,0.0,0.0,-0.0245,0.0,0,0.0
386.6,0.1703,0.2674,-0.0971,0.0249,0.0,0.0,0.0,-0.0221,0.0,0,0.0
386.8,0.1649,0.2614,-0.0965,0.0163,0.0,0.0,0.0,-0.0178,0.0,0,0.0
387.0,0.1543,0.2608,-0.1065,0.0155,0.0,0.0,0.0,-0.0184,0.0,0,0.0
387.2,0.1556,0.256,-0.1003,0.0085,0.0,0.0,0.0,-0.0143,0.0,0,0.0
387.4,0.1667,0.2551,-0.0883,0.0072,0.0,0.0,0.0,-0.0124,0.0,0,0.0
387.6,0.1608,0.2581,-0.0973,0.0116,0.0,0.0,0.0,-0.0155,0.0,0,0.0
387.8,0.1496,0.2569,-0.1073,0.0098,0.0,0.0,0.0,-0.0156,0.0,0,0.0
388.0,0.1623,0.2543,-0.0921,0.0062,0.0,0.0,0.0,-0.0123,0.0,0,0.0
388.2,0.1555,0.2516,-0.0961,0.0023,0.0,0.0,0.0,-0.0107,0.0,0,0.0
388.4,0.1616,0.2521,-0.0905,0.003,0.0,0.0,0.0,-0.0106,0.0,0,0.0
388.6,0.1521,0.2511,-0.0991,0.0016,0.0,0.0,0.0,-0.0107,0.0,0,0.0
388.8,0.1455,0.2536,-0.1081,0.0052,0.0,0.0,0.0,-0.0134,0.0,0,0.0
389.0,0.1574,0.2503,-0.0929,0.0004,0.0,0.0,0.0,-0.0095,0.0,0,0.0
389.2,0.1464,0.2529,-0.1065,0.0041,0.0,0.0,0.0,-0.0127,0.0,0,0.0
389.4,0.1487,0.2537,-0.105,0.0053,0.0,0.0,0.0,-0.0132,0.0,0,0.0
389.6,0.1474,0.25,-0.1026,0.0,0.0,0.0,0.0,-0.0103,0.0,0,0.0
389.8,0.1523,0.25,-0.0977,0.0,0.0,0.0,0.0,-0.0098,0.0,0,0.0
390.0,0.1503,0.25,-0.0997,0.0,0.0,0.0,0.0,-0.01,0.0,0,0.0
390.2,0.1548,0.2514,-0.0966,0.002,0.0,0.0,0.0,-0.0107,0.0,0,0.0
390.4,0.153,0.25,-0.097,0.0,0.0,0.0,0.0,-0.0097,0.0,0,0.0
390.6,0.141,0.2532,-0.1123,0.0046,0.0,0.0,0.0,-0.0135,0.0,0,0.0
390.8,0.1555,0.2509,-0.0954,0.0013,0.0,0.0,0.0,-0.0102,0.0,0,0.0
391.0,0.1494,0.2502,-0.1008,0.0003,0.0,0.0,0.0,-0.0102,0.0,0,0.0
391.2,0.143,0.25,-0.107,0.0,0.0,0.0,0.0,-0.0107,0.0,0,0.0
391.4,0.1532,0.2518,-0.0986,0.0026,0.0,0.0,0.0,-0.0112,0.0,0,0.0
391.6,0.1528,0.25,-0.0972,0.0,0.0,0.0,0.0,-0.0097,0.0,0,0.0
391.8,0.1428,0.251,-0.1082,0.0014,0.0,0.0,0.0,-0.0115,0.0,0,0.0
392.0,0.1459,0.2506,-0.1047,0.0008,0.0,0.0,0.0,-0.0109,0.0,0,0.0
392.2,0.1377,0.25,-0.1123,0.0,0.0,0.0,0.0,-0.0112,0.0,0,0.0
392.4,0.1522,0.2533,-0.1012,0.0048,0.0,0.0,0.0,-0.0125,0.0,0,0.0
392.6,0.1395,0.253,-0.1134,0.0042,0.0,0.0,0.0,-0.0135,0.0,0,0.0
392.8,0.1403,0.2532,-0.113,0.0046,0.0,0.0,0.0,-0.0136,0.0,0,0.0
393.0,0.1515,0.25,-0.0985,0.0,0.0,0.0,0.0,-0.0099,0.0,0,0.0
393.2,0.1475,0.25,-0.1025,0.0,0.0,0.0,0.0,-0.0102,0.0,0,0.0
393.4,0.1382,0.2516,-0.1134,0.0023,0.0,0.0,0.0,-0.0125,0.0,0,0.0
393.6,0.1416,0.25,-0.1084,0.0,0.0,0.0,0.0,-0.0108,0.0,0,0.0
393.8,0.1424,0.2504,-0.108,0.0006,0.0,0.0,0.0,-0.0111,0.0,0,0.0
394.0,0.1534,0.25,-0.0966,0.0,0.0,0.0,0.0,-0.0097,0.0,0,0.0
394.2,0.1408,0.2531,-0.1123,0.0044,0.0,0.0,0.0,-0.0134,0.0,0,0.0
394.4,0.1482,0.25,-0.1018,0.0,0.052,0.0,0.0,-0.0102,0.0,0,0.0
394.6,0.1773,0.252,-0.0747,0.0029,0.0546,0.0,0.0,-0.0089,0.0,0,0.0
394.8,0.1882,0.25,-0.0618,0.0,0.0573,0.0,0.0,-0.0062,0.0,0,0.0
395.0,0.1844,0.25,-0.0656,0.0,0.0601,0.0,0.0,-0.0066,0.0,0,0.0
395.2,0.2086,0.2509,-0.0422,0.0012,0.0629,0.0292,0.0583,0.0098,0.0,0,0.0
395.4,0.2221,0.2519,-0.0298,0.0028,0.0659,0.042,0.0841,0.0167,0.0,0,0.0
395.6,0.2268,0.25,-0.0232,0.0,0.0689,0.0504,0.1007,0.0229,0.0,0,0.0
395.8,0.2448,0.2504,-0.0057,0.0006,0.0721,0.0676,0.1351,0.0329,0.0,0,0.0
396.0,0.2499,0.2522,-0.0023,0.0031,0.0753,0.0734,0.1469,0.0349,0.0,0,0.0
396.2,0.2692,0.2519,0.0174,0.0026,0.0786,0.0925,0.185,0.0467,0.2316,132,0.0
396.4,0.2923,0.2726,0.0197,0.0322,0.0819,0.0977,0.1954,0.0347,0.23,131,0.0
396.6,0.285,0.2919,-0.0069,0.0599,0.0854,0.0798,0.1596,0.0093,0.1689,122,0.0
396.8,0.2847,0.31,-0.0253,0.0857,0.0889,0.0686,0.1373,-0.0111,0.1262,115,0.0
397.0,0.2847,0.3242,-0.0395,0.106,0.0924,0.0608,0.1217,-0.0265,0.0951,110,0.0
397.2,0.2874,0.333,-0.0456,0.1185,0.0961,0.0596,0.1191,-0.0341,0.0851,108,0.0
397.4,0.2776,0.3412,-0.0636,0.1303,0.0998,0.0489,0.0978,-0.047,0.0508,103,0.0
397.6,0.2604,0.3434,-0.0831,0.1335,0.1036,0.0371,0.0742,-0.0565,0.0177,97,0.0
397.8,0.2598,0.3493,-0.0895,0.1419,0.1074,0.0357,0.0715,-0.062,0.0095,0,0.0
398.0,0.2664,0.3319,-0.0655,0.1171,0.1113,0.0588,0.1177,-0.0357,0.082,108,0.0
398.2,0.25,0.3434,-0.0934,0.1334,0.1152,0.0405,0.081,-0.0558,0.0,0,0.0
398.4,0.252,0.3295,-0.0775,0.1136,0.1192,0.0572,0.1144,-0.036,0.0784,107,0.0
398.6,0.2542,0.3353,-0.0811,0.1218,0.1233,0.0583,0.1167,-0.0399,0.0768,107,0.0
398.8,0.2501,0.3421,-0.092,0.1316,0.1273,0.0537,0.1074,-0.0482,0.0593,104,0.0
399.0,0.257,0.3462,-0.0893,0.1375,0.1315,0.0601,0.1202,-0.0476,0.0725,106,0.0
399.2,0.2495,0.3504,-0.1009,0.1434,0.1357,0.055,0.1099,-0.0543,0.0,0,0.0
399.4,0.2566,0.3391,-0.0824,0.1272,0.1399,0.0739,0.1479,-0.0349,0.113,113,0.0
399.6,0.2498,0.346,-0.0963,0.1372,0.1442,0.0671,0.1343,-0.0447,0.0,0,0.0
399.8,0.2581,0.3291,-0.071,0.113,0.1484,0.0916,0.1833,-0.0178,0.1655,121,0.0
400.0,0.2769,0.3435,-0.0666,0.1336,0.1528,0.0995,0.199,-0.0237,0.1753,123,0.0
400.2,0.2747,0.3516,-0.0769,0.1452,0.1571,0.0956,0.1912,-0.0325,0.1587,120,0.0
400.4,0.2726,0.3586,-0.0861,0.1552,0.1615,0.0927,0.1853,-0.0399,0.1454,118,0.0
400.6,0.2809,0.3666,-0.0857,0.1666,0.1659,0.0974,0.1947,-0.0432,0.1516,119,0.0
400.8,0.2748,0.3677,-0.093,0.1682,0.1703,0.096,0.192,-0.0454,0.1466,118,0.0
401.0,0.2832,0.3706,-0.0874,0.1722,0.1748,0.1049,0.2098,-0.0424,0.1674,121,0.0
401.2,0.2786,0.3733,-0.0947,0.1762,0.1793,0.1035,0.207,-0.0458,0.1612,120,0.0
401.4,0.2788,0.3795,-0.1007,0.185,0.1837,0.1032,0.2064,-0.0509,0.1555,119,0.0
401.6,0.2758,0.382,-0.1062,0.1885,0.1882,0.1033,0.2066,-0.0532,0.1533,119,0.0
401.8,0.2681,0.3838,-0.1157,0.1912,0.1927,0.1002,0.2003,-0.0571,0.1432,117,0.0
402.0,0.2744,0.3859,-0.1114,0.1941,0.1972,0.1081,0.2161,-0.0542,0.1619,120,0.0
402.2,0.2821,0.3847,-0.1026,0.1925,0.2017,0.1196,0.2392,-0.0467,0.1926,125,0.0
402.4,0.2725,0.3881,-0.1157,0.1974,0.2062,0.1137,0.2274,-0.0534,0.174,122,0.0
402.6,0.2806,0.3926,-0.1119,0.2037,0.2107,0.1212,0.2423,-0.0524,0.1899,125,0.0
402.8,0.2708,0.3965,-0.1257,0.2092,0.2152,0.1147,0.2293,-0.0599,0.1694,122,0.0
403.0,0.2765,0.3962,-0.1197,0.2089,0.2197,0.1239,0.2478,-0.0545,0.1934,125,0.0
403.2,0.2908,0.3928,-0.102,0.204,0.2241,0.1425,0.285,-0.041,0.244,134,0.0
403.4,0.2849,0.3975,-0.1125,0.2107,0.2286,0.1386,0.2771,-0.0473,0.2298,131,0.0
403.6,0.289,0.4028,-0.1138,0.2183,0.233,0.1419,0.2839,-0.0496,0.2343,132,0.0
403.8,0.3047,0.4054,-0.1007,0.2221,0.2374,0.1569,0.3137,-0.0427,0.2711,138,0.0
404.0,0.3062,0.4066,-0.1004,0.2238,0.2418,0.1615,0.323,-0.0412,0.2818,140,0.0
404.2,0.3114,0.4083,-0.097,0.2262,0.2462,0.1686,0.3372,-0.0385,0.2987,142,0.0
404.4,0.3134,0.4131,-0.0997,0.233,0.2505,0.1708,0.3416,-0.0411,0.3005,143,0.0
404.6,0.3054,0.4099,-0.1045,0.2284,0.2548,0.1713,0.3425,-0.039,0.3035,143,0.0
404.8,0.3212,0.4148,-0.0936,0.2354,0.2591,0.1842,0.3685,-0.035,0.3335,148,0.0
405.0,0.32,0.4188,-0.0987,0.2411,0.2633,0.1843,0.3687,-0.0383,0.3304,147,0.0
405.2,0.3365,0.4219,-0.0854,0.2456,0.2675,0.1992,0.3984,-0.0317,0.3667,153,0.0
405.4,0.3424,0.4238,-0.0814,0.2482,0.2717,0.2065,0.4131,-0.029,0.3841,156,0.0
405.6,0.3454,0.4267,-0.0813,0.2525,0.2758,0.2107,0.4215,-0.029,0.3925,157,0.0
405.8,0.3426,0.4269,-0.0843,0.2527,0.2798,0.2124,0.4248,-0.0286,0.3962,158,0.0
406.0,0.3565,0.4318,-0.0753,0.2597,0.2838,0.2236,0.4472,-0.0256,0.4217,162,0.0
406.2,0.3482,0.4348,-0.0865,0.2639,0.2878,0.2186,0.4372,-0.0313,0.4058,159,0.0
406.4,0.3547,0.4337,-0.079,0.2624,0.2917,0.2285,0.4569,-0.0249,0.4321,164,0.0
406.6,0.3679,0.4406,-0.0727,0.2723,0.2955,0.2374,0.4747,-0.0248,0.4499,166,0.0
406.8,0.3749,0.4425,-0.0676,0.275,0.2993,0.2453,0.4905,-0.0216,0.4689,170,0.0
407.0,0.3836,0.4427,-0.0591,0.2752,0.303,0.2558,0.5116,-0.0156,0.496,174,0.0
407.2,0.3847,0.4458,-0.0611,0.2797,0.3067,0.2578,0.5156,-0.0171,0.4985,174,0.0
407.4,0.3755,0.4463,-0.0708,0.2804,0.3103,0.2536,0.5073,-0.0205,0.4868,172,0.0
407.6,0.3883,0.4516,-0.0633,0.2879,0.3138,0.2632,0.5264,-0.0187,0.5077,176,0.0
407.8,0.3867,0.4511,-0.0643,0.2872,0.3173,0.2658,0.5316,-0.0171,0.5145,177,0.0
408.0,0.4078,0.4577,-0.0499,0.2967,0.3206,0.2807,0.5615,-0.013,0.5485,182,0.0
408.2,0.4053,0.4561,-0.0508,0.2944,0.3239,0.2833,0.5666,-0.0106,0.556,183,0.0
408.4,0.4157,0.4617,-0.046,0.3024,0.3272,0.2904,0.5808,-0.0106,0.5702,186,0.0
408.6,0.4118,0.4665,-0.0547,0.3093,0.3303,0.2865,0.5731,-0.0169,0.5562,183,0.0
408.8,0.4194,0.4663,-0.047,0.309,0.3334,0.2958,0.5916,-0.0113,0.5803,187,0.0
409.0,0.432,0.4688,-0.0368,0.3126,0.3364,0.3069,0.6139,-0.0065,0.6073,192,0.0
409.2,0.4218,0.4735,-0.0517,0.3192,0.3392,0.2979,0.5958,-0.0158,0.58,187,0.0
409.4,0.4321,0.4745,-0.0424,0.3207,0.3421,0.3081,0.6162,-0.0105,0.6057,191,0.0
409.6,0.4449,0.4727,-0.0278,0.3181,0.3448,0.3226,0.6451,-0.0006,0.6445,198,0.0
409.8,0.4374,0.4785,-0.041,0.3264,0.3474,0.3146,0.6291,-0.01,0.6191,194,0.0
410.0,0.4486,0.4766,-0.028,0.3238,0.3499,0.3275,0.6551,-0.0009,0.6541,199,0.0
410.2,0.4562,0.4789,-0.0226,0.327,0.3524,0.3343,0.6685,0.0014,0.6699,202,0.0
410.4,0.4563,0.4812,-0.0249,0.3302,0.3547,0.3348,0.6697,-0.0002,0.6695,202,0.0
410.6,0.4577,0.4866,-0.029,0.338,0.357,0.3338,0.6676,-0.005,0.6626,201,0.0
410.8,0.4717,0.4905,-0.0188,0.3436,0.3591,0.3441,0.6882,-0.0016,0.6865,204,0.0
411.0,0.4737,0.4901,-0.0165,0.343,0.3612,0.348,0.696,0.0008,0.6969,206,0.0
411.2,0.4732,0.4944,-0.0212,0.3491,0.3631,0.3462,0.6924,-0.0036,0.6888,205,0.0
411.4,0.4754,0.4971,-0.0216,0.3529,0.365,0.3477,0.6954,-0.0048,0.6906,205,0.0
411.6,0.4851,0.4979,-0.0128,0.3542,0.3667,0.3565,0.713,-0.0001,0.7128,209,0.0
411.8,0.4715,0.4996,-0.0281,0.3565,0.3684,0.3459,0.6918,-0.0081,0.6837,204,0.0
412.0,0.4767,0.5009,-0.0243,0.3585,0.3699,0.3505,0.701,-0.0064,0.6946,206,0.0
412.2,0.4777,0.4978,-0.0201,0.354,0.3713,0.3553,0.7105,-0.0014,0.7091,208,0.0
412.4,0.4791,0.5023,-0.0231,0.3604,0.3727,0.3542,0.7083,-0.0054,0.7029,207,0.0
412.6,0.4926,0.4987,-0.0061,0.3553,0.3739,0.369,0.738,0.0063,0.7443,214,0.0
412.8,0.4997,0.5032,-0.0035,0.3618,0.375,0.3722,0.7444,0.0049,0.7493,214,0.0
413.0,0.5059,0.5017,0.0042,0.3596,0.376,0.3794,0.7587,0.0103,0.769,218,0.0
413.2,0.4967,0.5079,-0.0112,0.3684,0.3769,0.3679,0.7359,-0.0014,0.7345,212,0.0
413.4,0.4932,0.5108,-0.0176,0.3726,0.3777,0.3636,0.7271,-0.0063,0.7209,210,0.0
413.6,0.4966,0.5065,-0.01,0.3665,0.3783,0.3703,0.7407,0.0009,0.7416,213,0.0
413.8,0.5135,0.5095,0.004,0.3707,0.3789,0.38,0.76,0.005,0.765,217,0.0
414.0,0.5115,0.5119,-0.0004,0.3741,0.3793,0.379,0.758,0.0024,0.7604,216,0.0
414.2,0.5131,0.5138,-0.0007,0.3769,0.3797,0.3791,0.7581,0.001,0.7592,216,0.0
414.4,0.5143,0.5128,0.0015,0.3754,0.3799,0.38,0.76,0.0025,0.7625,216,0.0
414.6,0.507,0.5143,-0.0073,0.3775,0.38,0.3742,0.7483,-0.0024,0.7459,214,0.0
414.8,0.5047,0.5155,-0.0108,0.3793,0.38,0.3713,0.7426,-0.0051,0.7375,213,0.0
415.0,0.5159,0.5142,0.0017,0.3774,0.3799,0.38,0.76,0.0015,0.7615,216,0.0
415.2,0.5061,0.5102,-0.0041,0.3717,0.3796,0.3764,0.7528,0.0019,0.7547,215,0.0
415.4,0.5026,0.5118,-0.0092,0.374,0.3793,0.3719,0.7438,-0.002,0.7418,213,0.0
415.6,0.5168,0.5161,0.0007,0.3801,0.3788,0.3794,0.7588,-0.0003,0.7585,216,0.0
415.8,0.5034,0.5117,-0.0083,0.3739,0.3783,0.3716,0.7433,-0.0019,0.7413,213,0.0
416.0,0.5228,0.5172,0.0057,0.3817,0.3776,0.38,0.76,-0.0003,0.7597,216,0.0
416.2,0.5123,0.5179,-0.0056,0.3828,0.3768,0.3723,0.7446,-0.0058,0.7388,213,0.0
416.4,0.5068,0.5121,-0.0054,0.3745,0.3759,0.3716,0.7432,-0.002,0.7413,213,0.0
416.6,0.521,0.5171,0.0039,0.3815,0.3749,0.378,0.756,-0.0014,0.7547,215,0.0
416.8,0.5084,0.5161,-0.0077,0.3801,0.3738,0.3677,0.7353,-0.007,0.7283,211,0.0
417.0,0.5173,0.515,0.0023,0.3786,0.3725,0.3744,0.7487,-0.0019,0.7468,214,0.0
417.2,0.5173,0.5112,0.0061,0.3731,0.3712,0.3761,0.7523,0.0021,0.7544,215,0.0
417.4,0.5052,0.5156,-0.0104,0.3794,0.3698,0.3615,0.723,-0.01,0.7129,209,0.0
417.6,0.5064,0.5128,-0.0064,0.3754,0.3682,0.3631,0.7262,-0.0068,0.7194,210,0.0
417.8,0.5131,0.5156,-0.0025,0.3794,0.3666,0.3646,0.7292,-0.0076,0.7216,210,0.0
418.0,0.506,0.5145,-0.0085,0.3778,0.3648,0.358,0.716,-0.0108,0.7053,207,0.0
418.2,0.5042,0.51,-0.0057,0.3714,0.363,0.3584,0.7167,-0.0071,0.7097,208,0.0
418.4,0.5047,0.5108,-0.0061,0.3726,0.361,0.3561,0.7122,-0.0089,0.7033,207,0.0
418.6,0.5029,0.5133,-0.0104,0.3761,0.3589,0.3506,0.7012,-0.0138,0.6874,204,0.0
418.8,0.4835,0.5091,-0.0256,0.3701,0.3568,0.3363,0.6726,-0.0195,0.6531,199,0.0
419.0,0.4899,0.5036,-0.0137,0.3622,0.3545,0.3435,0.6871,-0.0107,0.6763,203,0.0
419.2,0.4871,0.5063,-0.0191,0.3661,0.3521,0.3369,0.6737,-0.0165,0.6572,200,0.0
419.4,0.491,0.5076,-0.0166,0.3679,0.3497,0.3364,0.6729,-0.0174,0.6555,199,0.0
419.6,0.4806,0.5023,-0.0217,0.3605,0.3472,0.3298,0.6595,-0.0175,0.642,197,0.0
419.8,0.4703,0.5026,-0.0323,0.3608,0.3445,0.3187,0.6374,-0.0243,0.6131,193,0.0
420.0,0.478,0.4971,-0.0191,0.353,0.3418,0.3265,0.653,-0.0152,0.6379,197,0.0
420.2,0.4673,0.4995,-0.0322,0.3565,0.339,0.3132,0.6264,-0.0249,0.6015,191,0.0
420.4,0.4598,0.4938,-0.0341,0.3483,0.3361,0.3088,0.6176,-0.0232,0.5944,190,0.0
420.6,0.4633,0.4962,-0.0329,0.3517,0.3331,0.3068,0.6136,-0.0257,0.5878,189,0.0
420.8,0.4558,0.4914,-0.0356,0.3449,0.33,0.3015,0.603,-0.0253,0.5778,187,0.0
421.0,0.4657,0.4903,-0.0245,0.3432,0.3269,0.3072,0.6144,-0.0205,0.594,190,0.0
421.2,0.4562,0.4876,-0.0314,0.3394,0.3236,0.2985,0.597,-0.0236,0.5734,186,0.0
421.4,0.4471,0.4863,-0.0392,0.3376,0.3203,0.2889,0.5779,-0.0282,0.5496,182,0.0
421.6,0.4528,0.4874,-0.0346,0.3391,0.3169,0.2893,0.5786,-0.0284,0.5502,183,0.0
421.8,0.4343,0.4871,-0.0528,0.3387,0.3135,0.2712,0.5425,-0.039,0.5034,175,0.0
422.0,0.4362,0.4827,-0.0464,0.3324,0.3099,0.2728,0.5456,-0.0344,0.5112,176,0.0
422.2,0.4352,0.4833,-0.0481,0.3333,0.3063,0.2679,0.5357,-0.0375,0.4982,174,0.0
422.4,0.4274,0.4757,-0.0483,0.3224,0.3027,0.2641,0.5282,-0.034,0.4941,174,0.0
422.6,0.4284,0.4771,-0.0487,0.3244,0.299,0.26,0.52,-0.0371,0.483,172,0.0
422.8,0.4192,0.4728,-0.0536,0.3183,0.2952,0.2523,0.5046,-0.0384,0.4662,169,0.0
423.0,0.4223,0.4691,-0.0468,0.313,0.2913,0.2539,0.5078,-0.0342,0.4736,170,0.0
423.2,0.4156,0.4678,-0.0522,0.3111,0.2874,0.2456,0.4913,-0.038,0.4533,167,0.0
423.4,0.4122,0.4658,-0.0535,0.3082,0.2835,0.2406,0.4813,-0.0391,0.4422,165,0.0
423.6,0.3994,0.4623,-0.0629,0.3033,0.2794,0.2291,0.4582,-0.0434,0.4149,161,0.0
423.8,0.3897,0.4664,-0.0768,0.3092,0.2754,0.214,0.4279,-0.0553,0.3727,154,0.0
424.0,0.3899,0.4564,-0.0665,0.2948,0.2713,0.2181,0.4361,-0.045,0.3911,157,0.0
424.2,0.3734,0.46,-0.0867,0.3,0.2671,0.1978,0.3956,-0.0598,0.3358,148,0.0
424.4,0.378,0.453,-0.075,0.2899,0.2629,0.2029,0.4059,-0.051,0.3549,151,0.0
424.6,0.3711,0.4542,-0.0831,0.2917,0.2587,0.1922,0.3845,-0.058,0.3265,147,0.0
424.8,0.3593,0.448,-0.0888,0.2829,0.2544,0.1834,0.3668,-0.0586,0.3081,144,0.0
425.0,0.3622,0.4437,-0.0816,0.2768,0.2501,0.1848,0.3697,-0.0541,0.3155,145,0.0
425.2,0.3548,0.4428,-0.088,0.2754,0.2458,0.1754,0.3507,-0.0588,0.2919,141,0.0
425.4,0.3523,0.4411,-0.0887,0.273,0.2414,0.1704,0.3408,-0.0601,0.2807,139,0.0
425.6,0.3315,0.4368,-0.1053,0.2669,0.237,0.1528,0.3056,-0.0676,0.238,133,0.0
425.8,0.3262,0.4321,-0.1059,0.2601,0.2326,0.1479,0.2957,-0.0667,0.229,131,0.0
426.0,0.3313,0.4297,-0.0983,0.2567,0.2282,0.1495,0.299,-0.0634,0.2355,132,0.0
426.2,0.3129,0.4298,-0.117,0.2569,0.2237,0.1301,0.2603,-0.0751,0.1852,124,0.0
426.4,0.324,0.4265,-0.1026,0.2522,0.2192,0.1372,0.2744,-0.0678,0.2066,128,0.0
426.6,0.3105,0.4246,-0.114,0.2494,0.2148,0.1235,0.247,-0.0743,0.1727,122,0.0
426.8,0.3013,0.4155,-0.1142,0.2365,0.2103,0.1189,0.2378,-0.0702,0.1676,121,0.0
427.0,0.2917,0.413,-0.1214,0.2329,0.2058,0.1087,0.2174,-0.0742,0.1431,117,0.0
427.2,0.2958,0.4127,-0.1169,0.2324,0.2013,0.1078,0.2156,-0.074,0.1415,117,0.0
427.4,0.2806,0.4097,-0.129,0.2281,0.1968,0.0936,0.1871,-0.0802,0.1069,112,0.0
427.6,0.2804,0.4086,-0.1282,0.2266,0.1923,0.0897,0.1794,-0.0813,0.0981,110,0.0
427.8,0.2753,0.406,-0.1307,0.2228,0.1878,0.0832,0.1665,-0.0828,0.0837,108,0.0
428.0,0.2585,0.4039,-0.1454,0.2198,0.1833,0.067,0.134,-0.0909,0.0431,101,0.0
428.2,0.2552,0.3996,-0.1445,0.2138,0.1788,0.0633,0.1265,-0.0897,0.0368,100,0.0
428.4,0.2457,0.3939,-0.1482,0.2055,0.1744,0.0558,0.1116,-0.0897,0.0,0,0.0
428.6,0.2589,0.3751,-0.1162,0.1787,0.1699,0.077,0.1539,-0.0625,0.0914,109,0.0
428.8,0.2464,0.3746,-0.1283,0.1781,0.1655,0.0629,0.1258,-0.0704,0.0,0,0.0
429.0,0.2583,0.3563,-0.098,0.1519,0.1611,0.0827,0.1653,-0.0444,0.1209,114,0.0
429.2,0.2612,0.3591,-0.098,0.1559,0.1567,0.0783,0.1566,-0.0486,0.108,112,0.0
429.4,0.2491,0.3663,-0.1172,0.1661,0.1523,0.0586,0.1172,-0.0655,0.0,0,0.0
429.6,0.257,0.3496,-0.0926,0.1423,0.148,0.074,0.1479,-0.0434,0.1045,111,0.0
429.8,0.2449,0.3544,-0.1095,0.1492,0.1437,0.0561,0.1123,-0.0575,0.0,0,0.0
430.0,0.257,0.3358,-0.0788,0.1226,0.1395,0.0764,0.1529,-0.031,0.1219,114,0.0
430.2,0.262,0.3466,-0.0846,0.138,0.1353,0.0676,0.1352,-0.0437,0.0915,109,0.0
430.4,0.2568,0.3496,-0.0928,0.1423,0.1311,0.0568,0.1136,-0.052,0.0616,104,0.0
430.6,0.2432,0.3586,-0.1154,0.1551,0.1269,0.0346,0.0693,-0.0718,0.0,0,0.0
430.8,0.2363,0.3408,-0.1044,0.1296,0.1229,0.0393,0.0786,-0.0556,0.0,0,0.0
431.0,0.2378,0.3234,-0.0856,0.1048,0.1188,0.0503,0.1007,-0.0358,0.0,0,0.0
431.2,0.2502,0.3131,-0.0629,0.0902,0.1148,0.0645,0.1289,-0.0191,0.1098,112,0.0
431.4,0.2443,0.3252,-0.0808,0.1074,0.1109,0.0462,0.0924,-0.0387,0.0,0,0.0
431.6,0.2619,0.3131,-0.0511,0.0901,0.107,0.0661,0.1322,-0.0171,0.1151,113,0.0
431.8,0.2566,0.3249,-0.0683,0.107,0.1032,0.0485,0.0971,-0.0361,0.061,104,0.0
432.0,0.2485,0.3318,-0.0833,0.1168,0.0994,0.0328,0.0656,-0.0503,0.0,0,0.0
432.2,0.2446,0.3193,-0.0747,0.099,0.0957,0.036,0.072,-0.039,0.0,0,0.0
432.4,0.2533,0.3099,-0.0566,0.0856,0.0921,0.0468,0.0937,-0.025,0.0687,105,0.0
432.6,0.2395,0.3176,-0.0781,0.0966,0.0885,0.026,0.052,-0.0431,0.0,0,0.0
432.8,0.2513,0.3081,-0.0567,0.083,0.085,0.0396,0.0793,-0.0273,0.0519,103,0.0
433.0,0.2379,0.3191,-0.0812,0.0988,0.0816,0.0166,0.0332,-0.0492,0.0,0,0.0
433.2,0.2455,0.3084,-0.0629,0.0835,0.0782,0.0279,0.0559,-0.0341,0.0,0,0.0
433.4,0.233,0.3023,-0.0693,0.0748,0.075,0.0195,0.0391,-0.0345,0.0,0,0.0
433.6,0.2365,0.2965,-0.06,0.0664,0.0718,0.0238,0.0475,-0.0273,0.0,0,0.0
433.8,0.2394,0.2847,-0.0453,0.0496,0.0686,0.0324,0.0649,-0.0131,0.0,0,0.0
434.0,0.2437,0.2794,-0.0357,0.042,0.0656,0.0371,0.0741,-0.006,0.0,0,0.0
434.2,0.2469,0.2765,-0.0297,0.0379,0.0627,0.0389,0.0778,-0.0025,0.0,0,0.0
434.4,0.2561,0.2743,-0.0183,0.0348,0.0598,0.0452,0.0904,0.0034,0.0937,109,0.0
434.6,0.2598,0.2861,-0.0262,0.0515,0.057,0.0361,0.0721,-0.0103,0.0618,104,0.0
434.8,0.2493,0.2999,-0.0506,0.0713,0.0543,0.0138,0.0277,-0.0338,0.0,0,0.0
435.0,0.25,0.2919,-0.0419,0.0599,0.0517,0.0182,0.0365,-0.025,0.0115,96,0.0
435.2,0.2316,0.308,-0.0765,0.0829,0.0,0.0,0.0,-0.0491,0.0,0,0.0
435.4,0.2207,0.2972,-0.0765,0.0674,0.0,0.0,0.0,-0.0413,0.0,0,0.0
435.6,0.2187,0.2932,-0.0745,0.0617,0.0,0.0,0.0,-0.0383,0.0,0,0.0
435.8,0.1996,0.2874,-0.0878,0.0535,0.0,0.0,0.0,-0.0355,0.0,0,0.0
436.0,0.2029,0.2805,-0.0775,0.0435,0.0,0.0,0.0,-0.0295,0.0,0,0.0
436.2,0.1884,0.274,-0.0856,0.0343,0.0,0.0,0.0,-0.0257,0.0,0,0.0
436.4,0.175,0.2711,-0.0961,0.0302,0.0,0.0,0.0,-0.0247,0.0,0,0.0
436.6,0.1834,0.2667,-0.0833,0.0239,0.0,0.0,0.0,-0.0203,0.0,0,0.0
436.8,0.1804,0.2654,-0.085,0.022,0.0,0.0,0.0,-0.0195,0.0,0,0.0
437.0,0.1683,0.2664,-0.0981,0.0235,0.0,0.0,0.0,-0.0215,0.0,0,0.0
437.2,0.1625,0.263,-0.1005,0.0186,0.0,0.0,0.0,-0.0193,0.0,0,0.0
437.4,0.1702,0.2572,-0.0871,0.0103,0.0,0.0,0.0,-0.0139,0.0,0,0.0
437.6,0.1644,0.2573,-0.0929,0.0104,0.0,0.0,0.0,-0.0145,0.0,0,0.0
437.8,0.1692,0.2563,-0.0872,0.009,0.0,0.0,0.0,-0.0132,0.0,0,0.0
438.0,0.1514,0.2565,-0.105,0.0092,0.0,0.0,0.0,-0.0151,0.0,0,0.0
438.2,0.1635,0.2561,-0.0926,0.0087,0.0,0.0,0.0,-0.0136,0.0,0,0.0
438.4,0.1467,0.2514,-0.1047,0.0019,0.0,0.0,0.0,-0.0114,0.0,0,0.0
438.6,0.1645,0.2529,-0.0883,0.0041,0.0,0.0,0.0,-0.0109,0.0,0,0.0
438.8,0.1498,0.2546,-0.1048,0.0065,0.0,0.0,0.0,-0.0137,0.0,0,0.0
439.0,0.1552,0.2524,-0.0972,0.0034,0.0,0.0,0.0,-0.0114,0.0,0,0.0
439.2,0.1435,0.25,-0.1065,0.0,0.0,0.0,0.0,-0.0106,0.0,0,0.0
439.4,0.1423,0.25,-0.1077,0.0,0.0,0.0,0.0,-0.0108,0.0,0,0.0
439.6,0.161,0.25,-0.089,0.0,0.0,0.0,0.0,-0.0089,0.0,0,0.0
439.8,0.1493,0.2519,-0.1026,0.0027,0.0,0.0,0.0,-0.0116,0.0,0,0.0
440.0,0.1563,0.2513,-0.0951,0.0019,0.0,0.0,0.0,-0.0105,0.0,0,0.0
440.2,0.1525,0.25,-0.0975,0.0,0.0,0.0,0.0,-0.0097,0.0,0,0.0
440.4,0.1527,0.2524,-0.0996,0.0034,0.0,0.0,0.0,-0.0117,0.0,0,0.0
440.6,0.1551,0.2502,-0.0952,0.0003,0.0,0.0,0.0,-0.0097,0.0,0,0.0
440.8,0.1446,0.2541,-0.1095,0.0058,0.0,0.0,0.0,-0.0139,0.0,0,0.0
441.0,0.1473,0.25,-0.1027,0.0,0.0,0.0,0.0,-0.0103,0.0,0,0.0
441.2,0.1536,0.25,-0.0964,0.0,0.0,0.0,0.0,-0.0096,0.0,0,0.0
441.4,0.1432,0.2524,-0.1091,0.0034,0.0,0.0,0.0,-0.0126,0.0,0,0.0
441.6,0.146,0.252,-0.106,0.0028,0.0,0.0,0.0,-0.012,0.0,0,0.0
441.8,0.1532,0.25,-0.0968,0.0,0.0,0.0,0.0,-0.0097,0.0,0,0.0
442.0,0.1518,0.25,-0.0982,0.0,0.0,0.0,0.0,-0.0098,0.0,0,0.0
442.2,0.1398,0.25,-0.1102,0.0,0.0,0.0,0.0,-0.011,0.0,0,0.0
442.4,0.1479,0.25,-0.1021,0.0,0.0,0.0,0.0,-0.0102,0.0,0,0.0
442.6,0.1438,0.25,-0.1062,0.0,0.0,0.0,0.0,-0.0106,0.0,0,0.0
442.8,0.1581,0.251,-0.0929,0.0014,0.0,0.0,0.0,-0.01,0.0,0,0.0
443.0,0.1579,0.25,-0.0921,0.0,0.0,0.0,0.0,-0.0092,0.0,0,0.0
443.2,0.1427,0.2516,-0.1089,0.0023,0.0,0.0,0.0,-0.012,0.0,0,0.0
443.4,0.1456,0.25,-0.1044,0.0,0.0,0.0,0.0,-0.0104,0.0,0,0.0
443.6,0.1421,0.25,-0.1079,0.0,0.0,0.0,0.0,-0.0108,0.0,0,0.0
443.8,0.1462,0.2501,-0.1038,0.0001,0.0,0.0,0.0,-0.0104,0.0,0,0.0
444.0,0.1398,0.25,-0.1102,0.0,0.0,0.0,0.0,-0.011,0.0,0,0.0
444.2,0.1466,0.2516,-0.105,0.0023,0.0,0.0,0.0,-0.0117,0.0,0,0.0
444.4,0.1557,0.25,-0.0943,0.0,0.0,0.0,0.0,-0.0094,0.0,0,0.0
444.6,0.1592,0.2515,-0.0923,0.0021,0.0511,0.0,0.0,-0.0103,0.0,0,0.0
444.8,0.1782,0.25,-0.0718,0.0,0.0537,0.0,0.0,-0.0072,0.0,0,0.0
445.0,0.191,0.2514,-0.0604,0.002,0.0564,0.0,0.0,-0.0071,0.0,0,0.0
445.2,0.1952,0.2532,-0.058,0.0045,0.0592,0.0,0.0,-0.0081,0.0,0,0.0
445.4,0.197,0.25,-0.053,0.0,0.062,0.0,0.0,-0.0053,0.0,0,0.0
445.6,0.2123,0.25,-0.0377,0.0,0.0649,0.0347,0.0695,0.0136,0.0,0,0.0
445.8,0.2419,0.25,-0.0081,0.0,0.0679,0.0615,0.1229,0.0299,0.0,0,0.0
446.0,0.2519,0.2534,-0.0015,0.0049,0.071,0.0698,0.1397,0.0323,0.172,122,0.0
446.2,0.2506,0.2749,-0.0243,0.0356,0.0742,0.0548,0.1096,0.0072,0.1169,113,0.0
446.4,0.2529,0.2876,-0.0347,0.0537,0.0775,0.0498,0.0995,-0.0054,0.0941,110,0.0
446.6,0.2648,0.3052,-0.0405,0.0789,0.0808,0.0484,0.0969,-0.0193,0.0776,107,0.0
446.8,0.2647,0.3193,-0.0546,0.099,0.0842,0.0406,0.0811,-0.0347,0.0464,102,0.0
447.0,0.2492,0.3228,-0.0736,0.104,0.0877,0.0288,0.0576,-0.045,0.0,0,0.0
447.2,0.2627,0.3169,-0.0542,0.0956,0.0913,0.0479,0.0958,-0.0292,0.0666,105,0.0
447.4,0.2554,0.327,-0.0716,0.11,0.0949,0.0376,0.0752,-0.0434,0.0319,100,0.0
447.6,0.2455,0.333,-0.0874,0.1185,0.0986,0.0286,0.0572,-0.0537,0.0,0,0.0
447.8,0.2413,0.3173,-0.076,0.0962,0.1023,0.0415,0.083,-0.0349,0.0,0,0.0
448.0,0.2459,0.3077,-0.0618,0.0825,0.1061,0.0567,0.1133,-0.0191,0.0,0,0.0
448.2,0.2571,0.2968,-0.0397,0.0669,0.11,0.0782,0.1564,0.0017,0.1581,120,0.0
448.4,0.2694,0.3142,-0.0448,0.0917,0.1139,0.078,0.1561,-0.0113,0.1447,118,0.0
448.6,0.2726,0.3236,-0.051,0.1052,0.1179,0.0771,0.1542,-0.0191,0.1351,116,0.0
448.8,0.2654,0.3349,-0.0695,0.1213,0.1219,0.0663,0.1326,-0.0345,0.0981,110,0.0
449.0,0.2602,0.3442,-0.084,0.1346,0.126,0.0588,0.1175,-0.0463,0.0712,106,0.0
449.2,0.2655,0.3528,-0.0873,0.1469,0.1301,0.0603,0.1205,-0.0521,0.0684,105,0.0
449.4,0.2548,0.3555,-0.1007,0.1507,0.1343,0.0538,0.1075,-0.0585,0.049,102,0.0
449.6,0.2598,0.3606,-0.1009,0.158,0.1385,0.0578,0.1156,-0.0602,0.0554,103,0.0
449.8,0.2626,0.3575,-0.0948,0.1535,0.1428,0.0669,0.1338,-0.0528,0.081,107,0.0
450.0,0.2429,0.3608,-0.1179,0.1582,0.147,0.0527,0.1055,-0.0645,0.0,0,0.0
450.2,0.2579,0.3464,-0.0885,0.1376,0.1514,0.0806,0.1612,-0.0374,0.1238,114,0.0
450.4,0.2498,0.3503,-0.1005,0.1432,0.1557,0.0753,0.1506,-0.044,0.0,0,0.0
450.6,0.2623,0.3411,-0.0788,0.1302,0.1601,0.097,0.194,-0.0245,0.1695,122,0.0
450.8,0.2641,0.3479,-0.0837,0.1398,0.1645,0.0975,0.195,-0.0295,0.1654,121,0.0
451.0,0.2666,0.3538,-0.0873,0.1483,0.1689,0.0991,0.1982,-0.0333,0.1649,121,0.0
451.2,0.2803,0.3638,-0.0835,0.1626,0.1733,0.1065,0.2131,-0.0364,0.1767,123,0.0
451.4,0.2675,0.3701,-0.1025,0.1715,0.1778,0.0958,0.1915,-0.0481,0.1434,117,0.0
451.6,0.2846,0.3687,-0.0842,0.1696,0.1823,0.1149,0.2299,-0.0358,0.1941,126,0.0
451.8,0.2869,0.3739,-0.0869,0.177,0.1868,0.1172,0.2344,-0.0386,0.1958,126,0.0
452.0,0.272,0.3806,-0.1085,0.1866,0.1912,0.1044,0.2088,-0.0519,0.1569,120,0.0
452.2,0.2799,0.3855,-0.1056,0.1936,0.1957,0.1113,0.2225,-0.0517,0.1708,122,0.0
452.4,0.2754,0.3882,-0.1128,0.1975,0.2002,0.11,0.22,-0.055,0.1651,121,0.0
452.6,0.2774,0.3869,-0.1095,0.1956,0.2047,0.1171,0.2342,-0.0502,0.184,124,0.0
452.8,0.2858,0.3938,-0.108,0.2054,0.2092,0.1229,0.2458,-0.0521,0.1937,125,0.0
453.0,0.276,0.3933,-0.1173,0.2047,0.2137,0.1199,0.2398,-0.0541,0.1856,124,0.0
453.2,0.2818,0.3934,-0.1116,0.2048,0.2182,0.1289,0.2579,-0.0491,0.2088,128,0.0
453.4,0.286,0.3958,-0.1098,0.2082,0.2227,0.1349,0.2697,-0.0477,0.2221,130,0.0
453.6,0.2883,0.4019,-0.1136,0.217,0.2271,0.1362,0.2725,-0.0518,0.2207,130,0.0
453.8,0.3027,0.403,-0.1003,0.2186,0.2316,0.1513,0.3027,-0.0437,0.259,136,0.0
454.0,0.3057,0.402,-0.0963,0.2172,0.236,0.159,0.3179,-0.0387,0.2792,139,0.0
454.2,0.3095,0.4032,-0.0937,0.2189,0.2404,0.1655,0.3309,-0.0361,0.2949,142,0.0
454.4,0.3087,0.4069,-0.0982,0.2242,0.2448,0.1662,0.3324,-0.0388,0.2936,141,0.0
454.6,0.3178,0.4092,-0.0914,0.2274,0.2491,0.176,0.3519,-0.0349,0.3171,145,0.0
454.8,0.3251,0.415,-0.0899,0.2357,0.2534,0.1815,0.3631,-0.0361,0.327,147,0.0
455.0,0.3262,0.4159,-0.0897,0.237,0.2577,0.1859,0.3719,-0.0345,0.3374,148,0.0
455.2,0.3257,0.4197,-0.094,0.2425,0.2619,0.1867,0.3735,-0.0373,0.3362,148,0.0
455.4,0.3379,0.423,-0.0851,0.2472,0.2662,0.1981,0.3962,-0.033,0.3631,153,0.0
455.6,0.3395,0.4249,-0.0854,0.2498,0.2703,0.202,0.404,-0.0324,0.3716,154,0.0
455.8,0.3347,0.4261,-0.0914,0.2516,0.2744,0.2013,0.4026,-0.0343,0.3683,153,0.0
456.0,0.3331,0.4288,-0.0957,0.2554,0.2785,0.202,0.404,-0.0363,0.3677,153,0.0
456.2,0.3486,0.4315,-0.0829,0.2593,0.2825,0.2162,0.4324,-0.0298,0.4026,159,0.0
456.4,0.3453,0.4347,-0.0894,0.2638,0.2865,0.215,0.4299,-0.0334,0.3966,158,0.0
456.6,0.3671,0.4311,-0.064,0.2586,0.2904,0.2392,0.4785,-0.0161,0.4624,168,0.0
456.8,0.3712,0.4363,-0.065,0.2661,0.2943,0.2423,0.4845,-0.0184,0.4661,169,0.0
457.0,0.3593,0.4377,-0.0785,0.2682,0.2981,0.2353,0.4707,-0.0243,0.4464,166,0.0
457.2,0.3797,0.4417,-0.0619,0.2738,0.3018,0.2523,0.5046,-0.0169,0.4876,173,0.0
457.4,0.3866,0.4478,-0.0612,0.2825,0.3055,0.2565,0.5131,-0.0191,0.4939,174,0.0
457.6,0.3856,0.45,-0.0643,0.2857,0.3091,0.2576,0.5153,-0.0205,0.4948,174,0.0
457.8,0.391,0.4518,-0.0608,0.2883,0.3127,0.2641,0.5281,-0.0182,0.5099,176,0.0
458.0,0.4019,0.4568,-0.055,0.2955,0.3161,0.2722,0.5444,-0.0171,0.5272,179,0.0
458.2,0.395,0.4529,-0.0578,0.2898,0.3195,0.2733,0.5466,-0.014,0.5326,180,0.0
458.4,0.3983,0.4586,-0.0602,0.2979,0.3229,0.2747,0.5494,-0.0177,0.5317,180,0.0
458.6,0.4185,0.461,-0.0425,0.3015,0.3261,0.2921,0.5843,-0.0089,0.5753,187,0.0
458.8,0.4157,0.4613,-0.0456,0.3019,0.3293,0.2928,0.5856,-0.0091,0.5765,187,0.0
459.0,0.4179,0.4662,-0.0482,0.3088,0.3324,0.2938,0.5876,-0.0124,0.5752,187,0.0
459.2,0.4208,0.471,-0.0502,0.3157,0.3354,0.2952,0.5904,-0.0153,0.5752,187,0.0
459.4,0.4219,0.4723,-0.0504,0.3176,0.3383,0.298,0.5959,-0.0149,0.5811,187,0.0
459.6,0.4224,0.4707,-0.0483,0.3153,0.3411,0.3025,0.605,-0.0112,0.5938,190,0.0
459.8,0.4381,0.4749,-0.0368,0.3213,0.3439,0.3144,0.6289,-0.0071,0.6217,194,0.0
460.0,0.4411,0.4784,-0.0372,0.3263,0.3466,0.3168,0.6335,-0.0085,0.625,195,0.0
460.2,0.4491,0.4756,-0.0265,0.3222,0.3491,0.328,0.6559,0.0002,0.6561,199,0.0
460.4,0.4569,0.4787,-0.0218,0.3267,0.3516,0.3342,0.6684,0.0016,0.6699,202,0.0
460.6,0.4569,0.4833,-0.0264,0.3333,0.354,0.3328,0.6657,-0.0029,0.6628,201,0.0
460.8,0.4669,0.4861,-0.0192,0.3373,0.3563,0.3409,0.6817,-0.0001,0.6816,204,0.0
461.0,0.4684,0.4854,-0.0171,0.3364,0.3584,0.3448,0.6896,0.0025,0.6921,205,0.0
461.2,0.4671,0.4898,-0.0227,0.3426,0.3605,0.3423,0.6847,-0.0024,0.6823,204,0.0
461.4,0.4612,0.493,-0.0318,0.3471,0.3625,0.3371,0.6742,-0.0082,0.666,201,0.0
461.6,0.477,0.4949,-0.0178,0.3498,0.3644,0.3501,0.7003,-0.0016,0.6987,206,0.0
461.8,0.48,0.4981,-0.0181,0.3545,0.3662,0.3517,0.7033,-0.0032,0.7001,207,0.0
462.0,0.4783,0.4944,-0.0162,0.3492,0.3679,0.3549,0.7099,0.0012,0.7111,208,0.0
462.2,0.4851,0.4992,-0.0141,0.3559,0.3694,0.3582,0.7164,-0.0003,0.7161,209,0.0
462.4,0.49,0.499,-0.009,0.3557,0.3709,0.3637,0.7274,0.0031,0.7306,211,0.0
462.6,0.4944,0.5039,-0.0094,0.3626,0.3723,0.3647,0.7294,0.0001,0.7295,211,0.0
462.8,0.4866,0.5017,-0.0151,0.3595,0.3735,0.3615,0.7229,-0.0005,0.7224,210,0.0
463.0,0.4843,0.5026,-0.0183,0.3609,0.3746,0.36,0.72,-0.0023,0.7177,209,0.0
463.2,0.4899,0.5077,-0.0178,0.3681,0.3757,0.3615,0.723,-0.0051,0.7179,209,0.0
463.4,0.5019,0.5042,-0.0023,0.3632,0.3766,0.3747,0.7495,0.0055,0.755,215,0.0
463.6,0.4994,0.5072,-0.0079,0.3675,0.3774,0.3711,0.7422,0.001,0.7433,213,0.0
463.8,0.4916,0.508,-0.0164,0.3685,0.3781,0.365,0.73,-0.0034,0.7266,211,0.0
464.0,0.4962,0.5115,-0.0153,0.3735,0.3787,0.3665,0.7329,-0.0051,0.7278,211,0.0
464.2,0.5009,0.5118,-0.0109,0.374,0.3792,0.3704,0.7409,-0.0029,0.738,213,0.0
464.4,0.507,0.5092,-0.0021,0.3702,0.3796,0.3779,0.7557,0.0036,0.7593,216,0.0
464.6,0.5087,0.509,-0.0003,0.37,0.3798,0.3796,0.7592,0.0048,0.764,217,0.0
464.8,0.5192,0.5108,0.0084,0.3726,0.38,0.38,0.76,0.0045,0.7645,217,0.0
465.0,0.5045,0.5148,-0.0103,0.3782,0.38,0.3718,0.7435,-0.0043,0.7393,213,0.0
465.2,0.5177,0.5106,0.0071,0.3722,0.3799,0.38,0.76,0.0046,0.7646,217,0.0
465.4,0.5194,0.5133,0.0061,0.3762,0.3797,0.38,0.76,0.0025,0.7625,217,0.0
465.6,0.5144,0.5147,-0.0002,0.3781,0.3794,0.3792,0.7585,0.0005,0.759,216,0.0
465.8,0.5034,0.5134,-0.01,0.3763,0.379,0.371,0.742,-0.0036,0.7384,213,0.0
466.0,0.5039,0.5109,-0.007,0.3727,0.3785,0.3729,0.7458,-0.0006,0.7452,214,0.0
466.2,0.5181,0.5109,0.0073,0.3727,0.3778,0.38,0.76,0.0044,0.7644,217,0.0
466.4,0.5107,0.5116,-0.0008,0.3737,0.3771,0.3764,0.7528,0.0013,0.7541,215,0.0
466.6,0.5029,0.5181,-0.0152,0.3829,0.3762,0.3641,0.7282,-0.0109,0.7172,209,0.0
466.8,0.5092,0.5153,-0.0061,0.379,0.3752,0.3703,0.7407,-0.005,0.7357,212,0.0
467.0,0.504,0.5135,-0.0095,0.3764,0.3742,0.3666,0.7332,-0.0059,0.7273,211,0.0
467.2,0.5122,0.5145,-0.0023,0.3779,0.373,0.3711,0.7422,-0.0036,0.7386,213,0.0
467.4,0.5032,0.5157,-0.0125,0.3796,0.3717,0.3616,0.7233,-0.0102,0.713,209,0.0
467.6,0.517,0.5153,0.0016,0.379,0.3703,0.3716,0.7431,-0.0036,0.7395,213,0.0
467.8,0.4984,0.5123,-0.0139,0.3747,0.3687,0.3576,0.7153,-0.0099,0.7054,207,0.0
468.0,0.5048,0.5118,-0.007,0.374,0.3671,0.3615,0.7231,-0.007,0.7161,209,0.0
468.2,0.5044,0.5142,-0.0098,0.3775,0.3654,0.3575,0.7151,-0.011,0.7041,207,0.0
468.4,0.5132,0.511,0.0022,0.3729,0.3636,0.3654,0.7307,-0.0035,0.7272,211,0.0
468.6,0.5035,0.5076,-0.0042,0.368,0.3616,0.3583,0.7166,-0.0053,0.7114,208,0.0
468.8,0.492,0.513,-0.021,0.3757,0.3596,0.3428,0.6856,-0.0186,0.667,201,0.0
469.0,0.4918,0.5067,-0.0149,0.3667,0.3575,0.3456,0.6911,-0.0121,0.6791,203,0.0
469.2,0.4864,0.5079,-0.0216,0.3685,0.3553,0.338,0.676,-0.0174,0.6586,200,0.0
469.4,0.4937,0.5065,-0.0128,0.3664,0.3529,0.3427,0.6854,-0.0131,0.6722,202,0.0
469.6,0.4974,0.5037,-0.0062,0.3624,0.3505,0.3455,0.6911,-0.009,0.6821,204,0.0
469.8,0.4845,0.5052,-0.0208,0.3646,0.348,0.3314,0.6627,-0.0187,0.644,198,0.0
470.0,0.4795,0.5037,-0.0242,0.3624,0.3454,0.326,0.6521,-0.0206,0.6314,196,0.0
470.2,0.4773,0.4989,-0.0215,0.3556,0.3427,0.3255,0.6509,-0.0172,0.6337,196,0.0
470.4,0.4769,0.4993,-0.0224,0.3561,0.3399,0.322,0.644,-0.0193,0.6247,194,0.0
470.6,0.4724,0.4991,-0.0267,0.3559,0.337,0.3156,0.6313,-0.0228,0.6085,192,0.0
470.8,0.4735,0.4937,-0.0202,0.3481,0.3341,0.3179,0.6358,-0.0171,0.6187,193,0.0
471.0,0.472,0.4956,-0.0237,0.3509,0.331,0.3121,0.6242,-0.0218,0.6024,191,0.0
471.2,0.4665,0.4941,-0.0275,0.3487,0.3279,0.3059,0.6117,-0.0242,0.5876,189,0.0
471.4,0.4644,0.4936,-0.0292,0.348,0.3247,0.3013,0.6026,-0.0263,0.5763,187,0.0
471.6,0.4521,0.4905,-0.0384,0.3436,0.3214,0.2907,0.5814,-0.0303,0.5511,183,0.0
471.8,0.4439,0.4871,-0.0432,0.3387,0.318,0.2835,0.567,-0.0319,0.5351,180,0.0
472.0,0.4518,0.4875,-0.0357,0.3392,0.3146,0.2861,0.5722,-0.0301,0.542,181,0.0
472.2,0.4353,0.4851,-0.0498,0.3359,0.3111,0.2713,0.5426,-0.0373,0.5053,175,0.0
472.4,0.432,0.4837,-0.0516,0.3338,0.3075,0.2662,0.5324,-0.039,0.4935,173,0.0
472.6,0.4311,0.4774,-0.0463,0.3249,0.3039,0.2668,0.5337,-0.0337,0.5,175,0.0
472.8,0.428,0.4787,-0.0507,0.3267,0.3002,0.2596,0.5192,-0.0386,0.4806,171,0.0
473.0,0.421,0.4741,-0.0532,0.3202,0.2964,0.2539,0.5078,-0.0385,0.4693,170,0.0
473.2,0.4053,0.4734,-0.0681,0.3192,0.2926,0.2381,0.4762,-0.0474,0.4288,163,0.0
473.4,0.4051,0.4717,-0.0666,0.3168,0.2887,0.2354,0.4708,-0.0474,0.4234,162,0.0
473.6,0.413,0.4643,-0.0513,0.3062,0.2848,0.2437,0.4874,-0.0364,0.451,167,0.0
473.8,0.3977,0.4659,-0.0682,0.3084,0.2808,0.2262,0.4524,-0.0479,0.4044,159,0.0
474.0,0.3978,0.4589,-0.0611,0.2985,0.2767,0.2278,0.4556,-0.0414,0.4142,161,0.0
474.2,0.3925,0.4586,-0.0662,0.2981,0.2726,0.2197,0.4394,-0.0458,0.3936,157,0.0
474.4,0.3818,0.4588,-0.077,0.2982,0.2685,0.2069,0.4138,-0.0534,0.3604,152,0.0
474.6,0.3824,0.4553,-0.0729,0.2932,0.2643,0.206,0.412,-0.0509,0.3611,152,0.0
474.8,0.3656,0.4497,-0.0841,0.2853,0.2601,0.1928,0.3855,-0.0547,0.3309,147,0.0
475.0,0.3719,0.4462,-0.0743,0.2803,0.2558,0.1964,0.3927,-0.0494,0.3433,149,0.0
475.2,0.3562,0.4484,-0.0922,0.2834,0.2515,0.1778,0.3556,-0.062,0.2936,141,0.0
475.4,0.3456,0.4449,-0.0993,0.2784,0.2472,0.1677,0.3355,-0.0653,0.2702,138,0.0
475.6,0.3572,0.4402,-0.083,0.2717,0.2428,0.1765,0.3529,-0.0559,0.297,142,0.0
475.8,0.3365,0.4375,-0.1011,0.2679,0.2384,0.1576,0.3152,-0.0653,0.2499,134,0.0
476.0,0.3402,0.4372,-0.097,0.2674,0.234,0.1564,0.3128,-0.0652,0.2476,134,0.0
476.2,0.3398,0.4287,-0.0889,0.2553,0.2296,0.1585,0.317,-0.0573,0.2597,136,0.0
476.4,0.3231,0.4294,-0.1063,0.2563,0.2252,0.1401,0.2803,-0.0687,0.2116,128,0.0
476.6,0.3113,0.4283,-0.117,0.2547,0.2207,0.1271,0.2543,-0.0755,0.1788,123,0.0
476.8,0.3217,0.4238,-0.102,0.2482,0.2162,0.1346,0.2692,-0.067,0.2022,127,0.0
477.0,0.3148,0.4186,-0.1038,0.2409,0.2117,0.1287,0.2573,-0.0665,0.1908,125,0.0
477.2,0.3032,0.4158,-0.1125,0.2368,0.2072,0.1172,0.2344,-0.0711,0.1634,121,0.0
477.4,0.3031,0.415,-0.1119,0.2358,0.2027,0.1132,0.2264,-0.0725,0.154,119,0.0
477.6,0.2793,0.4103,-0.131,0.229,0.1982,0.0934,0.1869,-0.0809,0.106,111,0.0
477.8,0.2705,0.4083,-0.1378,0.2262,0.1937,0.0835,0.167,-0.0851,0.0818,108,0.0
478.0,0.2686,0.4029,-0.1343,0.2184,0.1893,0.0818,0.1636,-0.0817,0.0819,108,0.0
478.2,0.269,0.4016,-0.1326,0.2166,0.1848,0.0787,0.1573,-0.0822,0.0751,107,0.0
478.4,0.2642,0.4007,-0.1365,0.2153,0.1803,0.0711,0.1422,-0.0858,0.0564,104,0.0
478.6,0.2577,0.396,-0.1382,0.2086,0.1758,0.0652,0.1304,-0.0855,0.0449,102,0.0
478.8,0.2384,0.3905,-0.1521,0.2008,0.1714,0.0497,0.0994,-0.0907,0.0,0,0.0
479.0,0.2431,0.3742,-0.1311,0.1775,0.1669,0.0621,0.1241,-0.0708,0.0,0,0.0
479.2,0.2589,0.3539,-0.095,0.1485,0.1625,0.0865,0.1731,-0.0405,0.1326,116,0.0
479.4,0.2563,0.3595,-0.1032,0.1564,0.1581,0.0756,0.1512,-0.0507,0.1005,111,0.0
479.6,0.2403,0.3649,-0.1246,0.1642,0.1538,0.0541,0.1082,-0.0675,0.0,0,0.0
479.8,0.2434,0.3442,-0.1008,0.1346,0.1494,0.0688,0.1376,-0.043,0.0,0,0.0
480.0,0.2613,0.3286,-0.0673,0.1123,0.1451,0.0913,0.1825,-0.0173,0.1653,121,0.0
480.2,0.2538,0.3402,-0.0864,0.1289,0.1409,0.0718,0.1435,-0.0372,0.1063,112,0.0
480.4,0.2588,0.35,-0.0911,0.1428,0.1366,0.0637,0.1275,-0.0486,0.0788,107,0.0
480.6,0.2468,0.3528,-0.106,0.1469,0.1324,0.0477,0.0953,-0.0602,0.0,0,0.0
480.8,0.2632,0.3388,-0.0756,0.1268,0.1283,0.0678,0.1357,-0.037,0.0987,110,0.0
481.0,0.2574,0.3422,-0.0848,0.1317,0.1242,0.0563,0.1127,-0.0462,0.0665,105,0.0
481.2,0.246,0.3534,-0.1074,0.1478,0.1201,0.0342,0.0684,-0.0675,0.0,0,0.0
481.4,0.2498,0.338,-0.0882,0.1257,0.1161,0.0456,0.0911,-0.0489,0.0,0,0.0
481.6,0.2424,0.322,-0.0795,0.1028,0.1122,0.0486,0.0971,-0.0351,0.0,0,0.0
481.8,0.2528,0.3148,-0.0619,0.0926,0.1083,0.0587,0.1174,-0.0231,0.0943,110,0.0
482.0,0.2554,0.3242,-0.0688,0.106,0.1044,0.0494,0.0988,-0.0352,0.0637,105,0.0
482.2,0.2408,0.3326,-0.0919,0.118,0.1006,0.0271,0.0543,-0.0546,0.0,0,0.0
482.4,0.2565,0.3168,-0.0604,0.0954,0.0969,0.0486,0.0973,-0.0294,0.0678,105,0.0
482.6,0.2486,0.3256,-0.077,0.108,0.0933,0.0317,0.0634,-0.0459,0.0,0,0.0
482.8,0.2524,0.3195,-0.067,0.0992,0.0897,0.0361,0.0721,-0.0383,0.0338,100,0.0
483.0,0.23,0.3258,-0.0957,0.1082,0.0862,0.0096,0.0192,-0.0589,0.0,0,0.0
483.2,0.2279,0.3156,-0.0877,0.0937,0.0827,0.0126,0.0251,-0.0494,0.0,0,0.0
483.4,0.2404,0.3024,-0.062,0.0749,0.0793,0.0297,0.0594,-0.0288,0.0,0,0.0
483.6,0.249,0.2979,-0.0489,0.0684,0.076,0.0369,0.0738,-0.0207,0.0,0,0.0
483.8,0.2367,0.2862,-0.0495,0.0517,0.0728,0.0332,0.0665,-0.0142,0.0,0,0.0
484.0,0.2524,0.2804,-0.028,0.0434,0.0697,0.0473,0.0946,-0.0009,0.0937,109,0.0
484.2,0.2493,0.2977,-0.0484,0.0682,0.0666,0.0279,0.0557,-0.025,0.0,0,0.0
484.4,0.2383,0.2943,-0.056,0.0633,0.0636,0.0188,0.0377,-0.0278,0.0,0,0.0
484.6,0.2599,0.2849,-0.025,0.0498,0.0607,0.0407,0.0815,-0.0071,0.0744,106,0.0
484.8,0.2563,0.2995,-0.0432,0.0707,0.0579,0.0234,0.0468,-0.028,0.0188,98,0.0
485.0,0.2393,0.3076,-0.0683,0.0823,0.0552,0.0005,0.0011,-0.0477,0.0,0,0.0
485.2,0.2434,0.2985,-0.0551,0.0692,0.0526,0.0085,0.017,-0.0359,0.0,0,0.0
485.4,0.2357,0.2935,-0.0579,0.0622,0.05,0.0038,0.0075,-0.035,0.0,0,0.0
485.6,0.2174,0.2876,-0.0702,0.0537,0.0,0.0,0.0,-0.0339,0.0,0,0.0
485.8,0.2224,0.2793,-0.0569,0.0419,0.0,0.0,0.0,-0.0266,0.0,0,0.0
486.0,0.2029,0.2734,-0.0705,0.0335,0.0,0.0,0.0,-0.0238,0.0,0,0.0
486.2,0.1919,0.2726,-0.0807,0.0323,0.0,0.0,0.0,-0.0242,0.0,0,0.0
486.4,0.1953,0.2658,-0.0705,0.0226,0.0,0.0,0.0,-0.0183,0.0,0,0.0
486.6,0.1966,0.2639,-0.0673,0.0198,0.0,0.0,0.0,-0.0167,0.0,0,0.0
486.8,0.1914,0.2671,-0.0757,0.0244,0.0,0.0,0.0,-0.0198,0.0,0,0.0
487.0,0.1847,0.2643,-0.0796,0.0205,0.0,0.0,0.0,-0.0182,0.0,0,0.0
487.2,0.1871,0.2634,-0.0763,0.0191,0.0,0.0,0.0,-0.0172,0.0,0,0.0
487.4,0.1716,0.2605,-0.0889,0.015,0.0,0.0,0.0,-0.0164,0.0,0,0.0
487.6,0.1722,0.2589,-0.0867,0.0128,0.0,0.0,0.0,-0.0151,0.0,0,0.0
487.8,0.1668,0.254,-0.0872,0.0056,0.0,0.0,0.0,-0.0115,0.0,0,0.0
488.0,0.1662,0.2587,-0.0925,0.0125,0.0,0.0,0.0,-0.0155,0.0,0,0.0
488.2,0.1645,0.2558,-0.0913,0.0083,0.0,0.0,0.0,-0.0133,0.0,0,0.0
488.4,0.1807,0.2549,-0.0742,0.0069,0.0,0.0,0.0,-0.0109,0.0,0,0.0
488.6,0.1649,0.2541,-0.0892,0.0059,0.0,0.0,0.0,-0.0119,0.0,0,0.0
488.8,0.1672,0.2546,-0.0874,0.0066,0.0,0.0,0.0,-0.012,0.0,0,0.0
489.0,0.1625,0.2533,-0.0907,0.0047,0.0,0.0,0.0,-0.0114,0.0,0,0.0
489.2,0.1739,0.2521,-0.0781,0.003,0.0,0.0,0.0,-0.0093,0.0,0,0.0
489.4,0.1667,0.2527,-0.086,0.0039,0.0,0.0,0.0,-0.0105,0.0,0,0.0
489.6,0.1613,0.2549,-0.0936,0.0069,0.0,0.0,0.0,-0.0128,0.0,0,0.0
489.8,0.1664,0.25,-0.0836,0.0,0.0,0.0,0.0,-0.0084,0.0,0,0.0
490.0,0.1706,0.25,-0.0794,0.0,0.0,0.0,0.0,-0.0079,0.0,0,0.0
490.2,0.1722,0.25,-0.0778,0.0,0.0,0.0,0.0,-0.0078,0.0,0,0.0
490.4,0.16,0.2513,-0.0914,0.0019,0.0,0.0,0.0,-0.0101,0.0,0,0.0
490.6,0.1629,0.2539,-0.091,0.0055,0.0,0.0,0.0,-0.0119,0.0,0,0.0
490.8,0.1654,0.25,-0.0846,0.0,0.0,0.0,0.0,-0.0085,0.0,0,0.0
491.0,0.1699,0.25,-0.0801,0.0,0.0,0.0,0.0,-0.008,0.0,0,0.0
491.2,0.1744,0.25,-0.0756,0.0,0.0,0.0,0.0,-0.0076,0.0,0,0.0
491.4,0.1708,0.25,-0.0792,0.0,0.0,0.0,0.0,-0.0079,0.0,0,0.0
491.6,0.1564,0.25,-0.0936,0.0,0.0,0.0,0.0,-0.0094,0.0,0,0.0
491.8,0.1583,0.25,-0.0917,0.0,0.0,0.0,0.0,-0.0092,0.0,0,0.0
492.0,0.1744,0.2513,-0.0769,0.0018,0.0,0.0,0.0,-0.0086,0.0,0,0.0
492.2,0.1746,0.2503,-0.0757,0.0005,0.0,0.0,0.0,-0.0078,0.0,0,0.0
492.4,0.168,0.2511,-0.0831,0.0016,0.0,0.0,0.0,-0.0091,0.0,0,0.0
492.6,0.1651,0.25,-0.0849,0.0,0.0,0.0,0.0,-0.0085,0.0,0,0.0
492.8,0.1593,0.2503,-0.091,0.0005,0.0,0.0,0.0,-0.0093,0.0,0,0.0
493.0,0.1598,0.2512,-0.0914,0.0017,0.0,0.0,0.0,-0.01,0.0,0,0.0
493.2,0.1636,0.2508,-0.0873,0.0012,0.0,0.0,0.0,-0.0093,0.0,0,0.0
493.4,0.1613,0.2517,-0.0905,0.0025,0.0,0.0,0.0,-0.0103,0.0,0,0.0
493.6,0.1682,0.25,-0.0818,0.0,0.0,0.0,0.0,-0.0082,0.0,0,0.0
493.8,0.1701,0.25,-0.0799,0.0,0.0,0.0,0.0,-0.008,0.0,0,0.0
494.0,0.1625,0.2509,-0.0884,0.0013,0.0,0.0,0.0,-0.0095,0.0,0,0.0
494.2,0.1584,0.2501,-0.0917,0.0001,0.0,0.0,0.0,-0.0092,0.0,0,0.0
494.4,0.1697,0.25,-0.0803,0.0,0.0,0.0,0.0,-0.008,0.0,0,0.0
494.6,0.16,0.25,-0.09,0.0,0.0,0.0,0.0,-0.009,0.0,0,0.0
494.8,0.1672,0.25,-0.0828,0.0,0.0503,0.0,0.0,-0.0083,0.0,0,0.0
495.0,0.1783,0.2526,-0.0743,0.0037,0.0529,0.0,0.0,-0.0093,0.0,0,0.0
495.2,0.2058,0.25,-0.0442,0.0,0.0555,0.0201,0.0403,0.0056,0.0,0,0.0
495.4,0.2044,0.2503,-0.0459,0.0004,0.0582,0.0215,0.043,0.006,0.0,0,0.0
495.6,0.2256,0.25,-0.0244,0.0,0.0611,0.0415,0.083,0.0183,0.0,0,0.0
495.8,0.2357,0.25,-0.0143,0.0,0.064,0.0525,0.1051,0.0248,0.0,0,0.0
496.0,0.2526,0.2505,0.0021,0.0007,0.0669,0.0686,0.1372,0.0342,0.1714,122,0.0
496.2,0.2502,0.2721,-0.022,0.0316,0.07,0.0524,0.1049,0.0082,0.1131,113,0.0
496.4,0.2591,0.2899,-0.0308,0.057,0.0732,0.0485,0.097,-0.0073,0.0897,109,0.0
496.6,0.2526,0.3051,-0.0525,0.0787,0.0764,0.0344,0.0688,-0.0274,0.0414,101,0.0
496.8,0.245,0.3176,-0.0726,0.0965,0.0797,0.0217,0.0433,-0.0447,0.0,0,0.0
497.0,0.2615,0.3032,-0.0416,0.076,0.0831,0.0498,0.0996,-0.0172,0.0824,108,0.0
497.2,0.2487,0.316,-0.0673,0.0943,0.0866,0.0327,0.0654,-0.0375,0.0,0,0.0
497.4,0.2533,0.3087,-0.0554,0.0839,0.0901,0.0457,0.0915,-0.0246,0.0668,105,0.0
497.6,0.2513,0.3172,-0.0659,0.096,0.0937,0.041,0.0819,-0.0341,0.0479,102,0.0
497.8,0.2544,0.3285,-0.0741,0.1121,0.0973,0.0381,0.0762,-0.0444,0.0318,100,0.0
498.0,0.2437,0.3335,-0.0899,0.1193,0.1011,0.0292,0.0584,-0.0541,0.0,0,0.0
498.2,0.2402,0.3202,-0.08,0.1003,0.1049,0.0409,0.0817,-0.0377,0.0,0,0.0
498.4,0.2447,0.3125,-0.0678,0.0892,0.1087,0.0545,0.109,-0.0241,0.0,0,0.0
498.6,0.2659,0.2987,-0.0328,0.0696,0.1126,0.0864,0.1727,0.0051,0.1778,123,0.0
498.8,0.2653,0.3168,-0.0515,0.0955,0.1166,0.0754,0.1508,-0.0152,0.1356,116,0.0
499.0,0.2742,0.3306,-0.0564,0.1151,0.1206,0.0755,0.151,-0.0255,0.1255,115,0.0
499.2,0.2676,0.3394,-0.0718,0.1277,0.1247,0.0672,0.1345,-0.0374,0.097,110,0.0
499.4,0.264,0.3469,-0.0829,0.1384,0.1288,0.0625,0.1249,-0.0463,0.0787,107,0.0
499.6,0.2555,0.3518,-0.0963,0.1454,0.1329,0.0559,0.1117,-0.0544,0.0573,104,0.0
499.8,0.2682,0.3526,-0.0844,0.1466,0.1371,0.0696,0.1391,-0.047,0.0922,109,0.0
500.0,0.2501,0.3616,-0.1115,0.1595,0.1414,0.0521,0.1043,-0.0648,0.0395,101,0.0
500.2,0.249,0.3609,-0.1119,0.1584,0.1456,0.0561,0.1122,-0.0623,0.0,0,0.0
500.4,0.2518,0.3481,-0.0962,0.1401,0.1499,0.0729,0.1459,-0.0432,0.1027,111,0.0
500.6,0.2628,0.3479,-0.0851,0.1398,0.1543,0.0862,0.1724,-0.0353,0.137,116,0.0
500.8,0.2618,0.3576,-0.0957,0.1537,0.1586,0.0821,0.1641,-0.0454,0.1188,114,0.0
501.0,0.2533,0.3652,-0.1118,0.1645,0.163,0.0736,0.1472,-0.0566,0.0905,109,0.0
501.2,0.2685,0.3659,-0.0974,0.1655,0.1674,0.0895,0.179,-0.0478,0.1313,116,0.0
501.4,0.2581,0.3726,-0.1145,0.1752,0.1719,0.0803,0.1605,-0.0589,0.1016,111,0.0
501.6,0.2722,0.373,-0.1008,0.1757,0.1763,0.0957,0.1914,-0.0501,0.1414,117,0.0
501.8,0.2557,0.3789,-0.1232,0.1841,0.1808,0.0822,0.1645,-0.0632,0.1012,111,0.0
502.0,0.2635,0.3802,-0.1167,0.186,0.1853,0.0919,0.1838,-0.0587,0.1251,115,0.0
502.2,0.2689,0.3777,-0.1088,0.1825,0.1898,0.1027,0.2055,-0.0507,0.1547,119,0.0
502.4,0.2691,0.3802,-0.1111,0.186,0.1943,0.1054,0.2107,-0.0514,0.1593,120,0.0
502.6,0.2752,0.3815,-0.1063,0.1879,0.1988,0.1137,0.2274,-0.0477,0.1797,123,0.0
502.8,0.2723,0.3859,-0.1136,0.1941,0.2033,0.1124,0.2248,-0.0522,0.1726,122,0.0
503.0,0.2742,0.3922,-0.118,0.2031,0.2078,0.1134,0.2267,-0.0567,0.1701,122,0.0
503.2,0.2706,0.3887,-0.1181,0.1981,0.2123,0.1178,0.2356,-0.052,0.1836,124,0.0
503.4,0.2655,0.3903,-0.1248,0.2004,0.2167,0.1169,0.2339,-0.0542,0.1797,123,0.0
503.6,0.2772,0.3925,-0.1153,0.2036,0.2212,0.129,0.2579,-0.0489,0.2091,128,0.0
503.8,0.2736,0.3992,-0.1256,0.2132,0.2257,0.1252,0.2504,-0.0566,0.1938,126,0.0
504.0,0.2927,0.3985,-0.1058,0.2122,0.2301,0.1455,0.2909,-0.044,0.2469,134,0.0
504.2,0.2847,0.3979,-0.1132,0.2113,0.2346,0.144,0.2881,-0.0449,0.2431,133,0.0
504.4,0.2999,0.399,-0.0991,0.2129,0.239,0.1596,0.3193,-0.0365,0.2828,140,0.0
504.6,0.289,0.4021,-0.1131,0.2173,0.2433,0.1528,0.3057,-0.0435,0.2622,136,0.0
504.8,0.2948,0.4064,-0.1115,0.2234,0.2477,0.1585,0.3169,-0.0436,0.2733,138,0.0
505.0,0.311,0.4102,-0.0992,0.2289,0.252,0.1727,0.3453,-0.038,0.3073,144,0.0
505.2,0.3165,0.4135,-0.0969,0.2335,0.2563,0.1788,0.3575,-0.0371,0.3204,146,0.0
505.4,0.3194,0.415,-0.0956,0.2357,0.2606,0.184,0.3681,-0.0354,0.3327,148,0.0
505.6,0.3162,0.4142,-0.098,0.2346,0.2648,0.1864,0.3728,-0.0339,0.3389,149,0.0
505.8,0.3284,0.4192,-0.0908,0.2417,0.269,0.1963,0.3927,-0.0317,0.361,152,0.0
506.0,0.3314,0.4254,-0.094,0.2506,0.2731,0.1979,0.3958,-0.0358,0.36,152,0.0
506.2,0.3347,0.4276,-0.0929,0.2537,0.2772,0.2029,0.4057,-0.0347,0.371,154,0.0
506.4,0.3441,0.4269,-0.0828,0.2528,0.2812,0.215,0.43,-0.0272,0.4028,159,0.0
506.6,0.354,0.4272,-0.0732,0.2532,0.2852,0.2266,0.4533,-0.0206,0.4327,164,0.0
506.8,0.3612,0.435,-0.0738,0.2642,0.2891,0.2301,0.4603,-0.0244,0.4359,164,0.0
507.0,0.356,0.4351,-0.0791,0.2644,0.293,0.2297,0.4594,-0.0253,0.4341,164,0.0
507.2,0.358,0.4369,-0.0789,0.267,0.2969,0.2338,0.4675,-0.0245,0.443,165,0.0
507.4,0.3775,0.4444,-0.0668,0.2777,0.3006,0.2471,0.4943,-0.022,0.4723,170,0.0
507.6,0.3865,0.4469,-0.0604,0.2813,0.3043,0.256,0.512,-0.0187,0.4933,173,0.0
507.8,0.3864,0.4478,-0.0614,0.2825,0.3079,0.2588,0.5176,-0.018,0.4996,174,0.0
508.0,0.3773,0.4492,-0.0718,0.2845,0.3115,0.254,0.5081,-0.0224,0.4857,172,0.0
508.2,0.3828,0.4536,-0.0708,0.2908,0.315,0.2584,0.5167,-0.0233,0.4934,173,0.0
508.4,0.4001,0.4566,-0.0565,0.2951,0.3184,0.2733,0.5465,-0.0166,0.5299,179,0.0
508.6,0.4005,0.4584,-0.0579,0.2977,0.3218,0.2755,0.551,-0.0169,0.5341,180,0.0
508.8,0.408,0.4605,-0.0525,0.3007,0.3251,0.283,0.5661,-0.0141,0.552,183,0.0
509.0,0.41,0.4604,-0.0504,0.3006,0.3283,0.2879,0.5758,-0.0114,0.5644,185,0.0
509.2,0.4286,0.4617,-0.0331,0.3025,0.3314,0.3049,0.6097,-0.0021,0.6076,192,0.0
509.4,0.4297,0.4657,-0.036,0.3082,0.3344,0.3056,0.6112,-0.0049,0.6063,192,0.0
509.6,0.4269,0.47,-0.0432,0.3143,0.3374,0.3028,0.6057,-0.0101,0.5956,190,0.0
509.8,0.4347,0.4725,-0.0378,0.3179,0.3402,0.31,0.6199,-0.0078,0.6121,192,0.0
510.0,0.4478,0.475,-0.0272,0.3215,0.343,0.3212,0.6425,-0.0028,0.6396,197,0.0
510.2,0.4516,0.4785,-0.0269,0.3265,0.3457,0.3242,0.6484,-0.0038,0.6445,198,0.0
510.4,0.4419,0.4799,-0.038,0.3284,0.3483,0.3179,0.6357,-0.0091,0.6267,195,0.0
510.6,0.4429,0.4848,-0.0419,0.3355,0.3508,0.3172,0.6345,-0.0133,0.6212,194,0.0
510.8,0.4563,0.4834,-0.0271,0.3334,0.3532,0.3315,0.663,-0.0037,0.6593,200,0.0
511.0,0.4667,0.4851,-0.0184,0.3359,0.3555,0.3408,0.6816,0.0006,0.6822,204,0.0
511.2,0.4673,0.4888,-0.0215,0.3412,0.3577,0.3406,0.6811,-0.0025,0.6787,203,0.0
511.4,0.4713,0.4872,-0.0159,0.3388,0.3599,0.3472,0.6943,0.0026,0.6969,206,0.0
511.6,0.4733,0.4912,-0.018,0.3446,0.3619,0.3475,0.695,-0.0004,0.6946,206,0.0
511.8,0.4657,0.4962,-0.0305,0.3518,0.3638,0.3394,0.6788,-0.0092,0.6695,202,0.0
512.0,0.475,0.4966,-0.0216,0.3523,0.3656,0.3483,0.6966,-0.0042,0.6924,205,0.0
512.2,0.4822,0.4929,-0.0107,0.347,0.3673,0.3588,0.7175,0.0048,0.7224,210,0.0
512.4,0.4913,0.4981,-0.0067,0.3544,0.3689,0.3635,0.7271,0.0039,0.731,211,0.0
512.6,0.4781,0.4968,-0.0187,0.3526,0.3704,0.3555,0.7109,-0.0004,0.7105,208,0.0
512.8,0.494,0.5016,-0.0077,0.3595,0.3718,0.3657,0.7314,0.0023,0.7337,212,0.0
513.0,0.4796,0.5039,-0.0243,0.3627,0.3731,0.3537,0.7074,-0.007,0.7004,207,0.0
513.2,0.486,0.5029,-0.0169,0.3612,0.3743,0.3608,0.7216,-0.0019,0.7196,210,0.0
513.4,0.5017,0.5014,0.0003,0.3591,0.3754,0.3756,0.7512,0.0083,0.7595,216,0.0
513.6,0.4915,0.5037,-0.0122,0.3625,0.3763,0.3666,0.7331,0.0008,0.7339,212,0.0
513.8,0.4964,0.5097,-0.0134,0.3711,0.3772,0.3665,0.7329,-0.0036,0.7293,211,0.0
514.0,0.4968,0.5062,-0.0093,0.3659,0.3779,0.3704,0.7409,0.0013,0.7422,213,0.0
514.2,0.5045,0.5086,-0.0041,0.3694,0.3785,0.3752,0.7505,0.0025,0.753,215,0.0
514.4,0.5057,0.5072,-0.0016,0.3675,0.3791,0.3778,0.7556,0.005,0.7606,216,0.0
514.6,0.5152,0.5131,0.002,0.3759,0.3795,0.38,0.76,0.0022,0.7622,216,0.0
514.8,0.4992,0.5121,-0.0129,0.3744,0.3798,0.3694,0.7389,-0.0038,0.7351,212,0.0
515.0,0.5123,0.5099,0.0023,0.3713,0.3799,0.38,0.76,0.0046,0.7646,217,0.0
515.2,0.5027,0.5115,-0.0088,0.3736,0.38,0.373,0.7459,-0.0012,0.7448,214,0.0
515.4,0.5119,0.5157,-0.0038,0.3795,0.38,0.377,0.7539,-0.0017,0.7523,215,0.0
515.6,0.5076,0.516,-0.0084,0.38,0.3798,0.3731,0.7462,-0.0043,0.742,213,0.0
515.8,0.5148,0.5125,0.0024,0.375,0.3795,0.38,0.76,0.0027,0.7627,217,0.0
516.0,0.5186,0.514,0.0045,0.3772,0.3791,0.38,0.76,0.0019,0.7619,216,0.0
516.2,0.5177,0.5136,0.0042,0.3765,0.3787,0.38,0.76,0.0022,0.7622,216,0.0
516.4,0.5075,0.512,-0.0045,0.3743,0.378,0.3744,0.7489,-0.0004,0.7485,214,0.0
516.6,0.5032,0.5134,-0.0102,0.3763,0.3773,0.3692,0.7384,-0.0046,0.7338,212,0.0
516.8,0.5207,0.5138,0.0069,0.3768,0.3765,0.38,0.76,0.0023,0.7623,216,0.0
517.0,0.5202,0.5117,0.0085,0.3738,0.3756,0.38,0.76,0.0039,0.7639,217,0.0
517.2,0.5144,0.5141,0.0003,0.3773,0.3745,0.3747,0.7495,-0.0012,0.7482,214,0.0
517.4,0.5018,0.5121,-0.0103,0.3744,0.3734,0.3651,0.7302,-0.0057,0.7245,210,0.0
517.6,0.4996,0.5128,-0.0132,0.3755,0.3721,0.3616,0.7231,-0.0083,0.7149,209,0.0
517.8,0.5018,0.513,-0.0112,0.3757,0.3707,0.3618,0.7235,-0.0081,0.7154,209,0.0
518.0,0.5112,0.5113,-0.0001,0.3733,0.3693,0.3692,0.7383,-0.0021,0.7362,212,0.0
518.2,0.5133,0.5137,-0.0003,0.3767,0.3677,0.3674,0.7348,-0.0047,0.7301,211,0.0
518.4,0.5108,0.512,-0.0012,0.3743,0.366,0.365,0.73,-0.0048,0.7252,211,0.0
518.6,0.504,0.513,-0.009,0.3757,0.3642,0.357,0.714,-0.0102,0.7038,207,0.0
518.8,0.5007,0.5131,-0.0124,0.3759,0.3623,0.3523,0.7047,-0.013,0.6917,205,0.0
519.0,0.4882,0.5128,-0.0246,0.3755,0.3603,0.3406,0.6812,-0.0199,0.6613,200,0.0
519.2,0.5042,0.5049,-0.0007,0.3641,0.3582,0.3576,0.7152,-0.0033,0.7119,208,0.0
519.4,0.4828,0.5102,-0.0274,0.3717,0.356,0.3341,0.6682,-0.0215,0.6466,198,0.0
519.6,0.4887,0.5042,-0.0154,0.3631,0.3537,0.3414,0.6827,-0.0124,0.6703,202,0.0
519.8,0.48,0.5048,-0.0248,0.364,0.3513,0.3315,0.6629,-0.0187,0.6442,198,0.0
520.0,0.4932,0.5004,-0.0072,0.3577,0.3488,0.3431,0.6862,-0.008,0.6782,203,0.0
520.2,0.4916,0.5021,-0.0105,0.3601,0.3463,0.3378,0.6757,-0.0122,0.6635,201,0.0
520.4,0.4734,0.5028,-0.0295,0.3612,0.3436,0.32,0.64,-0.0235,0.6165,193,0.0
520.6,0.4666,0.5005,-0.034,0.3579,0.3408,0.3137,0.6273,-0.0255,0.6018,191,0.0
520.8,0.4693,0.4991,-0.0298,0.3559,0.338,0.3141,0.6283,-0.0239,0.6044,191,0.0
521.0,0.4618,0.4975,-0.0357,0.3536,0.335,0.3065,0.6129,-0.0271,0.5858,188,0.0
521.2,0.4656,0.4966,-0.031,0.3523,0.332,0.3073,0.6145,-0.0256,0.5889,189,0.0
521.4,0.4558,0.4903,-0.0345,0.3433,0.3289,0.3013,0.6026,-0.0244,0.5782,187,0.0
521.6,0.4505,0.4905,-0.0401,0.3436,0.3257,0.2937,0.5874,-0.029,0.5584,184,0.0
521.8,0.4569,0.4922,-0.0352,0.346,0.3225,0.2943,0.5886,-0.0294,0.5592,184,0.0
522.0,0.4429,0.4838,-0.0409,0.334,0.3192,0.2864,0.5729,-0.0278,0.545,182,0.0
522.2,0.4388,0.4869,-0.0481,0.3384,0.3157,0.2773,0.5545,-0.0354,0.5191,178,0.0
522.4,0.4451,0.4827,-0.0376,0.3325,0.3123,0.2822,0.5643,-0.0289,0.5354,180,0.0
522.6,0.4306,0.481,-0.0504,0.33,0.3087,0.2684,0.5368,-0.0359,0.5009,175,0.0
522.8,0.4285,0.4799,-0.0514,0.3284,0.3051,0.264,0.528,-0.0373,0.4907,173,0.0
523.0,0.4217,0.4787,-0.057,0.3267,0.3014,0.2558,0.5116,-0.0412,0.4704,170,0.0
523.2,0.4223,0.4727,-0.0503,0.3181,0.2977,0.2574,0.5148,-0.0354,0.4794,171,0.0
523.4,0.4134,0.4727,-0.0593,0.3181,0.2938,0.2464,0.4928,-0.0418,0.451,167,0.0
523.6,0.412,0.4692,-0.0572,0.3132,0.29,0.2442,0.4884,-0.0402,0.4482,166,0.0
523.8,0.415,0.4658,-0.0508,0.3083,0.2861,0.2454,0.4908,-0.0365,0.4543,167,0.0
524.0,0.3961,0.4673,-0.0712,0.3105,0.2821,0.2251,0.4502,-0.0498,0.4003,159,0.0
524.2,0.4007,0.4639,-0.0632,0.3056,0.278,0.2275,0.455,-0.0453,0.4097,160,0.0
524.4,0.3858,0.4577,-0.0719,0.2967,0.274,0.2165,0.4329,-0.0473,0.3856,156,0.0
524.6,0.3915,0.4594,-0.0679,0.2992,0.2698,0.2155,0.431,-0.0486,0.3824,156,0.0
524.8,0.388,0.4571,-0.0691,0.2959,0.2657,0.2104,0.4208,-0.0497,0.3711,154,0.0
525.0,0.3678,0.4539,-0.0861,0.2913,0.2615,0.1925,0.3851,-0.058,0.3271,147,0.0
525.2,0.3702,0.4526,-0.0824,0.2894,0.2572,0.1913,0.3826,-0.0573,0.3253,147,0.0
525.4,0.3712,0.446,-0.0748,0.2801,0.2529,0.1931,0.3861,-0.051,0.3351,148,0.0
525.6,0.3618,0.4433,-0.0815,0.2762,0.2486,0.1834,0.3668,-0.0545,0.3123,144,0.0
525.8,0.3489,0.4414,-0.0925,0.2734,0.2443,0.1703,0.3405,-0.0608,0.2797,139,0.0
526.0,0.3536,0.4404,-0.0868,0.272,0.2399,0.1705,0.341,-0.0594,0.2815,140,0.0
526.2,0.3364,0.4386,-0.1022,0.2694,0.2355,0.1538,0.3075,-0.068,0.2395,133,0.0
526.4,0.3349,0.4326,-0.0977,0.2609,0.2311,0.1529,0.3057,-0.0638,0.242,133,0.0
526.6,0.3318,0.4338,-0.102,0.2626,0.2266,0.145,0.2901,-0.069,0.2211,130,0.0
526.8,0.3305,0.4307,-0.1002,0.2581,0.2222,0.142,0.284,-0.0681,0.2159,129,0.0
527.0,0.3152,0.4282,-0.113,0.2545,0.2177,0.1273,0.2545,-0.0749,0.1796,123,0.0
527.2,0.3024,0.425,-0.1226,0.25,0.2132,0.1152,0.2303,-0.0797,0.1507,119,0.0
527.4,0.3068,0.419,-0.1122,0.2414,0.2087,0.119,0.238,-0.0724,0.1656,121,0.0
527.6,0.3038,0.4127,-0.109,0.2325,0.2042,0.117,0.2341,-0.0686,0.1655,121,0.0
527.8,0.2872,0.4125,-0.1253,0.2321,0.1997,0.0995,0.199,-0.0788,0.1202,114,0.0
528.0,0.2738,0.4095,-0.1357,0.2279,0.1952,0.0867,0.1733,-0.0842,0.0891,109,0.0
528.2,0.2761,0.4023,-0.1263,0.2176,0.1907,0.0897,0.1794,-0.0766,0.1029,111,0.0
528.4,0.2643,0.4045,-0.1402,0.2207,0.1862,0.0741,0.1481,-0.0874,0.0607,104,0.0
528.6,0.2619,0.4016,-0.1397,0.2165,0.1818,0.07,0.14,-0.0872,0.0528,103,0.0
528.8,0.259,0.3969,-0.1379,0.2099,0.1773,0.067,0.1339,-0.0853,0.0487,102,0.0
529.0,0.257,0.394,-0.137,0.2057,0.1728,0.0632,0.1265,-0.0849,0.0416,101,0.0
529.2,0.2384,0.3936,-0.1552,0.2051,0.1684,0.0442,0.0885,-0.096,0.0,0,0.0
529.4,0.2469,0.3721,-0.1252,0.1744,0.164,0.0638,0.1277,-0.0678,0.0,0,0.0
529.6,0.2453,0.3504,-0.1051,0.1434,0.1596,0.0755,0.151,-0.0445,0.0,0,0.0
529.8,0.2539,0.3393,-0.0854,0.1276,0.1552,0.0869,0.1737,-0.0289,0.1448,118,0.0
530.0,0.2584,0.3443,-0.0858,0.1347,0.1509,0.0822,0.1644,-0.0348,0.1295,115,0.0
530.2,0.2522,0.3489,-0.0967,0.1413,0.1465,0.0692,0.1383,-0.0457,0.0926,109,0.0
530.4,0.2465,0.3594,-0.1129,0.1563,0.1423,0.0519,0.1038,-0.0635,0.0,0,0.0
530.6,0.2548,0.3442,-0.0894,0.1346,0.138,0.0665,0.133,-0.043,0.09,109,0.0
530.8,0.2618,0.3445,-0.0827,0.135,0.1338,0.0676,0.1353,-0.042,0.0933,109,0.0
531.0,0.2458,0.3544,-0.1086,0.1492,0.1296,0.0428,0.0855,-0.0641,0.0,0,0.0
531.2,0.2607,0.3392,-0.0785,0.1274,0.1255,0.0628,0.1255,-0.0402,0.0853,108,0.0
531.4,0.2571,0.347,-0.0899,0.1386,0.1215,0.0495,0.099,-0.0536,0.0455,102,0.0
531.6,0.2461,0.3522,-0.106,0.146,0.1174,0.0326,0.0652,-0.0673,0.0,0,0.0
531.8,0.2528,0.3333,-0.0805,0.1191,0.1135,0.049,0.098,-0.0431,0.055,103,0.0
532.0,0.2425,0.3428,-0.1003,0.1326,0.1095,0.0293,0.0587,-0.0617,0.0,0,0.0
532.2,0.24,0.3248,-0.0848,0.1069,0.1057,0.0378,0.0757,-0.043,0.0,0,0.0
532.4,0.2453,0.3152,-0.0699,0.0931,0.1019,0.046,0.0919,-0.0306,0.0,0,0.0
532.6,0.2377,0.3041,-0.0664,0.0773,0.0981,0.045,0.09,-0.0228,0.0,0,0.0
532.8,0.2497,0.2977,-0.0479,0.0681,0.0945,0.0561,0.1123,-0.0108,0.0,0,0.0
533.0,0.2603,0.2891,-0.0288,0.0559,0.0908,0.0678,0.1356,0.0031,0.1387,117,0.0
533.2,0.2478,0.3064,-0.0586,0.0805,0.0873,0.0404,0.0808,-0.0259,0.0,0,0.0
533.4,0.2614,0.2975,-0.0362,0.0679,0.0838,0.0549,0.1098,-0.0101,0.0996,110,0.0
533.6,0.2652,0.312,-0.0468,0.0886,0.0804,0.043,0.0859,-0.0275,0.0584,104,0.0
533.8,0.2496,0.3183,-0.0687,0.0976,0.0771,0.0221,0.0442,-0.0446,0.0,0,0.0
534.0,0.2442,0.3092,-0.0651,0.0846,0.0739,0.0218,0.0436,-0.0379,0.0,0,0.0
534.2,0.258,0.3004,-0.0424,0.072,0.0707,0.0368,0.0736,-0.0218,0.0517,103,0.0
534.4,0.2488,0.3156,-0.0667,0.0937,0.0676,0.0142,0.0284,-0.0464,0.0,0,0.0
534.6,0.2398,0.3053,-0.0655,0.079,0.0646,0.0122,0.0244,-0.04,0.0,0,0.0
534.8,0.2415,0.294,-0.0525,0.0629,0.0617,0.0196,0.0393,-0.0269,0.0,0,0.0
535.0,0.2504,0.2869,-0.0365,0.0527,0.0588,0.0297,0.0593,-0.0152,0.0442,102,0.0
535.2,0.2459,0.3,-0.0541,0.0714,0.0561,0.0128,0.0256,-0.0347,0.0,0,0.0
535.4,0.2365,0.2961,-0.0596,0.0659,0.0534,0.0058,0.0115,-0.036,0.0,0,0.0
535.6,0.2341,0.2863,-0.0522,0.0519,0.0509,0.0091,0.0182,-0.0266,0.0,0,0.0
535.8,0.2209,0.2797,-0.0587,0.0424,0.0,0.0,0.0,-0.0271,0.0,0,0.0
536.0,0.226,0.2783,-0.0523,0.0405,0.0,0.0,0.0,-0.0255,0.0,0,0.0
536.2,0.2166,0.2762,-0.0597,0.0375,0.0,0.0,0.0,-0.0247,0.0,0,0.0
536.4,0.2045,0.2669,-0.0624,0.0241,0.0,0.0,0.0,-0.0183,0.0,0,0.0
536.6,0.1964,0.2679,-0.0715,0.0255,0.0,0.0,0.0,-0.0199,0.0,0,0.0
536.8,0.2098,0.2664,-0.0566,0.0234,0.0,0.0,0.0,-0.0174,0.0,0,0.0
537.0,0.199,0.2627,-0.0636,0.0181,0.0,0.0,0.0,-0.0154,0.0,0,0.0
537.2,0.192,0.2601,-0.068,0.0144,0.0,0.0,0.0,-0.014,0.0,0,0.0
537.4,0.1834,0.2569,-0.0735,0.0099,0.0,0.0,0.0,-0.0123,0.0,0,0.0
537.6,0.1833,0.2601,-0.0768,0.0145,0.0,0.0,0.0,-0.0149,0.0,0,0.0
537.8,0.1829,0.2548,-0.0719,0.0069,0.0,0.0,0.0,-0.0106,0.0,0,0.0
538.0,0.1847,0.2528,-0.0681,0.004,0.0,0.0,0.0,-0.0088,0.0,0,0.0
538.2,0.1866,0.2571,-0.0705,0.0101,0.0,0.0,0.0,-0.0121,0.0,0,0.0
538.4,0.184,0.2517,-0.0677,0.0024,0.0,0.0,0.0,-0.008,0.0,0,0.0
538.6,0.1812,0.253,-0.0719,0.0043,0.0,0.0,0.0,-0.0094,0.0,0,0.0
538.8,0.1823,0.2517,-0.0694,0.0024,0.0,0.0,0.0,-0.0081,0.0,0,0.0
539.0,0.1731,0.2508,-0.0777,0.0011,0.0,0.0,0.0,-0.0083,0.0,0,0.0
539.2,0.1787,0.2502,-0.0715,0.0003,0.0,0.0,0.0,-0.0073,0.0,0,0.0
539.4,0.1825,0.25,-0.0675,0.0,0.0,0.0,0.0,-0.0067,0.0,0,0.0
539.6,0.1726,0.2517,-0.0791,0.0025,0.0,0.0,0.0,-0.0092,0.0,0,0.0
539.8,0.1863,0.25,-0.0637,0.0,0.0,0.0,0.0,-0.0064,0.0,0,0.0
540.0,0.1814,0.2511,-0.0697,0.0015,0.0,0.0,0.0,-0.0077,0.0,0,0.0
540.2,0.1825,0.251,-0.0685,0.0015,0.0,0.0,0.0,-0.0076,0.0,0,0.0
540.4,0.183,0.25,-0.067,0.0,0.0,0.0,0.0,-0.0067,0.0,0,0.0
540.6,0.1735,0.25,-0.0765,0.0,0.0,0.0,0.0,-0.0077,0.0,0,0.0
540.8,0.1825,0.2534,-0.0709,0.0049,0.0,0.0,0.0,-0.0095,0.0,0,0.0
541.0,0.1734,0.2538,-0.0805,0.0055,0.0,0.0,0.0,-0.0108,0.0,0,0.0
541.2,0.1724,0.2515,-0.0791,0.0021,0.0,0.0,0.0,-0.009,0.0,0,0.0
541.4,0.1844,0.2525,-0.0681,0.0036,0.0,0.0,0.0,-0.0086,0.0,0,0.0
541.6,0.1809,0.25,-0.0691,0.0,0.0,0.0,0.0,-0.0069,0.0,0,0.0
541.8,0.1844,0.25,-0.0656,0.0,0.0,0.0,0.0,-0.0066,0.0,0,0.0
542.0,0.1867,0.25,-0.0633,0.0,0.0,0.0,0.0,-0.0063,0.0,0,0.0
542.2,0.1695,0.2536,-0.0841,0.0052,0.0,0.0,0.0,-0.011,0.0,0,0.0
542.4,0.169,0.25,-0.081,0.0,0.0,0.0,0.0,-0.0081,0.0,0,0.0
542.6,0.1771,0.2517,-0.0746,0.0024,0.0,0.0,0.0,-0.0087,0.0,0,0.0
542.8,0.177,0.2531,-0.0761,0.0044,0.0,0.0,0.0,-0.0098,0.0,0,0.0
543.0,0.1783,0.253,-0.0747,0.0043,0.0,0.0,0.0,-0.0096,0.0,0,0.0
543.2,0.1735,0.2507,-0.0772,0.001,0.0,0.0,0.0,-0.0082,0.0,0,0.0
543.4,0.1789,0.25,-0.0711,0.0,0.0,0.0,0.0,-0.0071,0.0,0,0.0
543.6,0.169,0.2513,-0.0822,0.0018,0.0,0.0,0.0,-0.0091,0.0,0,0.0
543.8,0.173,0.2535,-0.0805,0.005,0.0,0.0,0.0,-0.0105,0.0,0,0.0
544.0,0.1737,0.25,-0.0763,0.0,0.0,0.0,0.0,-0.0076,0.0,0,0.0
544.2,0.1801,0.25,-0.0699,0.0,0.0,0.0,0.0,-0.007,0.0,0,0.0
544.4,0.1819,0.2509,-0.069,0.0013,0.0,0.0,0.0,-0.0075,0.0,0,0.0
544.6,0.1828,0.251,-0.0682,0.0014,0.0,0.0,0.0,-0.0075,0.0,0,0.0
544.8,0.1783,0.2516,-0.0733,0.0023,0.0,0.0,0.0,-0.0085,0.0,0,0.0
545.0,0.179,0.25,-0.071,0.0,0.0,0.0,0.0,-0.0071,0.0,0,0.0
545.2,0.1879,0.2531,-0.0652,0.0044,0.052,0.0,0.0,-0.0087,0.0,0,0.0
545.4,0.1996,0.25,-0.0504,0.0,0.0546,0.0,0.0,-0.005,0.0,0,0.0
545.6,0.2044,0.25,-0.0456,0.0,0.0573,0.0209,0.0418,0.0059,0.0,0,0.0
545.8,0.2239,0.25,-0.0261,0.0,0.0601,0.0392,0.0785,0.017,0.0,0,0.0
546.0,0.2402,0.2501,-0.0098,0.0001,0.063,0.0551,0.1103,0.0265,0.0,0,0.0
546.2,0.2413,0.25,-0.0087,0.0,0.066,0.059,0.118,0.0286,0.0,0,0.0
546.4,0.2584,0.25,0.0084,0.0,0.069,0.0757,0.1514,0.0387,0.1901,125,0.0
546.6,0.2608,0.2716,-0.0108,0.0308,0.0721,0.0635,0.127,0.0153,0.1423,117,0.0
546.8,0.2684,0.2908,-0.0224,0.0583,0.0753,0.0574,0.1149,-0.0027,0.1122,112,0.0
547.0,0.2784,0.3027,-0.0242,0.0752,0.0786,0.0592,0.1185,-0.0104,0.1081,112,0.0
547.2,0.2611,0.3183,-0.0572,0.0976,0.082,0.0362,0.0724,-0.0364,0.036,100,0.0
547.4,0.2576,0.3274,-0.0698,0.1105,0.0854,0.0296,0.0592,-0.0475,0.0117,96,0.0
547.6,0.2667,0.3307,-0.064,0.1153,0.0889,0.0378,0.0755,-0.0451,0.0304,99,0.0
547.8,0.2467,0.3353,-0.0887,0.1219,0.0925,0.0216,0.0432,-0.059,0.0,0,0.0
548.0,0.2597,0.3279,-0.0682,0.1113,0.0961,0.0416,0.0831,-0.0417,0.0414,101,0.0
548.2,0.2426,0.3325,-0.0898,0.1178,0.0998,0.028,0.056,-0.0539,0.0,0,0.0
548.4,0.2388,0.3186,-0.0797,0.098,0.1036,0.0398,0.0797,-0.037,0.0,0,0.0
548.6,0.2417,0.3093,-0.0676,0.0847,0.1074,0.0533,0.1067,-0.0225,0.0,0,0.0
548.8,0.2528,0.2991,-0.0462,0.0701,0.1113,0.0743,0.1487,-0.0025,0.1462,118,0.0
549.0,0.2559,0.3184,-0.0624,0.0976,0.1153,0.0653,0.1307,-0.0224,0.1083,112,0.0
549.2,0.2636,0.3233,-0.0597,0.1047,0.1193,0.0715,0.1431,-0.0226,0.1205,114,0.0
549.4,0.2668,0.339,-0.0722,0.1271,0.1233,0.0656,0.1312,-0.038,0.0933,109,0.0
549.6,0.2726,0.342,-0.0694,0.1314,0.1274,0.0719,0.1438,-0.0367,0.1071,112,0.0
549.8,0.2718,0.3498,-0.078,0.1425,0.1316,0.0692,0.1384,-0.0445,0.0939,110,0.0
550.0,0.2603,0.3519,-0.0916,0.1455,0.1357,0.0625,0.1249,-0.0507,0.0742,106,0.0
550.2,0.2576,0.3618,-0.1042,0.1597,0.14,0.0566,0.1133,-0.0619,0.0514,103,0.0
550.4,0.2494,0.3614,-0.1119,0.1591,0.1442,0.0547,0.1093,-0.0634,0.0,0,0.0
550.6,0.2505,0.3468,-0.0963,0.1382,0.1485,0.0715,0.143,-0.043,0.1,110,0.0
550.8,0.2608,0.3537,-0.0929,0.1482,0.1528,0.0785,0.157,-0.0441,0.1129,113,0.0
551.0,0.2551,0.357,-0.1019,0.1529,0.1572,0.0757,0.1513,-0.0488,0.1025,111,0.0
551.2,0.2612,0.359,-0.0978,0.1558,0.1616,0.0833,0.1666,-0.046,0.1206,114,0.0
551.4,0.256,0.3681,-0.1121,0.1687,0.166,0.0763,0.1526,-0.0574,0.0952,110,0.0
551.6,0.2625,0.3671,-0.1046,0.1673,0.1704,0.0867,0.1734,-0.0508,0.1227,114,0.0
551.8,0.2576,0.3692,-0.1116,0.1703,0.1749,0.0856,0.1711,-0.0535,0.1176,113,0.0
552.0,0.2496,0.3729,-0.1234,0.1756,0.1793,0.0807,0.1613,-0.0598,0.0,0,0.0
552.2,0.2683,0.3549,-0.0865,0.1498,0.1838,0.1146,0.2292,-0.0263,0.2029,127,0.0
552.4,0.2752,0.3621,-0.0869,0.1602,0.1883,0.1188,0.2375,-0.0294,0.2081,128,0.0
552.6,0.2729,0.3691,-0.0962,0.1702,0.1928,0.1158,0.2317,-0.0368,0.1949,126,0.0
552.8,0.275,0.3727,-0.0977,0.1753,0.1973,0.1191,0.2382,-0.0379,0.2003,127,0.0
553.0,0.2904,0.3829,-0.0924,0.1898,0.2018,0.1278,0.2557,-0.0402,0.2154,129,0.0
553.2,0.2768,0.3847,-0.1078,0.1924,0.2063,0.12,0.2401,-0.047,0.1931,125,0.0
553.4,0.2884,0.3854,-0.097,0.1934,0.2108,0.1332,0.2663,-0.0398,0.2265,131,0.0
553.6,0.2841,0.3882,-0.1041,0.1974,0.2153,0.132,0.264,-0.0431,0.2209,130,0.0
553.8,0.2893,0.3923,-0.103,0.2033,0.2198,0.1373,0.2746,-0.0433,0.2313,132,0.0
554.0,0.2962,0.3994,-0.1032,0.2134,0.2242,0.1416,0.2833,-0.0462,0.2371,132,0.0
554.2,0.3029,0.3978,-0.0949,0.2112,0.2287,0.1527,0.3055,-0.0387,0.2667,137,0.0
554.4,0.309,0.4028,-0.0938,0.2182,0.2331,0.1581,0.3162,-0.0394,0.2767,139,0.0
554.6,0.3107,0.4041,-0.0934,0.2202,0.2375,0.1628,0.3256,-0.038,0.2875,141,0.0
554.8,0.3096,0.407,-0.0973,0.2242,0.2419,0.164,0.3281,-0.0398,0.2882,141,0.0
555.0,0.3184,0.4122,-0.0939,0.2318,0.2463,0.1712,0.3424,-0.0397,0.3027,143,0.0
555.2,0.309,0.4139,-0.1049,0.2342,0.2506,0.1667,0.3334,-0.0442,0.2892,141,0.0
555.4,0.3103,0.4122,-0.1019,0.2317,0.2549,0.1734,0.3468,-0.0393,0.3075,144,0.0
555.6,0.3206,0.4195,-0.0989,0.2421,0.2592,0.1801,0.3602,-0.0409,0.3193,146,0.0
555.8,0.3244,0.421,-0.0965,0.2443,0.2634,0.1862,0.3723,-0.0387,0.3336,148,0.0
556.0,0.3315,0.4188,-0.0873,0.2412,0.2676,0.1978,0.3956,-0.0304,0.3651,153,0.0
556.2,0.3417,0.4268,-0.0851,0.2526,0.2717,0.2037,0.4073,-0.033,0.3743,154,0.0
556.4,0.337,0.4267,-0.0897,0.2525,0.2758,0.2041,0.4081,-0.0332,0.3749,154,0.0
556.6,0.3405,0.4247,-0.0842,0.2496,0.2799,0.2125,0.4251,-0.027,0.3981,158,0.0
556.8,0.3555,0.428,-0.0725,0.2542,0.2839,0.2259,0.4519,-0.0214,0.4305,163,0.0
557.0,0.3632,0.4354,-0.0722,0.2649,0.2879,0.2301,0.4601,-0.0246,0.4355,164,0.0
557.2,0.3545,0.4354,-0.0809,0.2649,0.2918,0.227,0.4541,-0.027,0.4271,163,0.0
557.4,0.3697,0.4354,-0.0657,0.2648,0.2956,0.243,0.4861,-0.0175,0.4686,169,0.0
557.6,0.3723,0.4421,-0.0698,0.2745,0.2994,0.2435,0.487,-0.0225,0.4646,169,0.0
557.8,0.3747,0.4431,-0.0684,0.2759,0.3031,0.2484,0.4967,-0.0206,0.4761,171,0.0
558.0,0.3896,0.4499,-0.0602,0.2855,0.3068,0.2586,0.5172,-0.0195,0.4977,174,0.0
558.2,0.3789,0.4524,-0.0735,0.2892,0.3104,0.2516,0.5031,-0.0261,0.477,171,0.0
558.4,0.4004,0.4543,-0.0538,0.2918,0.3139,0.2708,0.5416,-0.0159,0.5257,179,0.0
558.6,0.4012,0.4539,-0.0527,0.2913,0.3173,0.2752,0.5503,-0.0134,0.537,180,0.0
558.8,0.397,0.4553,-0.0583,0.2933,0.3207,0.274,0.5481,-0.0155,0.5326,180,0.0
559.0,0.399,0.4563,-0.0572,0.2947,0.324,0.2782,0.5564,-0.014,0.5424,181,0.0
559.2,0.4175,0.4604,-0.0428,0.3005,0.3272,0.293,0.5859,-0.0081,0.5778,187,0.0
559.4,0.4199,0.4653,-0.0453,0.3075,0.3304,0.2941,0.5882,-0.0112,0.577,187,0.0
559.6,0.4153,0.4653,-0.0499,0.3075,0.3334,0.2935,0.5869,-0.012,0.5749,186,0.0
559.8,0.4347,0.4671,-0.0324,0.3101,0.3364,0.3105,0.621,-0.0031,0.6179,193,0.0
560.0,0.4274,0.4711,-0.0436,0.3158,0.3393,0.3044,0.6088,-0.0101,0.5987,190,0.0
560.2,0.4289,0.4709,-0.042,0.3155,0.3421,0.3085,0.617,-0.0077,0.6093,192,0.0
560.4,0.4508,0.4772,-0.0264,0.3246,0.3448,0.3237,0.6474,-0.0031,0.6443,198,0.0
560.6,0.4448,0.4803,-0.0355,0.3289,0.3475,0.3191,0.6381,-0.0085,0.6296,195,0.0
560.8,0.4482,0.4785,-0.0303,0.3264,0.35,0.3258,0.6515,-0.0033,0.6482,198,0.0
561.0,0.4437,0.4814,-0.0377,0.3305,0.3524,0.3223,0.6446,-0.0079,0.6367,196,0.0
561.2,0.4524,0.4853,-0.0328,0.3361,0.3548,0.3285,0.657,-0.0071,0.6499,198,0.0
561.4,0.4655,0.4868,-0.0213,0.3382,0.357,0.34,0.68,-0.0012,0.6788,203,0.0
561.6,0.4727,0.4856,-0.0129,0.3366,0.3592,0.3489,0.6977,0.0049,0.7026,207,0.0
561.8,0.4762,0.4907,-0.0145,0.3438,0.3612,0.3496,0.6993,0.0015,0.7007,207,0.0
562.0,0.4639,0.4957,-0.0318,0.3509,0.3632,0.3378,0.6755,-0.0098,0.6657,201,0.0
562.2,0.4668,0.494,-0.0272,0.3486,0.365,0.3432,0.6865,-0.0054,0.6811,203,0.0
562.4,0.4847,0.4917,-0.007,0.3454,0.3668,0.3612,0.7223,0.0072,0.7295,211,0.0
562.6,0.4891,0.5003,-0.0112,0.3576,0.3684,0.3594,0.7188,-0.0002,0.7186,209,0.0
562.8,0.4897,0.5016,-0.0119,0.3594,0.3699,0.3605,0.7209,-0.0007,0.7203,210,0.0
563.0,0.4811,0.4976,-0.0165,0.3537,0.3714,0.3582,0.7164,0.0006,0.7169,209,0.0
563.2,0.4845,0.5025,-0.018,0.3608,0.3727,0.3583,0.7165,-0.003,0.7135,209,0.0
563.4,0.5002,0.5034,-0.0033,0.362,0.3739,0.3713,0.7426,0.0043,0.7469,214,0.0
563.6,0.4947,0.5011,-0.0064,0.3586,0.375,0.3699,0.7399,0.005,0.7449,214,0.0
563.8,0.4988,0.5067,-0.0079,0.3668,0.376,0.3697,0.7393,0.0007,0.74,213,0.0
564.0,0.4924,0.5038,-0.0114,0.3626,0.3769,0.3678,0.7356,0.0015,0.737,212,0.0
564.2,0.5113,0.5067,0.0046,0.3667,0.3777,0.38,0.76,0.0071,0.7671,217,0.0
564.4,0.5104,0.5082,0.0022,0.3688,0.3783,0.38,0.76,0.0058,0.7658,217,0.0
564.6,0.5114,0.5099,0.0016,0.3713,0.3789,0.38,0.76,0.0045,0.7645,217,0.0
564.8,0.5136,0.5122,0.0015,0.3745,0.3793,0.38,0.76,0.0029,0.7629,217,0.0
565.0,0.4988,0.5103,-0.0114,0.3718,0.3797,0.3705,0.7411,-0.0018,0.7393,213,0.0
565.2,0.5001,0.5103,-0.0103,0.3719,0.3799,0.3717,0.7433,-0.0011,0.7422,213,0.0
565.4,0.5104,0.51,0.0003,0.3715,0.38,0.38,0.76,0.0043,0.7643,217,0.0
565.6,0.5098,0.5163,-0.0064,0.3804,0.38,0.3748,0.7497,-0.0034,0.7462,214,0.0
565.8,0.5043,0.5112,-0.0069,0.3732,0.3799,0.3743,0.7486,-0.0001,0.7485,214,0.0
566.0,0.5181,0.5123,0.0058,0.3747,0.3796,0.38,0.76,0.0032,0.7632,217,0.0
566.2,0.5108,0.5173,-0.0065,0.3819,0.3793,0.3741,0.7481,-0.0046,0.7436,213,0.0
566.4,0.5118,0.5169,-0.0051,0.3813,0.3788,0.3747,0.7494,-0.0038,0.7456,214,0.0
566.6,0.5125,0.5137,-0.0012,0.3767,0.3783,0.3773,0.7547,0.0002,0.7549,215,0.0
566.8,0.5145,0.5146,-0.0001,0.378,0.3776,0.3775,0.755,-0.0003,0.7547,215,0.0
567.0,0.5012,0.5124,-0.0112,0.3749,0.3768,0.3678,0.7356,-0.0047,0.7309,211,0.0
567.2,0.5148,0.5125,0.0024,0.375,0.3759,0.3778,0.7556,0.0016,0.7572,216,0.0
567.4,0.5007,0.5111,-0.0105,0.3731,0.3749,0.3665,0.733,-0.0043,0.7287,211,0.0
567.6,0.5125,0.5147,-0.0022,0.3781,0.3738,0.372,0.744,-0.0033,0.7407,213,0.0
567.8,0.512,0.5154,-0.0034,0.3791,0.3725,0.3698,0.7396,-0.005,0.7347,212,0.0
568.0,0.5107,0.5145,-0.0038,0.3778,0.3712,0.3681,0.7363,-0.0052,0.731,211,0.0
568.2,0.5071,0.5138,-0.0068,0.3769,0.3697,0.3643,0.7287,-0.0069,0.7218,210,0.0
568.4,0.4981,0.5146,-0.0165,0.378,0.3682,0.355,0.71,-0.0132,0.6968,206,0.0
568.6,0.4991,0.509,-0.0099,0.3699,0.3665,0.3586,0.7172,-0.0067,0.7106,208,0.0
568.8,0.5088,0.5113,-0.0024,0.3732,0.3648,0.3628,0.7257,-0.0054,0.7202,210,0.0
569.0,0.5052,0.5094,-0.0042,0.3705,0.3629,0.3596,0.7191,-0.0059,0.7132,209,0.0
569.2,0.4968,0.5096,-0.0128,0.3709,0.361,0.3507,0.7014,-0.0114,0.69,205,0.0
569.4,0.4993,0.5094,-0.0101,0.3705,0.3589,0.3508,0.7016,-0.0109,0.6908,205,0.0
569.6,0.5003,0.5102,-0.0099,0.3717,0.3567,0.3488,0.6976,-0.0125,0.6852,204,0.0
569.8,0.4848,0.5054,-0.0206,0.3649,0.3545,0.338,0.676,-0.0155,0.6606,200,0.0
570.0,0.4827,0.5074,-0.0247,0.3677,0.3521,0.3324,0.6647,-0.0201,0.6446,198,0.0
570.2,0.4792,0.5033,-0.0241,0.3618,0.3497,0.3304,0.6608,-0.0181,0.6426,197,0.0
570.4,0.4765,0.5059,-0.0294,0.3656,0.3471,0.3235,0.6471,-0.024,0.6231,194,0.0
570.6,0.483,0.4976,-0.0146,0.3538,0.3445,0.3327,0.6655,-0.012,0.6535,199,0.0
570.8,0.4708,0.5013,-0.0305,0.359,0.3417,0.3173,0.6346,-0.0239,0.6107,192,0.0
571.0,0.4769,0.4975,-0.0206,0.3535,0.3389,0.3224,0.6449,-0.0176,0.6273,195,0.0
571.2,0.4689,0.4948,-0.0259,0.3498,0.336,0.3153,0.6306,-0.0198,0.6108,192,0.0
571.4,0.4647,0.4959,-0.0312,0.3513,0.333,0.308,0.6161,-0.0248,0.5913,189,0.0
571.6,0.4536,0.4966,-0.043,0.3523,0.33,0.2955,0.5911,-0.0327,0.5584,184,0.0
571.8,0.4528,0.4881,-0.0353,0.3401,0.3268,0.2986,0.5972,-0.0243,0.5728,186,0.0
572.0,0.4561,0.4913,-0.0351,0.3447,0.3236,0.2955,0.5909,-0.0281,0.5628,185,0.0
572.2,0.46,0.4857,-0.0257,0.3367,0.3203,0.2997,0.5994,-0.0211,0.5783,187,0.0
572.4,0.4435,0.4864,-0.0429,0.3377,0.3169,0.2826,0.5651,-0.0319,0.5332,180,0.0
572.6,0.4489,0.4815,-0.0326,0.3307,0.3134,0.2873,0.5746,-0.0249,0.5497,182,0.0
572.8,0.4308,0.4857,-0.055,0.3368,0.3099,0.2659,0.5318,-0.0409,0.4909,173,0.0
573.0,0.433,0.4834,-0.0504,0.3334,0.3063,0.2659,0.5319,-0.0388,0.4931,173,0.0
573.2,0.4283,0.4784,-0.0501,0.3262,0.3026,0.2625,0.5251,-0.0369,0.4882,173,0.0
573.4,0.4211,0.4723,-0.0512,0.3176,0.2989,0.2579,0.5159,-0.0349,0.4809,171,0.0
573.6,0.4145,0.4747,-0.0601,0.3209,0.2951,0.247,0.494,-0.043,0.451,167,0.0
573.8,0.4188,0.4711,-0.0523,0.3159,0.2912,0.2494,0.4988,-0.0385,0.4603,168,0.0
574.0,0.4178,0.4661,-0.0482,0.3086,0.2873,0.2488,0.4975,-0.0348,0.4628,169,0.0
574.2,0.4102,0.467,-0.0568,0.31,0.2834,0.2379,0.4759,-0.0417,0.4342,164,0.0
574.4,0.3991,0.4639,-0.0649,0.3056,0.2794,0.2275,0.4549,-0.0456,0.4094,160,0.0
574.6,0.402,0.4618,-0.0598,0.3026,0.2753,0.2274,0.4549,-0.0436,0.4113,160,0.0
574.8,0.3864,0.4578,-0.0713,0.2968,0.2712,0.2141,0.4282,-0.0485,0.3798,155,0.0
575.0,0.3773,0.4542,-0.077,0.2917,0.267,0.2055,0.4109,-0.0508,0.3601,152,0.0
575.2,0.3821,0.4547,-0.0726,0.2925,0.2628,0.2048,0.4095,-0.0511,0.3584,152,0.0
575.4,0.362,0.4525,-0.0905,0.2892,0.2586,0.1862,0.3724,-0.0606,0.3119,144,0.0
575.6,0.3723,0.4511,-0.0788,0.2872,0.2543,0.1913,0.3826,-0.0558,0.3268,147,0.0
575.8,0.3676,0.4493,-0.0817,0.2847,0.25,0.1846,0.3693,-0.0582,0.3111,144,0.0
576.0,0.3518,0.4397,-0.0879,0.271,0.2457,0.1754,0.3507,-0.0566,0.2941,142,0.0
576.2,0.3377,0.4392,-0.1015,0.2703,0.2413,0.1601,0.3202,-0.0653,0.2549,135,0.0
576.4,0.348,0.4389,-0.0909,0.2698,0.2369,0.1642,0.3285,-0.0619,0.2666,137,0.0
576.6,0.3402,0.4361,-0.0959,0.2658,0.2325,0.1558,0.3116,-0.0646,0.247,134,0.0
576.8,0.3202,0.4346,-0.1144,0.2637,0.2281,0.1366,0.2732,-0.075,0.1982,126,0.0
577.0,0.3149,0.4249,-0.11,0.2499,0.2236,0.1356,0.2713,-0.0681,0.2031,127,0.0
577.2,0.3227,0.4219,-0.0992,0.2455,0.2192,0.1398,0.2796,-0.0628,0.2168,129,0.0
577.4,0.306,0.4242,-0.1182,0.2488,0.2147,0.1201,0.2403,-0.0761,0.1641,121,0.0
577.6,0.3113,0.4191,-0.1078,0.2415,0.2102,0.124,0.2479,-0.0696,0.1783,123,0.0
577.8,0.291,0.4194,-0.1285,0.2421,0.2057,0.1029,0.2058,-0.0824,0.1234,114,0.0
578.0,0.2921,0.4093,-0.1172,0.2276,0.2012,0.1074,0.2148,-0.0718,0.143,117,0.0
578.2,0.2791,0.4132,-0.1341,0.2331,0.1967,0.0894,0.1788,-0.0853,0.0935,109,0.0
578.4,0.2817,0.4067,-0.125,0.2239,0.1922,0.0922,0.1843,-0.0784,0.106,111,0.0
578.6,0.2672,0.4065,-0.1393,0.2236,0.1877,0.0763,0.1525,-0.0876,0.0649,105,0.0
578.8,0.2588,0.4012,-0.1424,0.2161,0.1832,0.0693,0.1385,-0.0876,0.0509,103,0.0
579.0,0.2596,0.3954,-0.1358,0.2077,0.1787,0.0701,0.1403,-0.0823,0.0579,104,0.0
579.2,0.2565,0.3965,-0.14,0.2093,0.1743,0.0623,0.1246,-0.0875,0.0371,100,0.0
579.4,0.2491,0.3913,-0.1422,0.2019,0.1698,0.0561,0.1121,-0.0871,0.0,0,0.0
579.6,0.2455,0.3662,-0.1207,0.166,0.1654,0.0689,0.1377,-0.0606,0.0,0,0.0
579.8,0.2509,0.3542,-0.1033,0.1489,0.161,0.0784,0.1568,-0.0456,0.1112,112,0.0
580.0,0.2453,0.3556,-0.1102,0.1508,0.1566,0.0685,0.1369,-0.0522,0.0,0,0.0
580.2,0.2534,0.3404,-0.087,0.1291,0.1523,0.0827,0.1653,-0.0319,0.1334,116,0.0
580.4,0.2538,0.3508,-0.097,0.144,0.1479,0.0703,0.1406,-0.0466,0.0941,110,0.0
580.6,0.2556,0.3564,-0.1007,0.152,0.1437,0.0631,0.1261,-0.0545,0.0716,106,0.0
580.8,0.251,0.3595,-0.1084,0.1564,0.1394,0.0526,0.1053,-0.0627,0.0426,101,0.0
581.0,0.249,0.3638,-0.1148,0.1626,0.1352,0.0433,0.0866,-0.0711,0.0,0,0.0
581.2,0.2383,0.3446,-0.1064,0.1352,0.131,0.0459,0.0918,-0.0553,0.0,0,0.0
581.4,0.2463,0.3291,-0.0828,0.113,0.1269,0.0606,0.1212,-0.0345,0.0,0,0.0
581.6,0.256,0.3177,-0.0617,0.0967,0.1228,0.0734,0.1468,-0.0178,0.129,115,0.0
581.8,0.2551,0.3288,-0.0737,0.1126,0.1187,0.0598,0.1195,-0.0338,0.0857,108,0.0
582.0,0.2575,0.3358,-0.0783,0.1226,0.1148,0.0521,0.1042,-0.0431,0.0612,104,0.0
582.2,0.2535,0.3451,-0.0916,0.1358,0.1108,0.0376,0.0751,-0.0583,0.0169,97,0.0
582.4,0.2494,0.3507,-0.1012,0.1438,0.1069,0.0259,0.0519,-0.0691,0.0,0,0.0
582.6,0.2438,0.3331,-0.0893,0.1188,0.1031,0.0317,0.0634,-0.0525,0.0,0,0.0
582.8,0.2393,0.3218,-0.0825,0.1025,0.0994,0.0334,0.0667,-0.0428,0.0,0,0.0
583.0,0.2445,0.3102,-0.0657,0.086,0.0957,0.0431,0.0862,-0.028,0.0,0,0.0
583.2,0.2372,0.2986,-0.0613,0.0694,0.092,0.043,0.0859,-0.0193,0.0,0,0.0
583.4,0.2439,0.2963,-0.0525,0.0662,0.0885,0.0465,0.093,-0.0151,0.0,0,0.0
583.6,0.2516,0.2833,-0.0316,0.0475,0.085,0.0596,0.1193,0.0029,0.1222,114,0.0
583.8,0.2595,0.303,-0.0434,0.0757,0.0815,0.0468,0.0936,-0.0188,0.0748,106,0.0
584.0,0.2498,0.3141,-0.0643,0.0915,0.0782,0.0268,0.0535,-0.0388,0.0,0,0.0
584.2,0.2552,0.3031,-0.0479,0.0759,0.0749,0.0366,0.0732,-0.0244,0.0488,102,0.0
584.4,0.2468,0.318,-0.0713,0.0972,0.0717,0.0147,0.0294,-0.0484,0.0,0,0.0
584.6,0.2577,0.3042,-0.0465,0.0774,0.0686,0.0314,0.0628,-0.0277,0.0351,100,0.0
584.8,0.2375,0.3173,-0.0798,0.0961,0.0656,0.0017,0.0034,-0.0552,0.0,0,0.0
585.0,0.2377,0.3044,-0.0667,0.0777,0.0626,0.0092,0.0184,-0.0409,0.0,0,0.0
585.2,0.2298,0.2975,-0.0677,0.0678,0.0597,0.0056,0.0112,-0.0379,0.0,0,0.0
585.4,0.2313,0.2885,-0.0572,0.055,0.057,0.0112,0.0223,-0.0276,0.0,0,0.0
585.6,0.2427,0.285,-0.0423,0.05,0.0543,0.0205,0.0409,-0.019,0.0,0,0.0
585.8,0.2484,0.2825,-0.034,0.0464,0.0517,0.0245,0.0489,-0.0144,0.0,0,0.0
586.0,0.2357,0.2755,-0.0398,0.0364,0.0,0.0,0.0,-0.0222,0.0,0,0.0
586.2,0.2279,0.2729,-0.045,0.0327,0.0,0.0,0.0,-0.0208,0.0,0,0.0
586.4,0.231,0.2656,-0.0346,0.0223,0.0,0.0,0.0,-0.0146,0.0,0,0.0
586.6,0.2191,0.2656,-0.0465,0.0223,0.0,0.0,0.0,-0.0158,0.0,0,0.0
586.8,0.2147,0.261,-0.0463,0.0157,0.0,0.0,0.0,-0.0125,0.0,0,0.0
587.0,0.2039,0.2601,-0.0562,0.0144,0.0,0.0,0.0,-0.0128,0.0,0,0.0
587.2,0.2015,0.2612,-0.0597,0.016,0.0,0.0,0.0,-0.014,0.0,0,0.0
587.4,0.2018,0.2561,-0.0543,0.0087,0.0,0.0,0.0,-0.0098,0.0,0,0.0
587.6,0.2075,0.2571,-0.0496,0.0101,0.0,0.0,0.0,-0.01,0.0,0,0.0
587.8,0.2028,0.2562,-0.0534,0.0089,0.0,0.0,0.0,-0.0098,0.0,0,0.0
588.0,0.2064,0.2573,-0.0509,0.0104,0.0,0.0,0.0,-0.0103,0.0,0,0.0
588.2,0.1925,0.2549,-0.0624,0.007,0.0,0.0,0.0,-0.0098,0.0,0,0.0
588.4,0.2001,0.2524,-0.0523,0.0035,0.0,0.0,0.0,-0.007,0.0,0,0.0
588.6,0.1939,0.2549,-0.061,0.007,0.0,0.0,0.0,-0.0096,0.0,0,0.0
588.8,0.1917,0.2541,-0.0623,0.0058,0.0,0.0,0.0,-0.0091,0.0,0,0.0
589.0,0.1998,0.25,-0.0502,0.0,0.0,0.0,0.0,-0.005,0.0,0,0.0
589.2,0.195,0.2527,-0.0578,0.0039,0.0,0.0,0.0,-0.0077,0.0,0,0.0
589.4,0.1876,0.2532,-0.0656,0.0046,0.0,0.0,0.0,-0.0088,0.0,0,0.0
589.6,0.1936,0.2501,-0.0565,0.0001,0.0,0.0,0.0,-0.0057,0.0,0,0.0
589.8,0.192,0.25,-0.058,0.0,0.0,0.0,0.0,-0.0058,0.0,0,0.0
590.0,0.2047,0.25,-0.0453,0.0,0.0,0.0,0.0,-0.0045,0.0,0,0.0
590.2,0.1963,0.2538,-0.0576,0.0055,0.0,0.0,0.0,-0.0085,0.0,0,0.0
590.4,0.1912,0.2517,-0.0605,0.0024,0.0,0.0,0.0,-0.0073,0.0,0,0.0
590.6,0.2019,0.2527,-0.0508,0.0039,0.0,0.0,0.0,-0.007,0.0,0,0.0
590.8,0.1919,0.254,-0.062,0.0057,0.0,0.0,0.0,-0.009,0.0,0,0.0
591.0,0.1865,0.2522,-0.0658,0.0032,0.0,0.0,0.0,-0.0082,0.0,0,0.0
591.2,0.195,0.25,-0.055,0.0,0.0,0.0,0.0,-0.0055,0.0,0,0.0
591.4,0.1969,0.2518,-0.0549,0.0025,0.0,0.0,0.0,-0.0067,0.0,0,0.0
591.6,0.2026,0.25,-0.0474,0.0,0.0,0.0,0.0,-0.0047,0.0,0,0.0
591.8,0.1923,0.25,-0.0577,0.0,0.0,0.0,0.0,-0.0058,0.0,0,0.0
592.0,0.1974,0.25,-0.0526,0.0,0.0,0.0,0.0,-0.0053,0.0,0,0.0
592.2,0.1964,0.2517,-0.0554,0.0025,0.0,0.0,0.0,-0.0068,0.0,0,0.0
592.4,0.1904,0.25,-0.0596,0.0,0.0,0.0,0.0,-0.006,0.0,0,0.0
592.6,0.1908,0.2513,-0.0605,0.0018,0.0,0.0,0.0,-0.0069,0.0,0,0.0
592.8,0.197,0.2532,-0.0562,0.0046,0.0,0.0,0.0,-0.0079,0.0,0,0.0
593.0,0.1843,0.2523,-0.068,0.0032,0.0,0.0,0.0,-0.0084,0.0,0,0.0
593.2,0.1843,0.2519,-0.0677,0.0027,0.0,0.0,0.0,-0.0081,0.0,0,0.0
593.4,0.1843,0.2533,-0.069,0.0047,0.0,0.0,0.0,-0.0092,0.0,0,0.0
593.6,0.1928,0.25,-0.0572,0.0,0.0,0.0,0.0,-0.0057,0.0,0,0.0
593.8,0.2016,0.25,-0.0484,0.0,0.0,0.0,0.0,-0.0048,0.0,0,0.0
594.0,0.1862,0.25,-0.0638,0.0,0.0,0.0,0.0,-0.0064,0.0,0,0.0
594.2,0.1948,0.25,-0.0552,0.0,0.0,0.0,0.0,-0.0055,0.0,0,0.0
594.4,0.1923,0.2514,-0.0591,0.002,0.0,0.0,0.0,-0.0069,0.0,0,0.0
594.6,0.1993,0.2527,-0.0534,0.0038,0.0,0.0,0.0,-0.0072,0.0,0,0.0
594.8,0.1903,0.25,-0.0597,0.0,0.0,0.0,0.0,-0.006,0.0,0,0.0
595.0,0.1902,0.2503,-0.0601,0.0004,0.0,0.0,0.0,-0.0062,0.0,0,0.0
595.2,0.1921,0.252,-0.0599,0.0029,0.0,0.0,0.0,-0.0075,0.0,0,0.0
595.4,0.1942,0.25,-0.0558,0.0,0.0512,0.0,0.0,-0.0056,0.0,0,0.0
595.6,0.2231,0.2513,-0.0282,0.0019,0.0538,0.0312,0.0623,0.0118,0.0,0,0.0
595.8,0.2222,0.2516,-0.0295,0.0023,0.0564,0.0329,0.0658,0.0123,0.0,0,0.0
596.0,0.2408,0.2503,-0.0094,0.0004,0.0592,0.0517,0.1033,0.0247,0.0,0,0.0
596.2,0.2444,0.2523,-0.0079,0.0033,0.062,0.0557,0.1114,0.0254,0.0,0,0.0
596.4,0.255,0.25,0.005,0.0,0.065,0.069,0.138,0.035,0.173,122,0.0
596.6,0.2801,0.2759,0.0042,0.037,0.068,0.0714,0.1427,0.0176,0.1603,120,0.0
596.8,0.2818,0.29,-0.0083,0.0572,0.0711,0.0645,0.129,0.0028,0.1318,116,0.0
597.0,0.2686,0.3095,-0.0409,0.085,0.0743,0.0416,0.0832,-0.0258,0.0574,104,0.0
597.2,0.2588,0.3158,-0.0571,0.0941,0.0775,0.0319,0.0638,-0.0368,0.027,99,0.0
597.4,0.2688,0.3223,-0.0535,0.1033,0.0809,0.0381,0.0761,-0.038,0.0382,101,0.0
597.6,0.2579,0.3328,-0.0748,0.1182,0.0843,0.0244,0.0488,-0.0544,0.0,0,0.0
597.8,0.2467,0.3172,-0.0705,0.096,0.0878,0.0314,0.0628,-0.0393,0.0,0,0.0
598.0,0.2617,0.3094,-0.0477,0.0849,0.0913,0.0532,0.1064,-0.0206,0.0858,108,0.0
598.2,0.2532,0.3221,-0.0689,0.1031,0.0949,0.0398,0.0796,-0.0385,0.041,101,0.0
598.4,0.2444,0.3263,-0.0819,0.109,0.0986,0.0331,0.0662,-0.0461,0.0,0,0.0
598.6,0.2457,0.3149,-0.0692,0.0927,0.1024,0.047,0.0941,-0.0297,0.0,0,0.0
598.8,0.2654,0.3038,-0.0384,0.0769,0.1062,0.0755,0.1509,-0.0045,0.1464,118,0.0
599.0,0.2577,0.3199,-0.0621,0.0998,0.1101,0.0604,0.1207,-0.0259,0.0948,110,0.0
599.2,0.2538,0.3323,-0.0786,0.1176,0.114,0.0511,0.1023,-0.0411,0.0612,104,0.0
599.4,0.2634,0.3395,-0.0761,0.1279,0.118,0.0571,0.1141,-0.043,0.0711,106,0.0
599.6,0.2511,0.3457,-0.0946,0.1367,0.122,0.0463,0.0926,-0.0546,0.038,101,0.0
599.8,0.2524,0.3469,-0.0945,0.1384,0.1261,0.0505,0.1009,-0.0534,0.0475,102,0.0
600.0,0.2411,0.3541,-0.113,0.1487,0.1302,0.0398,0.0796,-0.0657,0.0,0,0.0
600.2,0.2492,0.3352,-0.0859,0.1217,0.1344,0.0656,0.1312,-0.0366,0.0,0,0.0
600.4,0.2535,0.3267,-0.0732,0.1096,0.1386,0.08,0.16,-0.0221,0.1379,117,0.0
600.6,0.2611,0.3379,-0.0767,0.1255,0.1428,0.0815,0.1629,-0.0297,0.1332,116,0.0
600.8,0.2656,0.3449,-0.0793,0.1356,0.1471,0.0836,0.1673,-0.0339,0.1333,116,0.0
601.0,0.273,0.3495,-0.0764,0.1421,0.1514,0.0903,0.1806,-0.0336,0.147,118,0.0
601.2,0.2656,0.3584,-0.0928,0.1549,0.1558,0.0815,0.163,-0.046,0.1171,113,0.0
601.4,0.2557,0.365,-0.1093,0.1643,0.1602,0.0727,0.1455,-0.0567,0.0888,109,0.0
601.6,0.2731,0.3634,-0.0903,0.162,0.1646,0.0923,0.1846,-0.0439,0.1407,117,0.0
601.8,0.2644,0.3666,-0.1022,0.1666,0.169,0.0872,0.1744,-0.0499,0.1245,114,0.0
602.0,0.2637,0.3741,-0.1105,0.1773,0.1734,0.085,0.1701,-0.0572,0.1129,113,0.0
602.2,0.2534,0.373,-0.1196,0.1757,0.1779,0.0822,0.1644,-0.0587,0.1057,111,0.0
602.4,0.2545,0.3768,-0.1223,0.1811,0.1823,0.0845,0.1691,-0.0605,0.1085,112,0.0
602.6,0.2661,0.3804,-0.1143,0.1863,0.1868,0.0954,0.1907,-0.0569,0.1338,116,0.0
602.8,0.2553,0.3808,-0.1255,0.1869,0.1913,0.0909,0.1818,-0.0605,0.1213,114,0.0
603.0,0.2642,0.3846,-0.1204,0.1923,0.1958,0.0995,0.199,-0.0585,0.1405,117,0.0
603.2,0.2706,0.3814,-0.1108,0.1877,0.2003,0.1117,0.2234,-0.0491,0.1743,122,0.0
603.4,0.2736,0.3889,-0.1153,0.1984,0.2048,0.1126,0.2252,-0.0544,0.1707,122,0.0
603.6,0.2809,0.387,-0.1061,0.1957,0.2093,0.1245,0.2489,-0.0462,0.2027,127,0.0
603.8,0.2815,0.3909,-0.1094,0.2013,0.2138,0.1263,0.2526,-0.0484,0.2041,127,0.0
604.0,0.2797,0.3922,-0.1124,0.2031,0.2183,0.1284,0.2567,-0.0486,0.2081,128,0.0
604.2,0.2748,0.3942,-0.1194,0.206,0.2228,0.1272,0.2545,-0.0513,0.2032,127,0.0
604.4,0.2786,0.4007,-0.1221,0.2153,0.2272,0.1295,0.259,-0.0551,0.204,127,0.0
604.6,0.2761,0.3958,-0.1197,0.2083,0.2317,0.1359,0.2718,-0.0482,0.2236,130,0.0
604.8,0.3,0.4013,-0.1013,0.2161,0.2361,0.155,0.3101,-0.0407,0.2694,138,0.0
605.0,0.3029,0.4008,-0.098,0.2155,0.2405,0.1621,0.3242,-0.0365,0.2877,141,0.0
605.2,0.303,0.4087,-0.1057,0.2267,0.2448,0.1603,0.3206,-0.0438,0.2768,139,0.0
605.4,0.3116,0.4091,-0.0975,0.2273,0.2492,0.1712,0.3424,-0.0378,0.3046,143,0.0
605.6,0.3005,0.4132,-0.1127,0.2331,0.2535,0.1633,0.3267,-0.0462,0.2805,139,0.0
605.8,0.3029,0.4165,-0.1135,0.2378,0.2578,0.167,0.3339,-0.0468,0.2871,140,0.0
606.0,0.3111,0.4171,-0.1061,0.2387,0.262,0.1772,0.3544,-0.0414,0.313,145,0.0
606.2,0.3161,0.4178,-0.1017,0.2397,0.2662,0.1849,0.3698,-0.0375,0.3323,148,0.0
606.4,0.3388,0.4185,-0.0797,0.2407,0.2704,0.2066,0.4132,-0.025,0.3882,157,0.0
606.6,0.3286,0.4234,-0.0948,0.2477,0.2745,0.1987,0.3974,-0.034,0.3634,153,0.0
606.8,0.3456,0.4252,-0.0797,0.2503,0.2786,0.2149,0.4297,-0.0257,0.404,159,0.0
607.0,0.3366,0.4263,-0.0897,0.2519,0.2826,0.2108,0.4216,-0.0295,0.3921,157,0.0
607.2,0.3598,0.4309,-0.0711,0.2584,0.2866,0.2297,0.4594,-0.0214,0.438,165,0.0
607.4,0.3543,0.4315,-0.0772,0.2593,0.2905,0.2288,0.4575,-0.023,0.4345,164,0.0
607.6,0.3568,0.4355,-0.0788,0.265,0.2944,0.2313,0.4627,-0.0247,0.438,165,0.0
607.8,0.3643,0.4395,-0.0752,0.2708,0.2982,0.238,0.476,-0.0239,0.452,167,0.0
608.0,0.3788,0.4426,-0.0638,0.2752,0.3019,0.2508,0.5017,-0.0186,0.4831,172,0.0
608.2,0.3768,0.4425,-0.0657,0.275,0.3056,0.253,0.506,-0.0176,0.4885,173,0.0
608.4,0.3744,0.449,-0.0746,0.2842,0.3092,0.2495,0.499,-0.0248,0.4742,170,0.0
608.6,0.3879,0.4519,-0.064,0.2885,0.3127,0.2615,0.5231,-0.0199,0.5032,175,0.0
608.8,0.4031,0.449,-0.0459,0.2842,0.3162,0.2795,0.559,-0.007,0.552,183,0.0
609.0,0.3943,0.4542,-0.0599,0.2917,0.3196,0.2717,0.5434,-0.016,0.5274,179,0.0
609.2,0.3993,0.4583,-0.059,0.2976,0.3229,0.2757,0.5515,-0.0168,0.5346,180,0.0
609.4,0.4079,0.4599,-0.0519,0.2998,0.3262,0.2846,0.5693,-0.0128,0.5565,184,0.0
609.6,0.4243,0.4633,-0.0389,0.3047,0.3293,0.2982,0.5964,-0.0071,0.5893,189,0.0
609.8,0.4248,0.4674,-0.0426,0.3105,0.3324,0.2984,0.5968,-0.0103,0.5864,188,0.0
610.0,0.4149,0.4664,-0.0516,0.3092,0.3354,0.2942,0.5884,-0.0127,0.5757,187,0.0
610.2,0.4242,0.4695,-0.0453,0.3136,0.3384,0.3021,0.6042,-0.0103,0.5939,190,0.0
610.4,0.4286,0.4704,-0.0418,0.3148,0.3412,0.3078,0.6156,-0.0077,0.6079,192,0.0
610.6,0.4458,0.4773,-0.0315,0.3247,0.3439,0.3187,0.6375,-0.0062,0.6313,196,0.0
610.8,0.4371,0.4791,-0.042,0.3272,0.3466,0.313,0.626,-0.0113,0.6147,193,0.0
611.0,0.4507,0.4821,-0.0315,0.3316,0.3492,0.324,0.648,-0.007,0.641,197,0.0
611.2,0.4437,0.4802,-0.0365,0.3288,0.3516,0.3225,0.6449,-0.0068,0.6381,197,0.0
611.4,0.4474,0.4819,-0.0344,0.3312,0.354,0.3265,0.6529,-0.0058,0.6471,198,0.0
611.6,0.467,0.4834,-0.0164,0.3335,0.3563,0.3431,0.6863,0.0032,0.6895,205,0.0
611.8,0.4623,0.4894,-0.0271,0.342,0.3585,0.3368,0.6736,-0.0053,0.6683,201,0.0
612.0,0.4738,0.4894,-0.0156,0.342,0.3606,0.3481,0.6962,0.0015,0.6977,206,0.0
612.2,0.4619,0.4918,-0.0299,0.3454,0.3625,0.3386,0.6772,-0.0064,0.6709,202,0.0
612.4,0.4689,0.4903,-0.0214,0.3433,0.3644,0.3473,0.6946,-0.0002,0.6944,206,0.0
612.6,0.4709,0.4956,-0.0247,0.3509,0.3662,0.3465,0.6929,-0.0047,0.6883,205,0.0
612.8,0.487,0.4986,-0.0116,0.3551,0.3679,0.3586,0.7172,0.0006,0.7178,209,0.0
613.0,0.4772,0.499,-0.0219,0.3558,0.3695,0.352,0.7039,-0.0041,0.6998,206,0.0
613.2,0.488,0.4953,-0.0073,0.3504,0.3709,0.3651,0.7302,0.0066,0.7368,212,0.0
613.4,0.4845,0.5021,-0.0176,0.3601,0.3723,0.3582,0.7164,-0.0027,0.7137,209,0.0
613.6,0.4922,0.4986,-0.0064,0.3551,0.3735,0.3684,0.7369,0.006,0.7429,213,0.0
613.8,0.4984,0.5013,-0.0029,0.359,0.3747,0.3724,0.7447,0.0064,0.7511,215,0.0
614.0,0.4938,0.5075,-0.0137,0.3679,0.3757,0.3647,0.7295,-0.003,0.7265,211,0.0
614.2,0.5049,0.5085,-0.0036,0.3693,0.3766,0.3737,0.7475,0.0018,0.7493,214,0.0
614.4,0.5002,0.5089,-0.0087,0.3699,0.3774,0.3705,0.741,-0.0006,0.7404,213,0.0
614.6,0.5091,0.506,0.0031,0.3656,0.3781,0.38,0.76,0.0075,0.7675,217,0.0
614.8,0.5125,0.5083,0.0042,0.369,0.3787,0.38,0.76,0.0059,0.7659,217,0.0
615.0,0.5085,0.5106,-0.002,0.3723,0.3792,0.3776,0.7551,0.0025,0.7576,216,0.0
615.2,0.5125,0.51,0.0025,0.3714,0.3796,0.38,0.76,0.0046,0.7646,217,0.0
615.4,0.5027,0.514,-0.0113,0.3771,0.3798,0.3708,0.7416,-0.0043,0.7373,212,0.0
615.6,0.5147,0.5148,-0.0001,0.3784,0.38,0.3799,0.7597,0.0007,0.7605,216,0.0
615.8,0.5193,0.5122,0.007,0.3746,0.38,0.38,0.76,0.0034,0.7634,217,0.0
616.0,0.5215,0.5139,0.0076,0.3771,0.3799,0.38,0.76,0.0022,0.7622,216,0.0
616.2,0.5219,0.5122,0.0097,0.3746,0.3797,0.38,0.76,0.0037,0.7637,217,0.0
616.4,0.5219,0.5115,0.0104,0.3736,0.3794,0.38,0.76,0.0042,0.7642,217,0.0
616.6,0.5113,0.5125,-0.0012,0.375,0.379,0.378,0.7561,0.0014,0.7575,216,0.0
616.8,0.5127,0.5163,-0.0035,0.3804,0.3785,0.3756,0.7513,-0.0027,0.7485,214,0.0
617.0,0.514,0.5162,-0.0022,0.3802,0.3778,0.3761,0.7521,-0.0023,0.7498,214,0.0
617.2,0.5036,0.5167,-0.0131,0.3811,0.3771,0.3666,0.7331,-0.0086,0.7246,210,0.0
617.4,0.5205,0.5162,0.0043,0.3802,0.3762,0.3796,0.7593,0.0001,0.7594,216,0.0
617.6,0.5081,0.517,-0.0089,0.3815,0.3752,0.3681,0.7361,-0.0076,0.7285,211,0.0
617.8,0.5068,0.517,-0.0101,0.3814,0.3741,0.366,0.732,-0.0087,0.7233,210,0.0
618.0,0.5015,0.5142,-0.0127,0.3774,0.3729,0.3628,0.7256,-0.0086,0.717,209,0.0
618.2,0.5128,0.5111,0.0017,0.373,0.3716,0.373,0.746,0.0002,0.7462,214,0.0
618.4,0.4989,0.5119,-0.013,0.3742,0.3702,0.3598,0.7196,-0.0085,0.7111,208,0.0
618.6,0.5112,0.5095,0.0017,0.3707,0.3687,0.3701,0.7401,-0.0002,0.74,213,0.0
618.8,0.5016,0.5135,-0.0119,0.3765,0.3671,0.3575,0.7151,-0.0107,0.7044,207,0.0
619.0,0.495,0.5113,-0.0163,0.3733,0.3654,0.3523,0.7046,-0.0121,0.6925,205,0.0
619.2,0.4956,0.5099,-0.0142,0.3713,0.3635,0.3521,0.7043,-0.011,0.6933,205,0.0
619.4,0.4994,0.5106,-0.0112,0.3723,0.3616,0.3526,0.7053,-0.011,0.6943,206,0.0
619.6,0.4927,0.5078,-0.0151,0.3683,0.3596,0.3475,0.695,-0.0119,0.6831,204,0.0
619.8,0.4993,0.5088,-0.0095,0.3697,0.3574,0.3498,0.6996,-0.0109,0.6887,205,0.0
620.0,0.4863,0.5101,-0.0238,0.3716,0.3552,0.3362,0.6723,-0.0201,0.6522,199,0.0
620.2,0.5012,0.5055,-0.0043,0.365,0.3529,0.3495,0.6989,-0.0082,0.6907,205,0.0
620.4,0.4982,0.5017,-0.0035,0.3596,0.3505,0.3477,0.6953,-0.0063,0.689,205,0.0
620.6,0.4768,0.5058,-0.029,0.3654,0.3479,0.3247,0.6495,-0.0232,0.6263,195,0.0
620.8,0.4751,0.5052,-0.0301,0.3646,0.3453,0.3212,0.6425,-0.0247,0.6178,193,0.0
621.0,0.4875,0.497,-0.0095,0.3529,0.3426,0.3351,0.6701,-0.0099,0.6603,200,0.0
621.2,0.4725,0.5021,-0.0295,0.3601,0.3399,0.3162,0.6325,-0.0249,0.6076,192,0.0
621.4,0.4681,0.4995,-0.0314,0.3564,0.337,0.3118,0.6237,-0.0254,0.5982,190,0.0
621.6,0.4787,0.4929,-0.0142,0.347,0.334,0.3227,0.6453,-0.0136,0.6318,196,0.0
621.8,0.47,0.4934,-0.0234,0.3476,0.331,0.3122,0.6245,-0.02,0.6045,191,0.0
622.0,0.453,0.4905,-0.0376,0.3436,0.3278,0.2978,0.5956,-0.0267,0.5689,186,0.0
622.2,0.4531,0.4933,-0.0401,0.3476,0.3246,0.2925,0.585,-0.0315,0.5535,183,0.0
622.4,0.4429,0.4881,-0.0451,0.3401,0.3213,0.2852,0.5705,-0.0319,0.5385,181,0.0
622.6,0.4552,0.4873,-0.032,0.339,0.318,0.2924,0.5847,-0.0265,0.5582,184,0.0
622.8,0.4383,0.4822,-0.0439,0.3317,0.3146,0.2794,0.5588,-0.0305,0.5283,179,0.0
623.0,0.4328,0.4813,-0.0484,0.3304,0.311,0.2723,0.5446,-0.0339,0.5107,176,0.0
623.2,0.4348,0.4798,-0.045,0.3283,0.3075,0.2714,0.5429,-0.0329,0.51,176,0.0
623.4,0.4223,0.4801,-0.0579,0.3287,0.3038,0.2575,0.5151,-0.0414,0.4737,170,0.0
623.6,0.4243,0.4741,-0.0499,0.3202,0.3001,0.2602,0.5205,-0.035,0.4855,172,0.0
623.8,0.4308,0.472,-0.0412,0.3171,0.2963,0.2634,0.5268,-0.031,0.4958,174,0.0
624.0,0.4249,0.4694,-0.0445,0.3135,0.2925,0.2569,0.5138,-0.0327,0.4811,171,0.0
624.2,0.4151,0.468,-0.0529,0.3114,0.2886,0.2463,0.4927,-0.0378,0.4549,167,0.0
624.4,0.3993,0.4686,-0.0693,0.3123,0.2847,0.2292,0.4584,-0.0485,0.4099,160,0.0
624.6,0.3983,0.4654,-0.0671,0.3077,0.2807,0.227,0.454,-0.0471,0.4069,160,0.0
624.8,0.4021,0.4642,-0.0622,0.3061,0.2766,0.2269,0.4538,-0.0458,0.408,160,0.0
625.0,0.3876,0.4638,-0.0762,0.3054,0.2725,0.2116,0.4232,-0.0545,0.3687,153,0.0
625.2,0.3754,0.457,-0.0816,0.2958,0.2684,0.2031,0.4062,-0.0545,0.3517,151,0.0
625.4,0.3738,0.4541,-0.0803,0.2915,0.2642,0.2,0.4,-0.0538,0.3462,150,0.0
625.6,0.3697,0.4526,-0.0828,0.2894,0.26,0.1937,0.3875,-0.0561,0.3314,148,0.0
625.8,0.372,0.4502,-0.0782,0.286,0.2557,0.1932,0.3864,-0.0542,0.3322,148,0.0
626.0,0.3693,0.4432,-0.0738,0.2759,0.2514,0.1924,0.3847,-0.0492,0.3356,148,0.0
626.2,0.3546,0.4466,-0.092,0.2809,0.2471,0.1735,0.347,-0.0629,0.2841,140,0.0
626.4,0.3413,0.4377,-0.0964,0.2681,0.2428,0.1656,0.3313,-0.0609,0.2704,138,0.0
626.6,0.346,0.4375,-0.0915,0.2679,0.2384,0.1652,0.3304,-0.0605,0.2699,138,0.0
626.8,0.3429,0.4341,-0.0912,0.263,0.234,0.161,0.322,-0.0601,0.2619,136,0.0
627.0,0.3348,0.4315,-0.0967,0.2592,0.2295,0.1522,0.3044,-0.0632,0.2412,133,0.0
627.2,0.315,0.4318,-0.1168,0.2597,0.2251,0.1316,0.2633,-0.0757,0.1876,125,0.0
627.4,0.3265,0.4244,-0.0979,0.2491,0.2206,0.1423,0.2846,-0.0632,0.2215,130,0.0
627.6,0.3027,0.4244,-0.1217,0.2492,0.2161,0.1187,0.2375,-0.0774,0.1601,120,0.0
627.8,0.3041,0.4183,-0.1142,0.2404,0.2117,0.1203,0.2406,-0.0715,0.169,122,0.0
628.0,0.2999,0.4141,-0.1142,0.2344,0.2072,0.1158,0.2316,-0.0707,0.1608,120,0.0
628.2,0.286,0.4163,-0.1303,0.2376,0.2027,0.0984,0.1969,-0.0826,0.1143,113,0.0
628.4,0.2858,0.4113,-0.1255,0.2304,0.1982,0.0977,0.1955,-0.0789,0.1166,113,0.0
628.6,0.2874,0.4072,-0.1198,0.2246,0.1937,0.0978,0.1957,-0.0753,0.1204,114,0.0
628.8,0.2814,0.4058,-0.1245,0.2226,0.1892,0.0896,0.1792,-0.079,0.1003,111,0.0
629.0,0.2654,0.4008,-0.1354,0.2154,0.1847,0.0764,0.1528,-0.083,0.0697,106,0.0
629.2,0.2564,0.3967,-0.1403,0.2096,0.1802,0.068,0.1359,-0.0848,0.0511,103,0.0
629.4,0.2509,0.3932,-0.1423,0.2046,0.1757,0.0619,0.1238,-0.0856,0.0382,101,0.0
629.6,0.2529,0.3917,-0.1388,0.2024,0.1713,0.0602,0.1205,-0.085,0.0355,100,0.0
629.8,0.2359,0.3905,-0.1547,0.2008,0.1669,0.0431,0.0862,-0.0943,0.0,0,0.0
630.0,0.2484,0.3712,-0.1228,0.1731,0.1624,0.0642,0.1284,-0.0667,0.0,0,0.0
630.2,0.2406,0.3492,-0.1086,0.1417,0.1581,0.0712,0.1423,-0.0461,0.0,0,0.0
630.4,0.2446,0.3332,-0.0886,0.1188,0.1537,0.0829,0.1657,-0.0268,0.0,0,0.0
630.6,0.2616,0.3225,-0.0609,0.1036,0.1494,0.1007,0.2013,-0.0075,0.1938,126,0.0
630.8,0.2654,0.3351,-0.0697,0.1216,0.1451,0.0893,0.1786,-0.0231,0.1555,119,0.0
631.0,0.2651,0.3437,-0.0787,0.1339,0.1408,0.0778,0.1557,-0.0359,0.1198,114,0.0
631.2,0.2549,0.3484,-0.0935,0.1406,0.1366,0.0618,0.1235,-0.0488,0.0747,106,0.0
631.4,0.2506,0.3584,-0.1078,0.1549,0.1324,0.0461,0.0923,-0.0651,0.0271,99,0.0
631.6,0.2419,0.3567,-0.1148,0.1525,0.1282,0.0364,0.0727,-0.0695,0.0,0,0.0
631.8,0.2481,0.3434,-0.0953,0.1334,0.1241,0.0479,0.0958,-0.0523,0.0,0,0.0
632.0,0.2481,0.3259,-0.0778,0.1084,0.1201,0.0578,0.1157,-0.0331,0.0,0,0.0
632.2,0.2602,0.3182,-0.058,0.0974,0.1161,0.0697,0.1393,-0.0197,0.1197,114,0.0
632.4,0.2547,0.3273,-0.0725,0.1104,0.1121,0.0541,0.1081,-0.0354,0.0727,106,0.0
632.6,0.2576,0.3324,-0.0748,0.1177,0.1082,0.0484,0.0968,-0.0421,0.0547,103,0.0
632.8,0.2389,0.3449,-0.1059,0.1355,0.1044,0.0196,0.0392,-0.0686,0.0,0,0.0
633.0,0.2536,0.3312,-0.0775,0.116,0.1006,0.0386,0.0771,-0.0464,0.0307,99,0.0
633.2,0.2427,0.3354,-0.0928,0.122,0.0969,0.0226,0.0453,-0.059,0.0,0,0.0
633.4,0.2294,0.3203,-0.0909,0.1004,0.0932,0.0205,0.041,-0.049,0.0,0,0.0
633.6,0.2308,0.3113,-0.0805,0.0876,0.0896,0.0252,0.0504,-0.0392,0.0,0,0.0
633.8,0.2397,0.3038,-0.0642,0.0769,0.0861,0.0348,0.0695,-0.0275,0.0,0,0.0
634.0,0.2502,0.2922,-0.0419,0.0602,0.0826,0.0491,0.0982,-0.0098,0.0884,109,0.0
634.2,0.2519,0.3096,-0.0577,0.0851,0.0793,0.0331,0.0662,-0.0318,0.0344,100,0.0
634.4,0.2501,0.3151,-0.065,0.093,0.076,0.024,0.048,-0.041,0.007,0,0.0
634.6,0.2402,0.3096,-0.0694,0.0851,0.0727,0.0172,0.0345,-0.0409,0.0,0,0.0
634.8,0.2431,0.3012,-0.058,0.0731,0.0696,0.0232,0.0463,-0.0308,0.0,0,0.0
635.0,0.2449,0.2943,-0.0494,0.0632,0.0665,0.027,0.0541,-0.023,0.0,0,0.0
635.2,0.2499,0.2846,-0.0347,0.0494,0.0636,0.0358,0.0716,-0.0103,0.0,0,0.0
635.4,0.2452,0.2832,-0.038,0.0474,0.0607,0.0303,0.0606,-0.0124,0.0,0,0.0
635.6,0.2507,0.2731,-0.0224,0.0331,0.0579,0.0399,0.0799,0.0012,0.0811,107,0.0
635.8,0.2482,0.2922,-0.044,0.0602,0.0552,0.0199,0.0399,-0.0245,0.0,0,0.0
636.0,0.2566,0.2864,-0.0299,0.052,0.0525,0.0286,0.0573,-0.0147,0.0426,101,0.0
636.2,0.2403,0.3021,-0.0618,0.0744,0.0,0.0,0.0,-0.0434,0.0,0,0.0
636.4,0.2272,0.2935,-0.0663,0.0621,0.0,0.0,0.0,-0.0377,0.0,0,0.0
636.6,0.2047,0.2846,-0.0799,0.0494,0.0,0.0,0.0,-0.0327,0.0,0,0.0
636.8,0.2045,0.282,-0.0776,0.0458,0.0,0.0,0.0,-0.0306,0.0,0,0.0
637.0,0.206,0.2773,-0.0713,0.0391,0.0,0.0,0.0,-0.0267,0.0,0,0.0
637.2,0.1894,0.2737,-0.0843,0.0338,0.0,0.0,0.0,-0.0253,0.0,0,0.0
637.4,0.1957,0.2715,-0.0757,0.0307,0.0,0.0,0.0,-0.0229,0.0,0,0.0
637.6,0.1877,0.2668,-0.0792,0.0241,0.0,0.0,0.0,-0.02,0.0,0,0.0
637.8,0.1765,0.2657,-0.0892,0.0225,0.0,0.0,0.0,-0.0202,0.0,0,0.0
638.0,0.1808,0.2618,-0.081,0.0168,0.0,0.0,0.0,-0.0165,0.0,0,0.0
638.2,0.1824,0.2586,-0.0762,0.0123,0.0,0.0,0.0,-0.0138,0.0,0,0.0
638.4,0.1734,0.258,-0.0846,0.0114,0.0,0.0,0.0,-0.0142,0.0,0,0.0
638.6,0.176,0.2551,-0.0791,0.0073,0.0,0.0,0.0,-0.0115,0.0,0,0.0
638.8,0.1747,0.2545,-0.0797,0.0064,0.0,0.0,0.0,-0.0112,0.0,0,0.0
639.0,0.1649,0.2545,-0.0896,0.0064,0.0,0.0,0.0,-0.0122,0.0,0,0.0
639.2,0.1614,0.2578,-0.0964,0.0111,0.0,0.0,0.0,-0.0152,0.0,0,0.0
639.4,0.1563,0.2566,-0.1003,0.0094,0.0,0.0,0.0,-0.0148,0.0,0,0.0
639.6,0.1703,0.2558,-0.0855,0.0083,0.0,0.0,0.0,-0.0127,0.0,0,0.0
639.8,0.1526,0.2542,-0.1016,0.006,0.0,0.0,0.0,-0.0132,0.0,0,0.0
640.0,0.159,0.2518,-0.0928,0.0026,0.0,0.0,0.0,-0.0106,0.0,0,0.0
640.2,0.1616,0.252,-0.0904,0.0028,0.0,0.0,0.0,-0.0104,0.0,0,0.0
640.4,0.1574,0.2501,-0.0927,0.0001,0.0,0.0,0.0,-0.0093,0.0,0,0.0
640.6,0.1508,0.25,-0.0992,0.0,0.0,0.0,0.0,-0.0099,0.0,0,0.0
640.8,0.1595,0.2542,-0.0947,0.006,0.0,0.0,0.0,-0.0125,0.0,0,0.0
641.0,0.1682,0.2509,-0.0828,0.0013,0.0,0.0,0.0,-0.0089,0.0,0,0.0
641.2,0.1578,0.2531,-0.0953,0.0045,0.0,0.0,0.0,-0.0118,0.0,0,0.0
641.4,0.1512,0.25,-0.0988,0.0,0.0,0.0,0.0,-0.0099,0.0,0,0.0
641.6,0.1647,0.251,-0.0863,0.0014,0.0,0.0,0.0,-0.0093,0.0,0,0.0
641.8,0.1603,0.2522,-0.0919,0.0032,0.0,0.0,0.0,-0.0108,0.0,0,0.0
642.0,0.165,0.2511,-0.0861,0.0016,0.0,0.0,0.0,-0.0094,0.0,0,0.0
642.2,0.1666,0.2505,-0.0839,0.0007,0.0,0.0,0.0,-0.0087,0.0,0,0.0
642.4,0.1557,0.25,-0.0943,0.0,0.0,0.0,0.0,-0.0094,0.0,0,0.0
642.6,0.1503,0.2523,-0.1019,0.0033,0.0,0.0,0.0,-0.0118,0.0,0,0.0
642.8,0.1506,0.2533,-0.1028,0.0048,0.0,0.0,0.0,-0.0127,0.0,0,0.0
643.0,0.1519,0.25,-0.0981,0.0,0.0,0.0,0.0,-0.0098,0.0,0,0.0
643.2,0.1668,0.2512,-0.0844,0.0017,0.0,0.0,0.0,-0.0093,0.0,0,0.0
643.4,0.1585,0.25,-0.0915,0.0,0.0,0.0,0.0,-0.0092,0.0,0,0.0
643.6,0.1638,0.2514,-0.0877,0.0021,0.0,0.0,0.0,-0.0098,0.0,0,0.0
643.8,0.1585,0.2516,-0.0931,0.0023,0.0,0.0,0.0,-0.0104,0.0,0,0.0
644.0,0.1592,0.2533,-0.0941,0.0047,0.0,0.0,0.0,-0.0118,0.0,0,0.0
644.2,0.1625,0.2518,-0.0893,0.0026,0.0,0.0,0.0,-0.0102,0.0,0,0.0
644.4,0.1534,0.2522,-0.0987,0.0031,0.0,0.0,0.0,-0.0114,0.0,0,0.0
644.6,0.1605,0.253,-0.0926,0.0043,0.0,0.0,0.0,-0.0114,0.0,0,0.0
644.8,0.1539,0.25,-0.0961,0.0,0.0,0.0,0.0,-0.0096,0.0,0,0.0
645.0,0.1506,0.2528,-0.1023,0.0041,0.0,0.0,0.0,-0.0123,0.0,0,0.0
645.2,0.1651,0.2508,-0.0856,0.0011,0.0,0.0,0.0,-0.0091,0.0,0,0.0
645.4,0.1548,0.25,-0.0952,0.0,0.0,0.0,0.0,-0.0095,0.0,0,0.0
645.6,0.1649,0.2518,-0.0869,0.0025,0.0504,0.0,0.0,-0.01,0.0,0,0.0
645.8,0.1728,0.2512,-0.0784,0.0016,0.0529,0.0,0.0,-0.0087,0.0,0,0.0
646.0,0.1967,0.25,-0.0533,0.0,0.0556,0.0,0.0,-0.0053,0.0,0,0.0
646.2,0.2104,0.2521,-0.0417,0.003,0.0583,0.0249,0.0498,0.0068,0.0,0,0.0
646.4,0.2047,0.2502,-0.0455,0.0003,0.0611,0.0247,0.0494,0.0077,0.0,0,0.0
646.6,0.2269,0.25,-0.0231,0.0,0.064,0.0455,0.0911,0.0205,0.0,0,0.0
646.8,0.2405,0.25,-0.0095,0.0,0.067,0.0594,0.1189,0.0288,0.0,0,0.0
647.0,0.253,0.2529,0.0001,0.0042,0.0701,0.0701,0.1403,0.033,0.1732,122,0.0
647.2,0.2529,0.2703,-0.0174,0.029,0.0732,0.0593,0.1186,0.0134,0.1319,116,0.0
647.4,0.2662,0.2903,-0.0242,0.0576,0.0765,0.0571,0.1143,-0.0026,0.1116,112,0.0
647.6,0.2625,0.3065,-0.0439,0.0807,0.0798,0.0446,0.0892,-0.0224,0.0668,105,0.0
647.8,0.2676,0.3173,-0.0497,0.0962,0.0832,0.0434,0.0868,-0.0314,0.0554,103,0.0
648.0,0.2547,0.3237,-0.069,0.1053,0.0866,0.0314,0.0629,-0.0438,0.0191,98,0.0
648.2,0.2576,0.3348,-0.0772,0.1212,0.0902,0.0284,0.0567,-0.0541,0.0026,0,0.0
648.4,0.2571,0.3189,-0.0618,0.0984,0.0937,0.0443,0.0887,-0.0332,0.0555,103,0.0
648.6,0.2454,0.3294,-0.084,0.1134,0.0974,0.0302,0.0604,-0.05,0.0,0,0.0
648.8,0.2456,0.3176,-0.072,0.0966,0.1011,0.0436,0.0871,-0.0337,0.0,0,0.0
649.0,0.2526,0.309,-0.0564,0.0843,0.1049,0.0598,0.1196,-0.0179,0.1017,111,0.0
649.2,0.2639,0.3204,-0.0565,0.1006,0.1088,0.0636,0.1271,-0.0242,0.103,111,0.0
649.4,0.2515,0.3315,-0.08,0.1164,0.1127,0.0487,0.0974,-0.0419,0.0556,103,0.0
649.6,0.2651,0.3335,-0.0684,0.1193,0.1167,0.0619,0.1239,-0.0355,0.0884,109,0.0
649.8,0.2568,0.3447,-0.0878,0.1352,0.1207,0.0504,0.1008,-0.0512,0.0496,102,0.0
650.0,0.244,0.3488,-0.1049,0.1412,0.1247,0.0408,0.0816,-0.0607,0.0,0,0.0
650.2,0.2442,0.3371,-0.0929,0.1244,0.1288,0.0545,0.109,-0.0442,0.0,0,0.0
650.4,0.2584,0.3233,-0.0649,0.1047,0.133,0.0811,0.1621,-0.0183,0.1438,118,0.0
650.6,0.2615,0.3304,-0.069,0.1149,0.1372,0.082,0.164,-0.0233,0.1407,117,0.0
650.8,0.2603,0.3429,-0.0826,0.1327,0.1414,0.0753,0.1506,-0.037,0.1137,113,0.0
651.0,0.2578,0.3508,-0.093,0.144,0.1457,0.0713,0.1425,-0.0457,0.0969,110,0.0
651.2,0.2714,0.3576,-0.0862,0.1537,0.15,0.0811,0.1621,-0.0449,0.1172,113,0.0
651.4,0.2639,0.3576,-0.0936,0.1537,0.1544,0.0795,0.1589,-0.0465,0.1124,112,0.0
651.6,0.258,0.3661,-0.1081,0.1658,0.1587,0.0722,0.1445,-0.0576,0.0868,108,0.0
651.8,0.2659,0.3693,-0.1034,0.1705,0.1631,0.0804,0.1608,-0.0554,0.1054,111,0.0
652.0,0.2566,0.3673,-0.1107,0.1676,0.1675,0.0789,0.1579,-0.0554,0.1025,111,0.0
652.2,0.2648,0.3697,-0.1049,0.1711,0.172,0.088,0.176,-0.052,0.124,114,0.0
652.4,0.2597,0.3747,-0.1149,0.1781,0.1764,0.0845,0.1689,-0.0583,0.1106,112,0.0
652.6,0.2596,0.3743,-0.1147,0.1775,0.1809,0.0891,0.1783,-0.0557,0.1226,114,0.0
652.8,0.2554,0.3802,-0.1248,0.186,0.1854,0.0855,0.171,-0.0627,0.1083,112,0.0
653.0,0.2581,0.3825,-0.1244,0.1892,0.1899,0.0904,0.1807,-0.0619,0.1189,114,0.0
653.2,0.2707,0.3819,-0.1113,0.1885,0.1943,0.1053,0.2107,-0.0527,0.158,120,0.0
653.4,0.2614,0.3821,-0.1208,0.1888,0.1988,0.1022,0.2045,-0.0553,0.1491,118,0.0
653.6,0.2667,0.3896,-0.1228,0.1994,0.2033,0.1051,0.2101,-0.0594,0.1507,119,0.0
653.8,0.2645,0.3911,-0.1266,0.2015,0.2078,0.1066,0.2131,-0.0601,0.153,119,0.0
654.0,0.2792,0.3882,-0.109,0.1974,0.2123,0.1251,0.2502,-0.0471,0.2032,127,0.0
654.2,0.2677,0.3945,-0.1268,0.2064,0.2168,0.1154,0.2308,-0.0582,0.1725,122,0.0
654.4,0.2761,0.3914,-0.1153,0.202,0.2213,0.129,0.2581,-0.048,0.2101,128,0.0
654.6,0.2756,0.3972,-0.1215,0.2102,0.2258,0.1285,0.2571,-0.053,0.2041,127,0.0
654.8,0.2763,0.3939,-0.1176,0.2056,0.2302,0.1362,0.2723,-0.0465,0.2259,131,0.0
655.0,0.281,0.4014,-0.1204,0.2163,0.2346,0.1383,0.2766,-0.051,0.2255,131,0.0
655.2,0.2858,0.4027,-0.117,0.2182,0.239,0.1455,0.2909,-0.0481,0.2428,133,0.0
655.4,0.3026,0.4011,-0.0986,0.2159,0.2434,0.1646,0.3291,-0.0355,0.2936,141,0.0
655.6,0.2975,0.4037,-0.1062,0.2195,0.2478,0.1628,0.3257,-0.039,0.2867,140,0.0
655.8,0.3102,0.4063,-0.0962,0.2233,0.2521,0.1751,0.3503,-0.0337,0.3166,145,0.0
656.0,0.3078,0.4109,-0.1031,0.2298,0.2564,0.1739,0.3478,-0.0383,0.3096,144,0.0
656.2,0.3113,0.4158,-0.1045,0.2368,0.2606,0.177,0.3541,-0.0403,0.3138,145,0.0
656.4,0.3214,0.4179,-0.0965,0.2399,0.2649,0.1877,0.3754,-0.0357,0.3396,149,0.0
656.6,0.3327,0.4171,-0.0844,0.2387,0.269,0.2015,0.4031,-0.027,0.3761,155,0.0
656.8,0.3289,0.4244,-0.0955,0.2491,0.2732,0.1968,0.3935,-0.0357,0.3578,152,0.0
657.0,0.3328,0.4263,-0.0935,0.2519,0.2773,0.2024,0.4049,-0.0341,0.3708,154,0.0
657.2,0.3488,0.4297,-0.0809,0.2568,0.2813,0.2165,0.4331,-0.0282,0.4048,159,0.0
657.4,0.3613,0.4291,-0.0677,0.2558,0.2853,0.2311,0.4622,-0.0191,0.4431,165,0.0
657.6,0.3643,0.4365,-0.0722,0.2664,0.2892,0.2314,0.4629,-0.0247,0.4381,165,0.0
657.8,0.3579,0.4388,-0.0808,0.2697,0.2931,0.2284,0.4568,-0.0287,0.4281,163,0.0
658.0,0.3723,0.4419,-0.0695,0.2741,0.2969,0.2413,0.4826,-0.0234,0.4592,168,0.0
658.2,0.3715,0.4409,-0.0695,0.2728,0.3007,0.2451,0.4902,-0.0208,0.4694,170,0.0
658.4,0.3712,0.4464,-0.0752,0.2805,0.3044,0.2442,0.4885,-0.0257,0.4628,169,0.0
658.6,0.3817,0.4463,-0.0646,0.2804,0.308,0.2563,0.5127,-0.0185,0.4942,174,0.0
658.8,0.3965,0.4515,-0.0549,0.2878,0.3116,0.2676,0.5352,-0.0156,0.5196,178,0.0
659.0,0.3897,0.4493,-0.0596,0.2848,0.3151,0.2674,0.5347,-0.0147,0.52,178,0.0
659.2,0.39,0.4522,-0.0623,0.2889,0.3185,0.2687,0.5374,-0.0163,0.521,178,0.0
659.4,0.4037,0.46,-0.0563,0.3,0.3218,0.2768,0.5536,-0.0172,0.5364,180,0.0
659.6,0.4142,0.4586,-0.0444,0.2981,0.3251,0.2896,0.5792,-0.0087,0.5705,186,0.0
659.8,0.4194,0.4609,-0.0414,0.3013,0.3283,0.2952,0.5903,-0.0072,0.5831,188,0.0
660.0,0.423,0.4678,-0.0448,0.3111,0.3314,0.2956,0.5911,-0.0123,0.5789,187,0.0
660.2,0.4246,0.4653,-0.0407,0.3076,0.3345,0.3019,0.6038,-0.0069,0.5968,190,0.0
660.4,0.421,0.4723,-0.0513,0.3176,0.3374,0.2963,0.5927,-0.0158,0.5769,187,0.0
660.6,0.4322,0.4713,-0.0391,0.3162,0.3403,0.309,0.6179,-0.0075,0.6104,192,0.0
660.8,0.4295,0.4768,-0.0473,0.324,0.3431,0.3052,0.6105,-0.0141,0.5964,190,0.0
661.0,0.4464,0.4791,-0.0327,0.3273,0.3457,0.3196,0.6392,-0.0072,0.632,196,0.0
661.2,0.4405,0.4787,-0.0382,0.3267,0.3483,0.3178,0.6356,-0.0083,0.6273,195,0.0
661.4,0.4447,0.4803,-0.0356,0.3291,0.3508,0.3224,0.6447,-0.0069,0.6378,197,0.0
661.6,0.4624,0.4789,-0.0165,0.327,0.3532,0.34,0.68,0.0048,0.6849,204,0.0
661.8,0.4628,0.4857,-0.0229,0.3367,0.3556,0.3373,0.6745,-0.002,0.6725,202,0.0
662.0,0.4681,0.4883,-0.0201,0.3404,0.3578,0.3417,0.6833,-0.0014,0.6819,204,0.0
662.2,0.4591,0.4902,-0.0311,0.3431,0.3599,0.335,0.67,-0.0072,0.6628,201,0.0
662.4,0.4748,0.4914,-0.0166,0.3448,0.3619,0.3486,0.6973,0.0002,0.6975,206,0.0
662.6,0.4767,0.4952,-0.0184,0.3503,0.3638,0.3491,0.6981,-0.0024,0.6957,206,0.0
662.8,0.4816,0.4972,-0.0156,0.3532,0.3656,0.3532,0.7063,-0.0016,0.7048,207,0.0
663.0,0.4873,0.498,-0.0107,0.3543,0.3673,0.3588,0.7176,0.0012,0.7188,210,0.0
663.2,0.4898,0.5009,-0.0111,0.3584,0.369,0.36,0.7201,-0.0003,0.7197,210,0.0
663.4,0.4892,0.4976,-0.0084,0.3538,0.3704,0.3637,0.7274,0.0041,0.7316,212,0.0
663.6,0.4859,0.5021,-0.0162,0.3601,0.3718,0.3589,0.7178,-0.0022,0.7156,209,0.0
663.8,0.4892,0.5058,-0.0166,0.3654,0.3731,0.3599,0.7198,-0.0044,0.7154,209,0.0
664.0,0.4853,0.503,-0.0177,0.3614,0.3743,0.3601,0.7203,-0.0024,0.7179,209,0.0
664.2,0.4876,0.5025,-0.0148,0.3607,0.3754,0.3635,0.727,-0.0001,0.727,211,0.0
664.4,0.4976,0.5051,-0.0075,0.3645,0.3763,0.3703,0.7406,0.0022,0.7428,213,0.0
664.6,0.5032,0.505,-0.0018,0.3643,0.3772,0.3757,0.7514,0.0055,0.7569,216,0.0
664.8,0.498,0.5058,-0.0078,0.3654,0.3779,0.3717,0.7434,0.0024,0.7458,214,0.0
665.0,0.5034,0.5099,-0.0065,0.3712,0.3785,0.3734,0.7467,0.0004,0.7472,214,0.0
665.2,0.5027,0.51,-0.0073,0.3715,0.3791,0.3732,0.7464,0.0002,0.7466,214,0.0
665.4,0.5069,0.5139,-0.007,0.377,0.3795,0.3739,0.7477,-0.0023,0.7455,214,0.0
665.6,0.5151,0.5101,0.005,0.3715,0.3798,0.38,0.76,0.0047,0.7647,217,0.0
665.8,0.5134,0.5094,0.0039,0.3706,0.3799,0.38,0.76,0.0051,0.7651,217,0.0
666.0,0.5007,0.5145,-0.0138,0.3779,0.38,0.369,0.7379,-0.0058,0.7321,212,0.0
666.2,0.5147,0.5105,0.0043,0.3721,0.38,0.38,0.76,0.0044,0.7644,217,0.0
666.4,0.521,0.513,0.008,0.3757,0.3798,0.38,0.76,0.003,0.763,217,0.0
666.6,0.5114,0.5149,-0.0035,0.3784,0.3795,0.3767,0.7534,-0.0012,0.7522,215,0.0
666.8,0.5083,0.5136,-0.0054,0.3766,0.3791,0.3748,0.7497,-0.0014,0.7483,214,0.0
667.0,0.5211,0.5135,0.0076,0.3764,0.3786,0.38,0.76,0.0025,0.7625,217,0.0
667.2,0.515,0.5131,0.002,0.3758,0.378,0.3796,0.7592,0.0021,0.7613,216,0.0
667.4,0.5099,0.5164,-0.0065,0.3806,0.3773,0.3721,0.7443,-0.0049,0.7394,213,0.0
667.6,0.5175,0.5138,0.0037,0.3768,0.3765,0.3795,0.759,0.0017,0.7607,216,0.0
667.8,0.5013,0.5158,-0.0145,0.3797,0.3756,0.3639,0.7279,-0.0094,0.7185,209,0.0
668.0,0.5041,0.517,-0.0129,0.3814,0.3745,0.3642,0.7283,-0.0099,0.7184,209,0.0
668.2,0.5172,0.515,0.0023,0.3785,0.3733,0.3752,0.7503,-0.0015,0.7489,214,0.0
668.4,0.5168,0.516,0.0008,0.3801,0.3721,0.3727,0.7454,-0.0036,0.7418,213,0.0
668.6,0.5112,0.5159,-0.0047,0.3799,0.3707,0.3669,0.7339,-0.0069,0.727,211,0.0
668.8,0.5028,0.5131,-0.0103,0.3758,0.3692,0.361,0.722,-0.0084,0.7136,209,0.0
669.0,0.4957,0.5155,-0.0198,0.3793,0.3676,0.3518,0.7036,-0.0158,0.6878,205,0.0
669.2,0.4993,0.5132,-0.0139,0.376,0.3659,0.3548,0.7096,-0.012,0.6976,206,0.0
669.4,0.5065,0.5087,-0.0022,0.3695,0.3642,0.3624,0.7248,-0.0038,0.721,210,0.0
669.6,0.4955,0.512,-0.0164,0.3742,0.3623,0.3491,0.6982,-0.0142,0.684,204,0.0
669.8,0.4997,0.5058,-0.0061,0.3654,0.3603,0.3554,0.7107,-0.0057,0.7051,207,0.0
670.0,0.5022,0.5106,-0.0084,0.3722,0.3582,0.3515,0.7029,-0.0112,0.6917,205,0.0
670.2,0.4938,0.5059,-0.0121,0.3655,0.356,0.3463,0.6926,-0.0108,0.6818,204,0.0
670.4,0.4879,0.5098,-0.0218,0.3711,0.3537,0.3362,0.6724,-0.0196,0.6528,199,0.0
670.6,0.4872,0.5032,-0.016,0.3617,0.3513,0.3385,0.6769,-0.0132,0.6637,201,0.0
670.8,0.4892,0.5053,-0.0161,0.3647,0.3488,0.3359,0.6719,-0.016,0.6559,199,0.0
671.0,0.4849,0.5009,-0.016,0.3585,0.3462,0.3334,0.6668,-0.0142,0.6526,199,0.0
671.2,0.4724,0.503,-0.0305,0.3614,0.3435,0.3191,0.6383,-0.0242,0.6141,193,0.0
671.4,0.4689,0.4971,-0.0282,0.3529,0.3408,0.3182,0.6365,-0.0202,0.6163,193,0.0
671.6,0.4646,0.5005,-0.0358,0.3578,0.3379,0.3093,0.6185,-0.0279,0.5906,189,0.0
671.8,0.4746,0.4947,-0.0201,0.3495,0.335,0.3189,0.6378,-0.0173,0.6205,194,0.0
672.0,0.4666,0.4934,-0.0268,0.3478,0.332,0.3105,0.6211,-0.0213,0.5998,190,0.0
672.2,0.4696,0.4957,-0.0261,0.351,0.3289,0.308,0.616,-0.0241,0.5918,189,0.0
672.4,0.4539,0.4895,-0.0357,0.3422,0.3257,0.2972,0.5943,-0.0261,0.5683,185,0.0
672.6,0.457,0.4923,-0.0353,0.3461,0.3224,0.2942,0.5884,-0.0295,0.5589,184,0.0
672.8,0.4597,0.4856,-0.0259,0.3366,0.3191,0.2984,0.5968,-0.0217,0.5752,187,0.0
673.0,0.4487,0.4845,-0.0358,0.3351,0.3157,0.287,0.5741,-0.0276,0.5465,182,0.0
673.2,0.4368,0.4817,-0.0449,0.331,0.3122,0.2763,0.5526,-0.0318,0.5208,178,0.0
673.4,0.4365,0.4854,-0.0489,0.3363,0.3086,0.2695,0.539,-0.0383,0.5008,175,0.0
673.6,0.4412,0.4786,-0.0374,0.3265,0.305,0.2751,0.5503,-0.0294,0.5209,178,0.0
673.8,0.4352,0.4779,-0.0427,0.3255,0.3013,0.2672,0.5344,-0.0334,0.501,175,0.0
674.0,0.4241,0.4781,-0.0539,0.3258,0.2976,0.2544,0.5089,-0.0411,0.4678,169,0.0
674.2,0.4145,0.4753,-0.0608,0.3218,0.2938,0.2452,0.4903,-0.0444,0.4459,166,0.0
674.4,0.4129,0.4725,-0.0596,0.3179,0.2899,0.2422,0.4845,-0.0438,0.4407,165,0.0
674.6,0.3963,0.4663,-0.07,0.309,0.286,0.23,0.46,-0.0465,0.4135,161,0.0
674.8,0.4093,0.4639,-0.0546,0.3056,0.282,0.2383,0.4766,-0.0391,0.4375,165,0.0
675.0,0.4008,0.4637,-0.0628,0.3053,0.278,0.2277,0.4554,-0.0451,0.4103,160,0.0
675.2,0.3814,0.4624,-0.081,0.3034,0.2739,0.2091,0.4181,-0.0553,0.3629,153,0.0
675.4,0.38,0.459,-0.079,0.2986,0.2698,0.2066,0.4131,-0.0539,0.3592,152,0.0
675.6,0.3869,0.4523,-0.0653,0.289,0.2656,0.2133,0.4266,-0.0444,0.3823,156,0.0
675.8,0.3796,0.4535,-0.0739,0.2908,0.2614,0.2022,0.4045,-0.0517,0.3528,151,0.0
676.0,0.358,0.4511,-0.0931,0.2872,0.2571,0.1827,0.3653,-0.0616,0.3037,143,0.0
676.2,0.3649,0.4461,-0.0812,0.2802,0.2528,0.1879,0.3758,-0.0543,0.3215,146,0.0
676.4,0.3586,0.4469,-0.0883,0.2814,0.2485,0.1779,0.3557,-0.0606,0.2952,142,0.0
676.6,0.3395,0.4445,-0.105,0.2778,0.2442,0.1602,0.3204,-0.0693,0.2511,135,0.0
676.8,0.3489,0.4353,-0.0864,0.2648,0.2398,0.1707,0.3413,-0.0557,0.2856,140,0.0
677.0,0.3297,0.4334,-0.1036,0.262,0.2354,0.1525,0.305,-0.0651,0.2399,133,0.0
677.2,0.3301,0.4317,-0.1016,0.2596,0.231,0.1497,0.2994,-0.0651,0.2342,132,0.0
677.4,0.3163,0.427,-0.1106,0.2528,0.2265,0.1381,0.2761,-0.0684,0.2077,128,0.0
677.6,0.3186,0.4291,-0.1105,0.2558,0.2221,0.1337,0.2673,-0.0721,0.1952,126,0.0
677.8,0.3041,0.4256,-0.1215,0.2509,0.2176,0.1204,0.2408,-0.0774,0.1634,121,0.0
678.0,0.3118,0.4179,-0.1061,0.2398,0.2131,0.1283,0.2566,-0.0664,0.1902,125,0.0
678.2,0.296,0.4153,-0.1193,0.2361,0.2086,0.1132,0.2264,-0.0734,0.153,119,0.0
678.4,0.2979,0.4157,-0.1178,0.2368,0.2041,0.1099,0.2198,-0.0752,0.1446,118,0.0
678.6,0.2825,0.4084,-0.126,0.2263,0.1996,0.0989,0.1978,-0.0763,0.1214,114,0.0
678.8,0.2825,0.4072,-0.1247,0.2246,0.1951,0.0954,0.1907,-0.0771,0.1136,113,0.0
679.0,0.284,0.4023,-0.1183,0.2175,0.1906,0.096,0.1921,-0.0726,0.1195,114,0.0
679.2,0.2601,0.4047,-0.1445,0.2209,0.1862,0.0705,0.1411,-0.0896,0.0514,103,0.0
679.4,0.2568,0.3995,-0.1428,0.2136,0.1817,0.0675,0.1349,-0.0873,0.0476,102,0.0
679.6,0.2481,0.3956,-0.1475,0.2079,0.1772,0.0592,0.1184,-0.0891,0.0,0,0.0
679.8,0.2627,0.3714,-0.1088,0.1735,0.1727,0.0857,0.1715,-0.0548,0.1167,113,0.0
680.0,0.261,0.3761,-0.1151,0.1801,0.1683,0.0762,0.1524,-0.0635,0.089,109,0.0
680.2,0.2472,0.3744,-0.1271,0.1777,0.1639,0.0622,0.1243,-0.0705,0.0,0,0.0
680.4,0.2587,0.3587,-0.0999,0.1552,0.1595,0.0796,0.1591,-0.0478,0.1113,112,0.0
680.6,0.2562,0.3605,-0.1043,0.1578,0.1551,0.0717,0.1434,-0.0535,0.0899,109,0.0
680.8,0.2459,0.3641,-0.1182,0.163,0.1508,0.0562,0.1124,-0.0652,0.0,0,0.0
681.0,0.245,0.3511,-0.1061,0.1444,0.1465,0.0616,0.1232,-0.052,0.0,0,0.0
681.2,0.254,0.3364,-0.0824,0.1234,0.1422,0.0763,0.1525,-0.0318,0.1208,114,0.0
681.4,0.2513,0.3391,-0.0878,0.1273,0.1379,0.0677,0.1355,-0.0386,0.0969,110,0.0
681.6,0.248,0.3495,-0.1016,0.1422,0.1337,0.0525,0.1049,-0.055,0.0,0,0.0
681.8,0.2598,0.3313,-0.0715,0.1161,0.1296,0.0723,0.1447,-0.029,0.1157,113,0.0
682.0,0.2572,0.3394,-0.0822,0.1277,0.1255,0.0597,0.1194,-0.0422,0.0773,107,0.0
682.2,0.2446,0.3499,-0.1053,0.1428,0.1214,0.0371,0.0743,-0.0634,0.0,0,0.0
682.4,0.2389,0.3321,-0.0933,0.1173,0.1174,0.0427,0.0855,-0.0466,0.0,0,0.0
682.6,0.2527,0.3209,-0.0682,0.1014,0.1134,0.0588,0.1176,-0.0281,0.0895,109,0.0
682.8,0.2485,0.331,-0.0824,0.1157,0.1095,0.0435,0.087,-0.0443,0.0,0,0.0
683.0,0.2485,0.321,-0.0725,0.1015,0.1056,0.0476,0.0951,-0.0342,0.0,0,0.0
683.2,0.253,0.3077,-0.0548,0.0825,0.1018,0.058,0.116,-0.0177,0.0983,110,0.0
683.4,0.2529,0.3195,-0.0666,0.0992,0.0981,0.0448,0.0896,-0.0339,0.0558,103,0.0
683.6,0.2473,0.3303,-0.083,0.1148,0.0944,0.028,0.056,-0.0517,0.0,0,0.0
683.8,0.2467,0.3155,-0.0689,0.0936,0.0908,0.0357,0.0714,-0.0358,0.0,0,0.0
684.0,0.246,0.3042,-0.0582,0.0774,0.0872,0.0407,0.0814,-0.0242,0.0,0,0.0
684.2,0.2452,0.2987,-0.0535,0.0696,0.0838,0.041,0.0819,-0.0196,0.0,0,0.0
684.4,0.2486,0.2898,-0.0411,0.0568,0.0804,0.0474,0.0949,-0.0088,0.0,0,0.0
684.6,0.269,0.2867,-0.0177,0.0524,0.077,0.0629,0.1258,0.0035,0.1293,115,0.0
684.8,0.2669,0.2983,-0.0313,0.0689,0.0738,0.0487,0.0975,-0.0132,0.0842,108,0.0
685.0,0.2569,0.3113,-0.0544,0.0876,0.0706,0.0271,0.0542,-0.0357,0.0186,97,0.0
685.2,0.2543,0.3242,-0.0698,0.1059,0.0675,0.0117,0.0234,-0.0541,0.0,0,0.0
685.4,0.2467,0.3099,-0.0632,0.0856,0.0645,0.014,0.028,-0.0421,0.0,0,0.0
685.6,0.2403,0.304,-0.0637,0.0772,0.0616,0.0106,0.0213,-0.0396,0.0,0,0.0
685.8,0.2386,0.2916,-0.053,0.0594,0.0588,0.0164,0.0328,-0.0268,0.0,0,0.0
686.0,0.2507,0.2892,-0.0385,0.056,0.056,0.0253,0.0505,-0.0192,0.0313,100,0.0
686.2,0.2357,0.3005,-0.0648,0.0721,0.0534,0.0015,0.003,-0.0418,0.0,0,0.0
686.4,0.2355,0.2943,-0.0587,0.0632,0.0508,0.0038,0.0077,-0.0356,0.0,0,0.0
686.6,0.2297,0.2883,-0.0586,0.0547,0.0,0.0,0.0,-0.0332,0.0,0,0.0
686.8,0.2163,0.2793,-0.063,0.0419,0.0,0.0,0.0,-0.0272,0.0,0,0.0
687.0,0.2072,0.276,-0.0688,0.0371,0.0,0.0,0.0,-0.0254,0.0,0,0.0
687.2,0.2082,0.2734,-0.0652,0.0334,0.0,0.0,0.0,-0.0232,0.0,0,0.0
687.4,0.2007,0.267,-0.0662,0.0242,0.0,0.0,0.0,-0.0187,0.0,0,0.0
687.6,0.2009,0.267,-0.0662,0.0244,0.0,0.0,0.0,-0.0188,0.0,0,0.0
687.8,0.2022,0.2613,-0.059,0.0161,0.0,0.0,0.0,-0.0139,0.0,0,0.0
688.0,0.1933,0.2593,-0.0659,0.0132,0.0,0.0,0.0,-0.0132,0.0,0,0.0
688.2,0.1924,0.2603,-0.068,0.0148,0.0,0.0,0.0,-0.0142,0.0,0,0.0
688.4,0.1832,0.2602,-0.077,0.0146,0.0,0.0,0.0,-0.015,0.0,0,0.0
688.6,0.1771,0.2563,-0.0792,0.009,0.0,0.0,0.0,-0.0124,0.0,0,0.0
688.8,0.172,0.2593,-0.0872,0.0132,0.0,0.0,0.0,-0.0153,0.0,0,0.0
689.0,0.1852,0.2587,-0.0735,0.0124,0.0,0.0,0.0,-0.0135,0.0,0,0.0
689.2,0.1858,0.2509,-0.0651,0.0013,0.0,0.0,0.0,-0.0072,0.0,0,0.0
689.4,0.1712,0.2553,-0.0841,0.0076,0.0,0.0,0.0,-0.0122,0.0,0,0.0
689.6,0.1838,0.2505,-0.0667,0.0007,0.0,0.0,0.0,-0.007,0.0,0,0.0
689.8,0.1838,0.2518,-0.0681,0.0026,0.0,0.0,0.0,-0.0081,0.0,0,0.0
690.0,0.1732,0.2533,-0.0801,0.0047,0.0,0.0,0.0,-0.0104,0.0,0,0.0
690.2,0.1694,0.2534,-0.084,0.0049,0.0,0.0,0.0,-0.0108,0.0,0,0.0
690.4,0.166,0.2502,-0.0842,0.0003,0.0,0.0,0.0,-0.0086,0.0,0,0.0
690.6,0.1739,0.2516,-0.0777,0.0023,0.0,0.0,0.0,-0.0089,0.0,0,0.0
690.8,0.1681,0.2536,-0.0855,0.0052,0.0,0.0,0.0,-0.0112,0.0,0,0.0
691.0,0.1758,0.2501,-0.0742,0.0001,0.0,0.0,0.0,-0.0075,0.0,0,0.0
691.2,0.1656,0.2519,-0.0863,0.0027,0.0,0.0,0.0,-0.01,0.0,0,0.0
691.4,0.1757,0.2518,-0.0762,0.0026,0.0,0.0,0.0,-0.0089,0.0,0,0.0
691.6,0.1803,0.2521,-0.0718,0.003,0.0,0.0,0.0,-0.0087,0.0,0,0.0
691.8,0.1621,0.25,-0.0879,0.0,0.0,0.0,0.0,-0.0088,0.0,0,0.0
692.0,0.164,0.25,-0.086,0.0,0.0,0.0,0.0,-0.0086,0.0,0,0.0
692.2,0.1732,0.25,-0.0768,0.0,0.0,0.0,0.0,-0.0077,0.0,0,0.0
692.4,0.1637,0.25,-0.0863,0.0,0.0,0.0,0.0,-0.0086,0.0,0,0.0
692.6,0.1673,0.2523,-0.085,0.0032,0.0,0.0,0.0,-0.0101,0.0,0,0.0
692.8,0.1651,0.2526,-0.0875,0.0037,0.0,0.0,0.0,-0.0106,0.0,0,0.0
693.0,0.169,0.2508,-0.0818,0.0011,0.0,0.0,0.0,-0.0087,0.0,0,0.0
693.2,0.1755,0.2519,-0.0764,0.0026,0.0,0.0,0.0,-0.009,0.0,0,0.0
693.4,0.1731,0.2513,-0.0781,0.0018,0.0,0.0,0.0,-0.0087,0.0,0,0.0
693.6,0.1802,0.2505,-0.0703,0.0007,0.0,0.0,0.0,-0.0074,0.0,0,0.0
693.8,0.1614,0.2525,-0.091,0.0035,0.0,0.0,0.0,-0.0109,0.0,0,0.0
694.0,0.1693,0.25,-0.0808,0.0001,0.0,0.0,0.0,-0.0081,0.0,0,0.0
694.2,0.1747,0.25,-0.0753,0.0,0.0,0.0,0.0,-0.0075,0.0,0,0.0
694.4,0.1731,0.2536,-0.0805,0.0051,0.0,0.0,0.0,-0.0106,0.0,0,0.0
694.6,0.1791,0.25,-0.0709,0.0,0.0,0.0,0.0,-0.0071,0.0,0,0.0
694.8,0.1658,0.25,-0.0842,0.0,0.0,0.0,0.0,-0.0084,0.0,0,0.0
695.0,0.1647,0.2502,-0.0855,0.0002,0.0,0.0,0.0,-0.0087,0.0,0,0.0
695.2,0.1794,0.25,-0.0706,0.0,0.0,0.0,0.0,-0.0071,0.0,0,0.0
695.4,0.1617,0.2518,-0.0901,0.0025,0.0,0.0,0.0,-0.0103,0.0,0,0.0
695.6,0.1759,0.2531,-0.0771,0.0044,0.0,0.0,0.0,-0.0099,0.0,0,0.0
695.8,0.1619,0.2516,-0.0898,0.0024,0.0,0.0,0.0,-0.0102,0.0,0,0.0
696.0,0.1863,0.25,-0.0637,0.0,0.0521,0.0,0.0,-0.0064,0.0,0,0.0
696.2,0.199,0.2531,-0.054,0.0044,0.0547,0.0,0.0,-0.0076,0.0,0,0.0
696.4,0.2052,0.2528,-0.0477,0.004,0.0574,0.0193,0.0385,0.0028,0.0,0,0.0
696.6,0.2106,0.2521,-0.0415,0.003,0.0602,0.027,0.054,0.0079,0.0,0,0.0
696.8,0.2304,0.25,-0.0196,0.0,0.0631,0.0473,0.0947,0.0217,0.0,0,0.0
697.0,0.2391,0.25,-0.0109,0.0,0.066,0.0573,0.1146,0.0276,0.0,0,0.0
697.2,0.2535,0.25,0.0035,0.0,0.0691,0.0718,0.1437,0.0363,0.1799,123,0.0
697.4,0.2606,0.2754,-0.0147,0.0362,0.0722,0.0604,0.1208,0.0106,0.1314,116,0.0
697.6,0.2686,0.2922,-0.0236,0.0603,0.0754,0.0565,0.113,-0.0043,0.1087,112,0.0
697.8,0.2712,0.3065,-0.0353,0.0807,0.0787,0.0505,0.101,-0.0186,0.0823,108,0.0
698.0,0.2623,0.3167,-0.0544,0.0952,0.082,0.0385,0.0771,-0.0338,0.0433,101,0.0
698.2,0.2602,0.323,-0.0628,0.1044,0.0855,0.0352,0.0704,-0.0409,0.0296,99,0.0
698.4,0.2628,0.3346,-0.0719,0.1209,0.089,0.0315,0.063,-0.0519,0.0111,96,0.0
698.6,0.2381,0.3357,-0.0976,0.1225,0.0926,0.0145,0.0289,-0.0638,0.0,0,0.0
698.8,0.2489,0.3275,-0.0786,0.1107,0.0962,0.0333,0.0666,-0.0465,0.0,0,0.0
699.0,0.2383,0.3169,-0.0786,0.0956,0.0999,0.037,0.074,-0.0371,0.0,0,0.0
699.2,0.2526,0.3048,-0.0522,0.0783,0.1037,0.0619,0.1239,-0.0134,0.1104,112,0.0
699.4,0.2557,0.3167,-0.061,0.0952,0.1075,0.0588,0.1175,-0.0243,0.0932,109,0.0
699.6,0.2583,0.3245,-0.0662,0.1065,0.1114,0.0584,0.1169,-0.0306,0.0862,108,0.0
699.8,0.2592,0.3351,-0.0759,0.1216,0.1154,0.0546,0.1092,-0.0411,0.0682,105,0.0
700.0,0.2552,0.3451,-0.09,0.1359,0.1193,0.0474,0.0947,-0.0533,0.0415,101,0.0
700.2,0.2462,0.3461,-0.0999,0.1373,0.1234,0.0434,0.0869,-0.0569,0.0,0,0.0
700.4,0.242,0.3337,-0.0917,0.1196,0.1275,0.0541,0.1082,-0.0419,0.0,0,0.0
700.6,0.2527,0.3181,-0.0654,0.0973,0.1316,0.0793,0.1586,-0.0155,0.143,117,0.0
700.8,0.2534,0.3331,-0.0797,0.1187,0.1358,0.0721,0.1442,-0.0313,0.1129,113,0.0
701.0,0.271,0.3366,-0.0655,0.1237,0.14,0.0876,0.1752,-0.0246,0.1506,119,0.0
701.2,0.2551,0.3509,-0.0958,0.1441,0.1443,0.0677,0.1353,-0.0478,0.0875,109,0.0
701.4,0.2581,0.3508,-0.0927,0.144,0.1486,0.0744,0.1488,-0.0441,0.1047,111,0.0
701.6,0.2529,0.3598,-0.1069,0.1569,0.1529,0.0674,0.1348,-0.0554,0.0793,107,0.0
701.8,0.2669,0.3651,-0.0982,0.1644,0.1573,0.0787,0.1574,-0.0527,0.1048,111,0.0
702.0,0.2579,0.3632,-0.1053,0.1617,0.1617,0.0774,0.1548,-0.0527,0.1021,111,0.0
702.2,0.2632,0.3663,-0.1031,0.1661,0.1661,0.0836,0.1672,-0.0516,0.1156,113,0.0
702.4,0.2668,0.3744,-0.1076,0.1777,0.1705,0.0844,0.1689,-0.0574,0.1115,112,0.0
702.6,0.261,0.3753,-0.1143,0.179,0.175,0.0835,0.167,-0.0592,0.1078,112,0.0
702.8,0.2551,0.3766,-0.1215,0.1808,0.1794,0.0822,0.1645,-0.0614,0.103,111,0.0
703.0,0.2668,0.3752,-0.1084,0.1789,0.1839,0.0972,0.1943,-0.0517,0.1426,117,0.0
703.2,0.2675,0.3783,-0.1108,0.1832,0.1884,0.0998,0.1995,-0.0528,0.1467,118,0.0
703.4,0.2549,0.3835,-0.1286,0.1907,0.1929,0.09,0.18,-0.0632,0.1168,113,0.0
703.6,0.2697,0.3823,-0.1126,0.1891,0.1974,0.1073,0.2145,-0.0522,0.1624,120,0.0
703.8,0.269,0.3874,-0.1184,0.1963,0.2019,0.1071,0.2142,-0.0564,0.1578,120,0.0
704.0,0.2575,0.3859,-0.1284,0.1942,0.2064,0.1036,0.2073,-0.0581,0.1492,118,0.0
704.2,0.2661,0.39,-0.1239,0.1999,0.2109,0.1117,0.2235,-0.0565,0.167,121,0.0
704.4,0.2771,0.3881,-0.111,0.1973,0.2154,0.1266,0.2531,-0.0465,0.2066,128,0.0
704.6,0.2712,0.3918,-0.1206,0.2025,0.2198,0.1233,0.2467,-0.0516,0.195,126,0.0
704.8,0.2753,0.3941,-0.1188,0.2058,0.2243,0.1293,0.2585,-0.0502,0.2084,128,0.0
705.0,0.2726,0.3967,-0.1242,0.2096,0.2287,0.1294,0.2588,-0.0525,0.2063,128,0.0
705.2,0.2882,0.4016,-0.1133,0.2165,0.2332,0.1425,0.285,-0.0483,0.2367,132,0.0
705.4,0.2875,0.398,-0.1105,0.2114,0.2376,0.1492,0.2984,-0.0421,0.2563,136,0.0
705.6,0.2877,0.4013,-0.1136,0.2161,0.242,0.1511,0.3022,-0.0438,0.2584,136,0.0
705.8,0.3024,0.4034,-0.101,0.2191,0.2463,0.1656,0.3311,-0.0369,0.2943,142,0.0
706.0,0.2967,0.411,-0.1143,0.23,0.2507,0.1592,0.3185,-0.0468,0.2717,138,0.0
706.2,0.3126,0.4103,-0.0977,0.229,0.255,0.1768,0.3537,-0.0359,0.3178,145,0.0
706.4,0.3205,0.4144,-0.0939,0.2349,0.2592,0.1841,0.3683,-0.0348,0.3335,148,0.0
706.6,0.324,0.4189,-0.0949,0.2412,0.2635,0.1876,0.3751,-0.0363,0.3388,149,0.0
706.8,0.3255,0.422,-0.0965,0.2457,0.2677,0.1904,0.3809,-0.0373,0.3436,149,0.0
707.0,0.3344,0.42,-0.0856,0.2428,0.2718,0.2034,0.4067,-0.0283,0.3784,155,0.0
707.2,0.3275,0.4275,-0.1001,0.2536,0.2759,0.1959,0.3917,-0.0389,0.3528,151,0.0
707.4,0.3427,0.4233,-0.0807,0.2476,0.28,0.2154,0.4309,-0.0242,0.4067,160,0.0
707.6,0.3447,0.4279,-0.0832,0.2541,0.284,0.2175,0.4349,-0.0267,0.4082,160,0.0
707.8,0.3497,0.4321,-0.0824,0.2602,0.2879,0.222,0.444,-0.0273,0.4166,161,0.0
708.0,0.3539,0.4337,-0.0797,0.2624,0.2918,0.2281,0.4561,-0.0251,0.431,163,0.0
708.2,0.3669,0.4361,-0.0691,0.2658,0.2957,0.2404,0.4808,-0.0196,0.4611,168,0.0
708.4,0.3707,0.4416,-0.071,0.2738,0.2995,0.2427,0.4854,-0.0226,0.4627,169,0.0
708.6,0.3633,0.4413,-0.078,0.2733,0.3032,0.2407,0.4815,-0.0241,0.4574,168,0.0
708.8,0.3756,0.4419,-0.0662,0.2741,0.3068,0.2538,0.5077,-0.0167,0.4909,173,0.0
709.0,0.3739,0.4513,-0.0774,0.2875,0.3104,0.2485,0.497,-0.0272,0.4698,170,0.0
709.2,0.3823,0.4499,-0.0676,0.2855,0.3139,0.2599,0.5198,-0.0196,0.5002,175,0.0
709.4,0.404,0.4534,-0.0494,0.2906,0.3174,0.2778,0.5557,-0.0113,0.5443,182,0.0
709.6,0.3979,0.4578,-0.0599,0.2968,0.3208,0.2728,0.5457,-0.018,0.5277,179,0.0
709.8,0.4112,0.4608,-0.0496,0.3011,0.3241,0.2844,0.5687,-0.0133,0.5554,183,0.0
710.0,0.4146,0.4614,-0.0469,0.3021,0.3273,0.2898,0.5796,-0.0108,0.5688,186,0.0
710.2,0.4139,0.4628,-0.0489,0.304,0.3304,0.2913,0.5827,-0.0112,0.5715,186,0.0
710.4,0.4138,0.4638,-0.05,0.3055,0.3335,0.2935,0.5869,-0.011,0.5759,187,0.0
710.6,0.4185,0.466,-0.0475,0.3086,0.3365,0.2985,0.5969,-0.0098,0.5871,188,0.0
710.8,0.4319,0.4695,-0.0375,0.3135,0.3394,0.3093,0.6187,-0.0058,0.6128,193,0.0
711.0,0.4414,0.474,-0.0326,0.3201,0.3422,0.3161,0.6322,-0.0052,0.6269,195,0.0
711.2,0.4307,0.4736,-0.043,0.3195,0.3449,0.3105,0.621,-0.0088,0.6123,192,0.0
711.4,0.4519,0.478,-0.0261,0.3257,0.3475,0.3266,0.6533,-0.0021,0.6511,199,0.0
711.6,0.4444,0.4834,-0.039,0.3335,0.35,0.3188,0.6376,-0.0112,0.6264,195,0.0
711.8,0.4548,0.4813,-0.0265,0.3304,0.3525,0.3313,0.6625,-0.0022,0.6603,200,0.0
712.0,0.4545,0.486,-0.0316,0.3372,0.3548,0.3295,0.6591,-0.007,0.6521,199,0.0
712.2,0.4561,0.4852,-0.0291,0.336,0.3571,0.3338,0.6676,-0.004,0.6635,201,0.0
712.4,0.4704,0.4911,-0.0208,0.3445,0.3592,0.3426,0.6852,-0.003,0.6822,204,0.0
712.6,0.4712,0.4895,-0.0183,0.3422,0.3613,0.3466,0.6932,0.0004,0.6936,205,0.0
712.8,0.4676,0.4888,-0.0212,0.3411,0.3632,0.3462,0.6925,0.0004,0.6929,205,0.0
713.0,0.4819,0.4922,-0.0103,0.3459,0.3651,0.3569,0.7137,0.0044,0.7181,209,0.0
713.2,0.4812,0.4963,-0.0151,0.3519,0.3668,0.3547,0.7094,-0.0001,0.7094,208,0.0
713.4,0.4825,0.4978,-0.0153,0.354,0.3684,0.3562,0.7124,-0.0004,0.712,208,0.0
713.6,0.4761,0.4954,-0.0193,0.3506,0.37,0.3545,0.709,0.0,0.7091,208,0.0
713.8,0.4928,0.4988,-0.006,0.3554,0.3714,0.3666,0.7333,0.005,0.7383,213,0.0
714.0,0.4826,0.5047,-0.0221,0.3638,0.3727,0.3551,0.7101,-0.0066,0.7035,207,0.0
714.2,0.4991,0.505,-0.0059,0.3643,0.3739,0.3692,0.7384,0.0018,0.7402,213,0.0
714.4,0.5026,0.5075,-0.0048,0.3678,0.375,0.3712,0.7424,0.0012,0.7436,213,0.0
714.6,0.4964,0.5033,-0.0069,0.3618,0.376,0.3705,0.741,0.0036,0.7446,214,0.0
714.8,0.5059,0.5093,-0.0034,0.3704,0.3769,0.3742,0.7483,0.0015,0.7498,214,0.0
715.0,0.4986,0.5093,-0.0107,0.3705,0.3777,0.3691,0.7382,-0.0018,0.7365,212,0.0
715.2,0.51,0.5096,0.0004,0.3709,0.3784,0.3787,0.7574,0.0039,0.7613,216,0.0
715.4,0.4975,0.5076,-0.0101,0.368,0.3789,0.3708,0.7417,0.0004,0.7421,213,0.0
715.6,0.5138,0.5103,0.0035,0.3718,0.3793,0.38,0.76,0.0044,0.7644,217,0.0
715.8,0.5019,0.5084,-0.0065,0.3692,0.3797,0.3745,0.7489,0.002,0.7509,215,0.0
716.0,0.4992,0.5113,-0.0121,0.3732,0.3799,0.3702,0.7405,-0.0027,0.7378,213,0.0
716.2,0.5026,0.5141,-0.0114,0.3772,0.38,0.3709,0.7417,-0.0043,0.7374,212,0.0
716.4,0.5041,0.5156,-0.0115,0.3794,0.38,0.3708,0.7416,-0.0055,0.7361,212,0.0
716.6,0.5178,0.5127,0.0051,0.3753,0.3799,0.38,0.76,0.0028,0.7628,217,0.0
716.8,0.5121,0.5113,0.0008,0.3734,0.3796,0.38,0.76,0.0034,0.7634,217,0.0
717.0,0.5139,0.5116,0.0023,0.3737,0.3793,0.38,0.76,0.0034,0.7634,217,0.0
717.2,0.5121,0.5144,-0.0024,0.3778,0.3788,0.3769,0.7538,-0.0007,0.7532,215,0.0
717.4,0.5103,0.5138,-0.0035,0.3769,0.3782,0.3755,0.7509,-0.0011,0.7499,214,0.0
717.6,0.5149,0.5164,-0.0015,0.3805,0.3776,0.3764,0.7527,-0.0022,0.7505,215,0.0
717.8,0.5218,0.5134,0.0084,0.3763,0.3768,0.38,0.76,0.0027,0.7627,217,0.0
718.0,0.5136,0.5158,-0.0022,0.3797,0.3759,0.3741,0.7481,-0.0031,0.7451,214,0.0
718.2,0.5158,0.5144,0.0014,0.3777,0.3749,0.3759,0.7519,-0.0008,0.7511,215,0.0
718.4,0.5103,0.5187,-0.0084,0.3838,0.3737,0.367,0.7341,-0.0092,0.7249,210,0.0
718.6,0.5038,0.5108,-0.0071,0.3726,0.3725,0.3668,0.7337,-0.0036,0.7301,211,0.0
718.8,0.505,0.5143,-0.0093,0.3775,0.3712,0.3638,0.7275,-0.0078,0.7197,210,0.0
719.0,0.514,0.5134,0.0005,0.3763,0.3697,0.3702,0.7403,-0.003,0.7373,212,0.0
719.2,0.496,0.514,-0.018,0.3772,0.3682,0.3538,0.7076,-0.0135,0.6941,206,0.0
719.4,0.503,0.5124,-0.0094,0.3748,0.3665,0.359,0.718,-0.0088,0.7091,208,0.0
719.6,0.5056,0.5113,-0.0057,0.3733,0.3647,0.3602,0.7203,-0.0071,0.7132,209,0.0
719.8,0.4949,0.5122,-0.0173,0.3746,0.3629,0.349,0.6981,-0.0145,0.6836,204,0.0
720.0,0.5044,0.5066,-0.0021,0.3665,0.3609,0.3592,0.7184,-0.0039,0.7145,209,0.0
720.2,0.4963,0.5108,-0.0145,0.3725,0.3589,0.3473,0.6946,-0.0141,0.6805,203,0.0
720.4,0.4948,0.5066,-0.0118,0.3666,0.3567,0.3473,0.6945,-0.0109,0.6836,204,0.0
720.6,0.4958,0.51,-0.0142,0.3714,0.3544,0.3431,0.6862,-0.0156,0.6706,202,0.0
720.8,0.4847,0.5027,-0.018,0.361,0.3521,0.3376,0.6753,-0.0135,0.6618,200,0.0
721.0,0.4791,0.5057,-0.0266,0.3654,0.3496,0.3283,0.6566,-0.0212,0.6354,196,0.0
721.2,0.4822,0.5028,-0.0206,0.3612,0.3471,0.3305,0.6611,-0.0174,0.6437,197,0.0
721.4,0.4786,0.5025,-0.0238,0.3607,0.3444,0.3254,0.6507,-0.02,0.6307,195,0.0
721.6,0.4852,0.4983,-0.0131,0.3547,0.3417,0.3312,0.6624,-0.0131,0.6494,198,0.0
721.8,0.4693,0.502,-0.0327,0.36,0.3389,0.3127,0.6254,-0.0269,0.5985,190,0.0
722.0,0.4764,0.497,-0.0206,0.3528,0.336,0.3195,0.639,-0.0187,0.6203,194,0.0
722.2,0.4582,0.4989,-0.0407,0.3556,0.333,0.3004,0.6008,-0.0317,0.5691,186,0.0
722.4,0.4686,0.4931,-0.0244,0.3472,0.3299,0.3103,0.6207,-0.0209,0.5998,190,0.0
722.6,0.4674,0.4886,-0.0213,0.3409,0.3267,0.3097,0.6194,-0.0177,0.6017,191,0.0
722.8,0.448,0.4911,-0.0432,0.3445,0.3235,0.289,0.578,-0.0321,0.5459,182,0.0
723.0,0.4495,0.4914,-0.0419,0.3449,0.3202,0.2867,0.5733,-0.0333,0.54,181,0.0
723.2,0.4434,0.4833,-0.0399,0.3333,0.3168,0.2849,0.5698,-0.0282,0.5415,181,0.0
723.4,0.441,0.4857,-0.0447,0.3368,0.3133,0.2776,0.5552,-0.0341,0.5211,178,0.0
723.6,0.443,0.4831,-0.0401,0.333,0.3098,0.2777,0.5555,-0.0316,0.5238,178,0.0
723.8,0.4395,0.4813,-0.0417,0.3304,0.3062,0.2728,0.5456,-0.033,0.5127,177,0.0
724.0,0.4344,0.4789,-0.0444,0.327,0.3026,0.267,0.534,-0.0344,0.4996,174,0.0
724.2,0.4233,0.4733,-0.05,0.319,0.2988,0.2588,0.5176,-0.0351,0.4825,172,0.0
724.4,0.4226,0.4777,-0.0552,0.3253,0.295,0.2509,0.5018,-0.0427,0.4591,168,0.0
724.6,0.4089,0.4731,-0.0642,0.3188,0.2912,0.2398,0.4796,-0.0459,0.4336,164,0.0
724.8,0.4072,0.472,-0.0647,0.3171,0.2873,0.2355,0.471,-0.0473,0.4237,162,0.0
725.0,0.3948,0.4675,-0.0727,0.3107,0.2833,0.2252,0.4503,-0.05,0.4003,159,0.0
725.2,0.3894,0.4637,-0.0743,0.3053,0.2793,0.2198,0.4396,-0.0502,0.3895,157,0.0
725.4,0.4036,0.4621,-0.0585,0.303,0.2752,0.2284,0.4569,-0.0431,0.4138,161,0.0
725.6,0.3878,0.4552,-0.0674,0.2931,0.2711,0.2172,0.4344,-0.0447,0.3897,157,0.0
725.8,0.3875,0.4598,-0.0722,0.2997,0.267,0.2092,0.4183,-0.0525,0.3658,153,0.0
726.0,0.3731,0.4554,-0.0823,0.2935,0.2628,0.1969,0.3938,-0.0565,0.3373,148,0.0
726.2,0.3764,0.4539,-0.0776,0.2913,0.2585,0.1965,0.3929,-0.0552,0.3377,149,0.0
726.4,0.375,0.4474,-0.0724,0.282,0.2543,0.1964,0.3927,-0.05,0.3427,149,0.0
726.6,0.3533,0.446,-0.0927,0.28,0.2499,0.1758,0.3516,-0.0614,0.2902,141,0.0
726.8,0.3628,0.4457,-0.0829,0.2795,0.2456,0.1793,0.3586,-0.0584,0.3002,143,0.0
727.0,0.3428,0.442,-0.0992,0.2743,0.2412,0.1619,0.3237,-0.0661,0.2576,136,0.0
727.2,0.3347,0.4339,-0.0992,0.2627,0.2369,0.1575,0.3149,-0.0625,0.2524,135,0.0
727.4,0.3271,0.4366,-0.1095,0.2666,0.2324,0.1449,0.2897,-0.0718,0.2179,129,0.0
727.6,0.3266,0.4328,-0.1062,0.2612,0.228,0.143,0.2861,-0.0697,0.2164,129,0.0
727.8,0.3207,0.43,-0.1093,0.2571,0.2235,0.1361,0.2722,-0.0714,0.2008,127,0.0
728.0,0.3139,0.4225,-0.1086,0.2465,0.2191,0.1322,0.2644,-0.068,0.1964,126,0.0
728.2,0.3204,0.4186,-0.0982,0.2408,0.2146,0.136,0.2721,-0.0622,0.2099,128,0.0
728.4,0.3073,0.4164,-0.1092,0.2377,0.2101,0.1228,0.2456,-0.0684,0.1772,123,0.0
728.6,0.2913,0.4146,-0.1233,0.2351,0.2056,0.107,0.214,-0.0764,0.1377,117,0.0
728.8,0.2931,0.4111,-0.118,0.2302,0.2011,0.1067,0.2134,-0.0735,0.1399,117,0.0
729.0,0.2825,0.4131,-0.1306,0.233,0.1966,0.0922,0.1843,-0.0835,0.1009,111,0.0
729.2,0.2802,0.4058,-0.1256,0.2225,0.1921,0.0916,0.1832,-0.078,0.1052,111,0.0
729.4,0.2731,0.4063,-0.1332,0.2232,0.1876,0.0811,0.1621,-0.0844,0.0777,107,0.0
729.6,0.2663,0.3991,-0.1328,0.2129,0.1831,0.0769,0.1538,-0.0813,0.0725,106,0.0
729.8,0.2618,0.3975,-0.1357,0.2107,0.1787,0.0701,0.1402,-0.0838,0.0564,104,0.0
730.0,0.2468,0.3981,-0.1513,0.2116,0.1742,0.0532,0.1064,-0.0943,0.0,0,0.0
730.2,0.2537,0.3707,-0.117,0.1724,0.1698,0.0762,0.1523,-0.0598,0.0925,109,0.0
730.4,0.2416,0.3774,-0.1359,0.1821,0.1653,0.0566,0.1133,-0.0763,0.0,0,0.0
730.6,0.2603,0.3548,-0.0945,0.1497,0.1609,0.0854,0.1707,-0.0416,0.1291,115,0.0
730.8,0.2486,0.3619,-0.1133,0.1598,0.1565,0.0659,0.1318,-0.0583,0.0,0,0.0
731.0,0.2547,0.345,-0.0903,0.1357,0.1522,0.08,0.1599,-0.0369,0.123,114,0.0
731.2,0.262,0.3497,-0.0876,0.1424,0.1479,0.0778,0.1555,-0.0411,0.1145,113,0.0
731.4,0.246,0.3541,-0.1081,0.1487,0.1436,0.0571,0.1142,-0.0566,0.0,0,0.0
731.6,0.254,0.3398,-0.0858,0.1283,0.1393,0.0707,0.1413,-0.0374,0.1039,111,0.0
731.8,0.2488,0.3469,-0.098,0.1384,0.1351,0.0567,0.1133,-0.0507,0.0,0,0.0
732.0,0.2643,0.3352,-0.0709,0.1217,0.1309,0.0742,0.1485,-0.0308,0.1177,113,0.0
732.2,0.2512,0.3415,-0.0903,0.1307,0.1268,0.0546,0.1091,-0.0471,0.062,104,0.0
732.4,0.2578,0.3444,-0.0866,0.1349,0.1227,0.0534,0.1068,-0.0494,0.0574,104,0.0
732.6,0.242,0.3507,-0.1087,0.1439,0.1187,0.0317,0.0634,-0.067,0.0,0,0.0
732.8,0.2492,0.3386,-0.0894,0.1266,0.1147,0.0431,0.0863,-0.0507,0.0,0,0.0
733.0,0.2398,0.3268,-0.087,0.1097,0.1107,0.0411,0.0823,-0.043,0.0,0,0.0
733.2,0.2423,0.315,-0.0727,0.0928,0.1069,0.0487,0.0975,-0.0293,0.0,0,0.0
733.4,0.2517,0.3055,-0.0539,0.0793,0.103,0.06,0.1199,-0.0151,0.1048,111,0.0
733.6,0.25,0.313,-0.063,0.0899,0.0993,0.0489,0.0978,-0.0268,0.0,0,0.0
733.8,0.2679,0.3065,-0.0386,0.0807,0.0956,0.0647,0.1295,-0.0118,0.1176,113,0.0
734.0,0.2658,0.3208,-0.055,0.1012,0.092,0.0479,0.0959,-0.0321,0.0637,105,0.0
734.2,0.2571,0.3301,-0.073,0.1144,0.0884,0.03,0.06,-0.0495,0.0104,96,0.0
734.4,0.2457,0.3325,-0.0868,0.1178,0.0849,0.0155,0.0309,-0.0599,0.0,0,0.0
734.6,0.2428,0.3199,-0.0771,0.0998,0.0815,0.0198,0.0396,-0.0477,0.0,0,0.0
734.8,0.2454,0.309,-0.0636,0.0843,0.0781,0.0273,0.0545,-0.0349,0.0,0,0.0
735.0,0.2396,0.3026,-0.063,0.0752,0.0748,0.0244,0.0489,-0.0317,0.0,0,0.0
735.2,0.251,0.294,-0.043,0.0629,0.0717,0.0372,0.0745,-0.0171,0.0573,104,0.0
735.4,0.2467,0.3038,-0.0571,0.0769,0.0685,0.0228,0.0457,-0.0328,0.0,0,0.0
735.6,0.2483,0.2961,-0.0478,0.0658,0.0655,0.0273,0.0546,-0.024,0.0,0,0.0
735.8,0.2322,0.2919,-0.0597,0.0598,0.0626,0.0148,0.0297,-0.0285,0.0,0,0.0
736.0,0.2519,0.2871,-0.0352,0.053,0.0597,0.0315,0.063,-0.0143,0.0487,102,0.0
736.2,0.2379,0.2998,-0.0619,0.0712,0.0569,0.0074,0.0147,-0.0381,0.0,0,0.0
736.4,0.2401,0.2891,-0.049,0.0559,0.0542,0.015,0.0301,-0.0253,0.0,0,0.0
736.6,0.245,0.2817,-0.0367,0.0453,0.0516,0.0223,0.0446,-0.0152,0.0,0,0.0
736.8,0.2394,0.2784,-0.039,0.0406,0.0,0.0,0.0,-0.0242,0.0,0,0.0
737.0,0.2237,0.2767,-0.053,0.0381,0.0,0.0,0.0,-0.0244,0.0,0,0.0
737.2,0.224,0.2717,-0.0478,0.0311,0.0,0.0,0.0,-0.0203,0.0,0,0.0
737.4,0.2094,0.2658,-0.0565,0.0226,0.0,0.0,0.0,-0.017,0.0,0,0.0
737.6,0.214,0.2685,-0.0545,0.0264,0.0,0.0,0.0,-0.0186,0.0,0,0.0
737.8,0.1962,0.2638,-0.0676,0.0197,0.0,0.0,0.0,-0.0166,0.0,0,0.0
738.0,0.2025,0.2577,-0.0552,0.011,0.0,0.0,0.0,-0.011,0.0,0,0.0
738.2,0.1892,0.2616,-0.0724,0.0166,0.0,0.0,0.0,-0.0156,0.0,0,0.0
738.4,0.1982,0.2605,-0.0623,0.015,0.0,0.0,0.0,-0.0137,0.0,0,0.0
738.6,0.2027,0.26,-0.0573,0.0143,0.0,0.0,0.0,-0.0129,0.0,0,0.0
738.8,0.1882,0.2537,-0.0655,0.0053,0.0,0.0,0.0,-0.0092,0.0,0,0.0
739.0,0.1908,0.2528,-0.062,0.0041,0.0,0.0,0.0,-0.0082,0.0,0,0.0
739.2,0.196,0.2566,-0.0607,0.0095,0.0,0.0,0.0,-0.0108,0.0,0,0.0
739.4,0.1889,0.2548,-0.0659,0.0068,0.0,0.0,0.0,-0.01,0.0,0,0.0
739.6,0.1867,0.2554,-0.0687,0.0077,0.0,0.0,0.0,-0.0107,0.0,0,0.0
739.8,0.1883,0.2524,-0.0641,0.0034,0.0,0.0,0.0,-0.0081,0.0,0,0.0
740.0,0.1952,0.25,-0.0548,0.0,0.0,0.0,0.0,-0.0055,0.0,0,0.0
740.2,0.1787,0.2505,-0.0718,0.0007,0.0,0.0,0.0,-0.0075,0.0,0,0.0
740.4,0.1832,0.25,-0.0668,0.0,0.0,0.0,0.0,-0.0067,0.0,0,0.0
740.6,0.1793,0.2519,-0.0726,0.0028,0.0,0.0,0.0,-0.0087,0.0,0,0.0
740.8,0.1807,0.2536,-0.0729,0.0051,0.0,0.0,0.0,-0.0098,0.0,0,0.0
741.0,0.1901,0.25,-0.0599,0.0,0.0,0.0,0.0,-0.006,0.0,0,0.0
741.2,0.1918,0.25,-0.0582,0.0,0.0,0.0,0.0,-0.0058,0.0,0,0.0
741.4,0.1769,0.2508,-0.074,0.0012,0.0,0.0,0.0,-0.008,0.0,0,0.0
741.6,0.1871,0.2511,-0.064,0.0016,0.0,0.0,0.0,-0.0072,0.0,0,0.0
741.8,0.1863,0.2515,-0.0652,0.0021,0.0,0.0,0.0,-0.0076,0.0,0,0.0
742.0,0.1909,0.2518,-0.0609,0.0025,0.0,0.0,0.0,-0.0074,0.0,0,0.0
742.2,0.1856,0.2531,-0.0674,0.0044,0.0,0.0,0.0,-0.0089,0.0,0,0.0
742.4,0.1907,0.2528,-0.0622,0.004,0.0,0.0,0.0,-0.0082,0.0,0,0.0
742.6,0.1845,0.25,-0.0655,0.0,0.0,0.0,0.0,-0.0066,0.0,0,0.0
742.8,0.179,0.25,-0.071,0.0,0.0,0.0,0.0,-0.0071,0.0,0,0.0
743.0,0.1753,0.2535,-0.0782,0.005,0.0,0.0,0.0,-0.0103,0.0,0,0.0
743.2,0.1898,0.2514,-0.0616,0.002,0.0,0.0,0.0,-0.0072,0.0,0,0.0
743.4,0.187,0.2503,-0.0633,0.0004,0.0,0.0,0.0,-0.0065,0.0,0,0.0
743.6,0.1768,0.25,-0.0732,0.0,0.0,0.0,0.0,-0.0073,0.0,0,0.0
743.8,0.1793,0.2519,-0.0726,0.0027,0.0,0.0,0.0,-0.0086,0.0,0,0.0
744.0,0.1855,0.2517,-0.0661,0.0024,0.0,0.0,0.0,-0.0078,0.0,0,0.0
744.2,0.18,0.2514,-0.0714,0.002,0.0,0.0,0.0,-0.0081,0.0,0,0.0
744.4,0.1773,0.25,-0.0727,0.0,0.0,0.0,0.0,-0.0073,0.0,0,0.0
744.6,0.1867,0.25,-0.0633,0.0,0.0,0.0,0.0,-0.0063,0.0,0,0.0
744.8,0.1771,0.2525,-0.0754,0.0036,0.0,0.0,0.0,-0.0093,0.0,0,0.0
745.0,0.1869,0.2529,-0.066,0.0042,0.0,0.0,0.0,-0.0087,0.0,0,0.0
745.2,0.1747,0.2502,-0.0755,0.0003,0.0,0.0,0.0,-0.0077,0.0,0,0.0
745.4,0.1861,0.25,-0.0639,0.0,0.0,0.0,0.0,-0.0064,0.0,0,0.0
745.6,0.1863,0.2514,-0.0651,0.002,0.0,0.0,0.0,-0.0075,0.0,0,0.0
745.8,0.1738,0.2525,-0.0787,0.0036,0.0,0.0,0.0,-0.0097,0.0,0,0.0
746.0,0.1893,0.25,-0.0607,0.0,0.0,0.0,0.0,-0.0061,0.0,0,0.0
746.2,0.1829,0.25,-0.0671,0.0,0.0512,0.0,0.0,-0.0067,0.0,0,0.0
746.4,0.2113,0.2522,-0.0409,0.0031,0.0538,0.0211,0.0423,0.0049,0.0,0,0.0
746.6,0.2194,0.253,-0.0336,0.0042,0.0565,0.0296,0.0592,0.0093,0.0,0,0.0
746.8,0.2363,0.2525,-0.0163,0.0036,0.0592,0.0462,0.0925,0.0197,0.0,0,0.0
747.0,0.2352,0.25,-0.0148,0.0,0.0621,0.0503,0.1005,0.0236,0.0,0,0.0
747.2,0.2559,0.25,0.0059,0.0,0.065,0.0697,0.1395,0.0355,0.1749,122,0.0
747.4,0.2537,0.2752,-0.0215,0.036,0.0681,0.0508,0.1016,0.0052,0.1069,112,0.0
747.6,0.2624,0.2917,-0.0293,0.0596,0.0712,0.0477,0.0955,-0.0088,0.0866,108,0.0
747.8,0.2533,0.3049,-0.0517,0.0785,0.0743,0.033,0.066,-0.0279,0.0381,101,0.0
748.0,0.2508,0.3126,-0.0618,0.0894,0.0776,0.0282,0.0563,-0.0368,0.0195,98,0.0
748.2,0.2534,0.3256,-0.0722,0.108,0.0809,0.0232,0.0464,-0.0496,0.0,0,0.0
748.4,0.2622,0.3149,-0.0528,0.0928,0.0843,0.0421,0.0842,-0.0306,0.0536,103,0.0
748.6,0.2465,0.3225,-0.076,0.1035,0.0878,0.027,0.0541,-0.0459,0.0,0,0.0
748.8,0.2557,0.3098,-0.0541,0.0855,0.0914,0.0481,0.0961,-0.0241,0.072,106,0.0
749.0,0.2568,0.3225,-0.0657,0.1035,0.095,0.0425,0.0849,-0.0371,0.0478,102,0.0
749.2,0.2458,0.3301,-0.0843,0.1145,0.0987,0.0312,0.0625,-0.05,0.0,0,0.0
749.4,0.2553,0.3202,-0.0649,0.1003,0.1024,0.0505,0.101,-0.0314,0.0696,106,0.0
749.6,0.2376,0.3268,-0.0893,0.1098,0.1063,0.0348,0.0697,-0.0464,0.0,0,0.0
749.8,0.2517,0.315,-0.0633,0.0929,0.1101,0.0595,0.119,-0.023,0.0959,110,0.0
750.0,0.2438,0.3238,-0.08,0.1054,0.1141,0.0501,0.1002,-0.0356,0.0,0,0.0
750.2,0.2564,0.3181,-0.0618,0.0973,0.118,0.0686,0.1372,-0.0206,0.1167,113,0.0
750.4,0.2596,0.3272,-0.0675,0.1102,0.1221,0.068,0.1361,-0.0278,0.1082,112,0.0
750.6,0.2506,0.3332,-0.0826,0.1189,0.1261,0.0601,0.1202,-0.0376,0.0825,108,0.0
750.8,0.2532,0.3408,-0.0876,0.1297,0.1303,0.0602,0.1204,-0.0435,0.0769,107,0.0
751.0,0.2512,0.3485,-0.0973,0.1407,0.1344,0.0566,0.1132,-0.0518,0.0615,104,0.0
751.2,0.2558,0.3531,-0.0973,0.1473,0.1387,0.0608,0.1216,-0.053,0.0687,105,0.0
751.4,0.2587,0.3591,-0.1004,0.1558,0.1429,0.0626,0.1252,-0.0567,0.0685,105,0.0
751.6,0.2426,0.3614,-0.1188,0.1591,0.1472,0.0522,0.1043,-0.0654,0.0,0,0.0
751.8,0.2525,0.3415,-0.089,0.1307,0.1515,0.0803,0.1607,-0.0341,0.1266,115,0.0
752.0,0.2551,0.3509,-0.0959,0.1442,0.1559,0.0792,0.1583,-0.0421,0.1162,113,0.0
752.2,0.2662,0.3571,-0.0909,0.1531,0.1602,0.0875,0.175,-0.0419,0.1331,116,0.0
752.4,0.256,0.3628,-0.1068,0.1612,0.1646,0.0792,0.1583,-0.0517,0.1066,112,0.0
752.6,0.266,0.3683,-0.1023,0.169,0.1691,0.0872,0.1745,-0.0511,0.1234,114,0.0
752.8,0.2661,0.3691,-0.103,0.1701,0.1735,0.0911,0.1822,-0.0498,0.1323,116,0.0
753.0,0.252,0.3701,-0.1182,0.1716,0.178,0.0834,0.1668,-0.0559,0.1109,112,0.0
753.2,0.2689,0.3744,-0.1054,0.1777,0.1824,0.0981,0.1961,-0.0503,0.1458,118,0.0
753.4,0.2688,0.3813,-0.1125,0.1875,0.1869,0.0969,0.1939,-0.0566,0.1373,116,0.0
753.6,0.2706,0.3795,-0.1089,0.185,0.1914,0.1043,0.2085,-0.0513,0.1573,120,0.0
753.8,0.2618,0.3849,-0.123,0.1927,0.1959,0.0975,0.1949,-0.0599,0.135,116,0.0
754.0,0.2693,0.3845,-0.1152,0.1922,0.2004,0.1082,0.2164,-0.0535,0.1629,121,0.0
754.2,0.2614,0.3904,-0.1289,0.2005,0.2049,0.1018,0.2035,-0.0623,0.1412,117,0.0
754.4,0.2778,0.3858,-0.108,0.194,0.2094,0.123,0.246,-0.0463,0.1998,126,0.0
754.6,0.2729,0.3891,-0.1162,0.1987,0.2139,0.121,0.2419,-0.0505,0.1914,125,0.0
754.8,0.2669,0.3903,-0.1234,0.2004,0.2184,0.1196,0.2393,-0.0527,0.1865,124,0.0
755.0,0.2765,0.3918,-0.1153,0.2026,0.2228,0.1306,0.2611,-0.0475,0.2136,129,0.0
755.2,0.2769,0.3978,-0.121,0.2112,0.2273,0.1305,0.2611,-0.0524,0.2087,128,0.0
755.4,0.2818,0.4015,-0.1197,0.2164,0.2317,0.136,0.272,-0.0522,0.2198,130,0.0
755.6,0.2828,0.3997,-0.117,0.2139,0.2362,0.1426,0.2852,-0.0474,0.2378,133,0.0
755.8,0.3047,0.4047,-0.1,0.221,0.2405,0.1606,0.3211,-0.0402,0.2809,139,0.0
756.0,0.3078,0.4027,-0.0949,0.2181,0.2449,0.169,0.3381,-0.034,0.3041,143,0.0
756.2,0.3125,0.4113,-0.0988,0.2304,0.2493,0.1702,0.3405,-0.0399,0.3005,143,0.0
756.4,0.3065,0.4107,-0.1042,0.2296,0.2536,0.1702,0.3404,-0.0401,0.3003,143,0.0
756.6,0.3083,0.4125,-0.1042,0.2321,0.2579,0.1745,0.349,-0.0392,0.3098,144,0.0
756.8,0.3114,0.4189,-0.1075,0.2412,0.2621,0.1761,0.3522,-0.0433,0.3089,144,0.0
757.0,0.3161,0.4207,-0.1046,0.2439,0.2663,0.1827,0.3653,-0.0411,0.3243,146,0.0
757.2,0.3323,0.4166,-0.0842,0.238,0.2705,0.2031,0.4061,-0.0259,0.3803,155,0.0
757.4,0.3355,0.4196,-0.0842,0.2423,0.2746,0.2072,0.4145,-0.026,0.3885,157,0.0
757.6,0.3515,0.4268,-0.0753,0.2526,0.2787,0.2184,0.4368,-0.0246,0.4122,160,0.0
757.8,0.3446,0.4272,-0.0825,0.2531,0.2827,0.2166,0.4333,-0.0265,0.4068,160,0.0
758.0,0.3549,0.4342,-0.0794,0.2632,0.2866,0.2232,0.4463,-0.0279,0.4184,161,0.0
758.2,0.3541,0.4329,-0.0788,0.2613,0.2906,0.2275,0.455,-0.0248,0.4302,163,0.0
758.4,0.3642,0.4369,-0.0727,0.267,0.2944,0.2363,0.4725,-0.0226,0.4499,166,0.0
758.6,0.36,0.4366,-0.0766,0.2666,0.2982,0.2369,0.4739,-0.0225,0.4514,167,0.0
758.8,0.365,0.4445,-0.0796,0.2779,0.302,0.2383,0.4766,-0.0277,0.4489,166,0.0
759.0,0.3841,0.4423,-0.0583,0.2748,0.3056,0.259,0.5181,-0.0137,0.5043,175,0.0
759.2,0.3875,0.4468,-0.0593,0.2811,0.3093,0.2618,0.5237,-0.0155,0.5082,176,0.0
759.4,0.3904,0.4494,-0.059,0.2849,0.3128,0.2656,0.5312,-0.0155,0.5157,177,0.0
759.6,0.3956,0.4565,-0.0609,0.295,0.3163,0.2676,0.5351,-0.0198,0.5153,177,0.0
759.8,0.4017,0.4572,-0.0555,0.296,0.3197,0.2752,0.5505,-0.0159,0.5345,180,0.0
760.0,0.4156,0.4577,-0.0421,0.2967,0.323,0.2893,0.5786,-0.0079,0.5707,186,0.0
760.2,0.4039,0.4601,-0.0563,0.3002,0.3262,0.2812,0.5624,-0.0151,0.5473,182,0.0
760.4,0.4064,0.4648,-0.0584,0.3069,0.3294,0.2827,0.5654,-0.0179,0.5475,182,0.0
760.6,0.4266,0.4678,-0.0412,0.3112,0.3325,0.2995,0.5991,-0.0099,0.5891,189,0.0
760.8,0.4187,0.4702,-0.0515,0.3146,0.3355,0.2943,0.5886,-0.0153,0.5732,186,0.0
761.0,0.4337,0.4723,-0.0386,0.3175,0.3384,0.3075,0.615,-0.0089,0.6062,191,0.0
761.2,0.4321,0.4745,-0.0424,0.3207,0.3412,0.3073,0.6147,-0.0109,0.6038,191,0.0
761.4,0.4424,0.4737,-0.0314,0.3196,0.344,0.3189,0.6378,-0.0035,0.6343,196,0.0
761.6,0.4446,0.4791,-0.0345,0.3272,0.3466,0.319,0.6381,-0.0076,0.6305,195,0.0
761.8,0.4505,0.48,-0.0295,0.3286,0.3492,0.3256,0.6512,-0.0044,0.6468,198,0.0
762.0,0.4473,0.4843,-0.037,0.3347,0.3517,0.3221,0.6442,-0.01,0.6342,196,0.0
762.2,0.4638,0.4857,-0.0218,0.3367,0.3541,0.3366,0.6732,-0.0022,0.671,202,0.0
762.4,0.4526,0.4834,-0.0308,0.3334,0.3563,0.3317,0.6634,-0.0039,0.6595,200,0.0
762.6,0.4651,0.4889,-0.0238,0.3413,0.3585,0.3395,0.679,-0.0033,0.6757,203,0.0
762.8,0.4769,0.4902,-0.0133,0.3432,0.3606,0.35,0.6999,0.0021,0.702,207,0.0
763.0,0.4718,0.4909,-0.0191,0.3441,0.3626,0.3473,0.6947,-0.0003,0.6944,206,0.0
763.2,0.4691,0.4901,-0.021,0.343,0.3645,0.3477,0.6954,0.0002,0.6956,206,0.0
763.4,0.4715,0.4972,-0.0257,0.3532,0.3662,0.3457,0.6913,-0.0063,0.685,204,0.0
763.6,0.479,0.493,-0.014,0.3472,0.3679,0.3567,0.7134,0.0034,0.7168,209,0.0
763.8,0.4874,0.498,-0.0106,0.3543,0.3695,0.361,0.722,0.0023,0.7243,210,0.0
764.0,0.4938,0.4965,-0.0027,0.3521,0.3709,0.3688,0.7376,0.0081,0.7457,214,0.0
764.2,0.4813,0.5015,-0.0203,0.3593,0.3723,0.3561,0.7121,-0.0037,0.7085,208,0.0
764.4,0.4946,0.5015,-0.0069,0.3593,0.3735,0.368,0.7361,0.0037,0.7398,213,0.0
764.6,0.4938,0.5068,-0.013,0.3669,0.3747,0.3643,0.7286,-0.0026,0.726,211,0.0
764.8,0.4897,0.5042,-0.0145,0.3631,0.3757,0.3641,0.7282,-0.0009,0.7273,211,0.0
765.0,0.5054,0.5046,0.0007,0.3637,0.3766,0.3772,0.7545,0.0068,0.7613,216,0.0
765.2,0.5086,0.5092,-0.0006,0.3703,0.3774,0.377,0.754,0.0033,0.7573,216,0.0
765.4,0.4944,0.5101,-0.0157,0.3715,0.3781,0.3656,0.7311,-0.0046,0.7266,211,0.0
765.6,0.4995,0.5059,-0.0064,0.3655,0.3787,0.3736,0.7473,0.0034,0.7507,215,0.0
765.8,0.5133,0.5089,0.0044,0.3699,0.3792,0.38,0.76,0.0055,0.7655,217,0.0
766.0,0.4992,0.5086,-0.0095,0.3695,0.3796,0.372,0.744,0.0003,0.7443,214,0.0
766.2,0.5039,0.5092,-0.0053,0.3703,0.3798,0.3756,0.7511,0.0021,0.7532,215,0.0
766.4,0.5101,0.5157,-0.0055,0.3795,0.38,0.3756,0.7511,-0.0025,0.7486,214,0.0
766.6,0.5037,0.5105,-0.0067,0.3721,0.38,0.3746,0.7492,0.0006,0.7498,214,0.0
766.8,0.5148,0.5132,0.0017,0.376,0.3799,0.38,0.76,0.0022,0.7622,216,0.0
767.0,0.5205,0.5136,0.0069,0.3766,0.3797,0.38,0.76,0.0024,0.7624,216,0.0
767.2,0.5199,0.5165,0.0034,0.3808,0.3794,0.38,0.76,-0.0,0.76,216,0.0
767.4,0.5107,0.5127,-0.002,0.3753,0.379,0.3774,0.7547,0.0009,0.7556,215,0.0
767.6,0.5097,0.5121,-0.0024,0.3745,0.3784,0.3765,0.753,0.0008,0.7538,215,0.0
767.8,0.5159,0.5136,0.0023,0.3766,0.3778,0.3796,0.7593,0.0018,0.7611,216,0.0
768.0,0.52,0.5176,0.0024,0.3823,0.377,0.379,0.758,-0.0014,0.7566,216,0.0
768.2,0.5224,0.5145,0.0079,0.3779,0.3762,0.38,0.76,0.0018,0.7618,216,0.0
768.4,0.5143,0.5184,-0.0041,0.3834,0.3752,0.372,0.7439,-0.0061,0.7378,213,0.0
768.6,0.5185,0.5129,0.0056,0.3756,0.3741,0.3786,0.7572,0.0021,0.7593,216,0.0
768.8,0.5108,0.5136,-0.0029,0.3766,0.3729,0.3706,0.7412,-0.0033,0.738,213,0.0
769.0,0.5018,0.5157,-0.0139,0.3796,0.3716,0.3605,0.7209,-0.011,0.71,208,0.0
769.2,0.5136,0.5126,0.001,0.3752,0.3702,0.371,0.7421,-0.002,0.7401,213,0.0
769.4,0.5055,0.5146,-0.0092,0.3781,0.3687,0.3613,0.7227,-0.0093,0.7134,209,0.0
769.6,0.5,0.5136,-0.0136,0.3765,0.3671,0.3562,0.7124,-0.0115,0.7009,207,0.0
769.8,0.493,0.5141,-0.0211,0.3772,0.3653,0.3485,0.6969,-0.0165,0.6804,203,0.0
770.0,0.4933,0.511,-0.0176,0.3728,0.3635,0.3494,0.6988,-0.0135,0.6854,204,0.0
770.2,0.5024,0.511,-0.0087,0.3729,0.3616,0.3547,0.7093,-0.01,0.6993,206,0.0
770.4,0.5028,0.5052,-0.0025,0.3646,0.3595,0.3576,0.7151,-0.0038,0.7114,208,0.0
770.6,0.4924,0.5076,-0.0152,0.368,0.3574,0.3452,0.6905,-0.0129,0.6776,203,0.0
770.8,0.4907,0.5088,-0.018,0.3697,0.3552,0.3408,0.6815,-0.0163,0.6653,201,0.0
771.0,0.495,0.5035,-0.0085,0.3622,0.3528,0.346,0.6921,-0.0089,0.6832,204,0.0
771.2,0.4846,0.5079,-0.0233,0.3685,0.3504,0.3318,0.6635,-0.0207,0.6428,197,0.0
771.4,0.4755,0.5044,-0.0289,0.3634,0.3479,0.3248,0.6496,-0.0222,0.6275,195,0.0
771.6,0.4783,0.5007,-0.0224,0.3581,0.3453,0.3274,0.6547,-0.0176,0.6371,196,0.0
771.8,0.471,0.5005,-0.0295,0.3578,0.3426,0.319,0.638,-0.0224,0.6156,193,0.0
772.0,0.4822,0.4968,-0.0146,0.3525,0.3398,0.3281,0.6562,-0.0137,0.6426,197,0.0
772.2,0.4764,0.499,-0.0227,0.3558,0.3369,0.3188,0.6376,-0.0208,0.6168,193,0.0
772.4,0.4605,0.4949,-0.0344,0.3498,0.334,0.3064,0.6129,-0.0251,0.5878,189,0.0
772.6,0.471,0.4914,-0.0204,0.3448,0.3309,0.3146,0.6292,-0.0172,0.612,192,0.0
772.8,0.4527,0.49,-0.0373,0.3429,0.3278,0.2979,0.5959,-0.0262,0.5697,186,0.0
773.0,0.4528,0.4896,-0.0368,0.3423,0.3246,0.2952,0.5903,-0.0272,0.5631,185,0.0
773.2,0.4522,0.4868,-0.0346,0.3383,0.3213,0.2936,0.5871,-0.0258,0.5613,184,0.0
773.4,0.4483,0.4865,-0.0382,0.3379,0.3179,0.2873,0.5747,-0.0291,0.5456,182,0.0
773.6,0.4406,0.4883,-0.0477,0.3404,0.3145,0.2764,0.5527,-0.0368,0.5159,177,0.0
773.8,0.4417,0.4803,-0.0386,0.329,0.311,0.2801,0.5602,-0.0283,0.5319,180,0.0
774.0,0.4261,0.4788,-0.0528,0.3269,0.3074,0.2652,0.5304,-0.0361,0.4943,174,0.0
774.2,0.4258,0.4791,-0.0532,0.3272,0.3038,0.2612,0.5223,-0.0384,0.484,172,0.0
774.4,0.4329,0.4787,-0.0458,0.3267,0.3001,0.2634,0.5268,-0.0362,0.4906,173,0.0
774.6,0.426,0.4746,-0.0486,0.3208,0.2963,0.2574,0.5149,-0.0365,0.4783,171,0.0
774.8,0.4167,0.4695,-0.0528,0.3135,0.2924,0.2502,0.5004,-0.0369,0.4635,169,0.0
775.0,0.4152,0.4696,-0.0544,0.3137,0.2886,0.2451,0.4901,-0.0398,0.4504,167,0.0
775.2,0.3957,0.4699,-0.0742,0.3142,0.2846,0.2252,0.4505,-0.0519,0.3986,158,0.0
775.4,0.4016,0.4674,-0.0658,0.3106,0.2806,0.228,0.4559,-0.0479,0.408,160,0.0
775.6,0.3849,0.462,-0.0771,0.3028,0.2766,0.2149,0.4298,-0.0517,0.3781,155,0.0
775.8,0.3865,0.4611,-0.0746,0.3016,0.2725,0.2128,0.4257,-0.0518,0.3738,154,0.0
776.0,0.3899,0.459,-0.0691,0.2986,0.2683,0.213,0.4261,-0.0497,0.3764,155,0.0
776.2,0.3712,0.4575,-0.0863,0.2964,0.2641,0.1951,0.3902,-0.0593,0.331,147,0.0
776.4,0.3652,0.4485,-0.0833,0.2835,0.2599,0.1933,0.3866,-0.0534,0.3332,148,0.0
776.6,0.3765,0.4513,-0.0749,0.2876,0.2557,0.1958,0.3915,-0.0534,0.3381,149,0.0
776.8,0.358,0.4446,-0.0866,0.2779,0.2514,0.1821,0.3642,-0.0566,0.3076,144,0.0
777.0,0.3602,0.442,-0.0818,0.2744,0.247,0.1816,0.3631,-0.0546,0.3085,144,0.0
777.2,0.353,0.4416,-0.0885,0.2737,0.2427,0.1718,0.3437,-0.0598,0.2839,140,0.0
777.4,0.3442,0.4393,-0.0951,0.2705,0.2383,0.1622,0.3244,-0.0636,0.2608,136,0.0
777.6,0.341,0.4355,-0.0945,0.265,0.2339,0.1583,0.3165,-0.0628,0.2537,135,0.0
777.8,0.3263,0.4327,-0.1063,0.261,0.2295,0.1444,0.2888,-0.0689,0.2198,130,0.0
778.0,0.3267,0.4296,-0.1028,0.2565,0.225,0.1427,0.2855,-0.0672,0.2183,129,0.0
778.2,0.3252,0.424,-0.0988,0.2486,0.2205,0.1415,0.283,-0.0634,0.2196,130,0.0
778.4,0.3193,0.4217,-0.1023,0.2452,0.2161,0.1342,0.2684,-0.0657,0.2027,127,0.0
778.6,0.2981,0.4191,-0.1211,0.2416,0.2116,0.1147,0.2295,-0.0756,0.1539,119,0.0
778.8,0.3055,0.4191,-0.1136,0.2415,0.2071,0.1162,0.2325,-0.074,0.1585,120,0.0
779.0,0.291,0.4164,-0.1254,0.2377,0.2026,0.1023,0.2045,-0.0803,0.1243,114,0.0
779.2,0.2872,0.4112,-0.124,0.2303,0.1981,0.0989,0.1978,-0.0781,0.1198,114,0.0
779.4,0.274,0.4103,-0.1363,0.229,0.1936,0.0846,0.1691,-0.0859,0.0833,108,0.0
779.6,0.2637,0.4039,-0.1402,0.2199,0.1891,0.0769,0.1539,-0.0855,0.0683,105,0.0
779.8,0.2685,0.3983,-0.1298,0.2119,0.1846,0.0807,0.1615,-0.0786,0.0829,108,0.0
780.0,0.2677,0.3992,-0.1315,0.2131,0.1801,0.0749,0.1498,-0.0822,0.0676,105,0.0
780.2,0.2607,0.3958,-0.1351,0.2083,0.1757,0.0676,0.1352,-0.0839,0.0513,103,0.0
780.4,0.2428,0.3923,-0.1495,0.2032,0.1712,0.0516,0.1033,-0.0907,0.0,0,0.0
780.6,0.2539,0.3703,-0.1164,0.1718,0.1668,0.0737,0.1474,-0.0607,0.0867,108,0.0
780.8,0.2358,0.3701,-0.1343,0.1716,0.1624,0.0549,0.1098,-0.0718,0.0,0,0.0
781.0,0.2529,0.3552,-0.1023,0.1503,0.158,0.0762,0.1523,-0.0473,0.105,111,0.0
781.2,0.2474,0.3572,-0.1098,0.1532,0.1536,0.0657,0.1315,-0.0547,0.0,0,0.0
781.4,0.2559,0.3397,-0.0838,0.1282,0.1493,0.0823,0.1645,-0.0313,0.1332,116,0.0
781.6,0.2435,0.3471,-0.1036,0.1387,0.145,0.0621,0.1242,-0.0487,0.0,0,0.0
781.8,0.2618,0.3332,-0.0714,0.1188,0.1407,0.0836,0.1672,-0.0247,0.1425,117,0.0
782.0,0.2483,0.3455,-0.0973,0.1365,0.1365,0.0587,0.1173,-0.0486,0.0,0,0.0
782.2,0.2516,0.3323,-0.0807,0.1175,0.1323,0.0678,0.1355,-0.033,0.1025,111,0.0
782.4,0.2664,0.3361,-0.0696,0.123,0.1281,0.0724,0.1449,-0.0322,0.1127,113,0.0
782.6,0.2582,0.3478,-0.0895,0.1397,0.124,0.0524,0.1048,-0.0526,0.0523,103,0.0
782.8,0.255,0.35,-0.095,0.1428,0.12,0.044,0.088,-0.0589,0.0291,99,0.0
783.0,0.2498,0.3536,-0.1037,0.148,0.116,0.033,0.066,-0.0679,0.0,0,0.0
783.2,0.2403,0.34,-0.0997,0.1286,0.112,0.0323,0.0645,-0.0581,0.0,0,0.0
783.4,0.2356,0.3286,-0.0931,0.1123,0.1081,0.0337,0.0674,-0.0486,0.0,0,0.0
783.6,0.2474,0.3157,-0.0684,0.0939,0.1043,0.0496,0.0992,-0.029,0.0,0,0.0
783.8,0.2451,0.3015,-0.0563,0.0735,0.1005,0.0555,0.1109,-0.0147,0.0,0,0.0
784.0,0.2502,0.2929,-0.0427,0.0613,0.0968,0.0626,0.1253,-0.0036,0.1217,114,0.0
784.2,0.2555,0.3112,-0.0557,0.0874,0.0931,0.0486,0.0972,-0.025,0.0722,106,0.0
784.4,0.2471,0.3209,-0.0738,0.1013,0.0895,0.0305,0.061,-0.0428,0.0,0,0.0
784.6,0.2494,0.3091,-0.0596,0.0844,0.086,0.0383,0.0767,-0.029,0.0,0,0.0
784.8,0.2449,0.3046,-0.0596,0.0779,0.0826,0.0349,0.0698,-0.0275,0.0,0,0.0
785.0,0.2589,0.2963,-0.0374,0.0661,0.0792,0.0493,0.0986,-0.0121,0.0865,108,0.0
785.2,0.2626,0.3073,-0.0447,0.0818,0.0759,0.0402,0.0803,-0.0253,0.055,103,0.0
785.4,0.2415,0.3174,-0.0759,0.0963,0.0727,0.0119,0.0239,-0.0498,0.0,0,0.0
785.6,0.2584,0.3096,-0.0512,0.0851,0.0696,0.0286,0.0572,-0.0334,0.0238,98,0.0
785.8,0.2371,0.3201,-0.0829,0.1001,0.0665,0.0001,0.0003,-0.0583,0.0,0,0.0
786.0,0.2385,0.3102,-0.0716,0.086,0.0635,0.0062,0.0124,-0.047,0.0,0,0.0
786.2,0.2354,0.3004,-0.0649,0.0719,0.0606,0.0087,0.0173,-0.0381,0.0,0,0.0
786.4,0.2329,0.2886,-0.0557,0.0551,0.0578,0.0132,0.0265,-0.0265,0.0,0,0.0
786.6,0.2344,0.2826,-0.0482,0.0466,0.0551,0.0166,0.0331,-0.0198,0.0,0,0.0
786.8,0.2453,0.2826,-0.0373,0.0466,0.0525,0.0226,0.0452,-0.0157,0.0,0,0.0
787.0,0.2349,0.2748,-0.0399,0.0355,0.0,0.0,0.0,-0.0217,0.0,0,0.0
787.2,0.2249,0.274,-0.0492,0.0344,0.0,0.0,0.0,-0.0221,0.0,0,0.0
787.4,0.2297,0.271,-0.0413,0.03,0.0,0.0,0.0,-0.0191,0.0,0,0.0
787.6,0.2206,0.2634,-0.0428,0.0191,0.0,0.0,0.0,-0.0138,0.0,0,0.0
787.8,0.2057,0.2646,-0.0589,0.0208,0.0,0.0,0.0,-0.0163,0.0,0,0.0
788.0,0.2192,0.2578,-0.0386,0.0112,0.0,0.0,0.0,-0.0094,0.0,0,0.0
788.2,0.2071,0.2615,-0.0544,0.0164,0.0,0.0,0.0,-0.0136,0.0,0,0.0
788.4,0.2097,0.2566,-0.0469,0.0094,0.0,0.0,0.0,-0.0094,0.0,0,0.0
788.6,0.2078,0.2553,-0.0475,0.0075,0.0,0.0,0.0,-0.0085,0.0,0,0.0
788.8,0.2076,0.2558,-0.0481,0.0082,0.0,0.0,0.0,-0.0089,0.0,0,0.0
789.0,0.1928,0.2532,-0.0604,0.0045,0.0,0.0,0.0,-0.0083,0.0,0,0.0
789.2,0.1936,0.2571,-0.0635,0.0102,0.0,0.0,0.0,-0.0114,0.0,0,0.0
789.4,0.1981,0.2529,-0.0548,0.0041,0.0,0.0,0.0,-0.0075,0.0,0,0.0
789.6,0.1927,0.2503,-0.0576,0.0004,0.0,0.0,0.0,-0.006,0.0,0,0.0
789.8,0.1997,0.25,-0.0503,0.0,0.0,0.0,0.0,-0.005,0.0,0,0.0
790.0,0.1986,0.2504,-0.0518,0.0006,0.0,0.0,0.0,-0.0055,0.0,0,0.0
790.2,0.188,0.2515,-0.0635,0.0021,0.0,0.0,0.0,-0.0074,0.0,0,0.0
790.4,0.197,0.2511,-0.0541,0.0016,0.0,0.0,0.0,-0.0062,0.0,0,0.0
790.6,0.196,0.2533,-0.0573,0.0047,0.0,0.0,0.0,-0.0081,0.0,0,0.0
790.8,0.1897,0.2506,-0.0609,0.0008,0.0,0.0,0.0,-0.0065,0.0,0,0.0
791.0,0.2026,0.2515,-0.0488,0.0021,0.0,0.0,0.0,-0.0059,0.0,0,0.0
791.2,0.2028,0.2543,-0.0515,0.0061,0.0,0.0,0.0,-0.0082,0.0,0,0.0
791.4,0.1949,0.25,-0.0551,0.0,0.0,0.0,0.0,-0.0055,0.0,0,0.0
791.6,0.1989,0.2513,-0.0524,0.0019,0.0,0.0,0.0,-0.0062,0.0,0,0.0
791.8,0.1932,0.25,-0.0568,0.0,0.0,0.0,0.0,-0.0057,0.0,0,0.0
792.0,0.2001,0.25,-0.0499,0.0,0.0,0.0,0.0,-0.005,0.0,0,0.0
792.2,0.2007,0.25,-0.0493,0.0,0.0,0.0,0.0,-0.0049,0.0,0,0.0
792.4,0.1844,0.25,-0.0656,0.0,0.0,0.0,0.0,-0.0066,0.0,0,0.0
792.6,0.1885,0.25,-0.0615,0.0,0.0,0.0,0.0,-0.0062,0.0,0,0.0
792.8,0.1909,0.2501,-0.0592,0.0001,0.0,0.0,0.0,-0.006,0.0,0,0.0
793.0,0.1878,0.2532,-0.0654,0.0046,0.0,0.0,0.0,-0.0089,0.0,0,0.0
793.2,0.2019,0.2511,-0.0492,0.0015,0.0,0.0,0.0,-0.0057,0.0,0,0.0
793.4,0.2004,0.2504,-0.0499,0.0005,0.0,0.0,0.0,-0.0053,0.0,0,0.0
793.6,0.1993,0.2527,-0.0534,0.0038,0.0,0.0,0.0,-0.0073,0.0,0,0.0
793.8,0.1989,0.25,-0.0511,0.0,0.0,0.0,0.0,-0.0051,0.0,0,0.0
794.0,0.1907,0.251,-0.0603,0.0014,0.0,0.0,0.0,-0.0067,0.0,0,0.0
794.2,0.1824,0.25,-0.0676,0.0,0.0,0.0,0.0,-0.0068,0.0,0,0.0
794.4,0.1951,0.25,-0.0549,0.0,0.0,0.0,0.0,-0.0055,0.0,0,0.0
794.6,0.1874,0.25,-0.0626,0.0,0.0,0.0,0.0,-0.0063,0.0,0,0.0
794.8,0.2007,0.2505,-0.0498,0.0008,0.0,0.0,0.0,-0.0054,0.0,0,0.0
795.0,0.1945,0.2528,-0.0583,0.004,0.0,0.0,0.0,-0.0078,0.0,0,0.0
795.2,0.2019,0.25,-0.0481,0.0,0.0,0.0,0.0,-0.0048,0.0,0,0.0
795.4,0.1866,0.25,-0.0634,0.0,0.0,0.0,0.0,-0.0063,0.0,0,0.0
795.6,0.1856,0.25,-0.0644,0.0,0.0,0.0,0.0,-0.0064,0.0,0,0.0
795.8,0.1904,0.2512,-0.0608,0.0018,0.0,0.0,0.0,-0.007,0.0,0,0.0
796.0,0.1941,0.251,-0.0569,0.0014,0.0,0.0,0.0,-0.0064,0.0,0,0.0
796.2,0.1936,0.2502,-0.0566,0.0003,0.0,0.0,0.0,-0.0058,0.0,0,0.0
796.4,0.2042,0.2534,-0.0491,0.0048,0.0504,0.0111,0.0222,-0.0017,0.0,0,0.0
796.6,0.221,0.2531,-0.0321,0.0044,0.053,0.0273,0.0545,0.0082,0.0,0,0.0
796.8,0.2277,0.25,-0.0223,0.0,0.0556,0.0378,0.0756,0.0167,0.0,0,0.0
797.0,0.2341,0.2521,-0.018,0.003,0.0583,0.0439,0.0879,0.0187,0.0,0,0.0
797.2,0.2553,0.25,0.0053,0.0,0.0612,0.0654,0.1308,0.0332,0.164,121,0.0
797.4,0.2521,0.2711,-0.019,0.0301,0.0641,0.0489,0.0978,0.0075,0.1053,111,0.0
797.6,0.256,0.2894,-0.0334,0.0563,0.0671,0.0403,0.0807,-0.0113,0.0694,106,0.0
797.8,0.2577,0.3038,-0.046,0.0768,0.0701,0.0333,0.0666,-0.0264,0.0403,101,0.0
798.0,0.2507,0.3129,-0.0622,0.0899,0.0733,0.0235,0.047,-0.0394,0.0076,0,0.0
798.2,0.2467,0.3015,-0.0547,0.0735,0.0765,0.0327,0.0655,-0.0259,0.0,0,0.0
798.4,0.2449,0.2974,-0.0525,0.0677,0.0798,0.0378,0.0756,-0.0202,0.0,0,0.0
798.6,0.2649,0.2866,-0.0217,0.0522,0.0832,0.0659,0.1318,0.0047,0.1364,116,0.0
798.8,0.2544,0.3037,-0.0493,0.0767,0.0867,0.0473,0.0945,-0.0197,0.0748,106,0.0
799.0,0.2679,0.3181,-0.0502,0.0973,0.0902,0.05,0.1001,-0.0286,0.0714,106,0.0
799.2,0.2621,0.3241,-0.062,0.1058,0.0938,0.0442,0.0885,-0.037,0.0515,103,0.0
799.4,0.2552,0.3367,-0.0814,0.1238,0.0975,0.0323,0.0647,-0.0539,0.0108,96,0.0
799.6,0.2494,0.3365,-0.0871,0.1235,0.1012,0.0315,0.0631,-0.0547,0.0,0,0.0
799.8,0.2413,0.3266,-0.0853,0.1094,0.105,0.0368,0.0736,-0.0448,0.0,0,0.0
800.0,0.2533,0.3112,-0.0579,0.0875,0.1089,0.0625,0.125,-0.0183,0.1068,112,0.0
800.2,0.2518,0.3285,-0.0767,0.1121,0.1128,0.0514,0.1028,-0.038,0.0647,105,0.0
800.4,0.2609,0.334,-0.0731,0.1199,0.1167,0.0583,0.1166,-0.0381,0.0784,107,0.0
800.6,0.2497,0.3426,-0.0929,0.1322,0.1207,0.0464,0.0928,-0.0522,0.0,0,0.0
800.8,0.2568,0.3259,-0.0691,0.1085,0.1248,0.0695,0.139,-0.0264,0.1126,113,0.0
801.0,0.2508,0.3358,-0.0849,0.1225,0.1289,0.061,0.1219,-0.0393,0.0827,108,0.0
801.2,0.2565,0.3404,-0.0839,0.1291,0.1331,0.066,0.132,-0.0399,0.092,109,0.0
801.4,0.2576,0.3494,-0.0918,0.142,0.1373,0.0638,0.1276,-0.0483,0.0793,107,0.0
801.6,0.2422,0.3575,-0.1153,0.1536,0.1415,0.0493,0.0986,-0.0637,0.0,0,0.0
801.8,0.2449,0.3367,-0.0918,0.1239,0.1458,0.0723,0.1447,-0.035,0.0,0,0.0
802.0,0.2675,0.3238,-0.0563,0.1054,0.1501,0.1051,0.2102,-0.0058,0.2044,127,0.0
802.2,0.278,0.3384,-0.0604,0.1263,0.1544,0.1061,0.2123,-0.0161,0.1961,126,0.0
802.4,0.2783,0.3447,-0.0665,0.1354,0.1588,0.1056,0.2113,-0.0215,0.1897,125,0.0
802.6,0.2706,0.3565,-0.0859,0.1521,0.1632,0.0945,0.1889,-0.0374,0.1515,119,0.0
802.8,0.2786,0.361,-0.0824,0.1586,0.1676,0.1017,0.2033,-0.0367,0.1666,121,0.0
803.0,0.2782,0.3685,-0.0903,0.1693,0.172,0.0998,0.1996,-0.0438,0.1558,119,0.0
803.2,0.2859,0.3735,-0.0876,0.1764,0.1765,0.1064,0.2128,-0.0438,0.169,122,0.0
803.4,0.2722,0.3777,-0.1055,0.1825,0.181,0.0966,0.1932,-0.0535,0.1397,117,0.0
803.6,0.2808,0.3783,-0.0975,0.1833,0.1854,0.1074,0.2149,-0.0477,0.1672,121,0.0
803.8,0.2752,0.3814,-0.1063,0.1878,0.1899,0.1049,0.2098,-0.052,0.1578,120,0.0
804.0,0.2712,0.3813,-0.1101,0.1875,0.1944,0.1063,0.2127,-0.0516,0.1611,120,0.0
804.2,0.2798,0.3877,-0.1079,0.1967,0.1989,0.1126,0.2252,-0.0529,0.1723,122,0.0
804.4,0.2874,0.3874,-0.1,0.1963,0.2034,0.1234,0.2469,-0.0464,0.2004,127,0.0
804.6,0.2885,0.3886,-0.1001,0.198,0.2079,0.1278,0.2557,-0.0451,0.2106,128,0.0
804.8,0.2752,0.3948,-0.1195,0.2068,0.2124,0.1168,0.2336,-0.057,0.1766,123,0.0
805.0,0.2753,0.397,-0.1217,0.21,0.2169,0.1196,0.2391,-0.0574,0.1817,124,0.0
805.2,0.2821,0.3966,-0.1145,0.2095,0.2214,0.1298,0.2595,-0.0513,0.2082,128,0.0
805.4,0.2935,0.3974,-0.1039,0.2106,0.2258,0.1427,0.2855,-0.0443,0.2412,133,0.0
805.6,0.301,0.4,-0.0991,0.2144,0.2303,0.151,0.3021,-0.0416,0.2605,136,0.0
805.8,0.3017,0.4005,-0.0988,0.215,0.2347,0.1556,0.3113,-0.0395,0.2717,138,0.0
806.0,0.2945,0.406,-0.1114,0.2228,0.2391,0.15,0.2999,-0.0476,0.2523,135,0.0
806.2,0.2964,0.4096,-0.1132,0.228,0.2435,0.1529,0.3058,-0.0489,0.257,136,0.0
806.4,0.3101,0.4115,-0.1015,0.2308,0.2478,0.1667,0.3333,-0.0422,0.2911,141,0.0
806.6,0.32,0.4129,-0.0929,0.2328,0.2522,0.1778,0.3556,-0.0368,0.3189,146,0.0
806.8,0.3183,0.4117,-0.0934,0.231,0.2565,0.1818,0.3635,-0.034,0.3295,147,0.0
807.0,0.3171,0.4165,-0.0994,0.2378,0.2607,0.1812,0.3624,-0.0382,0.3242,146,0.0
807.2,0.3295,0.4154,-0.0859,0.2363,0.2649,0.1962,0.3924,-0.0286,0.3637,153,0.0
807.4,0.3304,0.4253,-0.0949,0.2504,0.2691,0.1932,0.3864,-0.0381,0.3483,150,0.0
807.6,0.337,0.424,-0.087,0.2486,0.2732,0.2036,0.4073,-0.0312,0.3761,155,0.0
807.8,0.3472,0.4294,-0.0823,0.2563,0.2773,0.2115,0.423,-0.0306,0.3924,157,0.0
808.0,0.3469,0.4318,-0.0849,0.2597,0.2814,0.2135,0.4269,-0.0316,0.3953,158,0.0
808.2,0.3581,0.4329,-0.0747,0.2612,0.2854,0.2256,0.4511,-0.0253,0.4258,163,0.0
808.4,0.3598,0.4345,-0.0747,0.2636,0.2893,0.2296,0.4591,-0.0245,0.4347,164,0.0
808.6,0.3524,0.4359,-0.0835,0.2655,0.2932,0.2264,0.4528,-0.0279,0.4249,162,0.0
808.8,0.3651,0.4365,-0.0714,0.2664,0.297,0.2399,0.4798,-0.0204,0.4594,168,0.0
809.0,0.3777,0.4437,-0.066,0.2767,0.3007,0.2479,0.4959,-0.021,0.4749,170,0.0
809.2,0.375,0.4433,-0.0683,0.2761,0.3044,0.2498,0.4997,-0.02,0.4797,171,0.0
809.4,0.3764,0.4481,-0.0717,0.2831,0.3081,0.2507,0.5014,-0.0233,0.4781,171,0.0
809.6,0.382,0.451,-0.0689,0.2871,0.3116,0.2565,0.513,-0.0222,0.4908,173,0.0
809.8,0.3941,0.4534,-0.0593,0.2906,0.3151,0.2677,0.5354,-0.0174,0.518,177,0.0
810.0,0.4023,0.4513,-0.0491,0.2876,0.3186,0.2793,0.5586,-0.0091,0.5496,182,0.0
810.2,0.4004,0.459,-0.0586,0.2986,0.3219,0.275,0.5501,-0.0177,0.5324,180,0.0
810.4,0.4013,0.4608,-0.0594,0.3011,0.3252,0.2777,0.5553,-0.0177,0.5377,181,0.0
810.6,0.4221,0.4595,-0.0375,0.2993,0.3284,0.2984,0.5968,-0.0042,0.5926,189,0.0
810.8,0.4194,0.4664,-0.047,0.3092,0.3315,0.2939,0.5877,-0.0124,0.5753,187,0.0
811.0,0.4281,0.4658,-0.0376,0.3083,0.3345,0.3044,0.6088,-0.0057,0.6031,191,0.0
811.2,0.4228,0.4682,-0.0454,0.3117,0.3375,0.3011,0.6022,-0.0099,0.5924,189,0.0
811.4,0.4343,0.469,-0.0347,0.3128,0.3403,0.3126,0.6251,-0.0036,0.6215,194,0.0
811.6,0.4386,0.4733,-0.0347,0.319,0.3431,0.3153,0.6307,-0.0053,0.6254,195,0.0
811.8,0.4385,0.475,-0.0364,0.3214,0.3458,0.3166,0.6333,-0.006,0.6273,195,0.0
812.0,0.438,0.4789,-0.0409,0.327,0.3484,0.3157,0.6314,-0.0097,0.6217,194,0.0
812.2,0.4411,0.4785,-0.0374,0.3264,0.3509,0.321,0.642,-0.0064,0.6355,196,0.0
812.4,0.4539,0.4819,-0.028,0.3313,0.3533,0.3309,0.6618,-0.003,0.6589,200,0.0
812.6,0.4673,0.4851,-0.0178,0.3358,0.3556,0.3413,0.6827,0.001,0.6836,204,0.0
812.8,0.4602,0.4879,-0.0277,0.3399,0.3578,0.3357,0.6713,-0.0049,0.6664,201,0.0
813.0,0.4701,0.4919,-0.0218,0.3456,0.3599,0.3425,0.685,-0.0037,0.6813,204,0.0
813.2,0.4771,0.4921,-0.015,0.3458,0.3619,0.35,0.6999,0.0006,0.7005,207,0.0
813.4,0.465,0.4933,-0.0283,0.3475,0.3639,0.3412,0.6825,-0.006,0.6765,203,0.0
813.6,0.4803,0.4941,-0.0138,0.3487,0.3657,0.3547,0.7093,0.0016,0.7109,208,0.0
813.8,0.4879,0.4947,-0.0068,0.3496,0.3674,0.362,0.7239,0.0055,0.7294,211,0.0
814.0,0.4806,0.496,-0.0155,0.3515,0.369,0.3566,0.7132,0.001,0.7143,209,0.0
814.2,0.4928,0.5002,-0.0074,0.3574,0.3705,0.3646,0.7291,0.0028,0.7319,212,0.0
814.4,0.4807,0.5001,-0.0194,0.3573,0.3719,0.3563,0.7126,-0.0024,0.7102,208,0.0
814.6,0.4851,0.5024,-0.0173,0.3606,0.3732,0.3593,0.7186,-0.0024,0.7162,209,0.0
814.8,0.487,0.5063,-0.0193,0.3662,0.3743,0.3589,0.7178,-0.0056,0.7122,208,0.0
815.0,0.4908,0.5043,-0.0135,0.3633,0.3754,0.3646,0.7292,-0.0007,0.7285,211,0.0
815.2,0.4905,0.5081,-0.0176,0.3687,0.3763,0.3623,0.7246,-0.0049,0.7197,210,0.0
815.4,0.4904,0.5087,-0.0183,0.3696,0.3772,0.3626,0.7252,-0.0053,0.7199,210,0.0
815.6,0.5086,0.5066,0.002,0.3666,0.3779,0.3795,0.7591,0.0067,0.7658,217,0.0
815.8,0.5111,0.5048,0.0063,0.364,0.3786,0.38,0.76,0.0086,0.7686,217,0.0
816.0,0.5136,0.5117,0.0019,0.3739,0.3791,0.38,0.76,0.0033,0.7633,217,0.0
816.2,0.5085,0.5114,-0.0029,0.3734,0.3795,0.3771,0.7543,0.0016,0.7558,215,0.0
816.4,0.5072,0.5135,-0.0063,0.3764,0.3798,0.3747,0.7494,-0.0015,0.748,214,0.0
816.6,0.5085,0.5087,-0.0002,0.3695,0.3799,0.3798,0.7596,0.0051,0.7647,217,0.0
816.8,0.5031,0.51,-0.007,0.3715,0.38,0.3744,0.7489,0.0008,0.7497,214,0.0
817.0,0.5031,0.5118,-0.0087,0.3741,0.38,0.373,0.746,-0.0014,0.7446,214,0.0
817.2,0.5077,0.5115,-0.0037,0.3735,0.3798,0.3768,0.7536,0.0013,0.7549,215,0.0
817.4,0.5023,0.5115,-0.0092,0.3736,0.3795,0.3722,0.7444,-0.0016,0.7428,213,0.0
817.6,0.5061,0.5121,-0.006,0.3744,0.3791,0.3743,0.7487,-0.0006,0.7481,214,0.0
817.8,0.5142,0.516,-0.0018,0.38,0.3786,0.3772,0.7544,-0.0016,0.7528,215,0.0
818.0,0.521,0.5131,0.0079,0.3759,0.378,0.38,0.76,0.0029,0.7629,217,0.0
818.2,0.5101,0.5144,-0.0043,0.3777,0.3773,0.3739,0.7477,-0.0024,0.7453,214,0.0
818.4,0.5087,0.5131,-0.0045,0.3759,0.3765,0.3729,0.7458,-0.0019,0.7439,214,0.0
818.6,0.5021,0.5113,-0.0092,0.3733,0.3755,0.3682,0.7364,-0.0035,0.7329,212,0.0
818.8,0.5208,0.5165,0.0043,0.3807,0.3745,0.3779,0.7558,-0.001,0.7549,215,0.0
819.0,0.5036,0.515,-0.0114,0.3786,0.3733,0.3642,0.7283,-0.0083,0.72,210,0.0
819.2,0.5069,0.5141,-0.0072,0.3772,0.3721,0.3663,0.7326,-0.0062,0.7264,211,0.0
819.4,0.5108,0.5161,-0.0052,0.3801,0.3707,0.3665,0.733,-0.0073,0.7257,211,0.0
819.6,0.5134,0.5111,0.0022,0.3731,0.3692,0.371,0.742,-0.0008,0.7412,213,0.0
819.8,0.4958,0.5157,-0.0199,0.3796,0.3676,0.3516,0.7033,-0.016,0.6873,204,0.0
820.0,0.5062,0.514,-0.0078,0.3772,0.3659,0.3597,0.7193,-0.0095,0.7098,208,0.0
820.2,0.494,0.5073,-0.0133,0.3676,0.3641,0.3535,0.707,-0.0084,0.6986,206,0.0
820.4,0.4927,0.5073,-0.0146,0.3675,0.3622,0.3505,0.7011,-0.01,0.6911,205,0.0
820.6,0.4966,0.5061,-0.0094,0.3658,0.3602,0.3527,0.7053,-0.0075,0.6978,206,0.0
820.8,0.5021,0.5107,-0.0086,0.3725,0.3581,0.3512,0.7025,-0.0115,0.691,205,0.0
821.0,0.5012,0.5039,-0.0027,0.3627,0.3559,0.3538,0.7076,-0.0047,0.7028,207,0.0
821.2,0.4962,0.5077,-0.0115,0.3681,0.3536,0.3444,0.6889,-0.013,0.6759,203,0.0
821.4,0.4814,0.5045,-0.0231,0.3636,0.3512,0.3328,0.6655,-0.0177,0.6478,198,0.0
821.6,0.4826,0.5074,-0.0247,0.3677,0.3487,0.3289,0.6579,-0.0218,0.6361,196,0.0
821.8,0.4739,0.5025,-0.0286,0.3607,0.3462,0.3233,0.6465,-0.0216,0.625,194,0.0
822.0,0.4807,0.5013,-0.0206,0.359,0.3435,0.327,0.654,-0.018,0.636,196,0.0
822.2,0.4854,0.5001,-0.0147,0.3572,0.3407,0.329,0.6579,-0.0156,0.6423,197,0.0
822.4,0.4671,0.5002,-0.0331,0.3574,0.3379,0.3114,0.6229,-0.0263,0.5966,190,0.0
822.6,0.4684,0.4936,-0.0251,0.348,0.3349,0.3148,0.6296,-0.0191,0.6106,192,0.0
822.8,0.4653,0.4926,-0.0272,0.3465,0.3319,0.3101,0.6203,-0.0209,0.5993,190,0.0
823.0,0.4665,0.4926,-0.0261,0.3465,0.3288,0.3079,0.6158,-0.0219,0.5939,190,0.0
823.2,0.4566,0.4913,-0.0347,0.3447,0.3256,0.2979,0.5958,-0.0269,0.569,186,0.0
823.4,0.4469,0.4902,-0.0432,0.3431,0.3224,0.2878,0.5755,-0.032,0.5435,181,0.0
823.6,0.448,0.4909,-0.0429,0.3442,0.319,0.2847,0.5694,-0.034,0.5354,180,0.0
823.8,0.4462,0.483,-0.0368,0.3329,0.3156,0.2861,0.5723,-0.0271,0.5452,182,0.0
824.0,0.4478,0.4856,-0.0378,0.3366,0.3121,0.2819,0.5638,-0.0311,0.5327,180,0.0
824.2,0.4466,0.4811,-0.0346,0.3302,0.3086,0.2809,0.5618,-0.0281,0.5337,180,0.0
824.4,0.4348,0.4802,-0.0454,0.3289,0.305,0.2686,0.5372,-0.0347,0.5026,175,0.0
824.6,0.4267,0.4793,-0.0526,0.3275,0.3013,0.2592,0.5184,-0.0394,0.479,171,0.0
824.8,0.4202,0.4788,-0.0586,0.3268,0.2975,0.2506,0.5013,-0.0439,0.4573,168,0.0
825.0,0.4248,0.4709,-0.0462,0.3156,0.2937,0.2568,0.5136,-0.034,0.4795,171,0.0
825.2,0.4154,0.4686,-0.0531,0.3122,0.2898,0.2473,0.4947,-0.0378,0.4569,168,0.0
825.4,0.4161,0.4697,-0.0536,0.3138,0.2859,0.243,0.4861,-0.0407,0.4453,166,0.0
825.6,0.3953,0.4673,-0.0719,0.3104,0.2819,0.2244,0.4487,-0.0502,0.3985,158,0.0
825.8,0.3899,0.4636,-0.0737,0.3051,0.2779,0.219,0.4379,-0.0505,0.3874,156,0.0
826.0,0.3836,0.4635,-0.0799,0.305,0.2738,0.2099,0.4198,-0.0555,0.3643,153,0.0
826.2,0.3899,0.4598,-0.07,0.2998,0.2697,0.2137,0.4274,-0.05,0.3774,155,0.0
826.4,0.3758,0.4549,-0.0791,0.2927,0.2655,0.2023,0.4045,-0.0531,0.3514,151,0.0
826.6,0.3769,0.4515,-0.0746,0.2878,0.2613,0.2017,0.4033,-0.0505,0.3528,151,0.0
826.8,0.358,0.4488,-0.0908,0.284,0.2571,0.1844,0.3689,-0.0589,0.31,144,0.0
827.0,0.3533,0.4461,-0.0928,0.2801,0.2528,0.1785,0.357,-0.0601,0.297,142,0.0
827.2,0.3499,0.4461,-0.0962,0.2801,0.2485,0.1715,0.343,-0.0639,0.279,139,0.0
827.4,0.343,0.4386,-0.0956,0.2694,0.2441,0.1676,0.3353,-0.0604,0.2748,138,0.0
827.6,0.3428,0.4346,-0.0918,0.2637,0.2397,0.1663,0.3326,-0.0579,0.2747,138,0.0
827.8,0.3407,0.4371,-0.0963,0.2673,0.2353,0.1583,0.3165,-0.0641,0.2524,135,0.0
828.0,0.3343,0.4318,-0.0975,0.2597,0.2309,0.1529,0.3059,-0.0632,0.2427,133,0.0
828.2,0.3249,0.4276,-0.1027,0.2537,0.2265,0.1443,0.2887,-0.0649,0.2237,130,0.0
828.4,0.3207,0.4236,-0.1029,0.248,0.222,0.1397,0.2794,-0.0645,0.2149,129,0.0
828.6,0.311,0.4217,-0.1107,0.2453,0.2175,0.129,0.2579,-0.0693,0.1887,125,0.0
828.8,0.3011,0.4231,-0.122,0.2473,0.213,0.1154,0.2308,-0.0781,0.1527,119,0.0
829.0,0.2972,0.417,-0.1198,0.2386,0.2086,0.1127,0.2254,-0.0749,0.1505,119,0.0
829.2,0.2874,0.4139,-0.1265,0.2342,0.2041,0.1029,0.2057,-0.0783,0.1274,115,0.0
829.4,0.2885,0.4115,-0.123,0.2307,0.1996,0.1012,0.2023,-0.077,0.1253,115,0.0
829.6,0.2854,0.4103,-0.1249,0.229,0.1951,0.0951,0.1903,-0.0794,0.1109,112,0.0
829.8,0.2748,0.4086,-0.1337,0.2265,0.1906,0.0836,0.1672,-0.0848,0.0823,108,0.0
830.0,0.2725,0.4017,-0.1291,0.2167,0.1861,0.0828,0.1655,-0.0799,0.0857,108,0.0
830.2,0.268,0.3981,-0.1301,0.2116,0.1816,0.0775,0.155,-0.08,0.075,106,0.0
830.4,0.2651,0.3955,-0.1303,0.2078,0.1771,0.0728,0.1457,-0.0805,0.0652,105,0.0
830.6,0.259,0.3924,-0.1334,0.2034,0.1727,0.066,0.1319,-0.082,0.0499,102,0.0
830.8,0.2434,0.3945,-0.1511,0.2064,0.1682,0.0473,0.0947,-0.0947,0.0,0,0.0
831.0,0.2389,0.3702,-0.1313,0.1717,0.1638,0.0588,0.1176,-0.0696,0.0,0,0.0
831.2,0.2409,0.3532,-0.1124,0.1475,0.1594,0.0695,0.1391,-0.0502,0.0,0,0.0
831.4,0.2463,0.3375,-0.0912,0.125,0.155,0.0821,0.1641,-0.0306,0.0,0,0.0
831.6,0.2653,0.3248,-0.0595,0.1068,0.1507,0.1031,0.2062,-0.0078,0.1984,126,0.0
831.8,0.2774,0.3326,-0.0552,0.118,0.1464,0.1022,0.2045,-0.0134,0.1911,125,0.0
832.0,0.27,0.3445,-0.0745,0.135,0.1421,0.0825,0.165,-0.0337,0.1312,115,0.0
832.2,0.2725,0.3526,-0.0801,0.1466,0.1379,0.0738,0.1475,-0.0444,0.1031,111,0.0
832.4,0.2642,0.3587,-0.0944,0.1553,0.1337,0.0581,0.1162,-0.058,0.0582,104,0.0
832.6,0.2505,0.3648,-0.1143,0.1639,0.1295,0.0381,0.0761,-0.0744,0.0018,0,0.0
832.8,0.2567,0.3451,-0.0884,0.1359,0.1254,0.0546,0.1093,-0.0495,0.0598,104,0.0
833.0,0.2429,0.3507,-0.1078,0.1439,0.1213,0.0351,0.0701,-0.0652,0.0,0,0.0
833.2,0.259,0.3359,-0.0769,0.1228,0.1173,0.0557,0.1115,-0.0412,0.0702,106,0.0
833.4,0.243,0.3415,-0.0986,0.1308,0.1133,0.0345,0.0689,-0.058,0.0,0,0.0
833.6,0.2384,0.3281,-0.0897,0.1116,0.1094,0.0376,0.0753,-0.0459,0.0,0,0.0
833.8,0.2479,0.3192,-0.0714,0.0989,0.1055,0.0484,0.0969,-0.0324,0.0,0,0.0
834.0,0.2479,0.3057,-0.0579,0.0796,0.1017,0.0555,0.1109,-0.0179,0.0,0,0.0
834.2,0.2668,0.2996,-0.0328,0.0709,0.098,0.0718,0.1435,-0.0028,0.1407,117,0.0
834.4,0.262,0.3099,-0.0479,0.0856,0.0943,0.056,0.1121,-0.0195,0.0925,109,0.0
834.6,0.2628,0.3221,-0.0593,0.103,0.0907,0.0433,0.0866,-0.0358,0.0508,103,0.0
834.8,0.2482,0.3315,-0.0833,0.1164,0.0872,0.0205,0.0411,-0.0563,0.0,0,0.0
835.0,0.2544,0.318,-0.0637,0.0972,0.0837,0.0328,0.0655,-0.0386,0.027,99,0.0
835.2,0.2459,0.3297,-0.0838,0.1139,0.0803,0.0133,0.0266,-0.0587,0.0,0,0.0
835.4,0.234,0.3125,-0.0785,0.0893,0.077,0.0142,0.0284,-0.0454,0.0,0,0.0
835.6,0.2435,0.3059,-0.0624,0.0799,0.0737,0.0238,0.0476,-0.0343,0.0,0,0.0
835.8,0.2328,0.3006,-0.0679,0.0723,0.0706,0.0163,0.0325,-0.0348,0.0,0,0.0
836.0,0.2364,0.2906,-0.0542,0.058,0.0675,0.0241,0.0482,-0.0224,0.0,0,0.0
836.2,0.2515,0.2866,-0.0351,0.0523,0.0645,0.0364,0.0728,-0.0115,0.0613,104,0.0
836.4,0.2515,0.3013,-0.0498,0.0734,0.0616,0.0217,0.0434,-0.0308,0.0125,97,0.0
836.6,0.2444,0.3087,-0.0643,0.0839,0.0587,0.0073,0.0146,-0.0447,0.0,0,0.0
836.8,0.2397,0.2977,-0.058,0.0681,0.056,0.0096,0.0191,-0.0351,0.0,0,0.0
837.0,0.2355,0.2895,-0.054,0.0564,0.0533,0.0102,0.0203,-0.0285,0.0,0,0.0
837.2,0.2386,0.2889,-0.0502,0.0555,0.0508,0.0106,0.0211,-0.0275,0.0,0,0.0
837.4,0.2153,0.279,-0.0636,0.0414,0.0,0.0,0.0,-0.027,0.0,0,0.0
837.6,0.2076,0.2796,-0.0721,0.0423,0.0,0.0,0.0,-0.0284,0.0,0,0.0
837.8,0.2029,0.2713,-0.0684,0.0305,0.0,0.0,0.0,-0.0221,0.0,0,0.0
838.0,0.2095,0.2678,-0.0582,0.0254,0.0,0.0,0.0,-0.0185,0.0,0,0.0
838.2,0.1907,0.2657,-0.075,0.0225,0.0,0.0,0.0,-0.0187,0.0,0,0.0
838.4,0.1861,0.2621,-0.076,0.0172,0.0,0.0,0.0,-0.0162,0.0,0,0.0
838.6,0.195,0.2619,-0.0669,0.0171,0.0,0.0,0.0,-0.0152,0.0,0,0.0
838.8,0.1975,0.258,-0.0606,0.0115,0.0,0.0,0.0,-0.0118,0.0,0,0.0
839.0,0.1958,0.2561,-0.0604,0.0087,0.0,0.0,0.0,-0.0104,0.0,0,0.0
839.2,0.1843,0.2589,-0.0746,0.0128,0.0,0.0,0.0,-0.0138,0.0,0,0.0
839.4,0.1885,0.2558,-0.0673,0.0083,0.0,0.0,0.0,-0.0109,0.0,0,0.0
839.6,0.1739,0.257,-0.0831,0.01,0.0,0.0,0.0,-0.0133,0.0,0,0.0
839.8,0.1789,0.2538,-0.0749,0.0054,0.0,0.0,0.0,-0.0102,0.0,0,0.0
840.0,0.1815,0.2546,-0.0731,0.0065,0.0,0.0,0.0,-0.0106,0.0,0,0.0
840.2,0.1869,0.2519,-0.065,0.0027,0.0,0.0,0.0,-0.0079,0.0,0,0.0
840.4,0.1736,0.253,-0.0793,0.0042,0.0,0.0,0.0,-0.01,0.0,0,0.0
840.6,0.1721,0.2545,-0.0824,0.0064,0.0,0.0,0.0,-0.0115,0.0,0,0.0
840.8,0.1751,0.25,-0.0749,0.0,0.0,0.0,0.0,-0.0075,0.0,0,0.0
841.0,0.1657,0.25,-0.0843,0.0,0.0,0.0,0.0,-0.0084,0.0,0,0.0
841.2,0.1794,0.2538,-0.0744,0.0054,0.0,0.0,0.0,-0.0102,0.0,0,0.0
841.4,0.1704,0.25,-0.0796,0.0,0.0,0.0,0.0,-0.008,0.0,0,0.0
841.6,0.1649,0.2502,-0.0853,0.0003,0.0,0.0,0.0,-0.0087,0.0,0,0.0
841.8,0.1789,0.2531,-0.0742,0.0045,0.0,0.0,0.0,-0.0097,0.0,0,0.0
842.0,0.1837,0.2501,-0.0665,0.0002,0.0,0.0,0.0,-0.0067,0.0,0,0.0
842.2,0.1731,0.2537,-0.0806,0.0053,0.0,0.0,0.0,-0.0107,0.0,0,0.0
842.4,0.1638,0.2504,-0.0865,0.0005,0.0,0.0,0.0,-0.0089,0.0,0,0.0
842.6,0.1718,0.25,-0.0782,0.0,0.0,0.0,0.0,-0.0078,0.0,0,0.0
842.8,0.1816,0.2506,-0.069,0.0009,0.0,0.0,0.0,-0.0073,0.0,0,0.0
843.0,0.1763,0.25,-0.0737,0.0,0.0,0.0,0.0,-0.0074,0.0,0,0.0
843.2,0.1824,0.2505,-0.0681,0.0007,0.0,0.0,0.0,-0.0071,0.0,0,0.0
843.4,0.1717,0.2522,-0.0805,0.0031,0.0,0.0,0.0,-0.0096,0.0,0,0.0
843.6,0.1672,0.2536,-0.0864,0.0051,0.0,0.0,0.0,-0.0112,0.0,0,0.0
843.8,0.1778,0.2516,-0.0737,0.0022,0.0,0.0,0.0,-0.0085,0.0,0,0.0
844.0,0.1676,0.25,-0.0824,0.0,0.0,0.0,0.0,-0.0082,0.0,0,0.0
844.2,0.1702,0.2506,-0.0805,0.0009,0.0,0.0,0.0,-0.0085,0.0,0,0.0
844.4,0.1689,0.2506,-0.0816,0.0008,0.0,0.0,0.0,-0.0086,0.0,0,0.0
844.6,0.1704,0.25,-0.0796,0.0,0.0,0.0,0.0,-0.008,0.0,0,0.0
844.8,0.1801,0.25,-0.0699,0.0,0.0,0.0,0.0,-0.007,0.0,0,0.0
845.0,0.1761,0.2525,-0.0764,0.0036,0.0,0.0,0.0,-0.0094,0.0,0,0.0
845.2,0.1757,0.2522,-0.0765,0.0032,0.0,0.0,0.0,-0.0092,0.0,0,0.0
845.4,0.1689,0.25,-0.0811,0.0,0.0,0.0,0.0,-0.0081,0.0,0,0.0
845.6,0.1726,0.25,-0.0774,0.0,0.0,0.0,0.0,-0.0077,0.0,0,0.0
845.8,0.1751,0.2501,-0.075,0.0001,0.0,0.0,0.0,-0.0076,0.0,0,0.0
846.0,0.1795,0.2505,-0.0711,0.0008,0.0,0.0,0.0,-0.0075,0.0,0,0.0
846.2,0.1713,0.2525,-0.0812,0.0036,0.0,0.0,0.0,-0.0099,0.0,0,0.0
846.4,0.1659,0.2523,-0.0864,0.0033,0.0,0.0,0.0,-0.0103,0.0,0,0.0
846.6,0.1661,0.2522,-0.0861,0.0031,0.0,0.0,0.0,-0.0102,0.0,0,0.0
846.8,0.1823,0.2504,-0.0681,0.0006,0.0521,0.0,0.0,-0.0071,0.0,0,0.0
847.0,0.1988,0.25,-0.0512,0.0,0.0547,0.0,0.0,-0.0051,0.0,0,0.0
847.2,0.2086,0.25,-0.0414,0.0,0.0574,0.0243,0.0486,0.008,0.0,0,0.0
847.4,0.2223,0.25,-0.0277,0.0,0.0602,0.038,0.0761,0.0162,0.0,0,0.0
847.6,0.2377,0.2532,-0.0155,0.0046,0.0631,0.0507,0.1013,0.0215,0.0,0,0.0
847.8,0.2447,0.25,-0.0053,0.0,0.0661,0.0619,0.1237,0.0304,0.0,0,0.0
848.0,0.2581,0.2516,0.0065,0.0022,0.0691,0.0743,0.1487,0.0367,0.1854,124,0.0
848.2,0.2642,0.2738,-0.0096,0.034,0.0722,0.0645,0.1291,0.0143,0.1434,117,0.0
848.4,0.2672,0.2891,-0.0219,0.0559,0.0755,0.058,0.1159,-0.0011,0.1148,113,0.0
848.6,0.2691,0.3077,-0.0386,0.0824,0.0787,0.0479,0.0957,-0.0211,0.0746,106,0.0
848.8,0.26,0.3197,-0.0597,0.0996,0.0821,0.0343,0.0686,-0.0386,0.03,99,0.0
849.0,0.2521,0.3227,-0.0706,0.1038,0.0855,0.0291,0.0582,-0.0444,0.0137,97,0.0
849.2,0.2509,0.3334,-0.0825,0.1191,0.089,0.0231,0.0461,-0.0563,0.0,0,0.0
849.4,0.2501,0.3184,-0.0682,0.0977,0.0926,0.038,0.0761,-0.0366,0.0394,101,0.0
849.6,0.2552,0.3312,-0.076,0.116,0.0963,0.0354,0.0709,-0.0479,0.023,98,0.0
849.8,0.2488,0.3376,-0.0888,0.1252,0.1,0.0289,0.0578,-0.057,0.0,0,0.0
850.0,0.2434,0.3195,-0.076,0.0992,0.1038,0.0429,0.0859,-0.0357,0.0,0,0.0
850.2,0.2414,0.311,-0.0696,0.0871,0.1076,0.0519,0.1038,-0.0245,0.0,0,0.0
850.4,0.2515,0.3016,-0.0501,0.0738,0.1115,0.0714,0.1428,-0.0062,0.1365,116,0.0
850.6,0.2582,0.3153,-0.0571,0.0934,0.1154,0.0697,0.1394,-0.0175,0.1219,114,0.0
850.8,0.2573,0.3299,-0.0726,0.1141,0.1194,0.0613,0.1227,-0.0337,0.089,109,0.0
851.0,0.2615,0.3361,-0.0747,0.1231,0.1235,0.0637,0.1274,-0.0371,0.0903,109,0.0
851.2,0.2583,0.3455,-0.0872,0.1365,0.1276,0.0578,0.1155,-0.0481,0.0675,105,0.0
851.4,0.257,0.3514,-0.0944,0.1448,0.1317,0.0562,0.1123,-0.0538,0.0586,104,0.0
851.6,0.2663,0.3537,-0.0873,0.1481,0.1359,0.066,0.132,-0.0498,0.0823,108,0.0
851.8,0.2609,0.3551,-0.0943,0.1502,0.1401,0.0647,0.1294,-0.0522,0.0772,107,0.0
852.0,0.2573,0.3598,-0.1025,0.1568,0.1444,0.0624,0.1248,-0.0575,0.0673,105,0.0
852.2,0.2516,0.3664,-0.1148,0.1663,0.1487,0.0568,0.1136,-0.0662,0.0474,102,0.0
852.4,0.2581,0.3684,-0.1104,0.1692,0.153,0.0647,0.1294,-0.0633,0.0661,105,0.0
852.6,0.2502,0.371,-0.1208,0.1729,0.1574,0.0607,0.1214,-0.0682,0.0532,103,0.0
852.8,0.2542,0.3707,-0.1165,0.1725,0.1617,0.0686,0.1371,-0.0636,0.0735,106,0.0
853.0,0.2539,0.3707,-0.1168,0.1724,0.1662,0.0727,0.1455,-0.0615,0.0839,108,0.0
853.2,0.2435,0.3701,-0.1265,0.1715,0.1706,0.0694,0.1387,-0.0637,0.0,0,0.0
853.4,0.2541,0.3543,-0.1002,0.1491,0.175,0.0949,0.1897,-0.0371,0.1526,119,0.0
853.6,0.2553,0.3623,-0.1069,0.1604,0.1795,0.094,0.1879,-0.0439,0.144,118,0.0
853.8,0.2575,0.3659,-0.1084,0.1655,0.184,0.0973,0.1945,-0.045,0.1496,118,0.0
854.0,0.2624,0.3698,-0.1074,0.1711,0.1885,0.1025,0.2051,-0.045,0.1601,120,0.0
854.2,0.2711,0.3775,-0.1064,0.1821,0.193,0.1079,0.2157,-0.0478,0.168,121,0.0
854.4,0.2715,0.3811,-0.1095,0.1872,0.1975,0.1098,0.2196,-0.0497,0.17,122,0.0
854.6,0.2611,0.3797,-0.1186,0.1853,0.202,0.107,0.2141,-0.051,0.1631,121,0.0
854.8,0.2626,0.3831,-0.1205,0.1901,0.2065,0.1101,0.2201,-0.0521,0.168,121,0.0
855.0,0.2704,0.3873,-0.1169,0.1961,0.2109,0.1174,0.2348,-0.051,0.1838,124,0.0
855.2,0.2769,0.3907,-0.1138,0.201,0.2154,0.1244,0.2488,-0.0497,0.1991,126,0.0
855.4,0.281,0.3948,-0.1138,0.2068,0.2199,0.1289,0.2578,-0.0504,0.2074,128,0.0
855.6,0.2918,0.3922,-0.1004,0.2031,0.2244,0.144,0.2881,-0.0396,0.2485,134,0.0
855.8,0.2823,0.3997,-0.1174,0.2139,0.2288,0.1349,0.2698,-0.0512,0.2186,129,0.0
856.0,0.283,0.4003,-0.1173,0.2146,0.2333,0.1395,0.2789,-0.0493,0.2296,131,0.0
856.2,0.2914,0.3982,-0.1068,0.2117,0.2377,0.1522,0.3045,-0.0404,0.2641,137,0.0
856.4,0.3035,0.4058,-0.1023,0.2225,0.2421,0.1602,0.3205,-0.0414,0.2791,139,0.0
856.6,0.3102,0.4098,-0.0996,0.2282,0.2464,0.1668,0.3335,-0.0407,0.2929,141,0.0
856.8,0.3109,0.407,-0.096,0.2242,0.2508,0.1739,0.3478,-0.0348,0.3131,145,0.0
857.0,0.3228,0.4119,-0.0891,0.2313,0.2551,0.1838,0.3676,-0.0327,0.3349,148,0.0
857.2,0.3174,0.4137,-0.0963,0.2339,0.2593,0.1823,0.3645,-0.0355,0.3291,147,0.0
857.4,0.323,0.4165,-0.0935,0.2378,0.2636,0.1888,0.3775,-0.0339,0.3437,149,0.0
857.6,0.3308,0.4222,-0.0914,0.246,0.2677,0.1946,0.3892,-0.0348,0.3544,151,0.0
857.8,0.3322,0.4246,-0.0924,0.2495,0.2719,0.1979,0.3959,-0.035,0.3609,152,0.0
858.0,0.3308,0.4252,-0.0944,0.2502,0.276,0.2005,0.401,-0.0343,0.3666,153,0.0
858.2,0.3425,0.4281,-0.0856,0.2544,0.28,0.2116,0.4232,-0.03,0.3932,157,0.0
858.4,0.3595,0.4303,-0.0708,0.2576,0.2841,0.2274,0.4548,-0.0222,0.4326,164,0.0
858.6,0.3565,0.4362,-0.0797,0.266,0.288,0.2242,0.4484,-0.0289,0.4196,162,0.0
858.8,0.3627,0.4356,-0.0729,0.2652,0.2919,0.2336,0.4671,-0.0231,0.444,166,0.0
859.0,0.3667,0.4378,-0.0711,0.2682,0.2957,0.2389,0.4778,-0.0218,0.456,167,0.0
859.2,0.3797,0.4384,-0.0587,0.2691,0.2995,0.2526,0.5052,-0.0141,0.491,173,0.0
859.4,0.3838,0.4457,-0.0619,0.2796,0.3032,0.2537,0.5075,-0.0191,0.4883,173,0.0
859.6,0.3811,0.4457,-0.0645,0.2795,0.3069,0.2553,0.5105,-0.0186,0.492,173,0.0
859.8,0.3956,0.4476,-0.052,0.2823,0.3105,0.2689,0.5377,-0.0119,0.5258,179,0.0
860.0,0.3936,0.4564,-0.0628,0.2949,0.314,0.2638,0.5276,-0.0218,0.5057,175,0.0
860.2,0.4037,0.4556,-0.0519,0.2937,0.3174,0.2759,0.5518,-0.0141,0.5378,181,0.0
860.4,0.3919,0.4575,-0.0656,0.2965,0.3208,0.2683,0.5366,-0.0206,0.516,177,0.0
860.6,0.4123,0.4624,-0.05,0.3034,0.3241,0.2841,0.5682,-0.0147,0.5535,183,0.0
860.8,0.4171,0.4595,-0.0424,0.2993,0.3273,0.2934,0.5869,-0.0072,0.5797,187,0.0
861.0,0.4098,0.4636,-0.0538,0.3052,0.3305,0.2874,0.5749,-0.0142,0.5606,184,0.0
861.2,0.415,0.4691,-0.0541,0.313,0.3335,0.2903,0.5805,-0.0168,0.5637,185,0.0
861.4,0.4246,0.4716,-0.047,0.3166,0.3365,0.2989,0.5979,-0.0135,0.5843,188,0.0
861.6,0.4269,0.4731,-0.0462,0.3187,0.3394,0.3025,0.6049,-0.0127,0.5922,189,0.0
861.8,0.432,0.4721,-0.0401,0.3174,0.3422,0.3101,0.6202,-0.0076,0.6125,193,0.0
862.0,0.4499,0.4734,-0.0235,0.3192,0.3449,0.3261,0.6522,0.0011,0.6533,199,0.0
862.2,0.45,0.4756,-0.0256,0.3223,0.3475,0.3271,0.6541,-0.0002,0.6539,199,0.0
862.4,0.4498,0.4776,-0.0277,0.3251,0.3501,0.3279,0.6558,-0.0014,0.6544,199,0.0
862.6,0.4469,0.486,-0.039,0.3371,0.3525,0.3213,0.6426,-0.0118,0.6308,195,0.0
862.8,0.4598,0.4849,-0.0251,0.3356,0.3549,0.3347,0.6695,-0.003,0.6665,201,0.0
863.0,0.4636,0.4846,-0.0209,0.3351,0.3571,0.3403,0.6807,0.0005,0.6812,203,0.0
863.2,0.4575,0.4863,-0.0288,0.3376,0.3592,0.3362,0.6724,-0.0036,0.6689,202,0.0
863.4,0.4739,0.4911,-0.0172,0.3444,0.3613,0.3475,0.6951,-0.0001,0.695,206,0.0
863.6,0.4791,0.4905,-0.0114,0.3435,0.3632,0.3541,0.7083,0.0042,0.7124,208,0.0
863.8,0.4653,0.493,-0.0277,0.3472,0.3651,0.3429,0.6858,-0.0049,0.6809,203,0.0
864.0,0.4716,0.4985,-0.0268,0.355,0.3668,0.3454,0.6907,-0.0075,0.6832,204,0.0
864.2,0.4884,0.4991,-0.0107,0.3559,0.3685,0.3599,0.7198,0.0009,0.7207,210,0.0
864.4,0.4782,0.4974,-0.0192,0.3535,0.37,0.3546,0.7093,-0.0014,0.7079,208,0.0
864.6,0.4784,0.4985,-0.0201,0.355,0.3714,0.3554,0.7107,-0.0018,0.7089,208,0.0
864.8,0.4849,0.4976,-0.0128,0.3538,0.3727,0.3625,0.7251,0.0031,0.7282,211,0.0
865.0,0.5022,0.5003,0.0018,0.3576,0.374,0.3754,0.7509,0.0091,0.7599,216,0.0
865.2,0.4866,0.5071,-0.0205,0.3673,0.3751,0.3586,0.7173,-0.0064,0.7109,208,0.0
865.4,0.4948,0.5072,-0.0124,0.3675,0.376,0.3661,0.7322,-0.0019,0.7303,211,0.0
865.6,0.5004,0.5069,-0.0065,0.3671,0.3769,0.3717,0.7434,0.0017,0.7451,214,0.0
865.8,0.5113,0.5048,0.0065,0.364,0.3777,0.38,0.76,0.0087,0.7687,217,0.0
866.0,0.5117,0.5082,0.0035,0.3688,0.3784,0.38,0.76,0.006,0.766,217,0.0
866.2,0.5077,0.507,0.0007,0.3672,0.3789,0.3795,0.7589,0.0062,0.7651,217,0.0
866.4,0.5085,0.5113,-0.0028,0.3733,0.3794,0.3771,0.7542,0.0016,0.7558,215,0.0
866.6,0.5023,0.5133,-0.0109,0.3761,0.3797,0.3709,0.7418,-0.0037,0.7381,213,0.0
866.8,0.5098,0.5121,-0.0024,0.3745,0.3799,0.378,0.756,0.0015,0.7575,216,0.0
867.0,0.5099,0.5106,-0.0008,0.3723,0.38,0.3794,0.7588,0.0035,0.7622,216,0.0
867.2,0.513,0.516,-0.0029,0.38,0.38,0.3776,0.7552,-0.0015,0.7538,215,0.0
867.4,0.5208,0.5145,0.0063,0.3779,0.3799,0.38,0.76,0.0017,0.7617,216,0.0
867.6,0.5094,0.5159,-0.0065,0.3799,0.3796,0.3744,0.7488,-0.0034,0.7454,214,0.0
867.8,0.5121,0.5118,0.0003,0.374,0.3793,0.3795,0.7591,0.0028,0.7619,216,0.0
868.0,0.5208,0.5165,0.0043,0.3807,0.3788,0.38,0.76,0.0001,0.7601,216,0.0
868.2,0.5123,0.5174,-0.0051,0.382,0.3782,0.3741,0.7483,-0.0044,0.7438,214,0.0
868.4,0.5108,0.5154,-0.0046,0.3791,0.3776,0.3739,0.7478,-0.0031,0.7447,214,0.0
868.6,0.5193,0.5162,0.003,0.3803,0.3768,0.3792,0.7584,-0.0003,0.7581,216,0.0
868.8,0.5091,0.5182,-0.0091,0.3831,0.3759,0.3686,0.7371,-0.0082,0.7289,211,0.0
869.0,0.5069,0.5141,-0.0072,0.3772,0.3748,0.3691,0.7382,-0.0048,0.7335,212,0.0
869.2,0.5144,0.5133,0.0011,0.3761,0.3737,0.3746,0.7492,-0.0006,0.7486,214,0.0
869.4,0.5129,0.5147,-0.0018,0.3781,0.3725,0.3711,0.7421,-0.0037,0.7384,213,0.0
869.6,0.5163,0.5162,0.0001,0.3803,0.3711,0.3712,0.7425,-0.0045,0.738,213,0.0
869.8,0.5136,0.5151,-0.0015,0.3788,0.3697,0.3685,0.737,-0.0053,0.7317,212,0.0
870.0,0.4995,0.5134,-0.0139,0.3762,0.3681,0.3571,0.7141,-0.011,0.7031,207,0.0
870.2,0.5058,0.5111,-0.0053,0.373,0.3665,0.3622,0.7245,-0.0059,0.7186,209,0.0
870.4,0.509,0.5085,0.0005,0.3692,0.3647,0.3651,0.7302,-0.002,0.7282,211,0.0
870.6,0.5016,0.5114,-0.0098,0.3735,0.3629,0.355,0.71,-0.0102,0.6998,206,0.0
870.8,0.5053,0.5115,-0.0062,0.3736,0.3609,0.3559,0.7118,-0.0094,0.7024,207,0.0
871.0,0.5017,0.5123,-0.0105,0.3747,0.3588,0.3504,0.7008,-0.0132,0.6875,205,0.0
871.2,0.4825,0.5057,-0.0233,0.3653,0.3566,0.338,0.676,-0.016,0.6601,200,0.0
871.4,0.483,0.5078,-0.0247,0.3682,0.3544,0.3346,0.6692,-0.0193,0.6499,198,0.0
871.6,0.4827,0.5033,-0.0207,0.3619,0.352,0.3355,0.671,-0.0153,0.6557,199,0.0
871.8,0.4741,0.5014,-0.0273,0.3592,0.3496,0.3277,0.6554,-0.0185,0.637,196,0.0
872.0,0.4836,0.5055,-0.0219,0.365,0.347,0.3295,0.6589,-0.02,0.6389,197,0.0
872.2,0.4842,0.5012,-0.017,0.3589,0.3444,0.3308,0.6616,-0.0157,0.6459,198,0.0
872.4,0.4666,0.5011,-0.0345,0.3587,0.3416,0.314,0.6281,-0.0258,0.6023,191,0.0
872.6,0.4808,0.4983,-0.0175,0.3547,0.3388,0.3248,0.6496,-0.0167,0.6329,196,0.0
872.8,0.462,0.4949,-0.0329,0.3499,0.3359,0.3096,0.6191,-0.0234,0.5957,190,0.0
873.0,0.4693,0.4941,-0.0248,0.3487,0.3329,0.3131,0.6262,-0.0203,0.606,191,0.0
873.2,0.4604,0.4906,-0.0302,0.3437,0.3298,0.3057,0.6114,-0.022,0.5894,189,0.0
873.4,0.4538,0.4923,-0.0385,0.3462,0.3267,0.2959,0.5917,-0.029,0.5627,185,0.0
873.6,0.4452,0.4905,-0.0453,0.3436,0.3234,0.2872,0.5744,-0.0327,0.5416,181,0.0
873.8,0.4423,0.4874,-0.0451,0.3391,0.3201,0.2841,0.5682,-0.032,0.5361,180,0.0
874.0,0.4543,0.4873,-0.033,0.339,0.3167,0.2903,0.5807,-0.0276,0.553,183,0.0
874.2,0.4333,0.4851,-0.0518,0.3359,0.3133,0.2718,0.5436,-0.0372,0.5064,176,0.0
874.4,0.4284,0.4786,-0.0502,0.3266,0.3098,0.2696,0.5392,-0.0335,0.5057,175,0.0
874.6,0.4341,0.4813,-0.0473,0.3305,0.3062,0.2683,0.5367,-0.0358,0.5009,175,0.0
874.8,0.4393,0.4802,-0.0409,0.3288,0.3025,0.2697,0.5395,-0.0337,0.5058,175,0.0
875.0,0.4204,0.4776,-0.0572,0.3251,0.2988,0.253,0.506,-0.0418,0.4642,169,0.0
875.2,0.4118,0.4718,-0.06,0.3168,0.295,0.247,0.4939,-0.0409,0.453,167,0.0
875.4,0.4247,0.4723,-0.0476,0.3176,0.2911,0.253,0.5061,-0.037,0.469,170,0.0
875.6,0.4053,0.4716,-0.0662,0.3166,0.2872,0.2342,0.4684,-0.0478,0.4206,162,0.0
875.8,0.4049,0.4663,-0.0614,0.309,0.2832,0.2341,0.4683,-0.0436,0.4247,162,0.0
876.0,0.4032,0.4639,-0.0608,0.3056,0.2792,0.2306,0.4612,-0.0436,0.4176,161,0.0
876.2,0.3869,0.4615,-0.0745,0.3021,0.2752,0.2155,0.4311,-0.0507,0.3803,155,0.0
876.4,0.3958,0.4577,-0.0619,0.2968,0.271,0.2215,0.443,-0.0438,0.3992,158,0.0
876.6,0.3851,0.4557,-0.0706,0.2938,0.2669,0.2104,0.4209,-0.0487,0.3721,154,0.0
876.8,0.3761,0.4537,-0.0776,0.291,0.2627,0.2006,0.4012,-0.053,0.3482,150,0.0
877.0,0.37,0.4479,-0.0779,0.2828,0.2585,0.1961,0.3923,-0.0511,0.3412,149,0.0
877.2,0.3723,0.4463,-0.074,0.2804,0.2542,0.195,0.39,-0.0501,0.3399,149,0.0
877.4,0.3623,0.4448,-0.0825,0.2783,0.2499,0.1839,0.3678,-0.0555,0.3123,144,0.0
877.6,0.3474,0.446,-0.0985,0.28,0.2455,0.1667,0.3334,-0.0665,0.2669,137,0.0
877.8,0.3481,0.437,-0.0889,0.2671,0.2412,0.17,0.3401,-0.0574,0.2826,140,0.0
878.0,0.3332,0.4404,-0.1073,0.2721,0.2368,0.151,0.3019,-0.0713,0.2307,131,0.0
878.2,0.3295,0.4303,-0.1008,0.2575,0.2324,0.1517,0.3034,-0.063,0.2405,133,0.0
878.4,0.33,0.4314,-0.1014,0.2592,0.2279,0.1468,0.2936,-0.0664,0.2272,131,0.0
878.6,0.3143,0.4305,-0.1161,0.2578,0.2235,0.1306,0.2611,-0.0752,0.1859,124,0.0
878.8,0.3241,0.4252,-0.1012,0.2503,0.219,0.1381,0.2762,-0.0662,0.2099,128,0.0
879.0,0.3091,0.4208,-0.1117,0.244,0.2145,0.1252,0.2504,-0.0706,0.1798,123,0.0
879.2,0.3018,0.4219,-0.1202,0.2456,0.21,0.1139,0.2278,-0.0779,0.1499,118,0.0
879.4,0.2926,0.4123,-0.1197,0.2319,0.2055,0.1097,0.2195,-0.073,0.1464,118,0.0
879.6,0.2833,0.4093,-0.126,0.2276,0.201,0.1003,0.2005,-0.0762,0.1243,114,0.0
879.8,0.2795,0.4124,-0.1329,0.2319,0.1965,0.0903,0.1805,-0.0841,0.0964,110,0.0
880.0,0.2784,0.4051,-0.1267,0.2215,0.192,0.0907,0.1814,-0.0781,0.1033,111,0.0
880.2,0.2668,0.4019,-0.1351,0.217,0.1875,0.0794,0.1589,-0.0823,0.0766,107,0.0
880.4,0.2591,0.3969,-0.1378,0.2098,0.1831,0.0728,0.1457,-0.0823,0.0634,105,0.0
880.6,0.2588,0.3998,-0.141,0.214,0.1786,0.0658,0.1316,-0.0882,0.0434,101,0.0
880.8,0.2517,0.3967,-0.145,0.2096,0.1741,0.0581,0.1162,-0.0902,0.026,99,0.0
881.0,0.2586,0.3876,-0.129,0.1965,0.1697,0.0665,0.133,-0.0779,0.0551,103,0.0
881.2,0.2409,0.3894,-0.1484,0.1991,0.1653,0.0465,0.093,-0.0912,0.0,0,0.0
881.4,0.2489,0.3679,-0.119,0.1685,0.1608,0.0656,0.1312,-0.0633,0.0,0,0.0
881.6,0.2401,0.3518,-0.1117,0.1454,0.1565,0.0671,0.1342,-0.0503,0.0,0,0.0
881.8,0.2502,0.3369,-0.0868,0.1242,0.1521,0.0827,0.1654,-0.0294,0.136,116,0.0
882.0,0.2628,0.3451,-0.0823,0.1358,0.1478,0.082,0.164,-0.0351,0.1288,115,0.0
882.2,0.2601,0.3522,-0.0921,0.146,0.1435,0.0698,0.1397,-0.0473,0.0924,109,0.0
882.4,0.2411,0.3583,-0.1172,0.1548,0.1393,0.0455,0.0909,-0.0664,0.0,0,0.0
882.6,0.246,0.3414,-0.0954,0.1306,0.135,0.0587,0.1174,-0.0455,0.0,0,0.0
882.8,0.2581,0.326,-0.0679,0.1086,0.1309,0.0765,0.153,-0.0228,0.1302,115,0.0
883.0,0.2472,0.3373,-0.0901,0.1248,0.1267,0.0546,0.1093,-0.0441,0.0,0,0.0
883.2,0.2594,0.3248,-0.0653,0.1068,0.1226,0.0704,0.1407,-0.0248,0.116,113,0.0
883.4,0.2675,0.3336,-0.0661,0.1194,0.1186,0.0657,0.1315,-0.0334,0.0981,110,0.0
883.6,0.2645,0.3378,-0.0734,0.1255,0.1146,0.0559,0.1119,-0.0421,0.0698,106,0.0
883.8,0.2414,0.348,-0.1066,0.14,0.1107,0.0254,0.0508,-0.0679,0.0,0,0.0
884.0,0.2445,0.3315,-0.0871,0.1165,0.1068,0.0371,0.0743,-0.0484,0.0,0,0.0
884.2,0.2579,0.3209,-0.063,0.1013,0.103,0.0526,0.1052,-0.0307,0.0745,106,0.0
884.4,0.2474,0.3291,-0.0817,0.113,0.0992,0.0339,0.0677,-0.0478,0.0,0,0.0
884.6,0.2525,0.3157,-0.0632,0.0939,0.0955,0.0449,0.0899,-0.0308,0.0591,104,0.0
884.8,0.2333,0.327,-0.0937,0.1101,0.0919,0.0169,0.0338,-0.0559,0.0,0,0.0
885.0,0.2489,0.3135,-0.0646,0.0908,0.0883,0.0367,0.0733,-0.0335,0.0,0,0.0
885.2,0.2472,0.3037,-0.0566,0.0768,0.0848,0.0396,0.0792,-0.0243,0.0,0,0.0
885.4,0.252,0.2949,-0.0429,0.0641,0.0814,0.0471,0.0942,-0.0128,0.0814,108,0.0
885.6,0.2353,0.312,-0.0766,0.0885,0.0781,0.0168,0.0336,-0.0435,0.0,0,0.0
885.8,0.2527,0.3004,-0.0477,0.0719,0.0748,0.0367,0.0733,-0.0224,0.0509,103,0.0
886.0,0.2335,0.3123,-0.0788,0.089,0.0716,0.0086,0.0171,-0.0481,0.0,0,0.0
886.2,0.2463,0.3045,-0.0583,0.0779,0.0685,0.0219,0.0437,-0.0338,0.0,0,0.0
886.4,0.238,0.2948,-0.0568,0.064,0.0655,0.02,0.04,-0.0277,0.0,0,0.0
886.6,0.2384,0.2884,-0.0501,0.0549,0.0625,0.0225,0.0449,-0.0212,0.0,0,0.0
886.8,0.2389,0.2797,-0.0408,0.0425,0.0596,0.027,0.054,-0.0118,0.0,0,0.0
887.0,0.2574,0.2752,-0.0178,0.0359,0.0569,0.0426,0.0853,0.0016,0.0869,108,0.0
887.2,0.245,0.2912,-0.0461,0.0588,0.0542,0.0173,0.0346,-0.0254,0.0,0,0.0
887.4,0.2474,0.2892,-0.0418,0.056,0.0516,0.0181,0.0362,-0.0231,0.0,0,0.0
887.6,0.2299,0.2829,-0.053,0.047,0.0,0.0,0.0,-0.0288,0.0,0,0.0
887.8,0.2261,0.2767,-0.0506,0.0381,0.0,0.0,0.0,-0.0241,0.0,0,0.0
888.0,0.2222,0.2731,-0.051,0.033,0.0,0.0,0.0,-0.0216,0.0,0,0.0
888.2,0.2203,0.2711,-0.0508,0.0301,0.0,0.0,0.0,-0.0201,0.0,0,0.0
888.4,0.2221,0.2638,-0.0417,0.0197,0.0,0.0,0.0,-0.014,0.0,0,0.0
888.6,0.2088,0.2616,-0.0528,0.0166,0.0,0.0,0.0,-0.0136,0.0,0,0.0
888.8,0.2023,0.2623,-0.06,0.0176,0.0,0.0,0.0,-0.0148,0.0,0,0.0
889.0,0.2023,0.261,-0.0586,0.0156,0.0,0.0,0.0,-0.0137,0.0,0,0.0
889.2,0.1913,0.2574,-0.0661,0.0106,0.0,0.0,0.0,-0.0119,0.0,0,0.0
889.4,0.1923,0.2556,-0.0633,0.0079,0.0,0.0,0.0,-0.0103,0.0,0,0.0
889.6,0.1942,0.2552,-0.061,0.0074,0.0,0.0,0.0,-0.0098,0.0,0,0.0
889.8,0.1909,0.2557,-0.0648,0.0081,0.0,0.0,0.0,-0.0105,0.0,0,0.0
890.0,0.1894,0.2518,-0.0624,0.0026,0.0,0.0,0.0,-0.0075,0.0,0,0.0
890.2,0.2002,0.2515,-0.0513,0.0021,0.0,0.0,0.0,-0.0062,0.0,0,0.0
890.4,0.2003,0.2563,-0.056,0.009,0.0,0.0,0.0,-0.0101,0.0,0,0.0
890.6,0.1838,0.2501,-0.0663,0.0002,0.0,0.0,0.0,-0.0067,0.0,0,0.0
890.8,0.1945,0.2558,-0.0613,0.0083,0.0,0.0,0.0,-0.0103,0.0,0,0.0
891.0,0.193,0.25,-0.057,0.0,0.0,0.0,0.0,-0.0057,0.0,0,0.0
891.2,0.1865,0.25,-0.0635,0.0,0.0,0.0,0.0,-0.0064,0.0,0,0.0
891.4,0.1797,0.25,-0.0703,0.0,0.0,0.0,0.0,-0.007,0.0,0,0.0
891.6,0.1805,0.25,-0.0695,0.0,0.0,0.0,0.0,-0.0069,0.0,0,0.0
891.8,0.1822,0.25,-0.0678,0.0,0.0,0.0,0.0,-0.0068,0.0,0,0.0
892.0,0.1814,0.2514,-0.07,0.002,0.0,0.0,0.0,-0.008,0.0,0,0.0
892.2,0.1956,0.2501,-0.0545,0.0001,0.0,0.0,0.0,-0.0055,0.0,0,0.0
892.4,0.1941,0.251,-0.057,0.0015,0.0,0.0,0.0,-0.0064,0.0,0,0.0
892.6,0.1782,0.2511,-0.0729,0.0016,0.0,0.0,0.0,-0.0081,0.0,0,0.0
892.8,0.1838,0.2505,-0.0666,0.0006,0.0,0.0,0.0,-0.007,0.0,0,0.0
893.0,0.1776,0.253,-0.0754,0.0043,0.0,0.0,0.0,-0.0097,0.0,0,0.0
893.2,0.189,0.25,-0.061,0.0,0.0,0.0,0.0,-0.0061,0.0,0,0.0
893.4,0.1845,0.2501,-0.0655,0.0001,0.0,0.0,0.0,-0.0066,0.0,0,0.0
893.6,0.1786,0.253,-0.0744,0.0042,0.0,0.0,0.0,-0.0096,0.0,0,0.0
893.8,0.1958,0.2526,-0.0568,0.0037,0.0,0.0,0.0,-0.0076,0.0,0,0.0
894.0,0.179,0.25,-0.071,0.0,0.0,0.0,0.0,-0.0071,0.0,0,0.0
894.2,0.1893,0.25,-0.0607,0.0,0.0,0.0,0.0,-0.0061,0.0,0,0.0
894.4,0.1914,0.25,-0.0586,0.0,0.0,0.0,0.0,-0.0059,0.0,0,0.0
894.6,0.1853,0.25,-0.0647,0.0,0.0,0.0,0.0,-0.0065,0.0,0,0.0
894.8,0.1929,0.2524,-0.0595,0.0034,0.0,0.0,0.0,-0.0077,0.0,0,0.0
895.0,0.1887,0.251,-0.0623,0.0014,0.0,0.0,0.0,-0.0069,0.0,0,0.0
895.2,0.1788,0.2509,-0.0722,0.0013,0.0,0.0,0.0,-0.0079,0.0,0,0.0
895.4,0.1959,0.252,-0.0561,0.0029,0.0,0.0,0.0,-0.007,0.0,0,0.0
895.6,0.1816,0.25,-0.0684,0.0,0.0,0.0,0.0,-0.0068,0.0,0,0.0
895.8,0.1797,0.2535,-0.0738,0.005,0.0,0.0,0.0,-0.0099,0.0,0,0.0
896.0,0.1901,0.2508,-0.0607,0.0011,0.0,0.0,0.0,-0.0066,0.0,0,0.0
896.2,0.1864,0.253,-0.0666,0.0042,0.0,0.0,0.0,-0.0088,0.0,0,0.0
896.4,0.1848,0.25,-0.0652,0.0,0.0,0.0,0.0,-0.0065,0.0,0,0.0
896.6,0.1942,0.2504,-0.0562,0.0006,0.0,0.0,0.0,-0.0059,0.0,0,0.0
896.8,0.1869,0.2525,-0.0656,0.0036,0.0,0.0,0.0,-0.0084,0.0,0,0.0
897.0,0.1964,0.25,-0.0536,0.0,0.0513,0.0,0.0,-0.0054,0.0,0,0.0
897.2,0.2071,0.2509,-0.0437,0.0012,0.0539,0.0189,0.0378,0.0045,0.0,0,0.0
897.4,0.2225,0.25,-0.0275,0.0,0.0565,0.0345,0.0691,0.0145,0.0,0,0.0
897.6,0.2317,0.2521,-0.0204,0.003,0.0593,0.043,0.086,0.018,0.0,0,0.0
897.8,0.2381,0.25,-0.0119,0.0,0.0622,0.0526,0.1053,0.0251,0.0,0,0.0
898.0,0.2492,0.25,-0.0008,0.0,0.0651,0.0644,0.1289,0.0321,0.0,0,0.0
898.2,0.2748,0.2532,0.0216,0.0045,0.0681,0.0854,0.1708,0.0426,0.2134,129,0.0
898.4,0.2705,0.2709,-0.0003,0.0298,0.0712,0.0709,0.1419,0.0205,0.1624,120,0.0
898.6,0.2757,0.2944,-0.0188,0.0634,0.0744,0.0594,0.1188,-0.0039,0.1149,113,0.0
898.8,0.277,0.3099,-0.0329,0.0856,0.0777,0.0513,0.1027,-0.0204,0.0823,108,0.0
899.0,0.2698,0.3216,-0.0518,0.1023,0.081,0.0395,0.079,-0.0366,0.0425,101,0.0
899.2,0.2786,0.3236,-0.0451,0.1052,0.0844,0.0484,0.0967,-0.0329,0.0638,105,0.0
899.4,0.2723,0.3348,-0.0625,0.1211,0.0879,0.0379,0.0758,-0.0479,0.028,99,0.0
899.6,0.2581,0.3376,-0.0795,0.1252,0.0914,0.0279,0.0557,-0.0566,0.0,0,0.0
899.8,0.2549,0.3238,-0.0689,0.1054,0.0951,0.04,0.0799,-0.0396,0.0404,101,0.0
900.0,0.2447,0.3362,-0.0916,0.1232,0.0988,0.0255,0.051,-0.058,0.0,0,0.0
900.2,0.2546,0.3225,-0.0678,0.1035,0.1025,0.0482,0.0965,-0.0344,0.0621,104,0.0
900.4,0.2377,0.3292,-0.0915,0.1131,0.1063,0.0331,0.0663,-0.0491,0.0,0,0.0
900.6,0.2583,0.3166,-0.0583,0.0951,0.1102,0.0635,0.1271,-0.0216,0.1055,111,0.0
900.8,0.2407,0.3307,-0.09,0.1153,0.1141,0.0422,0.0843,-0.0455,0.0,0,0.0
901.0,0.2608,0.3186,-0.0578,0.098,0.1181,0.0719,0.1438,-0.0188,0.125,114,0.0
901.2,0.2607,0.3248,-0.064,0.1068,0.1221,0.0709,0.1418,-0.0244,0.1175,113,0.0
901.4,0.2576,0.334,-0.0764,0.12,0.1262,0.0651,0.1302,-0.0351,0.0952,110,0.0
901.6,0.2623,0.3427,-0.0804,0.1324,0.1303,0.066,0.1321,-0.0412,0.0909,109,0.0
901.8,0.2579,0.3535,-0.0956,0.1479,0.1345,0.058,0.116,-0.0545,0.0615,104,0.0
902.0,0.2458,0.3529,-0.1072,0.1471,0.1387,0.053,0.106,-0.0578,0.0,0,0.0
902.2,0.263,0.3362,-0.0731,0.1231,0.143,0.0845,0.169,-0.0266,0.1423,117,0.0
902.4,0.2632,0.3444,-0.0812,0.1349,0.1473,0.0823,0.1646,-0.0344,0.1302,115,0.0
902.6,0.2674,0.3563,-0.0888,0.1518,0.1516,0.0805,0.1611,-0.0445,0.1165,113,0.0
902.8,0.2627,0.3582,-0.0956,0.1546,0.1559,0.0795,0.1589,-0.0471,0.1118,112,0.0
903.0,0.265,0.3636,-0.0986,0.1622,0.1603,0.0814,0.1628,-0.0503,0.1126,113,0.0
903.2,0.2493,0.3709,-0.1216,0.1727,0.1647,0.0674,0.1349,-0.0648,0.0,0,0.0
903.4,0.254,0.352,-0.0979,0.1457,0.1691,0.0908,0.1816,-0.0372,0.1443,118,0.0
903.6,0.2652,0.3581,-0.0929,0.1544,0.1736,0.0993,0.1985,-0.0369,0.1617,120,0.0
903.8,0.2614,0.3635,-0.1021,0.1622,0.178,0.0963,0.1926,-0.0431,0.1495,118,0.0
904.0,0.2631,0.3661,-0.103,0.1659,0.1825,0.1001,0.2002,-0.0432,0.157,120,0.0
904.2,0.2702,0.3735,-0.1033,0.1764,0.187,0.1044,0.2087,-0.0463,0.1624,120,0.0
904.4,0.2835,0.3736,-0.0901,0.1766,0.1915,0.1194,0.2389,-0.0376,0.2013,127,0.0
904.6,0.2695,0.3837,-0.1142,0.1911,0.196,0.1046,0.2092,-0.0547,0.1545,119,0.0
904.8,0.2902,0.3843,-0.0942,0.1919,0.2005,0.1251,0.2503,-0.0428,0.2075,128,0.0
905.0,0.2919,0.3852,-0.0933,0.1931,0.205,0.1304,0.2607,-0.0407,0.22,130,0.0
905.2,0.2806,0.3905,-0.1099,0.2008,0.2095,0.1216,0.2431,-0.0506,0.1926,125,0.0
905.4,0.2898,0.3896,-0.0998,0.1994,0.214,0.1341,0.2683,-0.0426,0.2257,131,0.0
905.6,0.2943,0.3928,-0.0985,0.2041,0.2184,0.1396,0.2792,-0.0421,0.2371,132,0.0
905.8,0.286,0.3961,-0.11,0.2087,0.2229,0.1349,0.2698,-0.0479,0.2219,130,0.0
906.0,0.2943,0.3997,-0.1054,0.2138,0.2274,0.1431,0.2861,-0.0459,0.2402,133,0.0
906.2,0.2906,0.4001,-0.1095,0.2144,0.2318,0.1442,0.2884,-0.0461,0.2424,133,0.0
906.4,0.2949,0.4061,-0.1112,0.223,0.2362,0.1473,0.2946,-0.049,0.2456,134,0.0
906.6,0.2982,0.407,-0.1089,0.2243,0.2406,0.1535,0.3071,-0.0463,0.2608,136,0.0
906.8,0.3084,0.4047,-0.0963,0.221,0.245,0.168,0.336,-0.0361,0.2998,142,0.0
907.0,0.3192,0.4095,-0.0904,0.2279,0.2493,0.1771,0.3541,-0.0345,0.3196,146,0.0
907.2,0.3243,0.4136,-0.0893,0.2337,0.2537,0.1822,0.3645,-0.0346,0.3298,147,0.0
907.4,0.3276,0.4138,-0.0861,0.2339,0.2579,0.189,0.378,-0.0311,0.347,150,0.0
907.6,0.3268,0.4221,-0.0953,0.2458,0.2622,0.1859,0.3719,-0.0395,0.3324,148,0.0
907.8,0.3379,0.4216,-0.0837,0.2452,0.2664,0.1994,0.3988,-0.0312,0.3676,153,0.0
908.0,0.3401,0.4252,-0.085,0.2503,0.2705,0.2025,0.405,-0.0324,0.3726,154,0.0
908.2,0.344,0.428,-0.0839,0.2542,0.2747,0.2075,0.415,-0.0318,0.3833,156,0.0
908.4,0.3424,0.4321,-0.0897,0.2602,0.2787,0.207,0.4139,-0.0356,0.3783,155,0.0
908.6,0.3478,0.4335,-0.0857,0.2621,0.2827,0.2142,0.4284,-0.0325,0.3959,158,0.0
908.8,0.3426,0.4316,-0.089,0.2594,0.2867,0.2155,0.4311,-0.0308,0.4003,159,0.0
909.0,0.3669,0.4329,-0.066,0.2613,0.2906,0.2378,0.4756,-0.0184,0.4573,168,0.0
909.2,0.3612,0.4395,-0.0783,0.2707,0.2945,0.2319,0.4637,-0.0273,0.4365,164,0.0
909.4,0.3717,0.4394,-0.0677,0.2706,0.2983,0.2441,0.4883,-0.02,0.4683,169,0.0
909.6,0.3726,0.4399,-0.0673,0.2713,0.302,0.2482,0.4963,-0.0183,0.478,171,0.0
909.8,0.3822,0.4456,-0.0634,0.2794,0.3057,0.255,0.51,-0.0185,0.4915,173,0.0
910.0,0.3876,0.4497,-0.062,0.2852,0.3093,0.2597,0.5194,-0.019,0.5004,175,0.0
910.2,0.3815,0.448,-0.0665,0.2828,0.3129,0.2597,0.5193,-0.0182,0.5011,175,0.0
910.4,0.3894,0.4556,-0.0662,0.2938,0.3163,0.2633,0.5267,-0.0218,0.5048,175,0.0
910.6,0.4079,0.4568,-0.0489,0.2954,0.3197,0.2806,0.5612,-0.0123,0.5489,182,0.0
910.8,0.4043,0.457,-0.0527,0.2956,0.323,0.2809,0.5618,-0.0126,0.5491,182,0.0
911.0,0.4134,0.4636,-0.0502,0.3052,0.3263,0.2861,0.5722,-0.0146,0.5576,184,0.0
911.2,0.4193,0.4647,-0.0454,0.3068,0.3295,0.2931,0.5863,-0.0114,0.5749,186,0.0
911.4,0.4272,0.464,-0.0368,0.3057,0.3325,0.3031,0.6063,-0.005,0.6013,191,0.0
911.6,0.4159,0.4718,-0.0558,0.3168,0.3355,0.2909,0.5818,-0.0185,0.5632,185,0.0
911.8,0.4193,0.4693,-0.0501,0.3133,0.3385,0.2984,0.5968,-0.0125,0.5844,188,0.0
912.0,0.4374,0.469,-0.0317,0.3129,0.3413,0.3159,0.6319,-0.0017,0.6302,195,0.0
912.2,0.4463,0.4723,-0.026,0.3176,0.344,0.3232,0.6464,0.0002,0.6466,198,0.0
912.4,0.4469,0.475,-0.0281,0.3215,0.3467,0.3242,0.6484,-0.0015,0.6469,198,0.0
912.6,0.4377,0.4834,-0.0457,0.3335,0.3493,0.3127,0.6253,-0.015,0.6104,192,0.0
912.8,0.4478,0.4818,-0.034,0.3312,0.3517,0.3245,0.6491,-0.0067,0.6423,197,0.0
913.0,0.4494,0.4848,-0.0354,0.3354,0.3541,0.3258,0.6516,-0.0083,0.6433,197,0.0
913.2,0.4558,0.4876,-0.0317,0.3394,0.3564,0.331,0.662,-0.0074,0.6546,199,0.0
913.4,0.4657,0.4839,-0.0182,0.3342,0.3586,0.344,0.688,0.0031,0.6911,205,0.0
913.6,0.4644,0.4868,-0.0224,0.3382,0.3606,0.3427,0.6854,-0.0,0.6854,204,0.0
913.8,0.4636,0.4895,-0.0259,0.3421,0.3626,0.3419,0.6837,-0.0027,0.681,203,0.0
914.0,0.4773,0.4951,-0.0178,0.3501,0.3645,0.3503,0.7006,-0.0017,0.6989,206,0.0
914.2,0.4811,0.4922,-0.011,0.3459,0.3663,0.3574,0.7149,0.0046,0.7195,210,0.0
914.4,0.4865,0.4951,-0.0086,0.3501,0.3679,0.3611,0.7221,0.0046,0.7267,211,0.0
914.6,0.4735,0.5014,-0.0279,0.3591,0.3695,0.3472,0.6945,-0.0087,0.6857,204,0.0
914.8,0.4866,0.5004,-0.0138,0.3577,0.371,0.36,0.7199,-0.0003,0.7197,210,0.0
915.0,0.4947,0.5037,-0.009,0.3624,0.3723,0.3651,0.7302,0.0004,0.7306,211,0.0
915.2,0.5001,0.5054,-0.0053,0.3649,0.3736,0.3693,0.7387,0.0017,0.7404,213,0.0
915.4,0.4882,0.5061,-0.0179,0.3658,0.3747,0.3604,0.7208,-0.0045,0.7163,209,0.0
915.6,0.5002,0.5031,-0.0029,0.3616,0.3757,0.3734,0.7468,0.0056,0.7525,215,0.0
915.8,0.5002,0.503,-0.0029,0.3615,0.3767,0.3744,0.7487,0.0062,0.7549,215,0.0
916.0,0.5056,0.5049,0.0008,0.3641,0.3775,0.3781,0.7561,0.0071,0.7632,217,0.0
916.2,0.5099,0.5089,0.001,0.3699,0.3782,0.3789,0.7579,0.0046,0.7625,216,0.0
916.4,0.4993,0.5072,-0.0079,0.3674,0.3787,0.3724,0.7449,0.0018,0.7466,214,0.0
916.6,0.5147,0.5136,0.0011,0.3766,0.3792,0.38,0.76,0.0018,0.7618,216,0.0
916.8,0.4988,0.5089,-0.0101,0.3699,0.3796,0.3715,0.7429,-0.0002,0.7427,213,0.0
917.0,0.5065,0.5144,-0.0079,0.3777,0.3798,0.3735,0.747,-0.0029,0.7441,214,0.0
917.2,0.5107,0.513,-0.0023,0.3758,0.38,0.3781,0.7563,0.001,0.7572,216,0.0
917.4,0.5121,0.5151,-0.0031,0.3787,0.38,0.3776,0.7551,-0.0009,0.7542,215,0.0
917.6,0.5061,0.5154,-0.0092,0.3791,0.3799,0.3725,0.745,-0.0042,0.7408,213,0.0
917.8,0.5088,0.5146,-0.0058,0.378,0.3797,0.3751,0.7501,-0.0021,0.7481,214,0.0
918.0,0.5193,0.5105,0.0088,0.3722,0.3794,0.38,0.76,0.0048,0.7648,217,0.0
918.2,0.5175,0.5163,0.0012,0.3805,0.379,0.3799,0.7598,-0.0002,0.7596,216,0.0
918.4,0.5128,0.5148,-0.0019,0.3783,0.3784,0.3769,0.7538,-0.0009,0.7529,215,0.0
918.6,0.5183,0.512,0.0063,0.3743,0.3778,0.38,0.76,0.0035,0.7635,217,0.0
918.8,0.5022,0.5126,-0.0104,0.3752,0.377,0.3687,0.7373,-0.0043,0.7331,212,0.0
919.0,0.5153,0.5159,-0.0006,0.3799,0.3762,0.3757,0.7513,-0.0022,0.7491,214,0.0
919.2,0.5112,0.5127,-0.0015,0.3752,0.3752,0.374,0.748,-0.0008,0.7473,214,0.0
919.4,0.5184,0.5162,0.0023,0.3802,0.3741,0.3759,0.7518,-0.0019,0.7499,214,0.0
919.6,0.5139,0.5166,-0.0027,0.3808,0.3729,0.3707,0.7415,-0.0053,0.7362,212,0.0
919.8,0.504,0.5148,-0.0108,0.3783,0.3716,0.363,0.726,-0.0087,0.7173,209,0.0
920.0,0.4998,0.513,-0.0132,0.3757,0.3702,0.3596,0.7192,-0.0094,0.7099,208,0.0
920.2,0.5095,0.515,-0.0056,0.3786,0.3687,0.3642,0.7284,-0.0078,0.7206,210,0.0
920.4,0.5042,0.515,-0.0107,0.3785,0.367,0.3584,0.7169,-0.0111,0.7058,207,0.0
920.6,0.4922,0.5088,-0.0166,0.3697,0.3653,0.352,0.704,-0.0105,0.6935,205,0.0
920.8,0.494,0.5077,-0.0137,0.3682,0.3635,0.3525,0.705,-0.0092,0.6957,206,0.0
921.0,0.4966,0.5108,-0.0143,0.3726,0.3615,0.3501,0.7003,-0.0127,0.6876,205,0.0
921.2,0.5051,0.5047,0.0005,0.3638,0.3595,0.3599,0.7198,-0.0019,0.7178,209,0.0
921.4,0.4973,0.5113,-0.014,0.3732,0.3574,0.3462,0.6924,-0.0149,0.6774,203,0.0
921.6,0.4886,0.5066,-0.018,0.3666,0.3551,0.3407,0.6814,-0.0148,0.6667,201,0.0
921.8,0.4872,0.5055,-0.0183,0.365,0.3528,0.3382,0.6764,-0.0152,0.6612,200,0.0
922.0,0.4853,0.5012,-0.016,0.3589,0.3504,0.3376,0.6752,-0.0122,0.663,201,0.0
922.2,0.4939,0.504,-0.0101,0.3628,0.3479,0.3398,0.6796,-0.0125,0.667,201,0.0
922.4,0.4803,0.5015,-0.0211,0.3592,0.3452,0.3283,0.6567,-0.0176,0.6391,197,0.0
922.6,0.4694,0.499,-0.0296,0.3557,0.3425,0.3189,0.6378,-0.0214,0.6164,193,0.0
922.8,0.4831,0.4998,-0.0167,0.3569,0.3398,0.3264,0.6527,-0.017,0.6358,196,0.0
923.0,0.4694,0.4988,-0.0294,0.3555,0.3369,0.3133,0.6267,-0.024,0.6026,191,0.0
923.2,0.4722,0.497,-0.0248,0.3528,0.3339,0.3141,0.6282,-0.0218,0.6063,192,0.0
923.4,0.4602,0.495,-0.0347,0.3499,0.3309,0.3031,0.6062,-0.0269,0.5792,187,0.0
923.6,0.4611,0.4916,-0.0306,0.3452,0.3277,0.3033,0.6065,-0.024,0.5825,188,0.0
923.8,0.4461,0.4879,-0.0418,0.3399,0.3245,0.2911,0.5822,-0.0286,0.5536,183,0.0
924.0,0.4581,0.486,-0.0279,0.3371,0.3212,0.2989,0.5978,-0.0219,0.5759,187,0.0
924.2,0.4459,0.4868,-0.0409,0.3383,0.3179,0.2851,0.5702,-0.0307,0.5395,181,0.0
924.4,0.4456,0.487,-0.0414,0.3385,0.3144,0.2813,0.5626,-0.0327,0.5299,179,0.0
924.6,0.4375,0.4852,-0.0477,0.336,0.3109,0.2728,0.5456,-0.0364,0.5092,176,0.0
924.8,0.4398,0.4813,-0.0415,0.3305,0.3073,0.2741,0.5483,-0.0323,0.5159,177,0.0
925.0,0.4373,0.4802,-0.0429,0.3289,0.3037,0.2694,0.5388,-0.034,0.5048,175,0.0
925.2,0.4332,0.4779,-0.0447,0.3256,0.3,0.2642,0.5285,-0.0352,0.4933,173,0.0
925.4,0.4107,0.475,-0.0643,0.3214,0.2962,0.2448,0.4896,-0.0448,0.4448,166,0.0
925.6,0.4101,0.4734,-0.0633,0.3191,0.2924,0.2417,0.4835,-0.045,0.4385,165,0.0
925.8,0.4012,0.4699,-0.0687,0.3142,0.2885,0.2335,0.467,-0.0472,0.4198,162,0.0
926.0,0.4104,0.4637,-0.0534,0.3053,0.2845,0.2419,0.4837,-0.0371,0.4466,166,0.0
926.2,0.4053,0.4615,-0.0562,0.3022,0.2805,0.2356,0.4712,-0.0389,0.4322,164,0.0
926.4,0.3851,0.4659,-0.0808,0.3084,0.2765,0.2118,0.4236,-0.0564,0.3673,153,0.0
926.6,0.3795,0.4563,-0.0768,0.2947,0.2724,0.211,0.422,-0.0495,0.3724,154,0.0
926.8,0.3867,0.4556,-0.0689,0.2938,0.2683,0.2131,0.4262,-0.0472,0.379,155,0.0
927.0,0.3708,0.4551,-0.0843,0.293,0.2641,0.1966,0.3932,-0.0566,0.3366,148,0.0
927.2,0.3672,0.4486,-0.0815,0.2838,0.2598,0.1947,0.3893,-0.0527,0.3366,148,0.0
927.4,0.3657,0.4494,-0.0838,0.2849,0.2556,0.1886,0.3772,-0.0565,0.3206,146,0.0
927.6,0.3563,0.4472,-0.0909,0.2817,0.2513,0.1786,0.3571,-0.0606,0.2965,142,0.0
927.8,0.3621,0.4447,-0.0826,0.2782,0.247,0.1809,0.3617,-0.0569,0.3048,143,0.0
928.0,0.3463,0.4375,-0.0912,0.2679,0.2426,0.1696,0.3393,-0.0582,0.281,139,0.0
928.2,0.3484,0.4405,-0.0921,0.2721,0.2382,0.1646,0.3291,-0.063,0.2661,137,0.0
928.4,0.3407,0.4337,-0.093,0.2624,0.2338,0.1594,0.3188,-0.0608,0.258,136,0.0
928.6,0.3233,0.4339,-0.1106,0.2627,0.2294,0.1409,0.2818,-0.072,0.2098,128,0.0
928.8,0.3215,0.4284,-0.1069,0.2548,0.2249,0.1394,0.2788,-0.0684,0.2105,128,0.0
929.0,0.3186,0.4248,-0.1062,0.2497,0.2205,0.1355,0.271,-0.0677,0.2033,127,0.0
929.2,0.3169,0.4254,-0.1085,0.2505,0.216,0.1292,0.2583,-0.0715,0.1868,124,0.0
929.4,0.2988,0.4196,-0.1208,0.2422,0.2115,0.1149,0.2298,-0.0758,0.154,119,0.0
929.6,0.3086,0.4152,-0.1066,0.236,0.207,0.1217,0.2435,-0.0678,0.1756,123,0.0
929.8,0.2984,0.4158,-0.1174,0.2369,0.2025,0.1085,0.2171,-0.0759,0.1412,117,0.0
930.0,0.2854,0.4081,-0.1227,0.2258,0.198,0.0999,0.1997,-0.0752,0.1245,114,0.0
930.2,0.2753,0.4049,-0.1296,0.2213,0.1935,0.0898,0.1797,-0.0787,0.101,111,0.0
930.4,0.2681,0.407,-0.139,0.2243,0.189,0.0779,0.1557,-0.0871,0.0686,105,0.0
930.6,0.2593,0.4027,-0.1433,0.2181,0.1845,0.0699,0.1397,-0.0885,0.0513,103,0.0
930.8,0.2605,0.3967,-0.1362,0.2096,0.18,0.0711,0.1422,-0.0829,0.0593,104,0.0
931.0,0.2583,0.3981,-0.1398,0.2115,0.1756,0.0638,0.1275,-0.0879,0.0396,101,0.0
931.2,0.2589,0.3948,-0.1359,0.2069,0.1711,0.0624,0.1248,-0.0858,0.039,101,0.0
931.4,0.2463,0.3908,-0.1446,0.2012,0.1667,0.051,0.102,-0.0896,0.0,0,0.0
931.6,0.2461,0.3676,-0.1214,0.168,0.1623,0.0651,0.1303,-0.0635,0.0,0,0.0
931.8,0.2485,0.3522,-0.1037,0.146,0.1579,0.0749,0.1499,-0.0459,0.0,0,0.0
932.0,0.2598,0.3388,-0.079,0.1269,0.1535,0.0903,0.1806,-0.0262,0.1544,119,0.0
932.2,0.2564,0.3471,-0.0907,0.1387,0.1492,0.0767,0.1533,-0.0401,0.1133,113,0.0
932.4,0.2527,0.3498,-0.097,0.1425,0.1449,0.0673,0.1346,-0.0473,0.0872,108,0.0
932.6,0.2545,0.3597,-0.1052,0.1567,0.1406,0.0565,0.1129,-0.0606,0.0523,103,0.0
932.8,0.2446,0.3612,-0.1166,0.1588,0.1364,0.0431,0.0862,-0.0695,0.0,0,0.0
933.0,0.2408,0.3416,-0.1008,0.1309,0.1322,0.0516,0.1032,-0.0497,0.0,0,0.0
933.2,0.252,0.3281,-0.0761,0.1116,0.1281,0.0672,0.1343,-0.0298,0.1045,111,0.0
933.4,0.2444,0.3383,-0.0939,0.1262,0.124,0.0488,0.0977,-0.0481,0.0,0,0.0
933.6,0.2464,0.3249,-0.0785,0.107,0.1199,0.0571,0.1143,-0.0328,0.0,0,0.0
933.8,0.2623,0.3104,-0.048,0.0862,0.1159,0.0775,0.155,-0.0092,0.1458,118,0.0
934.0,0.2551,0.3252,-0.0702,0.1075,0.112,0.0558,0.1116,-0.0328,0.0788,107,0.0
934.2,0.2572,0.332,-0.0748,0.1171,0.1081,0.0483,0.0965,-0.0419,0.0546,103,0.0
934.4,0.2526,0.3415,-0.0889,0.1306,0.1042,0.0331,0.0663,-0.0576,0.0086,0,0.0
934.6,0.2531,0.3272,-0.0741,0.1103,0.1004,0.0412,0.0823,-0.042,0.0404,101,0.0
934.8,0.2417,0.3375,-0.0958,0.125,0.0967,0.0201,0.0402,-0.062,0.0,0,0.0
935.0,0.2379,0.3184,-0.0805,0.0977,0.0931,0.0286,0.0573,-0.0426,0.0,0,0.0
935.2,0.2512,0.3107,-0.0595,0.0867,0.0895,0.0419,0.0838,-0.0283,0.0555,103,0.0
935.4,0.2473,0.3224,-0.0751,0.1035,0.086,0.0259,0.0518,-0.0463,0.0,0,0.0
935.6,0.2375,0.3134,-0.0759,0.0906,0.0825,0.0218,0.0436,-0.042,0.0,0,0.0
935.8,0.2461,0.3035,-0.0574,0.0765,0.0792,0.0332,0.0665,-0.0274,0.0,0,0.0
936.0,0.2521,0.291,-0.0389,0.0586,0.0759,0.0447,0.0894,-0.0108,0.0786,107,0.0
936.2,0.2352,0.3066,-0.0714,0.0808,0.0726,0.0156,0.0311,-0.0398,0.0,0,0.0
936.4,0.2328,0.3017,-0.0689,0.0738,0.0695,0.0144,0.0287,-0.0366,0.0,0,0.0
936.6,0.2497,0.2902,-0.0405,0.0575,0.0664,0.034,0.0681,-0.0158,0.0,0,0.0
936.8,0.2527,0.2821,-0.0293,0.0458,0.0635,0.04,0.08,-0.0058,0.0742,106,0.0
937.0,0.2382,0.3026,-0.0643,0.0751,0.0606,0.0091,0.0182,-0.0394,0.0,0,0.0
937.2,0.2415,0.2946,-0.053,0.0636,0.0578,0.0153,0.0307,-0.0295,0.0,0,0.0
937.4,0.2439,0.2875,-0.0437,0.0536,0.0551,0.0201,0.0402,-0.0211,0.0,0,0.0
937.6,0.2441,0.2807,-0.0366,0.0438,0.0524,0.0232,0.0464,-0.014,0.0,0,0.0
937.8,0.2306,0.2764,-0.0458,0.0377,0.0,0.0,0.0,-0.0235,0.0,0,0.0
938.0,0.2421,0.2726,-0.0305,0.0322,0.0,0.0,0.0,-0.0192,0.0,0,0.0
938.2,0.2259,0.2659,-0.04,0.0227,0.0,0.0,0.0,-0.0153,0.0,0,0.0
938.4,0.2277,0.268,-0.0404,0.0257,0.0,0.0,0.0,-0.0169,0.0,0,0.0
938.6,0.2208,0.2611,-0.0402,0.0158,0.0,0.0,0.0,-0.0119,0.0,0,0.0
938.8,0.2156,0.2614,-0.0458,0.0162,0.0,0.0,0.0,-0.0127,0.0,0,0.0
939.0,0.2101,0.2569,-0.0468,0.0098,0.0,0.0,0.0,-0.0096,0.0,0,0.0
939.2,0.2157,0.2597,-0.044,0.0138,0.0,0.0,0.0,-0.0113,0.0,0,0.0
939.4,0.2032,0.259,-0.0559,0.0129,0.0,0.0,0.0,-0.012,0.0,0,0.0
939.6,0.2012,0.258,-0.0568,0.0114,0.0,0.0,0.0,-0.0114,0.0,0,0.0
939.8,0.1961,0.253,-0.057,0.0043,0.0,0.0,0.0,-0.0079,0.0,0,0.0
940.0,0.2006,0.2574,-0.0568,0.0106,0.0,0.0,0.0,-0.011,0.0,0,0.0
940.2,0.205,0.2564,-0.0514,0.0092,0.0,0.0,0.0,-0.0097,0.0,0,0.0
940.4,0.2083,0.255,-0.0467,0.0072,0.0,0.0,0.0,-0.0083,0.0,0,0.0
940.6,0.1963,0.2521,-0.0558,0.003,0.0,0.0,0.0,-0.0071,0.0,0,0.0
940.8,0.1957,0.2502,-0.0545,0.0002,0.0,0.0,0.0,-0.0056,0.0,0,0.0
941.0,0.206,0.2538,-0.0478,0.0055,0.0,0.0,0.0,-0.0075,0.0,0,0.0
941.2,0.1946,0.2502,-0.0556,0.0003,0.0,0.0,0.0,-0.0057,0.0,0,0.0
941.4,0.2009,0.25,-0.0491,0.0,0.0,0.0,0.0,-0.0049,0.0,0,0.0
941.6,0.1915,0.2505,-0.059,0.0007,0.0,0.0,0.0,-0.0063,0.0,0,0.0
941.8,0.1901,0.2533,-0.0631,0.0047,0.0,0.0,0.0,-0.0086,0.0,0,0.0
942.0,0.1941,0.2533,-0.0593,0.0048,0.0,0.0,0.0,-0.0083,0.0,0,0.0
942.2,0.1968,0.2528,-0.056,0.004,0.0,0.0,0.0,-0.0076,0.0,0,0.0
942.4,0.197,0.2521,-0.0551,0.003,0.0,0.0,0.0,-0.007,0.0,0,0.0
942.6,0.1915,0.254,-0.0625,0.0057,0.0,0.0,0.0,-0.0091,0.0,0,0.0
942.8,0.1893,0.2533,-0.064,0.0047,0.0,0.0,0.0,-0.0088,0.0,0,0.0
943.0,0.1875,0.2524,-0.0649,0.0034,0.0,0.0,0.0,-0.0082,0.0,0,0.0
943.2,0.2036,0.2503,-0.0467,0.0004,0.0,0.0,0.0,-0.0049,0.0,0,0.0
943.4,0.1909,0.25,-0.0591,0.0,0.0,0.0,0.0,-0.0059,0.0,0,0.0
943.6,0.1915,0.25,-0.0585,0.0,0.0,0.0,0.0,-0.0059,0.0,0,0.0
943.8,0.1957,0.2502,-0.0545,0.0003,0.0,0.0,0.0,-0.0056,0.0,0,0.0
944.0,0.2036,0.25,-0.0464,0.0,0.0,0.0,0.0,-0.0046,0.0,0,0.0
944.2,0.2038,0.251,-0.0472,0.0014,0.0,0.0,0.0,-0.0054,0.0,0,0.0
944.4,0.1903,0.25,-0.0597,0.0,0.0,0.0,0.0,-0.006,0.0,0,0.0
944.6,0.1988,0.25,-0.0512,0.0,0.0,0.0,0.0,-0.0051,0.0,0,0.0
944.8,0.203,0.25,-0.047,0.0,0.0,0.0,0.0,-0.0047,0.0,0,0.0
945.0,0.2046,0.25,-0.0454,0.0,0.0,0.0,0.0,-0.0045,0.0,0,0.0
945.2,0.2038,0.25,-0.0462,0.0,0.0,0.0,0.0,-0.0046,0.0,0,0.0
945.4,0.1913,0.2514,-0.0601,0.002,0.0,0.0,0.0,-0.007,0.0,0,0.0
945.6,0.2,0.2522,-0.0523,0.0032,0.0,0.0,0.0,-0.0068,0.0,0,0.0
945.8,0.2048,0.2525,-0.0478,0.0036,0.0,0.0,0.0,-0.0066,0.0,0,0.0
946.0,0.1947,0.25,-0.0553,0.0,0.0,0.0,0.0,-0.0055,0.0,0,0.0
946.2,0.1923,0.25,-0.0577,0.0,0.0,0.0,0.0,-0.0058,0.0,0,0.0
946.4,0.1881,0.2504,-0.0623,0.0005,0.0,0.0,0.0,-0.0065,0.0,0,0.0
946.6,0.2014,0.2501,-0.0487,0.0001,0.0,0.0,0.0,-0.0049,0.0,0,0.0
946.8,0.2029,0.2522,-0.0493,0.0032,0.0,0.0,0.0,-0.0065,0.0,0,0.0
947.0,0.1995,0.25,-0.0505,0.0,0.0,0.0,0.0,-0.0051,0.0,0,0.0
947.2,0.2109,0.2523,-0.0414,0.0033,0.0505,0.0174,0.0347,0.0029,0.0,0,0.0
947.4,0.2178,0.25,-0.0322,0.0,0.053,0.0272,0.0545,0.0104,0.0,0,0.0
947.6,0.2283,0.2534,-0.0251,0.0049,0.0557,0.0356,0.0711,0.0128,0.0,0,0.0
947.8,0.2369,0.25,-0.0131,0.0,0.0584,0.0479,0.0957,0.0226,0.0,0,0.0
948.0,0.2533,0.2532,0.0001,0.0046,0.0612,0.0612,0.1225,0.0283,0.1508,119,0.0
948.2,0.2569,0.2703,-0.0134,0.0291,0.0641,0.0534,0.1068,0.0108,0.1176,113,0.0
948.4,0.2613,0.29,-0.0287,0.0571,0.0671,0.0441,0.0883,-0.0094,0.0789,107,0.0
948.6,0.267,0.3044,-0.0374,0.0778,0.0702,0.0403,0.0805,-0.0225,0.058,104,0.0
948.8,0.2544,0.3161,-0.0617,0.0944,0.0733,0.024,0.048,-0.0414,0.0066,0,0.0
949.0,0.2605,0.3081,-0.0476,0.083,0.0766,0.0385,0.077,-0.027,0.05,103,0.0
949.2,0.2477,0.3173,-0.0696,0.0962,0.0799,0.0242,0.0484,-0.0429,0.0,0,0.0
949.4,0.2525,0.3059,-0.0535,0.0799,0.0833,0.0405,0.081,-0.0251,0.0559,103,0.0
949.6,0.2563,0.3164,-0.06,0.0948,0.0867,0.0387,0.0775,-0.034,0.0434,101,0.0
949.8,0.248,0.322,-0.074,0.1028,0.0903,0.0311,0.0622,-0.0433,0.0,0,0.0
950.0,0.2413,0.3115,-0.0702,0.0879,0.0939,0.0378,0.0755,-0.0321,0.0,0,0.0
950.2,0.2613,0.3031,-0.0419,0.0759,0.0975,0.064,0.1281,-0.0101,0.118,113,0.0
950.4,0.2563,0.3156,-0.0593,0.0937,0.1013,0.0539,0.1077,-0.0258,0.0819,108,0.0
950.6,0.2466,0.3243,-0.0776,0.1061,0.1051,0.043,0.0859,-0.0393,0.0,0,0.0
950.8,0.2553,0.3161,-0.0608,0.0944,0.1089,0.0603,0.1206,-0.0231,0.0974,110,0.0
951.0,0.2493,0.3272,-0.0779,0.1102,0.1128,0.0505,0.101,-0.0377,0.0,0,0.0
951.2,0.2557,0.3125,-0.0568,0.0892,0.1168,0.0714,0.1428,-0.0146,0.1282,115,0.0
951.4,0.2574,0.3239,-0.0666,0.1056,0.1208,0.0676,0.1351,-0.0257,0.1094,112,0.0
951.6,0.2693,0.3338,-0.0645,0.1196,0.1249,0.0733,0.1466,-0.0296,0.1169,113,0.0
951.8,0.2709,0.3445,-0.0736,0.135,0.129,0.0701,0.1402,-0.0398,0.1005,111,0.0
952.0,0.2707,0.3493,-0.0787,0.1419,0.1331,0.0702,0.1404,-0.0437,0.0968,110,0.0
952.2,0.2575,0.3568,-0.0993,0.1526,0.1373,0.0579,0.1158,-0.0573,0.0585,104,0.0
952.4,0.2488,0.3588,-0.11,0.1555,0.1416,0.0536,0.1072,-0.062,0.0,0,0.0
952.6,0.2678,0.3444,-0.0766,0.1348,0.1459,0.0846,0.1692,-0.0328,0.1365,116,0.0
952.8,0.2594,0.3493,-0.0899,0.1418,0.1502,0.0782,0.1565,-0.0408,0.1157,113,0.0
953.0,0.2572,0.3589,-0.1017,0.1556,0.1545,0.0731,0.1463,-0.0514,0.0949,110,0.0
953.2,0.2653,0.3633,-0.098,0.1619,0.1589,0.0805,0.1609,-0.0505,0.1104,112,0.0
953.4,0.2577,0.3669,-0.1092,0.167,0.1633,0.0759,0.1517,-0.0565,0.0952,110,0.0
953.6,0.2625,0.368,-0.1055,0.1686,0.1677,0.0833,0.1666,-0.0532,0.1134,113,0.0
953.8,0.2672,0.3711,-0.1039,0.173,0.1721,0.089,0.178,-0.0524,0.1256,115,0.0
954.0,0.2537,0.3722,-0.1185,0.1745,0.1766,0.0818,0.1636,-0.0582,0.1053,111,0.0
954.2,0.2674,0.3731,-0.1058,0.1759,0.181,0.0964,0.1928,-0.0503,0.1425,117,0.0
954.4,0.2512,0.3794,-0.1282,0.1849,0.1855,0.0829,0.1659,-0.0638,0.1021,111,0.0
954.6,0.2527,0.3769,-0.1243,0.1813,0.19,0.0906,0.1812,-0.0578,0.1234,114,0.0
954.8,0.2626,0.3812,-0.1186,0.1874,0.1945,0.0996,0.1992,-0.0558,0.1434,117,0.0
955.0,0.2731,0.3859,-0.1128,0.1942,0.199,0.1087,0.2175,-0.054,0.1635,121,0.0
955.2,0.2599,0.3836,-0.1237,0.1908,0.2035,0.1046,0.2091,-0.0555,0.1536,119,0.0
955.4,0.2624,0.3852,-0.1227,0.1931,0.208,0.1098,0.2197,-0.0539,0.1658,121,0.0
955.6,0.2686,0.3885,-0.1199,0.1979,0.2125,0.1166,0.2331,-0.0527,0.1804,123,0.0
955.8,0.2667,0.3931,-0.1264,0.2044,0.217,0.1158,0.2316,-0.057,0.1747,122,0.0
956.0,0.2675,0.3943,-0.1268,0.2062,0.2215,0.12,0.24,-0.0558,0.1842,124,0.0
956.2,0.283,0.3934,-0.1104,0.2049,0.2259,0.1376,0.2752,-0.0447,0.2306,131,0.0
956.4,0.2934,0.3992,-0.1057,0.2131,0.2304,0.1458,0.2916,-0.0442,0.2474,134,0.0
956.6,0.2813,0.3977,-0.1164,0.211,0.2348,0.1417,0.2834,-0.0463,0.2371,132,0.0
956.8,0.3015,0.4034,-0.1018,0.2191,0.2392,0.1577,0.3155,-0.0409,0.2746,138,0.0
957.0,0.2886,0.4062,-0.1175,0.2231,0.2436,0.1495,0.2991,-0.0485,0.2506,135,0.0
957.2,0.3084,0.4062,-0.0978,0.2231,0.2479,0.1697,0.3394,-0.0365,0.303,143,0.0
957.4,0.3104,0.4079,-0.0975,0.2256,0.2522,0.1742,0.3485,-0.0354,0.313,145,0.0
957.6,0.3215,0.411,-0.0895,0.23,0.2565,0.1849,0.3698,-0.0315,0.3383,149,0.0
957.8,0.3268,0.4144,-0.0876,0.2348,0.2608,0.1907,0.3814,-0.0308,0.3506,151,0.0
958.0,0.3237,0.4157,-0.0921,0.2368,0.265,0.1914,0.3827,-0.0319,0.3508,151,0.0
958.2,0.3223,0.4205,-0.0982,0.2436,0.2692,0.1906,0.3812,-0.0363,0.3448,150,0.0
958.4,0.3228,0.4251,-0.1023,0.2501,0.2733,0.1915,0.383,-0.0395,0.3434,149,0.0
958.6,0.3315,0.4227,-0.0912,0.2467,0.2774,0.2045,0.4089,-0.0303,0.3787,155,0.0
958.8,0.3458,0.425,-0.0792,0.2499,0.2814,0.2181,0.4362,-0.0238,0.4124,160,0.0
959.0,0.3563,0.4315,-0.0752,0.2593,0.2854,0.2253,0.4505,-0.0245,0.426,163,0.0
959.2,0.3567,0.4331,-0.0763,0.2615,0.2894,0.2283,0.4566,-0.0242,0.4324,164,0.0
959.4,0.3642,0.4342,-0.0699,0.2631,0.2932,0.2373,0.4746,-0.0199,0.4546,167,0.0
959.6,0.3568,0.4365,-0.0798,0.2665,0.2971,0.2332,0.4665,-0.0246,0.4419,165,0.0
959.8,0.3687,0.4444,-0.0757,0.2777,0.3008,0.2402,0.4804,-0.0263,0.4541,167,0.0
960.0,0.381,0.4473,-0.0663,0.2818,0.3045,0.2515,0.503,-0.0218,0.4812,171,0.0
960.2,0.3777,0.4477,-0.0699,0.2824,0.3081,0.2522,0.5044,-0.0221,0.4823,172,0.0
960.4,0.3772,0.4505,-0.0733,0.2865,0.3117,0.2531,0.5061,-0.024,0.4821,172,0.0
960.6,0.3845,0.4501,-0.0656,0.2859,0.3152,0.2627,0.5254,-0.0182,0.5072,176,0.0
960.8,0.3956,0.4503,-0.0547,0.2861,0.3186,0.2749,0.5498,-0.0111,0.5387,181,0.0
961.0,0.4025,0.4557,-0.0531,0.2938,0.322,0.2795,0.5589,-0.0125,0.5464,182,0.0
961.2,0.4038,0.4619,-0.0581,0.3028,0.3252,0.2787,0.5574,-0.0178,0.5396,181,0.0
961.4,0.4241,0.4615,-0.0374,0.3022,0.3284,0.2985,0.597,-0.0056,0.5915,189,0.0
961.6,0.4241,0.4654,-0.0413,0.3077,0.3315,0.2985,0.597,-0.0087,0.5883,189,0.0
961.8,0.4226,0.4706,-0.048,0.3152,0.3346,0.2962,0.5923,-0.0143,0.578,187,0.0
962.0,0.4233,0.4717,-0.0484,0.3167,0.3375,0.2988,0.5976,-0.0138,0.5839,188,0.0
962.2,0.4324,0.4713,-0.0389,0.3162,0.3404,0.3092,0.6185,-0.0074,0.6111,192,0.0
962.4,0.4339,0.4771,-0.0432,0.3245,0.3432,0.3086,0.6172,-0.0123,0.6049,191,0.0
962.6,0.4343,0.475,-0.0406,0.3214,0.3458,0.3133,0.6267,-0.0081,0.6186,193,0.0
962.8,0.4485,0.4759,-0.0274,0.3227,0.3484,0.3265,0.653,-0.0008,0.6522,199,0.0
963.0,0.4621,0.4819,-0.0198,0.3313,0.3509,0.3351,0.6701,-0.0001,0.6701,202,0.0
963.2,0.4532,0.4814,-0.0282,0.3305,0.3533,0.3308,0.6616,-0.0027,0.6589,200,0.0
963.4,0.4618,0.4877,-0.0259,0.3395,0.3556,0.3349,0.6698,-0.0049,0.6649,201,0.0
963.6,0.4739,0.4844,-0.0105,0.3349,0.3579,0.3495,0.6989,0.0062,0.7051,207,0.0
963.8,0.4664,0.4907,-0.0243,0.3439,0.36,0.3405,0.681,-0.0041,0.6769,203,0.0
964.0,0.4674,0.4944,-0.027,0.3492,0.362,0.3404,0.6807,-0.0071,0.6736,202,0.0
964.2,0.4694,0.4943,-0.0249,0.349,0.3639,0.344,0.688,-0.005,0.683,204,0.0
964.4,0.4796,0.4917,-0.0121,0.3453,0.3657,0.356,0.7121,0.0042,0.7163,209,0.0
964.6,0.4872,0.4996,-0.0124,0.3566,0.3674,0.3575,0.7149,-0.0008,0.7141,209,0.0
964.8,0.4811,0.4957,-0.0145,0.3509,0.369,0.3574,0.7148,0.0018,0.7166,209,0.0
965.0,0.4901,0.5006,-0.0105,0.3581,0.3705,0.3621,0.7242,0.001,0.7252,211,0.0
965.2,0.4961,0.4978,-0.0017,0.354,0.3719,0.3705,0.7411,0.0081,0.7492,214,0.0
965.4,0.4893,0.5029,-0.0137,0.3613,0.3732,0.3622,0.7245,-0.0009,0.7236,210,0.0
965.6,0.4966,0.5031,-0.0065,0.3615,0.3743,0.3691,0.7383,0.0031,0.7414,213,0.0
965.8,0.4972,0.5089,-0.0117,0.3698,0.3754,0.3661,0.7321,-0.003,0.7291,211,0.0
966.0,0.5004,0.5055,-0.0051,0.3649,0.3764,0.3723,0.7446,0.0032,0.7478,214,0.0
966.2,0.5022,0.5064,-0.0042,0.3663,0.3772,0.3738,0.7476,0.0033,0.751,215,0.0
966.4,0.4977,0.5117,-0.014,0.3738,0.3779,0.3667,0.7335,-0.005,0.7285,211,0.0
966.6,0.5019,0.5055,-0.0037,0.3651,0.3786,0.3756,0.7513,0.0049,0.7562,215,0.0
966.8,0.4982,0.5085,-0.0103,0.3692,0.3791,0.3708,0.7416,-0.0002,0.7414,213,0.0
967.0,0.515,0.5108,0.0041,0.3726,0.3795,0.38,0.76,0.0041,0.7641,217,0.0
967.2,0.5145,0.5084,0.0062,0.3691,0.3798,0.38,0.76,0.0061,0.7661,217,0.0
967.4,0.5122,0.512,0.0002,0.3743,0.3799,0.38,0.76,0.0029,0.7629,217,0.0
967.6,0.5044,0.516,-0.0116,0.38,0.38,0.3707,0.7414,-0.0058,0.7356,212,0.0
967.8,0.5021,0.5161,-0.014,0.3801,0.3799,0.3688,0.7375,-0.0071,0.7305,211,0.0
968.0,0.5096,0.5111,-0.0015,0.373,0.3798,0.3786,0.7572,0.0027,0.7599,216,0.0
968.2,0.5055,0.5143,-0.0088,0.3776,0.3795,0.3724,0.7449,-0.0035,0.7414,213,0.0
968.4,0.5179,0.5134,0.0044,0.3763,0.3791,0.38,0.76,0.0023,0.7623,216,0.0
968.6,0.5065,0.5173,-0.0108,0.3818,0.3786,0.37,0.74,-0.007,0.733,212,0.0
968.8,0.5126,0.5159,-0.0033,0.3799,0.378,0.3753,0.7507,-0.0026,0.7481,214,0.0
969.0,0.5052,0.5157,-0.0105,0.3796,0.3773,0.3689,0.7377,-0.0064,0.7313,212,0.0
969.2,0.5177,0.515,0.0027,0.3786,0.3765,0.3786,0.7572,0.0003,0.7575,216,0.0
969.4,0.506,0.5104,-0.0045,0.3721,0.3755,0.3719,0.7439,-0.0005,0.7434,213,0.0
969.6,0.5117,0.5107,0.001,0.3725,0.3745,0.3753,0.7505,0.0015,0.752,215,0.0
969.8,0.5184,0.5123,0.0061,0.3747,0.3733,0.3782,0.7564,0.0024,0.7587,216,0.0
970.0,0.507,0.5119,-0.0048,0.3741,0.372,0.3682,0.7363,-0.0034,0.7329,212,0.0
970.2,0.504,0.512,-0.008,0.3743,0.3707,0.3642,0.7285,-0.0058,0.7226,210,0.0
970.4,0.5171,0.5103,0.0069,0.3718,0.3692,0.3747,0.7493,0.0021,0.7514,215,0.0
970.6,0.5072,0.5143,-0.007,0.3775,0.3676,0.3619,0.7239,-0.0085,0.7154,209,0.0
970.8,0.4973,0.5147,-0.0174,0.3782,0.3659,0.3519,0.7039,-0.0149,0.689,205,0.0
971.0,0.4979,0.5148,-0.0168,0.3782,0.3641,0.3506,0.7012,-0.0155,0.6857,204,0.0
971.2,0.4989,0.5111,-0.0122,0.373,0.3622,0.3524,0.7049,-0.0115,0.6934,205,0.0
971.4,0.5069,0.5118,-0.0049,0.374,0.3602,0.3563,0.7126,-0.0093,0.7033,207,0.0
971.6,0.4926,0.5093,-0.0167,0.3704,0.3581,0.3447,0.6895,-0.0145,0.675,202,0.0
971.8,0.4867,0.5071,-0.0205,0.3674,0.3559,0.3395,0.679,-0.016,0.6631,201,0.0
972.0,0.4984,0.5055,-0.0071,0.365,0.3536,0.3479,0.6958,-0.0093,0.6865,204,0.0
972.2,0.4912,0.5086,-0.0174,0.3694,0.3512,0.3373,0.6745,-0.0178,0.6567,200,0.0
972.4,0.4794,0.5059,-0.0265,0.3656,0.3487,0.3275,0.655,-0.0217,0.6334,196,0.0
972.6,0.4902,0.4992,-0.0091,0.3561,0.3461,0.3388,0.6777,-0.0095,0.6682,201,0.0
972.8,0.4826,0.5001,-0.0175,0.3573,0.3434,0.3294,0.6589,-0.0157,0.6432,197,0.0
973.0,0.4712,0.501,-0.0298,0.3585,0.3407,0.3168,0.6337,-0.0238,0.6099,192,0.0
973.2,0.4696,0.4972,-0.0276,0.3531,0.3378,0.3158,0.6315,-0.0214,0.6101,192,0.0
973.4,0.4697,0.5002,-0.0306,0.3575,0.3349,0.3104,0.6209,-0.0266,0.5943,190,0.0
973.6,0.4606,0.498,-0.0374,0.3543,0.3319,0.302,0.6039,-0.0299,0.574,186,0.0
973.8,0.4644,0.4913,-0.0269,0.3448,0.3288,0.3072,0.6145,-0.0215,0.593,189,0.0
974.0,0.4623,0.4899,-0.0276,0.3427,0.3256,0.3035,0.607,-0.0224,0.5846,188,0.0
974.2,0.455,0.4891,-0.0341,0.3415,0.3223,0.295,0.59,-0.0267,0.5634,185,0.0
974.4,0.444,0.4876,-0.0436,0.3394,0.319,0.2841,0.5682,-0.032,0.5362,180,0.0
974.6,0.4499,0.4843,-0.0344,0.3348,0.3156,0.288,0.576,-0.0268,0.5492,182,0.0
974.8,0.4317,0.4868,-0.0551,0.3383,0.3121,0.268,0.536,-0.0407,0.4954,174,0.0
975.0,0.4267,0.4819,-0.0552,0.3313,0.3085,0.2644,0.5288,-0.039,0.4898,173,0.0
975.2,0.4374,0.4804,-0.0431,0.3292,0.3049,0.2704,0.5408,-0.0337,0.5071,176,0.0
975.4,0.4215,0.4786,-0.0572,0.3266,0.3012,0.2555,0.511,-0.0413,0.4697,170,0.0
975.6,0.4231,0.4773,-0.0541,0.3247,0.2975,0.2541,0.5083,-0.0407,0.4676,169,0.0
975.8,0.4185,0.4708,-0.0522,0.3154,0.2936,0.2519,0.5037,-0.037,0.4667,169,0.0
976.0,0.4182,0.4687,-0.0505,0.3124,0.2898,0.2494,0.4988,-0.0366,0.4622,168,0.0
976.2,0.409,0.4678,-0.0587,0.3111,0.2858,0.2389,0.4777,-0.042,0.4357,164,0.0
976.4,0.4043,0.4629,-0.0586,0.3041,0.2819,0.235,0.4699,-0.0404,0.4295,163,0.0
976.6,0.389,0.4658,-0.0768,0.3083,0.2778,0.2164,0.4328,-0.0536,0.3792,155,0.0
976.8,0.3838,0.4636,-0.0798,0.3051,0.2737,0.2099,0.4198,-0.0556,0.3642,153,0.0
977.0,0.3842,0.4554,-0.0712,0.2935,0.2696,0.2126,0.4253,-0.0476,0.3777,155,0.0
977.2,0.377,0.4575,-0.0805,0.2965,0.2654,0.201,0.4021,-0.0558,0.3463,150,0.0
977.4,0.3747,0.454,-0.0793,0.2915,0.2612,0.1978,0.3956,-0.0548,0.3408,149,0.0
977.6,0.3657,0.4479,-0.0822,0.2827,0.257,0.1912,0.3825,-0.054,0.3285,147,0.0
977.8,0.3697,0.4451,-0.0753,0.2787,0.2527,0.1924,0.3848,-0.0507,0.3342,148,0.0
978.0,0.3611,0.4425,-0.0814,0.2749,0.2484,0.1833,0.3665,-0.054,0.3126,145,0.0
978.2,0.3436,0.4418,-0.0982,0.2741,0.244,0.1655,0.3309,-0.0641,0.2668,137,0.0
978.4,0.3551,0.4374,-0.0823,0.2677,0.2397,0.1738,0.3476,-0.0552,0.2925,141,0.0
978.6,0.3311,0.4374,-0.1064,0.2678,0.2353,0.1502,0.3003,-0.0694,0.2309,131,0.0
978.8,0.3305,0.4362,-0.1057,0.266,0.2308,0.1463,0.2926,-0.0704,0.2222,130,0.0
979.0,0.3342,0.4328,-0.0986,0.2611,0.2264,0.1475,0.295,-0.0667,0.2284,131,0.0
979.2,0.3271,0.4246,-0.0975,0.2494,0.2219,0.1439,0.2878,-0.0625,0.2253,131,0.0
979.4,0.3149,0.4227,-0.1078,0.2467,0.2175,0.1312,0.2625,-0.0685,0.194,126,0.0
979.6,0.3126,0.4212,-0.1086,0.2445,0.213,0.1261,0.2522,-0.0701,0.1821,124,0.0
979.8,0.3084,0.4183,-0.1099,0.2404,0.2085,0.1206,0.2412,-0.0709,0.1703,122,0.0
980.0,0.2995,0.4189,-0.1194,0.2412,0.204,0.1085,0.2169,-0.0783,0.1386,117,0.0
980.2,0.2808,0.4136,-0.1328,0.2337,0.1995,0.0932,0.1865,-0.0835,0.1029,111,0.0
980.4,0.2755,0.4068,-0.1314,0.2241,0.195,0.0899,0.1798,-0.0802,0.0996,110,0.0
980.6,0.2732,0.4038,-0.1307,0.2198,0.1905,0.086,0.1719,-0.08,0.0919,109,0.0
980.8,0.2768,0.4042,-0.1275,0.2204,0.186,0.084,0.168,-0.0809,0.0871,108,0.0
981.0,0.2658,0.4003,-0.1345,0.2147,0.1815,0.074,0.1479,-0.0838,0.0641,105,0.0
981.2,0.2612,0.3972,-0.1361,0.2103,0.177,0.0682,0.1364,-0.0847,0.0517,103,0.0
981.4,0.246,0.3921,-0.1461,0.203,0.1726,0.0557,0.1115,-0.0882,0.0,0,0.0
981.6,0.2528,0.3719,-0.1192,0.1742,0.1681,0.0728,0.1457,-0.0626,0.0831,108,0.0
981.8,0.2495,0.3713,-0.1218,0.1734,0.1637,0.0663,0.1326,-0.0657,0.0,0,0.0
982.0,0.2528,0.3573,-0.1045,0.1533,0.1593,0.0757,0.1514,-0.0492,0.1022,111,0.0
982.2,0.2395,0.3634,-0.1238,0.1619,0.155,0.0559,0.1118,-0.0654,0.0,0,0.0
982.4,0.2478,0.347,-0.0991,0.1385,0.1506,0.0713,0.1427,-0.0435,0.0,0,0.0
982.6,0.2497,0.3304,-0.0807,0.1149,0.1463,0.0818,0.1635,-0.0246,0.0,0,0.0
982.8,0.2737,0.3154,-0.0417,0.0934,0.142,0.1087,0.2173,0.0034,0.2208,130,0.0
983.0,0.2727,0.3293,-0.0566,0.1133,0.1378,0.0925,0.185,-0.0161,0.1689,122,0.0
983.2,0.2756,0.345,-0.0694,0.1358,0.1336,0.0781,0.1561,-0.0358,0.1204,114,0.0
983.4,0.2636,0.3527,-0.0892,0.1468,0.1294,0.0581,0.1162,-0.0532,0.063,105,0.0
983.6,0.2656,0.3533,-0.0877,0.1475,0.1253,0.0552,0.1103,-0.0549,0.0554,103,0.0
983.8,0.2642,0.3563,-0.0921,0.1519,0.1212,0.0475,0.0951,-0.0614,0.0337,100,0.0
984.0,0.2562,0.3628,-0.1065,0.1611,0.1172,0.032,0.064,-0.0752,0.0,0,0.0
984.2,0.2439,0.3414,-0.0975,0.1306,0.1132,0.0353,0.0705,-0.0574,0.0,0,0.0
984.4,0.2492,0.3306,-0.0814,0.1151,0.1093,0.0442,0.0884,-0.0436,0.0,0,0.0
984.6,0.2396,0.3192,-0.0797,0.0989,0.1055,0.0417,0.0835,-0.0365,0.0,0,0.0
984.8,0.2527,0.3089,-0.0562,0.0841,0.1017,0.0568,0.1135,-0.0193,0.0942,110,0.0
985.0,0.247,0.3214,-0.0744,0.102,0.0979,0.0384,0.0768,-0.0392,0.0,0,0.0
985.2,0.257,0.3102,-0.0532,0.086,0.0943,0.0517,0.1034,-0.0224,0.081,107,0.0
985.4,0.2455,0.3231,-0.0776,0.1044,0.0907,0.0286,0.0571,-0.0457,0.0,0,0.0
985.6,0.2587,0.3097,-0.0511,0.0853,0.0871,0.0462,0.0925,-0.0247,0.0678,105,0.0
985.8,0.2473,0.3184,-0.0711,0.0978,0.0836,0.0267,0.0535,-0.0426,0.0,0,0.0
986.0,0.2476,0.3102,-0.0627,0.0861,0.0802,0.0301,0.0602,-0.0342,0.0,0,0.0
986.2,0.2585,0.2973,-0.0388,0.0675,0.0769,0.0459,0.0917,-0.0147,0.077,107,0.0
986.4,0.2535,0.3093,-0.0558,0.0847,0.0737,0.0291,0.0581,-0.0334,0.0247,98,0.0
986.6,0.2302,0.3195,-0.0892,0.0992,0.0705,0.0,0.0,-0.0585,0.0,0,0.0
986.8,0.2413,0.3086,-0.0672,0.0837,0.0674,0.0136,0.0273,-0.0417,0.0,0,0.0
987.0,0.2353,0.3048,-0.0695,0.0783,0.0644,0.0088,0.0176,-0.0417,0.0,0,0.0
987.2,0.2412,0.2906,-0.0494,0.058,0.0615,0.022,0.044,-0.0229,0.0,0,0.0
987.4,0.2262,0.2875,-0.0614,0.0536,0.0587,0.0096,0.0192,-0.0281,0.0,0,0.0
987.6,0.2434,0.2783,-0.0348,0.0404,0.0559,0.0281,0.0561,-0.0097,0.0,0,0.0
987.8,0.2371,0.2781,-0.0409,0.0401,0.0533,0.0205,0.0411,-0.0139,0.0,0,0.0
988.0,0.2378,0.2728,-0.035,0.0326,0.0507,0.0227,0.0454,-0.0085,0.0,0,0.0
988.2,0.2367,0.2677,-0.031,0.0253,0.0,0.0,0.0,-0.0158,0.0,0,0.0
988.4,0.2384,0.2677,-0.0293,0.0253,0.0,0.0,0.0,-0.0156,0.0,0,0.0
988.6,0.2281,0.2613,-0.0333,0.0162,0.0,0.0,0.0,-0.0114,0.0,0,0.0
988.8,0.2261,0.2622,-0.0361,0.0174,0.0,0.0,0.0,-0.0123,0.0,0,0.0
989.0,0.2181,0.2577,-0.0396,0.011,0.0,0.0,0.0,-0.0095,0.0,0,0.0
989.2,0.2206,0.2569,-0.0364,0.0099,0.0,0.0,0.0,-0.0086,0.0,0,0.0
989.4,0.2109,0.2557,-0.0448,0.0081,0.0,0.0,0.0,-0.0085,0.0,0,0.0
989.6,0.2085,0.2581,-0.0497,0.0116,0.0,0.0,0.0,-0.0108,0.0,0,0.0
989.8,0.2069,0.2544,-0.0475,0.0063,0.0,0.0,0.0,-0.0079,0.0,0,0.0
990.0,0.2036,0.2544,-0.0508,0.0063,0.0,0.0,0.0,-0.0082,0.0,0,0.0
990.2,0.2155,0.2514,-0.0359,0.002,0.0,0.0,0.0,-0.0046,0.0,0,0.0
990.4,0.2171,0.2549,-0.0377,0.007,0.0,0.0,0.0,-0.0073,0.0,0,0.0
990.6,0.2153,0.2556,-0.0403,0.0081,0.0,0.0,0.0,-0.0081,0.0,0,0.0
990.8,0.2131,0.2539,-0.0409,0.0056,0.0,0.0,0.0,-0.0069,0.0,0,0.0
991.0,0.2034,0.255,-0.0515,0.0071,0.0,0.0,0.0,-0.0087,0.0,0,0.0
991.2,0.2091,0.25,-0.0409,0.0,0.0,0.0,0.0,-0.0041,0.0,0,0.0
991.4,0.2032,0.25,-0.0468,0.0,0.0,0.0,0.0,-0.0047,0.0,0,0.0
991.6,0.1983,0.25,-0.0517,0.0,0.0,0.0,0.0,-0.0052,0.0,0,0.0
991.8,0.203,0.2524,-0.0494,0.0034,0.0,0.0,0.0,-0.0066,0.0,0,0.0
992.0,0.2063,0.25,-0.0437,0.0,0.0,0.0,0.0,-0.0044,0.0,0,0.0
992.2,0.2141,0.25,-0.0359,0.0,0.0,0.0,0.0,-0.0036,0.0,0,0.0
992.4,0.2092,0.25,-0.0408,0.0,0.0,0.0,0.0,-0.0041,0.0,0,0.0
992.6,0.2119,0.2527,-0.0408,0.0038,0.0,0.0,0.0,-0.006,0.0,0,0.0
992.8,0.2016,0.2523,-0.0507,0.0033,0.0,0.0,0.0,-0.0067,0.0,0,0.0
993.0,0.2044,0.25,-0.0456,0.0,0.0,0.0,0.0,-0.0046,0.0,0,0.0
993.2,0.208,0.2504,-0.0424,0.0006,0.0,0.0,0.0,-0.0045,0.0,0,0.0
993.4,0.2041,0.25,-0.0459,0.0,0.0,0.0,0.0,-0.0046,0.0,0,0.0
993.6,0.2009,0.2512,-0.0503,0.0017,0.0,0.0,0.0,-0.0059,0.0,0,0.0
993.8,0.1988,0.25,-0.0512,0.0,0.0,0.0,0.0,-0.0051,0.0,0,0.0
994.0,0.1975,0.25,-0.0525,0.0,0.0,0.0,0.0,-0.0053,0.0,0,0.0
994.2,0.2015,0.25,-0.0485,0.0,0.0,0.0,0.0,-0.0049,0.0,0,0.0
994.4,0.2052,0.25,-0.0448,0.0,0.0,0.0,0.0,-0.0045,0.0,0,0.0
994.6,0.2014,0.25,-0.0486,0.0,0.0,0.0,0.0,-0.0049,0.0,0,0.0
994.8,0.2117,0.25,-0.0383,0.0,0.0,0.0,0.0,-0.0038,0.0,0,0.0
995.0,0.2047,0.25,-0.0453,0.0,0.0,0.0,0.0,-0.0045,0.0,0,0.0
995.2,0.2077,0.2512,-0.0435,0.0017,0.0,0.0,0.0,-0.0052,0.0,0,0.0
995.4,0.2112,0.2509,-0.0397,0.0013,0.0,0.0,0.0,-0.0046,0.0,0,0.0
995.6,0.204,0.2529,-0.0489,0.0041,0.0,0.0,0.0,-0.0069,0.0,0,0.0
995.8,0.2131,0.2533,-0.0403,0.0048,0.0,0.0,0.0,-0.0064,0.0,0,0.0
996.0,0.2045,0.25,-0.0455,0.0,0.0,0.0,0.0,-0.0046,0.0,0,0.0
996.2,0.2116,0.2521,-0.0405,0.003,0.0,0.0,0.0,-0.0056,0.0,0,0.0
996.4,0.2106,0.25,-0.0394,0.0,0.0,0.0,0.0,-0.0039,0.0,0,0.0
996.6,0.205,0.2515,-0.0466,0.0022,0.0,0.0,0.0,-0.0058,0.0,0,0.0
996.8,0.2,0.2505,-0.0505,0.0008,0.0,0.0,0.0,-0.0054,0.0,0,0.0
997.0,0.1987,0.251,-0.0524,0.0015,0.0,0.0,0.0,-0.006,0.0,0,0.0
997.2,0.2112,0.25,-0.0388,0.0,0.0,0.0,0.0,-0.0039,0.0,0,0.0
997.4,0.2067,0.25,-0.0433,0.0,0.0,0.0,0.0,-0.0043,0.0,0,0.0
997.6,0.2159,0.2533,-0.0375,0.0047,0.0522,0.0222,0.0444,0.005,0.0,0,0.0
997.8,0.2267,0.25,-0.0233,0.0,0.0548,0.0362,0.0723,0.0158,0.0,0,0.0
998.0,0.2314,0.25,-0.0186,0.0,0.0575,0.0426,0.0853,0.0195,0.0,0,0.0
998.2,0.2555,0.2508,0.0047,0.0011,0.0603,0.064,0.1281,0.032,0.16,120,0.0
998.4,0.2596,0.2694,-0.0098,0.0277,0.0632,0.0553,0.1107,0.0129,0.1235,114,0.0
998.6,0.2629,0.2874,-0.0245,0.0535,0.0661,0.0465,0.093,-0.0059,0.0871,108,0.0
998.8,0.2603,0.3022,-0.0418,0.0745,0.0692,0.0357,0.0714,-0.0236,0.0478,102,0.0
999.0,0.2467,0.313,-0.0662,0.09,0.0723,0.0193,0.0386,-0.042,0.0,0,0.0
999.2,0.2611,0.3021,-0.0411,0.0745,0.0755,0.0427,0.0853,-0.02,0.0653,105,0.0
999.4,0.2489,0.316,-0.0671,0.0943,0.0788,0.0251,0.0502,-0.0413,0.0,0,0.0
999.6,0.2583,0.3091,-0.0508,0.0844,0.0822,0.0415,0.083,-0.0266,0.0564,104,0.0
999.8,0.2451,0.3138,-0.0688,0.0912,0.0856,0.0306,0.0612,-0.0372,0.0,0,0.0
1000.0,0.2395,0.3062,-0.0667,0.0803,0.0891,0.0358,0.0716,-0.0289,0.0,0,0.0
1000.2,0.2444,0.297,-0.0525,0.0671,0.0927,0.0507,0.1013,-0.0135,0.0,0,0.0
1000.4,0.2652,0.2945,-0.0292,0.0635,0.0963,0.073,0.1459,0.0018,0.1477,118,0.0
1000.6,0.2624,0.3064,-0.044,0.0806,0.1,0.0649,0.1297,-0.0123,0.1175,113,0.0
1000.8,0.2734,0.3188,-0.0454,0.0983,0.1038,0.0675,0.135,-0.0199,0.1151,113,0.0
1001.0,0.2613,0.3268,-0.0654,0.1097,0.1077,0.0553,0.1106,-0.0337,0.0769,107,0.0
1001.2,0.2532,0.3353,-0.0821,0.1219,0.1115,0.0459,0.0917,-0.0462,0.0455,102,0.0
1001.4,0.2657,0.3456,-0.0798,0.1365,0.1155,0.0516,0.1032,-0.0504,0.0528,103,0.0
1001.6,0.2511,0.3458,-0.0947,0.1368,0.1195,0.0437,0.0875,-0.056,0.0315,100,0.0
1001.8,0.2556,0.3513,-0.0957,0.1447,0.1235,0.047,0.094,-0.0584,0.0356,100,0.0
1002.0,0.253,0.3552,-0.1022,0.1503,0.1276,0.0458,0.0917,-0.0625,0.0292,99,0.0
1002.2,0.2367,0.3585,-0.1218,0.155,0.1318,0.0343,0.0687,-0.0725,0.0,0,0.0
1002.4,0.2446,0.3413,-0.0967,0.1304,0.136,0.0586,0.1172,-0.0455,0.0,0,0.0
1002.6,0.2485,0.3272,-0.0788,0.1103,0.1402,0.0772,0.1544,-0.0244,0.0,0,0.0
1002.8,0.2664,0.3165,-0.0501,0.0949,0.1445,0.1044,0.2088,-0.0003,0.2085,128,0.0
1003.0,0.2589,0.3289,-0.07,0.1128,0.1488,0.0927,0.1854,-0.017,0.1684,121,0.0
1003.2,0.2663,0.3375,-0.0711,0.125,0.1531,0.0962,0.1924,-0.0215,0.1709,122,0.0
1003.4,0.2771,0.3474,-0.0703,0.1391,0.1574,0.1012,0.2023,-0.026,0.1763,123,0.0
1003.6,0.2723,0.3601,-0.0879,0.1573,0.1618,0.0915,0.1831,-0.0417,0.1414,117,0.0
1003.8,0.2715,0.3646,-0.0931,0.1637,0.1662,0.0918,0.1835,-0.0453,0.1382,117,0.0
1004.0,0.2726,0.3706,-0.0981,0.1723,0.1707,0.0922,0.1844,-0.0499,0.1346,116,0.0
1004.2,0.2737,0.3748,-0.1011,0.1783,0.1751,0.0942,0.1885,-0.0521,0.1364,116,0.0
1004.4,0.2841,0.3729,-0.0888,0.1756,0.1796,0.1085,0.2171,-0.0424,0.1747,122,0.0
1004.6,0.2779,0.3754,-0.0974,0.1791,0.1841,0.1061,0.2122,-0.0462,0.166,121,0.0
1004.8,0.2747,0.3826,-0.1078,0.1894,0.1885,0.1023,0.2046,-0.0543,0.1502,119,0.0
1005.0,0.2667,0.3859,-0.1192,0.1941,0.193,0.0977,0.1954,-0.0601,0.1352,116,0.0
1005.2,0.2803,0.3876,-0.1073,0.1966,0.1975,0.1117,0.2234,-0.0532,0.1702,122,0.0
1005.4,0.2706,0.3887,-0.1181,0.1982,0.202,0.1076,0.2151,-0.0571,0.158,120,0.0
1005.6,0.2788,0.3899,-0.111,0.1998,0.2065,0.1177,0.2354,-0.0522,0.1833,124,0.0
1005.8,0.2731,0.3882,-0.115,0.1974,0.211,0.119,0.238,-0.0507,0.1873,124,0.0
1006.0,0.2797,0.3944,-0.1146,0.2062,0.2155,0.1238,0.2476,-0.0527,0.195,126,0.0
1006.2,0.2885,0.3934,-0.1049,0.2049,0.22,0.1361,0.2721,-0.0449,0.2272,131,0.0
1006.4,0.2897,0.395,-0.1052,0.2071,0.2245,0.1403,0.2805,-0.0439,0.2366,132,0.0
1006.6,0.2953,0.3989,-0.1036,0.2127,0.2289,0.1461,0.2921,-0.0437,0.2484,134,0.0
1006.8,0.2912,0.4041,-0.1129,0.2201,0.2333,0.143,0.2861,-0.0498,0.2363,132,0.0
1007.0,0.2964,0.4025,-0.1061,0.2179,0.2378,0.1529,0.3057,-0.0431,0.2626,137,0.0
1007.2,0.2932,0.4094,-0.1162,0.2277,0.2421,0.1492,0.2983,-0.0509,0.2474,134,0.0
1007.4,0.2966,0.4098,-0.1131,0.2282,0.2465,0.156,0.312,-0.0474,0.2645,137,0.0
1007.6,0.3211,0.4108,-0.0898,0.2298,0.2508,0.179,0.358,-0.0344,0.3237,146,0.0
1007.8,0.3217,0.4108,-0.0891,0.2297,0.2551,0.1838,0.3677,-0.0318,0.3359,148,0.0
1008.0,0.3297,0.4156,-0.0859,0.2365,0.2594,0.1907,0.3813,-0.0315,0.3498,150,0.0
1008.2,0.3286,0.4185,-0.0898,0.2407,0.2636,0.1918,0.3835,-0.0334,0.3501,151,0.0
1008.4,0.3319,0.421,-0.089,0.2443,0.2678,0.1966,0.3932,-0.0327,0.3604,152,0.0
1008.6,0.3293,0.423,-0.0937,0.2472,0.272,0.197,0.3939,-0.0345,0.3595,152,0.0
1008.8,0.3305,0.4232,-0.0927,0.2475,0.2761,0.2019,0.4038,-0.0321,0.3717,154,0.0
1009.0,0.3532,0.4255,-0.0723,0.2507,0.2801,0.2223,0.4446,-0.0214,0.4231,162,0.0
1009.2,0.3503,0.4301,-0.0798,0.2573,0.2841,0.2203,0.4406,-0.0265,0.4141,161,0.0
1009.4,0.3449,0.4333,-0.0884,0.2619,0.2881,0.2174,0.4347,-0.0311,0.4036,159,0.0
1009.6,0.3672,0.4378,-0.0706,0.2682,0.292,0.2355,0.471,-0.0234,0.4476,166,0.0
1009.8,0.3599,0.4381,-0.0782,0.2687,0.2958,0.2333,0.4665,-0.0255,0.441,165,0.0
1010.0,0.3618,0.4381,-0.0762,0.2687,0.2996,0.2386,0.4772,-0.0227,0.4545,167,0.0
1010.2,0.3724,0.4454,-0.073,0.2792,0.3033,0.2449,0.4898,-0.0244,0.4654,169,0.0
1010.4,0.3857,0.4429,-0.0572,0.2755,0.307,0.2612,0.5224,-0.0129,0.5095,176,0.0
1010.6,0.3861,0.4475,-0.0614,0.2821,0.3105,0.2614,0.5229,-0.0165,0.5064,176,0.0
1010.8,0.3999,0.4505,-0.0506,0.2865,0.3141,0.2736,0.5471,-0.0115,0.5356,180,0.0
1011.0,0.4008,0.4582,-0.0574,0.2975,0.3175,0.2716,0.5431,-0.0187,0.5245,178,0.0
1011.2,0.3967,0.4541,-0.0574,0.2916,0.3209,0.275,0.5499,-0.014,0.5359,180,0.0
1011.4,0.4128,0.4581,-0.0453,0.2973,0.3242,0.2879,0.5758,-0.0092,0.5666,185,0.0
1011.6,0.4214,0.465,-0.0435,0.3071,0.3274,0.2926,0.5851,-0.0116,0.5735,186,0.0
1011.8,0.4246,0.4636,-0.039,0.3052,0.3305,0.2993,0.5987,-0.0068,0.5919,189,0.0
1012.0,0.4131,0.4654,-0.0522,0.3077,0.3336,0.2918,0.5836,-0.0132,0.5704,186,0.0
1012.2,0.4167,0.4719,-0.0553,0.3171,0.3366,0.2923,0.5847,-0.0179,0.5668,185,0.0
1012.4,0.4394,0.4728,-0.0334,0.3183,0.3395,0.3127,0.6254,-0.0061,0.6193,194,0.0
1012.6,0.4258,0.4768,-0.0511,0.324,0.3423,0.3014,0.6028,-0.0164,0.5864,188,0.0
1012.8,0.4353,0.4774,-0.042,0.3248,0.345,0.3113,0.6227,-0.0109,0.6118,192,0.0
1013.0,0.4409,0.4734,-0.0325,0.3192,0.3476,0.3216,0.6431,-0.0021,0.6411,197,0.0
1013.2,0.4473,0.4766,-0.0293,0.3237,0.3501,0.3267,0.6534,-0.0014,0.6519,199,0.0
1013.4,0.4544,0.4797,-0.0253,0.3281,0.3526,0.3324,0.6647,-0.0004,0.6643,201,0.0
1013.6,0.4633,0.4868,-0.0235,0.3382,0.3549,0.3361,0.6722,-0.0034,0.6688,202,0.0
1013.8,0.4582,0.4885,-0.0303,0.3407,0.3571,0.3329,0.6658,-0.0069,0.6589,200,0.0
1014.0,0.4632,0.4913,-0.0281,0.3447,0.3593,0.3368,0.6736,-0.0067,0.6669,201,0.0
1014.2,0.4718,0.4897,-0.0179,0.3424,0.3613,0.347,0.694,0.0005,0.6945,206,0.0
1014.4,0.4657,0.4947,-0.0289,0.3495,0.3633,0.3401,0.6802,-0.0076,0.6726,202,0.0
1014.6,0.4685,0.4896,-0.0211,0.3423,0.3651,0.3482,0.6964,0.0008,0.6973,206,0.0
1014.8,0.4888,0.4978,-0.009,0.354,0.3669,0.3597,0.7193,0.002,0.7213,210,0.0
1015.0,0.4892,0.4976,-0.0084,0.3537,0.3685,0.3618,0.7235,0.0032,0.7267,211,0.0
1015.2,0.4852,0.5017,-0.0164,0.3595,0.37,0.3569,0.7137,-0.003,0.7108,208,0.0
1015.4,0.4915,0.5003,-0.0088,0.3576,0.3714,0.3644,0.7289,0.0026,0.7314,212,0.0
1015.6,0.4936,0.5025,-0.0089,0.3607,0.3728,0.3657,0.7313,0.0016,0.7329,212,0.0
1015.8,0.4997,0.5044,-0.0047,0.3634,0.374,0.3702,0.7404,0.0029,0.7433,213,0.0
1016.0,0.4984,0.5029,-0.0045,0.3613,0.3751,0.3715,0.7429,0.0046,0.7475,214,0.0
1016.2,0.4988,0.5061,-0.0072,0.3658,0.3761,0.3703,0.7405,0.0015,0.742,213,0.0
1016.4,0.4928,0.5102,-0.0174,0.3717,0.3769,0.363,0.7261,-0.0061,0.72,210,0.0
1016.6,0.4973,0.5102,-0.0128,0.3717,0.3777,0.3674,0.7349,-0.0034,0.7315,212,0.0
1016.8,0.5104,0.5067,0.0037,0.3667,0.3784,0.38,0.76,0.007,0.767,217,0.0
1017.0,0.5073,0.5123,-0.0051,0.3748,0.3789,0.3749,0.7497,-0.0005,0.7492,214,0.0
1017.2,0.5053,0.5085,-0.0032,0.3693,0.3794,0.3768,0.7536,0.0034,0.757,216,0.0
1017.4,0.5003,0.5123,-0.012,0.3748,0.3797,0.3701,0.7402,-0.0035,0.7366,212,0.0
1017.6,0.5146,0.5116,0.0029,0.3737,0.3799,0.38,0.76,0.0034,0.7634,217,0.0
1017.8,0.5076,0.5147,-0.0071,0.3782,0.38,0.3743,0.7486,-0.0026,0.746,214,0.0
1018.0,0.5138,0.5111,0.0027,0.3731,0.38,0.38,0.76,0.0037,0.7637,217,0.0
1018.2,0.5182,0.5106,0.0076,0.3723,0.3799,0.38,0.76,0.0046,0.7646,217,0.0
1018.4,0.5196,0.512,0.0076,0.3742,0.3796,0.38,0.76,0.0037,0.7637,217,0.0
1018.6,0.5085,0.5128,-0.0043,0.3755,0.3793,0.3758,0.7516,-0.0003,0.7513,215,0.0
1018.8,0.5125,0.5164,-0.0039,0.3806,0.3788,0.3757,0.7514,-0.0028,0.7485,214,0.0
1019.0,0.512,0.5161,-0.0041,0.3801,0.3782,0.3749,0.7499,-0.003,0.7469,214,0.0
1019.2,0.5092,0.5162,-0.007,0.3803,0.3775,0.372,0.744,-0.0048,0.7391,213,0.0
1019.4,0.5155,0.5155,0.0,0.3793,0.3767,0.3768,0.7535,-0.0013,0.7522,215,0.0
1019.6,0.5031,0.5159,-0.0128,0.3799,0.3758,0.3656,0.7312,-0.0084,0.7228,210,0.0
1019.8,0.5171,0.5105,0.0066,0.3721,0.3748,0.38,0.76,0.0046,0.7646,217,0.0
1020.0,0.5175,0.5152,0.0023,0.3789,0.3737,0.3755,0.751,-0.0015,0.7495,214,0.0
1020.2,0.5114,0.518,-0.0066,0.3828,0.3725,0.3672,0.7344,-0.0085,0.726,211,0.0
1020.4,0.5043,0.5148,-0.0105,0.3783,0.3711,0.3627,0.7255,-0.0088,0.7167,209,0.0
1020.6,0.5107,0.5119,-0.0012,0.3741,0.3697,0.3687,0.7374,-0.0028,0.7346,212,0.0
1020.8,0.5025,0.5122,-0.0097,0.3746,0.3681,0.3603,0.7207,-0.0081,0.7126,209,0.0
1021.0,0.5036,0.5136,-0.0099,0.3765,0.3664,0.3585,0.717,-0.01,0.707,208,0.0
1021.2,0.5087,0.5105,-0.0018,0.3722,0.3647,0.3633,0.7266,-0.0046,0.7219,210,0.0
1021.4,0.4923,0.5104,-0.0181,0.3719,0.3628,0.3483,0.6967,-0.0136,0.6831,204,0.0
1021.6,0.4996,0.5071,-0.0075,0.3672,0.3608,0.3549,0.7098,-0.0069,0.7028,207,0.0
1021.8,0.5007,0.5077,-0.007,0.3681,0.3588,0.3532,0.7064,-0.0082,0.6983,206,0.0
1022.0,0.4844,0.5095,-0.0251,0.3707,0.3566,0.3366,0.6731,-0.0196,0.6535,199,0.0
1022.2,0.4929,0.5039,-0.011,0.3627,0.3543,0.3455,0.6911,-0.0097,0.6814,204,0.0
1022.4,0.4857,0.507,-0.0213,0.3671,0.352,0.335,0.6699,-0.0182,0.6517,199,0.0
1022.6,0.4899,0.502,-0.012,0.3599,0.3495,0.3399,0.6798,-0.0112,0.6686,201,0.0
1022.8,0.4858,0.5015,-0.0156,0.3592,0.347,0.3345,0.6689,-0.0139,0.655,199,0.0
1023.0,0.4865,0.5004,-0.0139,0.3577,0.3443,0.3332,0.6664,-0.0136,0.6528,199,0.0
1023.2,0.4689,0.4996,-0.0307,0.3565,0.3416,0.3171,0.6341,-0.0228,0.6113,192,0.0
1023.4,0.4634,0.4986,-0.0352,0.3552,0.3388,0.3106,0.6212,-0.0258,0.5955,190,0.0
1023.6,0.4746,0.4943,-0.0197,0.349,0.3359,0.3201,0.6402,-0.0164,0.6238,194,0.0
1023.8,0.4701,0.4939,-0.0238,0.3484,0.3329,0.3138,0.6277,-0.0197,0.608,192,0.0
1024.0,0.4527,0.4978,-0.0451,0.354,0.3298,0.2937,0.5874,-0.0347,0.5527,183,0.0
1024.2,0.4637,0.4901,-0.0264,0.343,0.3266,0.3055,0.611,-0.0214,0.5896,189,0.0
1024.4,0.4605,0.491,-0.0305,0.3443,0.3234,0.299,0.5979,-0.0257,0.5722,186,0.0
1024.6,0.4545,0.4901,-0.0356,0.343,0.3201,0.2916,0.5832,-0.0292,0.554,183,0.0
1024.8,0.4539,0.4847,-0.0308,0.3353,0.3167,0.292,0.5841,-0.0247,0.5594,184,0.0
1025.0,0.4432,0.483,-0.0398,0.3329,0.3132,0.2814,0.5627,-0.0297,0.533,180,0.0
1025.2,0.4359,0.4845,-0.0487,0.335,0.3097,0.2708,0.5415,-0.037,0.5045,175,0.0
1025.4,0.4301,0.4825,-0.0524,0.3321,0.3061,0.2642,0.5284,-0.0392,0.4892,173,0.0
1025.6,0.4206,0.4787,-0.0581,0.3267,0.3024,0.256,0.5119,-0.0412,0.4707,170,0.0
1025.8,0.4297,0.4759,-0.0462,0.3227,0.2987,0.2617,0.5234,-0.0351,0.4883,173,0.0
1026.0,0.4063,0.4745,-0.0682,0.3207,0.2949,0.2404,0.4807,-0.047,0.4337,164,0.0
1026.2,0.4011,0.4719,-0.0708,0.317,0.291,0.2344,0.4688,-0.0484,0.4204,162,0.0
1026.4,0.4141,0.4709,-0.0568,0.3156,0.2871,0.2417,0.4833,-0.0426,0.4407,165,0.0
1026.6,0.3981,0.4641,-0.066,0.3058,0.2832,0.2304,0.4608,-0.0443,0.4165,161,0.0
1026.8,0.3977,0.4598,-0.062,0.2997,0.2792,0.2295,0.4591,-0.0413,0.4178,161,0.0
1027.0,0.3921,0.4631,-0.071,0.3045,0.2751,0.2183,0.4365,-0.0502,0.3864,156,0.0
1027.2,0.3807,0.4555,-0.0748,0.2935,0.271,0.2112,0.4223,-0.0487,0.3736,154,0.0
1027.4,0.3894,0.4558,-0.0664,0.294,0.2668,0.2137,0.4274,-0.0468,0.3806,155,0.0
1027.6,0.3786,0.4503,-0.0717,0.2862,0.2626,0.2053,0.4105,-0.0476,0.3629,153,0.0
1027.8,0.3619,0.4506,-0.0887,0.2866,0.2584,0.1874,0.3748,-0.0585,0.3163,145,0.0
1028.0,0.3579,0.4466,-0.0886,0.2808,0.2541,0.1832,0.3664,-0.0576,0.3088,144,0.0
1028.2,0.3537,0.447,-0.0933,0.2815,0.2498,0.1751,0.3502,-0.0625,0.2877,141,0.0
1028.4,0.3486,0.442,-0.0934,0.2743,0.2455,0.1707,0.3414,-0.0611,0.2803,139,0.0
1028.6,0.3548,0.4377,-0.0829,0.2682,0.2411,0.1747,0.3495,-0.055,0.2945,142,0.0
1028.8,0.33,0.4358,-0.1058,0.2655,0.2367,0.152,0.3041,-0.0673,0.2367,132,0.0
1029.0,0.3247,0.4313,-0.1066,0.259,0.2323,0.147,0.294,-0.0667,0.2274,131,0.0
1029.2,0.3248,0.4289,-0.1041,0.2556,0.2278,0.1446,0.2892,-0.0659,0.2233,130,0.0
1029.4,0.3215,0.43,-0.1085,0.2571,0.2234,0.1366,0.2732,-0.0711,0.2021,127,0.0
1029.6,0.3138,0.4217,-0.1079,0.2453,0.2189,0.1326,0.2652,-0.0671,0.1981,126,0.0
1029.8,0.3134,0.4247,-0.1113,0.2496,0.2144,0.1254,0.2508,-0.0732,0.1776,123,0.0
1030.0,0.3139,0.4193,-0.1055,0.2419,0.2099,0.1256,0.2511,-0.0687,0.1824,124,0.0
1030.2,0.303,0.4154,-0.1124,0.2363,0.2055,0.1155,0.2311,-0.0716,0.1594,120,0.0
1030.4,0.2872,0.4135,-0.1263,0.2336,0.201,0.0999,0.1998,-0.0795,0.1203,114,0.0
1030.6,0.2877,0.4119,-0.1242,0.2312,0.1965,0.0971,0.1942,-0.0795,0.1148,113,0.0
1030.8,0.2711,0.4101,-0.139,0.2287,0.192,0.0808,0.1616,-0.0879,0.0737,106,0.0
1031.0,0.2717,0.4032,-0.1315,0.2188,0.1875,0.0823,0.1645,-0.0814,0.0831,108,0.0
1031.2,0.2582,0.4023,-0.1441,0.2176,0.183,0.0677,0.1354,-0.0894,0.046,102,0.0
1031.4,0.2651,0.3972,-0.1321,0.2103,0.1785,0.0728,0.1457,-0.082,0.0637,105,0.0
1031.6,0.248,0.3949,-0.1469,0.207,0.174,0.0565,0.1131,-0.0899,0.0,0,0.0
1031.8,0.259,0.3694,-0.1104,0.1706,0.1696,0.0813,0.1625,-0.0557,0.1068,112,0.0
1032.0,0.2559,0.3762,-0.1203,0.1803,0.1652,0.0689,0.1379,-0.0677,0.0701,106,0.0
1032.2,0.2432,0.3766,-0.1333,0.1808,0.1608,0.0541,0.1082,-0.0767,0.0,0,0.0
1032.4,0.2472,0.3569,-0.1097,0.1527,0.1564,0.0687,0.1373,-0.053,0.0,0,0.0
1032.6,0.2493,0.3393,-0.09,0.1276,0.152,0.08,0.1601,-0.0328,0.0,0,0.0
1032.8,0.2598,0.3297,-0.07,0.1139,0.1477,0.0917,0.1835,-0.0181,0.1654,121,0.0
1033.0,0.2674,0.3348,-0.0673,0.1211,0.1434,0.0896,0.1792,-0.0225,0.1567,120,0.0
1033.2,0.2591,0.3463,-0.0872,0.1376,0.1392,0.0694,0.1388,-0.0428,0.096,110,0.0
1033.4,0.2612,0.3555,-0.0944,0.1508,0.135,0.0595,0.1189,-0.0551,0.0639,105,0.0
1033.6,0.2625,0.3537,-0.0912,0.1481,0.1308,0.0579,0.1157,-0.0543,0.0615,104,0.0
1033.8,0.2515,0.3601,-0.1086,0.1573,0.1267,0.0398,0.0796,-0.0696,0.01,0,0.0
1034.0,0.248,0.3442,-0.0962,0.1346,0.1226,0.0456,0.0912,-0.0541,0.0,0,0.0
1034.2,0.2465,0.3289,-0.0824,0.1127,0.1185,0.0526,0.1052,-0.0383,0.0,0,0.0
1034.4,0.257,0.3166,-0.0597,0.0952,0.1145,0.0668,0.1336,-0.0202,0.1135,113,0.0
1034.6,0.2495,0.3279,-0.0784,0.1113,0.1106,0.0479,0.0958,-0.0395,0.0,0,0.0
1034.8,0.2572,0.3139,-0.0567,0.0912,0.1067,0.0614,0.1228,-0.0206,0.1022,111,0.0
1035.0,0.2491,0.3284,-0.0793,0.112,0.1029,0.0395,0.079,-0.0442,0.0,0,0.0
1035.2,0.2623,0.3184,-0.0561,0.0977,0.0992,0.0543,0.1086,-0.0273,0.0813,108,0.0
1035.4,0.2452,0.3287,-0.0834,0.1124,0.0955,0.0287,0.0574,-0.0502,0.0,0,0.0
1035.6,0.2599,0.3168,-0.0569,0.0955,0.0918,0.0463,0.0925,-0.0303,0.0623,104,0.0
1035.8,0.2385,0.3207,-0.0822,0.101,0.0883,0.0225,0.045,-0.0475,0.0,0,0.0
1036.0,0.2391,0.3128,-0.0737,0.0897,0.0848,0.0258,0.0516,-0.0393,0.0,0,0.0
1036.2,0.2541,0.3058,-0.0516,0.0797,0.0814,0.0401,0.0801,-0.025,0.0551,103,0.0
1036.4,0.2504,0.3166,-0.0662,0.0952,0.078,0.025,0.0501,-0.0417,0.0084,0,0.0
1036.6,0.2402,0.3081,-0.068,0.0831,0.0747,0.0204,0.0407,-0.0381,0.0,0,0.0
1036.8,0.2472,0.299,-0.0518,0.07,0.0715,0.0301,0.0601,-0.0251,0.0,0,0.0
1037.0,0.2555,0.2906,-0.0351,0.0579,0.0684,0.0404,0.0807,-0.0123,0.0684,105,0.0
1037.2,0.2459,0.305,-0.0591,0.0786,0.0654,0.0181,0.0362,-0.0362,0.0,0,0.0
1037.4,0.239,0.2919,-0.0528,0.0598,0.0625,0.0202,0.0404,-0.0251,0.0,0,0.0
1037.6,0.2419,0.2891,-0.0472,0.0559,0.0596,0.0218,0.0437,-0.0218,0.0,0,0.0
1037.8,0.2476,0.285,-0.0374,0.05,0.0568,0.0269,0.0538,-0.0153,0.0,0,0.0
1038.0,0.2485,0.2807,-0.0322,0.0439,0.0541,0.0284,0.0567,-0.011,0.0,0,0.0
1038.2,0.2625,0.2713,-0.0088,0.0304,0.0516,0.0445,0.0891,0.0062,0.0952,110,0.0
1038.4,0.2466,0.2929,-0.0463,0.0612,0.0,0.0,0.0,-0.0352,0.0,0,0.0
1038.6,0.2241,0.2809,-0.0568,0.0441,0.0,0.0,0.0,-0.0277,0.0,0,0.0
1038.8,0.2147,0.2813,-0.0666,0.0447,0.0,0.0,0.0,-0.029,0.0,0,0.0
1039.0,0.2256,0.2743,-0.0487,0.0347,0.0,0.0,0.0,-0.0222,0.0,0,0.0
1039.2,0.2092,0.2688,-0.0596,0.0269,0.0,0.0,0.0,-0.0194,0.0,0,0.0
1039.4,0.2071,0.2712,-0.0641,0.0303,0.0,0.0,0.0,-0.0216,0.0,0,0.0
1039.6,0.2021,0.2642,-0.0621,0.0203,0.0,0.0,0.0,-0.0164,0.0,0,0.0
1039.8,0.1966,0.2621,-0.0656,0.0174,0.0,0.0,0.0,-0.0152,0.0,0,0.0
1040.0,0.1866,0.2602,-0.0737,0.0146,0.0,0.0,0.0,-0.0147,0.0,0,0.0
1040.2,0.1835,0.2623,-0.0788,0.0175,0.0,0.0,0.0,-0.0166,0.0,0,0.0
1040.4,0.1912,0.2598,-0.0686,0.0139,0.0,0.0,0.0,-0.0138,0.0,0,0.0
1040.6,0.1965,0.2567,-0.0603,0.0096,0.0,0.0,0.0,-0.0108,0.0,0,0.0
1040.8,0.1813,0.2571,-0.0758,0.0101,0.0,0.0,0.0,-0.0126,0.0,0,0.0
1041.0,0.1845,0.2528,-0.0683,0.004,0.0,0.0,0.0,-0.0088,0.0,0,0.0
1041.2,0.1914,0.2526,-0.0612,0.0036,0.0,0.0,0.0,-0.0079,0.0,0,0.0
1041.4,0.1762,0.2548,-0.0786,0.0069,0.0,0.0,0.0,-0.0113,0.0,0,0.0
1041.6,0.1802,0.25,-0.0698,0.0,0.0,0.0,0.0,-0.007,0.0,0,0.0
1041.8,0.1802,0.2523,-0.0721,0.0033,0.0,0.0,0.0,-0.0088,0.0,0,0.0
1042.0,0.1781,0.2523,-0.0742,0.0033,0.0,0.0,0.0,-0.0091,0.0,0,0.0
1042.2,0.1852,0.2503,-0.0651,0.0004,0.0,0.0,0.0,-0.0067,0.0,0,0.0
1042.4,0.1864,0.2511,-0.0648,0.0016,0.0,0.0,0.0,-0.0073,0.0,0,0.0
1042.6,0.1842,0.25,-0.0658,0.0,0.0,0.0,0.0,-0.0066,0.0,0,0.0
1042.8,0.1799,0.25,-0.0701,0.0,0.0,0.0,0.0,-0.007,0.0,0,0.0
1043.0,0.1693,0.2506,-0.0812,0.0008,0.0,0.0,0.0,-0.0085,0.0,0,0.0
1043.2,0.1764,0.2501,-0.0737,0.0002,0.0,0.0,0.0,-0.0075,0.0,0,0.0
1043.4,0.1798,0.25,-0.0702,0.0,0.0,0.0,0.0,-0.007,0.0,0,0.0
1043.6,0.1835,0.254,-0.0705,0.0057,0.0,0.0,0.0,-0.0099,0.0,0,0.0
1043.8,0.1842,0.2533,-0.0691,0.0047,0.0,0.0,0.0,-0.0093,0.0,0,0.0
1044.0,0.1768,0.2524,-0.0757,0.0035,0.0,0.0,0.0,-0.0093,0.0,0,0.0
1044.2,0.1766,0.25,-0.0734,0.0,0.0,0.0,0.0,-0.0073,0.0,0,0.0
1044.4,0.1837,0.2532,-0.0696,0.0046,0.0,0.0,0.0,-0.0093,0.0,0,0.0
1044.6,0.1756,0.2525,-0.0769,0.0036,0.0,0.0,0.0,-0.0095,0.0,0,0.0
1044.8,0.1719,0.2529,-0.081,0.0041,0.0,0.0,0.0,-0.0101,0.0,0,0.0
1045.0,0.181,0.2514,-0.0704,0.002,0.0,0.0,0.0,-0.008,0.0,0,0.0
1045.2,0.185,0.25,-0.065,0.0,0.0,0.0,0.0,-0.0065,0.0,0,0.0
1045.4,0.1801,0.25,-0.0699,0.0,0.0,0.0,0.0,-0.007,0.0,0,0.0
1045.6,0.1837,0.2501,-0.0665,0.0002,0.0,0.0,0.0,-0.0067,0.0,0,0.0
1045.8,0.1697,0.2501,-0.0804,0.0001,0.0,0.0,0.0,-0.0081,0.0,0,0.0
1046.0,0.1837,0.25,-0.0663,0.0,0.0,0.0,0.0,-0.0066,0.0,0,0.0
1046.2,0.1864,0.2519,-0.0655,0.0027,0.0,0.0,0.0,-0.0079,0.0,0,0.0
1046.4,0.175,0.25,-0.075,0.0,0.0,0.0,0.0,-0.0075,0.0,0,0.0
1046.6,0.1838,0.2513,-0.0675,0.0018,0.0,0.0,0.0,-0.0077,0.0,0,0.0
1046.8,0.1837,0.25,-0.0663,0.0,0.0,0.0,0.0,-0.0066,0.0,0,0.0
1047.0,0.1738,0.2527,-0.0789,0.0039,0.0,0.0,0.0,-0.0098,0.0,0,0.0
1047.2,0.1859,0.2521,-0.0662,0.0031,0.0,0.0,0.0,-0.0081,0.0,0,0.0
1047.4,0.1707,0.2518,-0.0811,0.0026,0.0,0.0,0.0,-0.0094,0.0,0,0.0
1047.6,0.1722,0.25,-0.0778,0.0,0.0,0.0,0.0,-0.0078,0.0,0,0.0
1047.8,0.1932,0.25,-0.0568,0.0,0.0513,0.0,0.0,-0.0057,0.0,0,0.0
1048.0,0.2053,0.25,-0.0447,0.0,0.0539,0.0181,0.0362,0.0046,0.0,0,0.0
1048.2,0.2067,0.2516,-0.0449,0.0023,0.0566,0.0207,0.0413,0.0047,0.0,0,0.0
1048.4,0.2178,0.2516,-0.0338,0.0023,0.0593,0.0323,0.0645,0.0116,0.0,0,0.0
1048.6,0.234,0.25,-0.016,0.0,0.0622,0.0494,0.0988,0.0231,0.0,0,0.0
1048.8,0.2382,0.2523,-0.0142,0.0033,0.0651,0.0538,0.1076,0.0238,0.0,0,0.0
1049.0,0.251,0.2525,-0.0015,0.0036,0.0682,0.0669,0.1339,0.0315,0.1654,121,0.0
1049.2,0.2685,0.2743,-0.0058,0.0348,0.0713,0.0666,0.1332,0.0153,0.1485,118,0.0
1049.4,0.2716,0.2929,-0.0213,0.0613,0.0745,0.0574,0.1148,-0.0041,0.1107,112,0.0
1049.6,0.279,0.3066,-0.0276,0.0809,0.0777,0.0556,0.1113,-0.0154,0.0959,110,0.0
1049.8,0.2598,0.3145,-0.0546,0.0921,0.0811,0.0373,0.0747,-0.0328,0.0418,101,0.0
1050.0,0.254,0.3286,-0.0746,0.1123,0.0845,0.0248,0.0496,-0.0512,0.0,0,0.0
1050.2,0.267,0.3176,-0.0507,0.0966,0.088,0.0474,0.0949,-0.0297,0.0652,105,0.0
1050.4,0.2688,0.3216,-0.0528,0.1023,0.0915,0.0493,0.0985,-0.0318,0.0667,105,0.0
1050.6,0.2566,0.3305,-0.0739,0.115,0.0951,0.036,0.072,-0.0469,0.0251,99,0.0
1050.8,0.245,0.3364,-0.0914,0.1235,0.0988,0.0257,0.0514,-0.058,0.0,0,0.0
1051.0,0.2404,0.3289,-0.0885,0.1127,0.1026,0.0318,0.0635,-0.0493,0.0,0,0.0
1051.2,0.2545,0.3142,-0.0597,0.0917,0.1064,0.0587,0.1173,-0.0225,0.0949,110,0.0
1051.4,0.2509,0.3243,-0.0734,0.1062,0.1103,0.0515,0.103,-0.0347,0.0683,105,0.0
1051.6,0.2476,0.3333,-0.0857,0.119,0.1142,0.0457,0.0913,-0.0452,0.0,0,0.0
1051.8,0.2472,0.318,-0.0708,0.0971,0.1182,0.0615,0.123,-0.0249,0.0,0,0.0
1052.0,0.2643,0.3094,-0.0451,0.0848,0.1222,0.0862,0.1723,-0.0038,0.1685,121,0.0
1052.2,0.2636,0.3252,-0.0616,0.1074,0.1263,0.077,0.154,-0.0214,0.1326,116,0.0
1052.4,0.2712,0.3374,-0.0661,0.1248,0.1304,0.0775,0.155,-0.0303,0.1247,114,0.0
1052.6,0.2601,0.3456,-0.0855,0.1365,0.1346,0.0662,0.1324,-0.0437,0.0887,109,0.0
1052.8,0.2713,0.3471,-0.0758,0.1387,0.1388,0.0782,0.1563,-0.0379,0.1185,113,0.0
1053.0,0.2696,0.3521,-0.0825,0.1459,0.1431,0.077,0.1541,-0.0427,0.1114,112,0.0
1053.2,0.2579,0.3629,-0.105,0.1613,0.1473,0.0634,0.1267,-0.0595,0.0672,105,0.0
1053.4,0.2711,0.3623,-0.0912,0.1604,0.1517,0.0787,0.1574,-0.05,0.1074,112,0.0
1053.6,0.2546,0.3672,-0.1126,0.1674,0.156,0.0659,0.1319,-0.062,0.0699,106,0.0
1053.8,0.2536,0.3697,-0.116,0.1709,0.1604,0.0676,0.1351,-0.0633,0.0718,106,0.0
1054.0,0.2612,0.3712,-0.11,0.1732,0.1648,0.0768,0.1536,-0.0592,0.0944,110,0.0
1054.2,0.2465,0.3752,-0.1287,0.1789,0.1692,0.0663,0.1325,-0.0692,0.0,0,0.0
1054.4,0.2599,0.3515,-0.0915,0.145,0.1737,0.1004,0.2009,-0.0314,0.1695,122,0.0
1054.6,0.2657,0.3638,-0.0981,0.1625,0.1781,0.0996,0.1993,-0.0412,0.158,120,0.0
1054.8,0.2763,0.3636,-0.0872,0.1622,0.1826,0.1128,0.2256,-0.0334,0.1922,125,0.0
1055.0,0.2671,0.37,-0.1029,0.1714,0.1871,0.1047,0.2095,-0.0436,0.1659,121,0.0
1055.2,0.2739,0.3761,-0.1022,0.1802,0.1916,0.1098,0.2196,-0.0454,0.1741,122,0.0
1055.4,0.2754,0.3808,-0.1054,0.1868,0.1961,0.1117,0.2235,-0.0481,0.1754,123,0.0
1055.6,0.2758,0.3847,-0.1089,0.1924,0.2006,0.1134,0.2268,-0.0504,0.1765,123,0.0
1055.8,0.2856,0.3836,-0.098,0.1909,0.2051,0.1266,0.2533,-0.0419,0.2114,128,0.0
1056.0,0.2813,0.3926,-0.1113,0.2037,0.2096,0.1205,0.2411,-0.0527,0.1884,125,0.0
1056.2,0.2814,0.3896,-0.1081,0.1994,0.214,0.1275,0.2551,-0.0467,0.2083,128,0.0
1056.4,0.2898,0.3929,-0.103,0.2041,0.2185,0.1361,0.2722,-0.0443,0.2279,131,0.0
1056.6,0.2911,0.3955,-0.1044,0.2078,0.223,0.1395,0.279,-0.0446,0.2344,132,0.0
1056.8,0.2968,0.3983,-0.1014,0.2118,0.2275,0.1463,0.2926,-0.0429,0.2497,134,0.0
1057.0,0.2839,0.3995,-0.1155,0.2135,0.2319,0.1395,0.2789,-0.0486,0.2303,131,0.0
1057.2,0.2881,0.4015,-0.1134,0.2164,0.2363,0.1456,0.2912,-0.0467,0.2445,134,0.0
1057.4,0.2969,0.4029,-0.106,0.2184,0.2407,0.1559,0.3118,-0.0419,0.27,138,0.0
1057.6,0.2957,0.4054,-0.1097,0.222,0.2451,0.1573,0.3146,-0.0433,0.2712,138,0.0
1057.8,0.3147,0.4118,-0.0971,0.2311,0.2494,0.1717,0.3435,-0.0394,0.3041,143,0.0
1058.0,0.3047,0.4149,-0.1102,0.2356,0.2537,0.1656,0.3311,-0.046,0.2851,140,0.0
1058.2,0.3092,0.4127,-0.1036,0.2324,0.258,0.1752,0.3503,-0.039,0.3113,144,0.0
1058.4,0.3288,0.4161,-0.0873,0.2373,0.2622,0.1924,0.3848,-0.0312,0.3536,151,0.0
1058.6,0.337,0.422,-0.085,0.2457,0.2664,0.1984,0.3968,-0.0322,0.3647,153,0.0
1058.8,0.3287,0.4253,-0.0966,0.2505,0.2706,0.1933,0.3866,-0.0383,0.3483,150,0.0
1059.0,0.342,0.4216,-0.0795,0.2451,0.2747,0.2111,0.4222,-0.0249,0.3973,158,0.0
1059.2,0.3498,0.4295,-0.0797,0.2565,0.2788,0.215,0.43,-0.0287,0.4013,159,0.0
1059.4,0.3531,0.4297,-0.0766,0.2567,0.2828,0.2216,0.4431,-0.0252,0.4179,161,0.0
1059.6,0.3594,0.4358,-0.0763,0.2654,0.2868,0.2257,0.4514,-0.0275,0.4239,162,0.0
1059.8,0.3554,0.4356,-0.0802,0.2652,0.2907,0.2265,0.453,-0.0274,0.4257,163,0.0
1060.0,0.3578,0.4368,-0.079,0.2669,0.2946,0.2313,0.4627,-0.0257,0.437,164,0.0
1060.2,0.3678,0.4374,-0.0696,0.2677,0.2984,0.2427,0.4853,-0.0195,0.4659,169,0.0
1060.4,0.3659,0.4399,-0.074,0.2713,0.3021,0.2429,0.4858,-0.0216,0.4642,169,0.0
1060.6,0.3867,0.444,-0.0574,0.2772,0.3058,0.2599,0.5198,-0.0144,0.5054,175,0.0
1060.8,0.3816,0.4484,-0.0668,0.2834,0.3094,0.2559,0.5119,-0.0204,0.4915,173,0.0
1061.0,0.3938,0.4491,-0.0553,0.2844,0.3129,0.2687,0.5374,-0.0134,0.5241,178,0.0
1061.2,0.3965,0.4516,-0.0551,0.2879,0.3164,0.2723,0.5446,-0.0133,0.5313,180,0.0
1061.4,0.3967,0.4562,-0.0595,0.2946,0.3198,0.2722,0.5444,-0.0171,0.5273,179,0.0
1061.6,0.411,0.461,-0.05,0.3014,0.3231,0.2831,0.5661,-0.0142,0.5519,183,0.0
1061.8,0.4059,0.4581,-0.0521,0.2972,0.3263,0.2847,0.5693,-0.0115,0.5578,184,0.0
1062.0,0.4204,0.4621,-0.0417,0.3029,0.3295,0.2962,0.5924,-0.0075,0.5848,188,0.0
1062.2,0.415,0.4633,-0.0482,0.3046,0.3326,0.294,0.588,-0.0101,0.5779,187,0.0
1062.4,0.4333,0.4676,-0.0342,0.3108,0.3356,0.3082,0.6164,-0.0047,0.6117,192,0.0
1062.6,0.4395,0.4705,-0.0311,0.3151,0.3385,0.3137,0.6273,-0.0038,0.6236,194,0.0
1062.8,0.4266,0.4771,-0.0505,0.3244,0.3413,0.3009,0.6019,-0.0168,0.5851,188,0.0
1063.0,0.4424,0.4787,-0.0363,0.3267,0.3441,0.3151,0.6301,-0.0094,0.6207,194,0.0
1063.2,0.4462,0.4788,-0.0326,0.3269,0.3467,0.3206,0.6413,-0.0064,0.6349,196,0.0
1063.4,0.4517,0.4827,-0.0311,0.3325,0.3493,0.3245,0.6489,-0.0071,0.6418,197,0.0
1063.6,0.4439,0.4801,-0.0361,0.3287,0.3518,0.3229,0.6457,-0.0065,0.6392,197,0.0
1063.8,0.4569,0.4846,-0.0277,0.3352,0.3541,0.332,0.6639,-0.0044,0.6595,200,0.0
1064.0,0.4565,0.4846,-0.0281,0.3351,0.3564,0.334,0.6679,-0.0034,0.6646,201,0.0
1064.2,0.4572,0.4844,-0.0272,0.3348,0.3586,0.3369,0.6737,-0.0017,0.672,202,0.0
1064.4,0.4722,0.4873,-0.0151,0.339,0.3607,0.3486,0.6972,0.0033,0.7005,207,0.0
1064.6,0.4612,0.4896,-0.0284,0.3423,0.3626,0.3399,0.6799,-0.004,0.6758,203,0.0
1064.8,0.48,0.493,-0.013,0.3472,0.3645,0.3541,0.7083,0.0022,0.7104,208,0.0
1065.0,0.469,0.4986,-0.0296,0.3551,0.3663,0.3426,0.6852,-0.0092,0.676,203,0.0
1065.2,0.4807,0.4935,-0.0128,0.3478,0.368,0.3578,0.7155,0.0037,0.7192,210,0.0
1065.4,0.4857,0.4989,-0.0132,0.3556,0.3695,0.359,0.7179,0.0004,0.7183,209,0.0
1065.6,0.4948,0.5005,-0.0057,0.3578,0.371,0.3665,0.7329,0.0038,0.7367,212,0.0
1065.8,0.4873,0.5019,-0.0146,0.3598,0.3723,0.3607,0.7214,-0.001,0.7204,210,0.0
1066.0,0.4923,0.504,-0.0117,0.3629,0.3736,0.3642,0.7285,-0.0005,0.728,211,0.0
1066.2,0.4892,0.507,-0.0178,0.3671,0.3747,0.3605,0.7209,-0.0051,0.7158,209,0.0
1066.4,0.498,0.5062,-0.0082,0.366,0.3758,0.3692,0.7384,0.0008,0.7392,213,0.0
1066.6,0.489,0.5036,-0.0147,0.3623,0.3767,0.3649,0.7299,-0.0002,0.7297,211,0.0
1066.8,0.4931,0.5079,-0.0148,0.3684,0.3775,0.3656,0.7313,-0.0029,0.7284,211,0.0
1067.0,0.5038,0.5071,-0.0033,0.3672,0.3782,0.3756,0.7511,0.0038,0.7549,215,0.0
1067.2,0.5147,0.5104,0.0043,0.372,0.3788,0.38,0.76,0.0044,0.7644,217,0.0
1067.4,0.5023,0.5105,-0.0082,0.3721,0.3792,0.3727,0.7454,-0.0005,0.7448,214,0.0
1067.6,0.5071,0.5134,-0.0063,0.3762,0.3796,0.3745,0.7491,-0.0015,0.7476,214,0.0
1067.8,0.5041,0.5081,-0.0039,0.3687,0.3798,0.3767,0.7534,0.0036,0.757,216,0.0
1068.0,0.5164,0.5149,0.0015,0.3784,0.38,0.38,0.76,0.001,0.761,216,0.0
1068.2,0.5097,0.5144,-0.0047,0.3777,0.38,0.3762,0.7524,-0.0012,0.7512,215,0.0
1068.4,0.5203,0.5165,0.0038,0.3807,0.3799,0.38,0.76,0.0,0.76,216,0.0
1068.6,0.516,0.511,0.005,0.3728,0.3797,0.38,0.76,0.0041,0.7641,217,0.0
1068.8,0.5077,0.513,-0.0053,0.3756,0.3794,0.3752,0.7503,-0.0008,0.7496,214,0.0
1069.0,0.5131,0.5169,-0.0039,0.3813,0.379,0.3759,0.7518,-0.0031,0.7487,214,0.0
1069.2,0.5146,0.5144,0.0002,0.3777,0.3784,0.3786,0.7571,0.0004,0.7575,216,0.0
1069.4,0.5217,0.5115,0.0102,0.3736,0.3778,0.38,0.76,0.0042,0.7642,217,0.0
1069.6,0.5088,0.5164,-0.0076,0.3805,0.377,0.371,0.7419,-0.0055,0.7364,212,0.0
1069.8,0.5131,0.5144,-0.0013,0.3777,0.3761,0.3751,0.7502,-0.0014,0.7487,214,0.0
1070.0,0.5113,0.5126,-0.0013,0.3751,0.3752,0.3741,0.7482,-0.0006,0.7476,214,0.0
1070.2,0.5019,0.5146,-0.0127,0.378,0.3741,0.3639,0.7278,-0.0083,0.7194,210,0.0
1070.4,0.5131,0.5154,-0.0023,0.3792,0.3729,0.371,0.7421,-0.0043,0.7378,213,0.0
1070.6,0.5059,0.5135,-0.0076,0.3765,0.3716,0.3655,0.7309,-0.0063,0.7247,210,0.0
1070.8,0.5094,0.5099,-0.0004,0.3712,0.3702,0.3698,0.7396,-0.0008,0.7389,213,0.0
1071.0,0.5094,0.515,-0.0056,0.3786,0.3686,0.3641,0.7283,-0.0078,0.7204,210,0.0
1071.2,0.5091,0.5155,-0.0065,0.3793,0.367,0.3618,0.7237,-0.0094,0.7143,209,0.0
1071.4,0.5042,0.5115,-0.0073,0.3736,0.3653,0.3594,0.7188,-0.0078,0.711,208,0.0
1071.6,0.4926,0.508,-0.0154,0.3686,0.3634,0.3511,0.7022,-0.0103,0.6919,205,0.0
1071.8,0.5012,0.513,-0.0119,0.3758,0.3615,0.352,0.704,-0.0131,0.691,205,0.0
1072.0,0.4909,0.5115,-0.0207,0.3736,0.3595,0.3429,0.6859,-0.0174,0.6684,201,0.0
1072.2,0.493,0.5083,-0.0153,0.369,0.3573,0.3451,0.6901,-0.0135,0.6766,203,0.0
1072.4,0.4943,0.5032,-0.0089,0.3618,0.3551,0.348,0.6959,-0.0078,0.6882,205,0.0
1072.6,0.4889,0.5066,-0.0177,0.3666,0.3528,0.3386,0.6772,-0.0158,0.6614,200,0.0
1072.8,0.4817,0.5023,-0.0205,0.3604,0.3503,0.3339,0.6678,-0.0153,0.6525,199,0.0
1073.0,0.48,0.5016,-0.0216,0.3594,0.3478,0.3306,0.6611,-0.0166,0.6445,198,0.0
1073.2,0.4888,0.5039,-0.0151,0.3627,0.3452,0.3331,0.6663,-0.0163,0.65,198,0.0
1073.4,0.4702,0.5033,-0.0331,0.3619,0.3425,0.316,0.632,-0.0263,0.6058,191,0.0
1073.6,0.4755,0.5017,-0.0262,0.3596,0.3397,0.3188,0.6375,-0.023,0.6145,193,0.0
1073.8,0.4684,0.4992,-0.0308,0.356,0.3368,0.3121,0.6243,-0.025,0.5993,190,0.0
1074.0,0.4654,0.4943,-0.0289,0.349,0.3339,0.3108,0.6215,-0.022,0.5995,190,0.0
1074.2,0.4623,0.4938,-0.0314,0.3483,0.3308,0.3057,0.6113,-0.0244,0.5869,188,0.0
1074.4,0.4663,0.4929,-0.0266,0.3469,0.3277,0.3064,0.6128,-0.0229,0.5899,189,0.0
1074.6,0.4607,0.4926,-0.032,0.3466,0.3245,0.2989,0.5978,-0.0271,0.5707,186,0.0
1074.8,0.4584,0.488,-0.0295,0.3399,0.3212,0.2975,0.5951,-0.0242,0.5709,186,0.0
1075.0,0.4591,0.4873,-0.0282,0.339,0.3178,0.2953,0.5905,-0.0247,0.5659,185,0.0
1075.2,0.437,0.4851,-0.0481,0.3359,0.3144,0.2758,0.5517,-0.0348,0.5168,177,0.0
1075.4,0.446,0.4803,-0.0342,0.329,0.3109,0.2835,0.5669,-0.0262,0.5408,181,0.0
1075.6,0.4401,0.4848,-0.0447,0.3354,0.3073,0.2715,0.5431,-0.0364,0.5067,176,0.0
1075.8,0.424,0.4825,-0.0585,0.3322,0.3036,0.2568,0.5136,-0.0435,0.4701,170,0.0
1076.0,0.4333,0.4735,-0.0402,0.3192,0.2999,0.2678,0.5355,-0.0297,0.5058,175,0.0
1076.2,0.4194,0.4786,-0.0591,0.3265,0.2961,0.2488,0.4977,-0.0447,0.4529,167,0.0
1076.4,0.4103,0.4706,-0.0603,0.3151,0.2923,0.2441,0.4882,-0.0415,0.4466,166,0.0
1076.6,0.4171,0.473,-0.0559,0.3186,0.2884,0.2437,0.4874,-0.043,0.4444,166,0.0
1076.8,0.4087,0.471,-0.0623,0.3158,0.2845,0.2346,0.4693,-0.0468,0.4225,162,0.0
1077.0,0.4071,0.4651,-0.058,0.3073,0.2805,0.2341,0.4681,-0.0424,0.4257,163,0.0
1077.2,0.3894,0.4607,-0.0713,0.301,0.2764,0.2194,0.4387,-0.048,0.3907,157,0.0
1077.4,0.3976,0.4593,-0.0617,0.299,0.2723,0.223,0.4459,-0.0442,0.4017,159,0.0
1077.6,0.3862,0.4594,-0.0732,0.2992,0.2682,0.2096,0.4192,-0.0521,0.3671,153,0.0
1077.8,0.3759,0.4525,-0.0766,0.2893,0.264,0.2027,0.4054,-0.0509,0.3545,151,0.0
1078.0,0.3667,0.453,-0.0863,0.29,0.2598,0.1907,0.3815,-0.0583,0.3232,146,0.0
1078.2,0.3587,0.4514,-0.0926,0.2876,0.2555,0.1814,0.3628,-0.0624,0.3004,143,0.0
1078.4,0.3604,0.4427,-0.0823,0.2753,0.2512,0.1853,0.3707,-0.0532,0.3175,145,0.0
1078.6,0.3589,0.4419,-0.083,0.2742,0.2469,0.1805,0.361,-0.0551,0.3058,143,0.0
1078.8,0.347,0.4404,-0.0934,0.272,0.2425,0.1678,0.3356,-0.0615,0.2741,138,0.0
1079.0,0.341,0.4384,-0.0974,0.2692,0.2381,0.1602,0.3204,-0.0642,0.2562,135,0.0
1079.2,0.3299,0.4357,-0.1058,0.2653,0.2337,0.1491,0.2981,-0.0687,0.2294,131,0.0
1079.4,0.3347,0.4279,-0.0931,0.2541,0.2293,0.1548,0.3096,-0.059,0.2506,135,0.0
1079.6,0.3177,0.4263,-0.1086,0.2519,0.2248,0.138,0.276,-0.0678,0.2082,128,0.0
1079.8,0.313,0.4266,-0.1136,0.2523,0.2204,0.1295,0.259,-0.0727,0.1863,124,0.0
1080.0,0.3165,0.4216,-0.1051,0.2452,0.2159,0.1318,0.2637,-0.0672,0.1965,126,0.0
1080.2,0.3003,0.4175,-0.1172,0.2393,0.2114,0.1177,0.2354,-0.0725,0.1628,121,0.0
1080.4,0.2914,0.4154,-0.1241,0.2363,0.2069,0.1077,0.2153,-0.0767,0.1386,117,0.0
1080.6,0.2912,0.4155,-0.1244,0.2365,0.2024,0.1029,0.2059,-0.0792,0.1266,115,0.0
1080.8,0.2793,0.4131,-0.1338,0.233,0.1979,0.0909,0.1818,-0.0844,0.0974,110,0.0
1081.0,0.2834,0.4095,-0.1261,0.2279,0.1934,0.0925,0.1851,-0.0803,0.1048,111,0.0
1081.2,0.2706,0.405,-0.1344,0.2215,0.1889,0.0814,0.1628,-0.0835,0.0793,107,0.0
1081.4,0.2778,0.4024,-0.1246,0.2177,0.1844,0.0848,0.1695,-0.0789,0.0906,109,0.0
1081.6,0.2536,0.4008,-0.1471,0.2154,0.18,0.0623,0.1245,-0.0913,0.0333,100,0.0
1081.8,0.2502,0.392,-0.1418,0.2028,0.1755,0.0621,0.1242,-0.0845,0.0396,101,0.0
1082.0,0.2473,0.3935,-0.1462,0.205,0.1711,0.0541,0.1082,-0.0901,0.0,0,0.0
1082.2,0.2457,0.3709,-0.1252,0.1727,0.1666,0.0665,0.1329,-0.0657,0.0,0,0.0
1082.4,0.2536,0.353,-0.0994,0.1471,0.1622,0.0827,0.1654,-0.0421,0.1233,114,0.0
1082.6,0.2497,0.3567,-0.107,0.1524,0.1578,0.0723,0.1445,-0.0507,0.0,0,0.0
1082.8,0.2563,0.3413,-0.085,0.1304,0.1535,0.0855,0.171,-0.0309,0.1401,117,0.0
1083.0,0.2666,0.3465,-0.0799,0.1379,0.1491,0.0852,0.1704,-0.0343,0.136,116,0.0
1083.2,0.2649,0.3595,-0.0946,0.1564,0.1448,0.0692,0.1384,-0.053,0.0853,108,0.0
1083.4,0.2527,0.3628,-0.1101,0.1611,0.1406,0.0525,0.1049,-0.0654,0.0396,101,0.0
1083.6,0.2533,0.3618,-0.1085,0.1597,0.1363,0.0496,0.0991,-0.0659,0.0332,100,0.0
1083.8,0.2373,0.3623,-0.1251,0.1605,0.1321,0.0321,0.0642,-0.0767,0.0,0,0.0
1084.0,0.2487,0.3483,-0.0996,0.1404,0.128,0.0483,0.0967,-0.056,0.0,0,0.0
1084.2,0.2445,0.3334,-0.0889,0.1192,0.1239,0.0527,0.1055,-0.0421,0.0,0,0.0
1084.4,0.2401,0.3201,-0.08,0.1001,0.1198,0.0558,0.1117,-0.0301,0.0,0,0.0
1084.6,0.251,0.3108,-0.0598,0.0868,0.1158,0.068,0.136,-0.0154,0.1207,114,0.0
1084.8,0.2545,0.3197,-0.0652,0.0996,0.1119,0.0597,0.1194,-0.0265,0.093,109,0.0
1085.0,0.2476,0.3302,-0.0826,0.1145,0.108,0.0419,0.0839,-0.0446,0.0,0,0.0
1085.2,0.2568,0.3195,-0.0627,0.0993,0.1042,0.054,0.108,-0.0289,0.0791,107,0.0
1085.4,0.2568,0.3295,-0.0727,0.1135,0.1004,0.0422,0.0845,-0.0429,0.0416,101,0.0
1085.6,0.2426,0.3355,-0.093,0.1222,0.0967,0.0223,0.0446,-0.0592,0.0,0,0.0
1085.8,0.2346,0.3217,-0.0871,0.1024,0.093,0.0233,0.0466,-0.0483,0.0,0,0.0
1086.0,0.2473,0.3133,-0.066,0.0905,0.0894,0.0366,0.0732,-0.0335,0.0,0,0.0
1086.2,0.247,0.3053,-0.0583,0.0791,0.0859,0.0392,0.0785,-0.0258,0.0,0,0.0
1086.4,0.2564,0.2927,-0.0363,0.061,0.0825,0.0534,0.1069,-0.0074,0.0995,110,0.0
1086.6,0.2499,0.3092,-0.0593,0.0846,0.0791,0.0316,0.0632,-0.0324,0.0,0,0.0
1086.8,0.2409,0.2977,-0.0568,0.0681,0.0758,0.0304,0.0607,-0.0245,0.0,0,0.0
1087.0,0.2473,0.2891,-0.0417,0.0558,0.0726,0.0392,0.0784,-0.0125,0.0,0,0.0
1087.2,0.2651,0.285,-0.0199,0.05,0.0694,0.0535,0.107,-0.0002,0.1068,112,0.0
1087.4,0.2586,0.3034,-0.0448,0.0764,0.0664,0.0305,0.0611,-0.0274,0.0337,100,0.0
1087.6,0.2565,0.3097,-0.0532,0.0852,0.0634,0.0209,0.0417,-0.0375,0.0042,0,0.0
1087.8,0.2482,0.305,-0.0568,0.0786,0.0605,0.0151,0.0301,-0.0374,0.0,0,0.0
1088.0,0.2435,0.2943,-0.0508,0.0633,0.0577,0.0171,0.0342,-0.0282,0.0,0,0.0
1088.2,0.2503,0.2884,-0.0381,0.0548,0.055,0.0246,0.0491,-0.0189,0.0302,99,0.0
1088.4,0.2462,0.3011,-0.0549,0.073,0.0524,0.0085,0.0169,-0.0377,0.0,0,0.0
1088.6,0.2346,0.2945,-0.0599,0.0636,0.0,0.0,0.0,-0.0378,0.0,0,0.0
1088.8,0.2214,0.2877,-0.0663,0.0539,0.0,0.0,0.0,-0.0336,0.0,0,0.0
1089.0,0.2047,0.2846,-0.0799,0.0495,0.0,0.0,0.0,-0.0327,0.0,0,0.0
1089.2,0.2101,0.2799,-0.0698,0.0427,0.0,0.0,0.0,-0.0283,0.0,0,0.0
1089.4,0.2006,0.2729,-0.0723,0.0327,0.0,0.0,0.0,-0.0236,0.0,0,0.0
1089.6,0.1887,0.2668,-0.0781,0.0241,0.0,0.0,0.0,-0.0198,0.0,0,0.0
1089.8,0.1826,0.2681,-0.0855,0.0258,0.0,0.0,0.0,-0.0215,0.0,0,0.0
1090.0,0.1829,0.2659,-0.083,0.0227,0.0,0.0,0.0,-0.0196,0.0,0,0.0
1090.2,0.1865,0.2586,-0.072,0.0122,0.0,0.0,0.0,-0.0133,0.0,0,0.0
1090.4,0.1706,0.2619,-0.0913,0.017,0.0,0.0,0.0,-0.0177,0.0,0,0.0
1090.6,0.1787,0.2604,-0.0817,0.0149,0.0,0.0,0.0,-0.0156,0.0,0,0.0
1090.8,0.1795,0.2595,-0.0799,0.0135,0.0,0.0,0.0,-0.0147,0.0,0,0.0
1091.0,0.171,0.2567,-0.0857,0.0095,0.0,0.0,0.0,-0.0133,0.0,0,0.0
1091.2,0.1669,0.2551,-0.0882,0.0073,0.0,0.0,0.0,-0.0125,0.0,0,0.0
1091.4,0.1613,0.2559,-0.0947,0.0084,0.0,0.0,0.0,-0.0137,0.0,0,0.0
1091.6,0.162,0.2506,-0.0886,0.0008,0.0,0.0,0.0,-0.0093,0.0,0,0.0
1091.8,0.1576,0.25,-0.0924,0.0,0.0,0.0,0.0,-0.0092,0.0,0,0.0
1092.0,0.1728,0.2534,-0.0806,0.0049,0.0,0.0,0.0,-0.0105,0.0,0,0.0
1092.2,0.1661,0.2523,-0.0862,0.0032,0.0,0.0,0.0,-0.0102,0.0,0,0.0
1092.4,0.1617,0.2509,-0.0892,0.0013,0.0,0.0,0.0,-0.0096,0.0,0,0.0
1092.6,0.1697,0.25,-0.0803,0.0,0.0,0.0,0.0,-0.008,0.0,0,0.0
1092.8,0.1534,0.25,-0.0966,0.0,0.0,0.0,0.0,-0.0097,0.0,0,0.0
1093.0,0.1628,0.2542,-0.0914,0.006,0.0,0.0,0.0,-0.0122,0.0,0,0.0
1093.2,0.1701,0.2502,-0.0801,0.0003,0.0,0.0,0.0,-0.0082,0.0,0,0.0
1093.4,0.1551,0.2519,-0.0968,0.0027,0.0,0.0,0.0,-0.011,0.0,0,0.0
1093.6,0.1645,0.2509,-0.0864,0.0013,0.0,0.0,0.0,-0.0093,0.0,0,0.0
1093.8,0.1681,0.25,-0.0819,0.0,0.0,0.0,0.0,-0.0082,0.0,0,0.0
1094.0,0.1619,0.2519,-0.09,0.0027,0.0,0.0,0.0,-0.0104,0.0,0,0.0
1094.2,0.1671,0.2515,-0.0843,0.0021,0.0,0.0,0.0,-0.0095,0.0,0,0.0
1094.4,0.1578,0.2524,-0.0945,0.0034,0.0,0.0,0.0,-0.0111,0.0,0,0.0
1094.6,0.1512,0.25,-0.0988,0.0,0.0,0.0,0.0,-0.0099,0.0,0,0.0
1094.8,0.1668,0.25,-0.0832,0.0,0.0,0.0,0.0,-0.0083,0.0,0,0.0
1095.0,0.1534,0.25,-0.0966,0.0,0.0,0.0,0.0,-0.0097,0.0,0,0.0
1095.2,0.1692,0.25,-0.0808,0.0,0.0,0.0,0.0,-0.0081,0.0,0,0.0
1095.4,0.1616,0.2524,-0.0908,0.0035,0.0,0.0,0.0,-0.0108,0.0,0,0.0
1095.6,0.1655,0.2525,-0.087,0.0036,0.0,0.0,0.0,-0.0105,0.0,0,0.0
1095.8,0.1505,0.2504,-0.0999,0.0005,0.0,0.0,0.0,-0.0103,0.0,0,0.0
1096.0,0.1624,0.2523,-0.0898,0.0032,0.0,0.0,0.0,-0.0106,0.0,0,0.0
1096.2,0.1561,0.2533,-0.0972,0.0047,0.0,0.0,0.0,-0.012,0.0,0,0.0
1096.4,0.1501,0.25,-0.0999,0.0,0.0,0.0,0.0,-0.01,0.0,0,0.0
1096.6,0.1638,0.2513,-0.0875,0.0019,0.0,0.0,0.0,-0.0097,0.0,0,0.0
1096.8,0.1609,0.2505,-0.0896,0.0007,0.0,0.0,0.0,-0.0093,0.0,0,0.0
1097.0,0.1517,0.25,-0.0983,0.0,0.0,0.0,0.0,-0.0098,0.0,0,0.0
1097.2,0.1518,0.25,-0.0982,0.0001,0.0,0.0,0.0,-0.0099,0.0,0,0.0
1097.4,0.1612,0.2535,-0.0923,0.005,0.0,0.0,0.0,-0.0117,0.0,0,0.0
1097.6,0.1658,0.25,-0.0842,0.0,0.0,0.0,0.0,-0.0084,0.0,0,0.0
1097.8,0.157,0.2509,-0.0939,0.0013,0.0,0.0,0.0,-0.01,0.0,0,0.0
1098.0,0.173,0.2527,-0.0797,0.0039,0.0505,0.0,0.0,-0.0099,0.0,0,0.0
1098.2,0.1722,0.2531,-0.0809,0.0044,0.0531,0.0,0.0,-0.0103,0.0,0,0.0
1098.4,0.1997,0.253,-0.0533,0.0043,0.0557,0.0,0.0,-0.0075,0.0,0,0.0
1098.6,0.1982,0.2512,-0.053,0.0017,0.0584,0.0,0.0,-0.0062,0.0,0,0.0
1098.8,0.2147,0.2502,-0.0355,0.0003,0.0613,0.0329,0.0657,0.0127,0.0,0,0.0
1099.0,0.2347,0.2528,-0.0181,0.0039,0.0642,0.0497,0.0995,0.0211,0.0,0,0.0
1099.2,0.2332,0.25,-0.0168,0.0,0.0672,0.0537,0.1075,0.0252,0.0,0,0.0
1099.4,0.2518,0.25,0.0018,0.0,0.0702,0.0717,0.1434,0.036,0.1794,123,0.0
1099.6,0.267,0.2749,-0.0079,0.0356,0.0734,0.0671,0.1342,0.015,0.1492,118,0.0
1099.8,0.2672,0.2887,-0.0215,0.0553,0.0766,0.0594,0.1188,-0.0001,0.1187,113,0.0
1100.0,0.2769,0.3079,-0.031,0.0827,0.08,0.0552,0.1103,-0.0169,0.0934,109,0.0
1100.2,0.2739,0.3198,-0.0459,0.0997,0.0833,0.0466,0.0932,-0.0312,0.062,104,0.0
1100.4,0.2506,0.3262,-0.0756,0.1088,0.0868,0.0264,0.0527,-0.0488,0.004,0,0.0
1100.6,0.2566,0.3135,-0.0569,0.0907,0.0903,0.0448,0.0897,-0.0286,0.0611,104,0.0
1100.8,0.2495,0.3233,-0.0738,0.1047,0.0939,0.0349,0.0698,-0.0423,0.0,0,0.0
1101.0,0.2626,0.3146,-0.052,0.0923,0.0976,0.056,0.1121,-0.0233,0.0887,109,0.0
1101.2,0.2519,0.322,-0.0702,0.1029,0.1013,0.0452,0.0904,-0.0359,0.0546,103,0.0
1101.4,0.2467,0.3291,-0.0824,0.1131,0.1051,0.0392,0.0784,-0.0452,0.0,0,0.0
1101.6,0.2475,0.3226,-0.0751,0.1037,0.109,0.0489,0.0978,-0.0349,0.0,0,0.0
1101.8,0.2645,0.3067,-0.0422,0.081,0.1129,0.0791,0.1582,-0.0052,0.1531,119,0.0
1102.0,0.2571,0.323,-0.0659,0.1042,0.1169,0.0642,0.1283,-0.0266,0.1017,111,0.0
1102.2,0.2714,0.3328,-0.0614,0.1183,0.1209,0.0717,0.1435,-0.0294,0.1141,113,0.0
1102.4,0.2728,0.338,-0.0652,0.1257,0.125,0.0728,0.1456,-0.033,0.1127,113,0.0
1102.6,0.2597,0.3499,-0.0903,0.1428,0.1291,0.0568,0.1137,-0.052,0.0617,104,0.0
1102.8,0.2612,0.3505,-0.0893,0.1436,0.1332,0.0617,0.1235,-0.0498,0.0736,106,0.0
1103.0,0.2653,0.3587,-0.0935,0.1554,0.1374,0.0626,0.1253,-0.0557,0.0695,106,0.0
1103.2,0.2513,0.36,-0.1086,0.1571,0.1417,0.0548,0.1095,-0.062,0.0475,102,0.0
1103.4,0.2409,0.364,-0.1231,0.1628,0.1459,0.0475,0.095,-0.07,0.0,0,0.0
1103.6,0.2538,0.3446,-0.0909,0.1352,0.1502,0.0775,0.1551,-0.0379,0.1172,113,0.0
1103.8,0.2636,0.3493,-0.0857,0.1418,0.1546,0.086,0.172,-0.0365,0.1355,116,0.0
1104.0,0.263,0.3558,-0.0928,0.1511,0.159,0.0847,0.1694,-0.0425,0.1269,115,0.0
1104.2,0.2535,0.3663,-0.1128,0.1661,0.1633,0.0731,0.1463,-0.0578,0.0885,109,0.0
1104.4,0.2583,0.3648,-0.1065,0.1641,0.1678,0.0826,0.1651,-0.0514,0.1137,113,0.0
1104.6,0.2507,0.3725,-0.1218,0.175,0.1722,0.0747,0.1495,-0.0623,0.0871,108,0.0
1104.8,0.2562,0.3699,-0.1138,0.1713,0.1767,0.0856,0.1712,-0.0542,0.117,113,0.0
1105.0,0.2566,0.3742,-0.1176,0.1774,0.1811,0.0871,0.1741,-0.0569,0.1172,113,0.0
1105.2,0.257,0.3739,-0.1169,0.177,0.1856,0.0921,0.1841,-0.0542,0.1299,115,0.0
1105.4,0.2502,0.3771,-0.1269,0.1816,0.1901,0.0885,0.1771,-0.0592,0.1179,113,0.0
1105.6,0.268,0.3841,-0.1161,0.1916,0.1946,0.1017,0.2034,-0.0566,0.1468,118,0.0
1105.8,0.2713,0.3796,-0.1083,0.1851,0.1991,0.1125,0.2249,-0.0472,0.1778,123,0.0
1106.0,0.2698,0.3877,-0.1179,0.1967,0.2036,0.1092,0.2185,-0.0555,0.1629,121,0.0
1106.2,0.2676,0.3908,-0.1232,0.2011,0.2081,0.1095,0.219,-0.0581,0.1609,120,0.0
1106.4,0.2774,0.3896,-0.1122,0.1994,0.2126,0.1228,0.2457,-0.0495,0.1962,126,0.0
1106.6,0.2801,0.3941,-0.114,0.2059,0.2171,0.1258,0.2517,-0.0514,0.2002,127,0.0
1106.8,0.2838,0.3937,-0.1099,0.2052,0.2215,0.1336,0.2673,-0.0468,0.2205,130,0.0
1107.0,0.2803,0.3936,-0.1134,0.2052,0.226,0.1353,0.2706,-0.0463,0.2243,130,0.0
1107.2,0.2726,0.4017,-0.1291,0.2167,0.2304,0.1271,0.2543,-0.0577,0.1965,126,0.0
1107.4,0.2851,0.3982,-0.113,0.2117,0.2349,0.1444,0.2889,-0.0449,0.2439,134,0.0
1107.6,0.2947,0.3987,-0.104,0.2124,0.2393,0.1561,0.3121,-0.0386,0.2735,138,0.0
1107.8,0.2984,0.4038,-0.1054,0.2197,0.2436,0.1594,0.3187,-0.0407,0.278,139,0.0
1108.0,0.308,0.4094,-0.1014,0.2277,0.248,0.1669,0.3338,-0.0405,0.2932,141,0.0
1108.2,0.2998,0.4128,-0.113,0.2325,0.2523,0.1619,0.3239,-0.0466,0.2773,139,0.0
1108.4,0.3011,0.413,-0.112,0.2329,0.2566,0.167,0.3341,-0.0441,0.29,141,0.0
1108.6,0.3251,0.4124,-0.0873,0.232,0.2609,0.1911,0.3821,-0.0292,0.3529,151,0.0
1108.8,0.3151,0.4152,-0.1001,0.2361,0.2651,0.185,0.37,-0.0355,0.3344,148,0.0
1109.0,0.3344,0.4203,-0.086,0.2434,0.2693,0.2005,0.4009,-0.03,0.3709,154,0.0
1109.2,0.332,0.4245,-0.0925,0.2493,0.2734,0.1994,0.3988,-0.0342,0.3646,153,0.0
1109.4,0.3375,0.4237,-0.0862,0.2481,0.2775,0.2085,0.417,-0.0284,0.3886,157,0.0
1109.6,0.3385,0.4274,-0.0889,0.2534,0.2815,0.2104,0.4208,-0.0304,0.3904,157,0.0
1109.8,0.35,0.4284,-0.0784,0.2549,0.2855,0.2228,0.4456,-0.0239,0.4217,162,0.0
1110.0,0.3605,0.432,-0.0715,0.26,0.2894,0.2323,0.4645,-0.021,0.4435,165,0.0
1110.2,0.3512,0.4365,-0.0852,0.2664,0.2933,0.2251,0.4502,-0.0292,0.421,162,0.0
1110.4,0.3698,0.4401,-0.0703,0.2716,0.2971,0.2409,0.4818,-0.0224,0.4594,168,0.0
1110.6,0.3774,0.442,-0.0646,0.2742,0.3009,0.2492,0.4984,-0.019,0.4795,171,0.0
1110.8,0.3667,0.4467,-0.0799,0.2809,0.3046,0.2406,0.4813,-0.0281,0.4531,167,0.0
1111.0,0.3905,0.4455,-0.055,0.2793,0.3082,0.2642,0.5284,-0.013,0.5154,177,0.0
1111.2,0.3954,0.4528,-0.0574,0.2897,0.3118,0.2658,0.5317,-0.0177,0.514,177,0.0
1111.4,0.3832,0.4527,-0.0695,0.2895,0.3153,0.2597,0.5193,-0.0219,0.4974,174,0.0
1111.6,0.3929,0.4558,-0.0629,0.294,0.3187,0.2684,0.5368,-0.0191,0.5177,177,0.0
1111.8,0.4073,0.4539,-0.0466,0.2913,0.322,0.2847,0.5694,-0.008,0.5615,184,0.0
1112.0,0.4042,0.4573,-0.0531,0.2962,0.3253,0.2828,0.5656,-0.012,0.5535,183,0.0
1112.2,0.4198,0.464,-0.0442,0.3057,0.3285,0.2931,0.5863,-0.0107,0.5756,187,0.0
1112.4,0.4236,0.4652,-0.0416,0.3075,0.3316,0.2983,0.5966,-0.0088,0.5878,189,0.0
1112.6,0.4136,0.4681,-0.0544,0.3116,0.3346,0.2911,0.5821,-0.0157,0.5665,185,0.0
1112.8,0.418,0.4718,-0.0538,0.3169,0.3376,0.2945,0.5891,-0.0165,0.5725,186,0.0
1113.0,0.4231,0.4683,-0.0452,0.3119,0.3404,0.3043,0.6085,-0.0083,0.6002,191,0.0
1113.2,0.4358,0.4715,-0.0356,0.3164,0.3432,0.3147,0.6294,-0.0044,0.625,194,0.0
1113.4,0.4516,0.4777,-0.0262,0.3253,0.3459,0.325,0.6499,-0.0028,0.6471,198,0.0
1113.6,0.4455,0.4798,-0.0343,0.3283,0.3485,0.321,0.6421,-0.0071,0.635,196,0.0
1113.8,0.4446,0.4773,-0.0327,0.3248,0.351,0.3248,0.6496,-0.0033,0.6463,198,0.0
1114.0,0.4636,0.484,-0.0205,0.3343,0.3534,0.337,0.674,-0.0007,0.6732,202,0.0
1114.2,0.4616,0.4861,-0.0245,0.3372,0.3557,0.3361,0.6722,-0.003,0.6691,202,0.0
1114.4,0.4549,0.4863,-0.0314,0.3375,0.3579,0.3328,0.6656,-0.0055,0.6601,200,0.0
1114.6,0.4711,0.4882,-0.0171,0.3403,0.36,0.3463,0.6926,0.0013,0.6939,206,0.0
1114.8,0.4667,0.4913,-0.0246,0.3447,0.362,0.3423,0.6846,-0.0037,0.681,203,0.0
1115.0,0.4731,0.4939,-0.0209,0.3485,0.3639,0.3472,0.6944,-0.0027,0.6917,205,0.0
1115.2,0.4815,0.4944,-0.0129,0.3491,0.3657,0.3554,0.7108,0.0018,0.7126,209,0.0
1115.4,0.4809,0.4972,-0.0163,0.3531,0.3674,0.3544,0.7088,-0.001,0.7078,208,0.0
1115.6,0.4742,0.498,-0.0238,0.3543,0.369,0.35,0.7,-0.0045,0.6954,206,0.0
1115.8,0.4847,0.497,-0.0123,0.3529,0.3705,0.3607,0.7214,0.0027,0.7241,210,0.0
1116.0,0.4803,0.502,-0.0217,0.36,0.3719,0.3545,0.7091,-0.0049,0.7041,207,0.0
1116.2,0.4924,0.4984,-0.006,0.3548,0.3732,0.3684,0.7368,0.0062,0.743,213,0.0
1116.4,0.4951,0.4996,-0.0045,0.3565,0.3744,0.3708,0.7416,0.0067,0.7483,214,0.0
1116.6,0.5005,0.5069,-0.0064,0.367,0.3754,0.3703,0.7406,0.001,0.7416,213,0.0
1116.8,0.5035,0.5042,-0.0008,0.3632,0.3764,0.3758,0.7516,0.0062,0.7578,216,0.0
1117.0,0.5047,0.5085,-0.0038,0.3693,0.3772,0.3742,0.7484,0.0021,0.7505,215,0.0
1117.2,0.4931,0.5058,-0.0127,0.3654,0.378,0.3678,0.7357,-0.0001,0.7356,212,0.0
1117.4,0.5047,0.5108,-0.0061,0.3726,0.3786,0.3737,0.7474,-0.0,0.7473,214,0.0
1117.6,0.5141,0.5132,0.0009,0.376,0.3791,0.3798,0.7596,0.002,0.7616,216,0.0
1117.8,0.4976,0.514,-0.0164,0.3771,0.3795,0.3664,0.7327,-0.007,0.7257,211,0.0
1118.0,0.5128,0.5141,-0.0012,0.3773,0.3798,0.3788,0.7576,0.0006,0.7582,216,0.0
1118.2,0.5071,0.5108,-0.0037,0.3725,0.3799,0.377,0.7539,0.0018,0.7558,215,0.0
1118.4,0.5068,0.5157,-0.0089,0.3796,0.38,0.3729,0.7458,-0.0042,0.7416,213,0.0
1118.6,0.516,0.5109,0.0051,0.3728,0.3799,0.38,0.76,0.0041,0.7641,217,0.0
1118.8,0.5043,0.5166,-0.0123,0.3808,0.3798,0.3699,0.7399,-0.0067,0.7332,212,0.0
1119.0,0.5106,0.5166,-0.0059,0.3808,0.3795,0.3748,0.7495,-0.0036,0.7459,214,0.0
1119.2,0.5052,0.5118,-0.0066,0.374,0.3791,0.3739,0.7477,-0.0007,0.747,214,0.0
1119.4,0.5138,0.5118,0.0019,0.3741,0.3786,0.38,0.76,0.0032,0.7632,217,0.0
1119.6,0.5156,0.5141,0.0015,0.3773,0.378,0.3792,0.7585,0.0011,0.7596,216,0.0
1119.8,0.5038,0.5128,-0.0089,0.3754,0.3773,0.3701,0.7402,-0.0035,0.7367,212,0.0
1120.0,0.5088,0.514,-0.0053,0.3772,0.3764,0.3722,0.7444,-0.003,0.7414,213,0.0
1120.2,0.5085,0.5114,-0.0029,0.3734,0.3755,0.3732,0.7463,-0.0004,0.7459,214,0.0
1120.4,0.5214,0.5108,0.0107,0.3725,0.3744,0.38,0.76,0.0048,0.7648,217,0.0
1120.6,0.5033,0.5179,-0.0145,0.3827,0.3733,0.3616,0.7233,-0.012,0.7113,208,0.0
1120.8,0.5023,0.5144,-0.012,0.3777,0.372,0.3624,0.7247,-0.0088,0.7159,209,0.0
1121.0,0.5016,0.5126,-0.0109,0.3751,0.3706,0.3619,0.7238,-0.0077,0.7161,209,0.0
1121.2,0.5113,0.5102,0.0011,0.3717,0.3691,0.37,0.74,-0.0008,0.7392,213,0.0
1121.4,0.5058,0.5111,-0.0053,0.373,0.3675,0.3633,0.7266,-0.0054,0.7212,210,0.0
1121.6,0.5053,0.5095,-0.0042,0.3707,0.3659,0.3625,0.7249,-0.0045,0.7204,210,0.0
1121.8,0.4966,0.5127,-0.0161,0.3753,0.3641,0.3511,0.7023,-0.0137,0.6886,205,0.0
1122.0,0.5098,0.5075,0.0023,0.3678,0.3621,0.364,0.7279,-0.0017,0.7262,211,0.0
1122.2,0.4959,0.5118,-0.0159,0.374,0.3601,0.3474,0.6948,-0.0149,0.6799,203,0.0
1122.4,0.4929,0.5075,-0.0146,0.3678,0.358,0.3464,0.6928,-0.0122,0.6806,203,0.0
1122.6,0.5034,0.511,-0.0076,0.3729,0.3558,0.3497,0.6994,-0.0124,0.6871,204,0.0
1122.8,0.5008,0.5038,-0.0029,0.3625,0.3535,0.3512,0.7024,-0.0059,0.6965,206,0.0
1123.0,0.4898,0.5097,-0.0199,0.371,0.3511,0.3352,0.6704,-0.0199,0.6506,199,0.0
1123.2,0.496,0.5069,-0.0109,0.3671,0.3486,0.3399,0.6798,-0.0147,0.6652,201,0.0
1123.4,0.4755,0.5053,-0.0298,0.3647,0.3461,0.3222,0.6445,-0.0242,0.6203,194,0.0
1123.6,0.4888,0.5011,-0.0124,0.3588,0.3434,0.3335,0.667,-0.0139,0.6531,199,0.0
1123.8,0.4825,0.5034,-0.0208,0.3619,0.3406,0.324,0.6479,-0.0211,0.6268,195,0.0
1124.0,0.4812,0.4981,-0.0169,0.3544,0.3378,0.3242,0.6485,-0.0168,0.6317,196,0.0
1124.2,0.4771,0.499,-0.0219,0.3557,0.3348,0.3173,0.6346,-0.0214,0.6133,193,0.0
1124.4,0.4561,0.4975,-0.0414,0.3536,0.3318,0.2987,0.5973,-0.0316,0.5657,185,0.0
1124.6,0.4529,0.4927,-0.0398,0.3467,0.3287,0.2969,0.5938,-0.0289,0.5649,185,0.0
1124.8,0.4625,0.4913,-0.0287,0.3446,0.3255,0.3025,0.6051,-0.0239,0.5812,187,0.0
1125.0,0.4579,0.4922,-0.0343,0.346,0.3223,0.2948,0.5897,-0.029,0.5607,184,0.0
1125.2,0.4468,0.4852,-0.0384,0.336,0.3189,0.2882,0.5764,-0.0277,0.5487,182,0.0
1125.4,0.4476,0.4868,-0.0393,0.3383,0.3155,0.2841,0.5682,-0.031,0.5371,180,0.0
1125.6,0.4367,0.4875,-0.0509,0.3394,0.312,0.2713,0.5427,-0.0391,0.5036,175,0.0
1125.8,0.4363,0.4823,-0.046,0.3319,0.3085,0.2716,0.5433,-0.0347,0.5086,176,0.0
1126.0,0.4205,0.478,-0.0576,0.3257,0.3048,0.2588,0.5176,-0.0392,0.4783,171,0.0
1126.2,0.4273,0.4753,-0.0481,0.3219,0.3011,0.2627,0.5254,-0.0344,0.491,173,0.0
1126.4,0.4234,0.477,-0.0536,0.3244,0.2974,0.2545,0.5089,-0.0403,0.4686,169,0.0
1126.6,0.4212,0.4693,-0.0481,0.3133,0.2936,0.2551,0.5101,-0.0339,0.4762,171,0.0
1126.8,0.4027,0.4726,-0.0699,0.318,0.2897,0.2338,0.4675,-0.0491,0.4184,161,0.0
1127.0,0.3974,0.4654,-0.0681,0.3077,0.2858,0.2313,0.4626,-0.045,0.4176,161,0.0
1127.2,0.3945,0.4645,-0.07,0.3064,0.2818,0.2258,0.4515,-0.0473,0.4042,159,0.0
1127.4,0.4038,0.4622,-0.0584,0.3031,0.2778,0.2311,0.4621,-0.0418,0.4203,162,0.0
1127.6,0.3948,0.457,-0.0622,0.2957,0.2737,0.2239,0.4478,-0.0421,0.4057,159,0.0
1127.8,0.3814,0.4612,-0.0798,0.3017,0.2695,0.2057,0.4113,-0.056,0.3553,151,0.0
1128.0,0.3739,0.4532,-0.0792,0.2902,0.2654,0.202,0.404,-0.052,0.3519,151,0.0
1128.2,0.3695,0.4552,-0.0857,0.2931,0.2612,0.1926,0.3853,-0.0588,0.3264,147,0.0
1128.4,0.3648,0.4463,-0.0814,0.2804,0.2569,0.1918,0.3835,-0.0524,0.3311,147,0.0
1128.6,0.3728,0.4483,-0.0755,0.2833,0.2526,0.1922,0.3845,-0.0531,0.3314,148,0.0
1128.8,0.3568,0.4456,-0.0888,0.2794,0.2483,0.1772,0.3545,-0.06,0.2945,142,0.0
1129.0,0.3541,0.4401,-0.086,0.2716,0.244,0.1751,0.3503,-0.0568,0.2935,141,0.0
1129.2,0.3443,0.4412,-0.0969,0.2732,0.2396,0.162,0.324,-0.0653,0.2588,136,0.0
1129.4,0.3458,0.4361,-0.0903,0.2658,0.2352,0.1629,0.3259,-0.0605,0.2654,137,0.0
1129.6,0.33,0.432,-0.102,0.26,0.2307,0.1491,0.2983,-0.0656,0.2326,132,0.0
1129.8,0.3256,0.43,-0.1044,0.2572,0.2263,0.1427,0.2855,-0.0677,0.2178,129,0.0
1130.0,0.3141,0.4281,-0.1139,0.2544,0.2218,0.1307,0.2614,-0.0732,0.1882,125,0.0
1130.2,0.3192,0.4221,-0.1029,0.2458,0.2174,0.1351,0.2701,-0.0656,0.2045,127,0.0
1130.4,0.3066,0.4224,-0.1158,0.2462,0.2129,0.1203,0.2405,-0.0746,0.1659,121,0.0
1130.6,0.2921,0.4164,-0.1243,0.2377,0.2084,0.109,0.218,-0.0768,0.1412,117,0.0
1130.8,0.2984,0.4177,-0.1193,0.2396,0.2039,0.1085,0.217,-0.0775,0.1395,117,0.0
1131.0,0.2844,0.4116,-0.1273,0.2309,0.1994,0.0976,0.1952,-0.0794,0.1158,113,0.0
1131.2,0.2928,0.4073,-0.1145,0.2247,0.1949,0.1033,0.2066,-0.0722,0.1345,116,0.0
1131.4,0.2852,0.4089,-0.1237,0.2269,0.1904,0.0914,0.1829,-0.0801,0.1028,111,0.0
1131.6,0.2689,0.405,-0.1361,0.2214,0.1859,0.0771,0.1541,-0.0858,0.0683,105,0.0
1131.8,0.2584,0.3971,-0.1387,0.2101,0.1814,0.0704,0.1409,-0.0837,0.0572,104,0.0
1132.0,0.2476,0.3984,-0.1509,0.212,0.177,0.0563,0.1126,-0.093,0.0,0,0.0
1132.2,0.249,0.3763,-0.1273,0.1804,0.1725,0.0706,0.1413,-0.0676,0.0,0,0.0
1132.4,0.2658,0.3556,-0.0897,0.1508,0.1681,0.0963,0.1926,-0.0362,0.1564,120,0.0
1132.6,0.2567,0.3646,-0.108,0.1638,0.1637,0.0773,0.1546,-0.054,0.1005,111,0.0
1132.8,0.2634,0.369,-0.1056,0.17,0.1593,0.0748,0.1495,-0.0582,0.0914,109,0.0
1133.0,0.2585,0.3679,-0.1094,0.1684,0.1549,0.0674,0.1347,-0.0615,0.0732,106,0.0
1133.2,0.2505,0.3704,-0.1199,0.172,0.1505,0.0546,0.1093,-0.0707,0.0386,101,0.0
1133.4,0.2503,0.3729,-0.1226,0.1756,0.1462,0.0481,0.0963,-0.076,0.0203,98,0.0
1133.6,0.2499,0.3739,-0.1239,0.177,0.142,0.0428,0.0856,-0.0795,0.0,0,0.0
1133.8,0.2367,0.35,-0.1133,0.1429,0.1377,0.0471,0.0942,-0.0592,0.0,0,0.0
1134.0,0.2393,0.341,-0.1018,0.1301,0.1335,0.0521,0.1042,-0.0492,0.0,0,0.0
1134.2,0.2544,0.3258,-0.0714,0.1083,0.1294,0.0722,0.1445,-0.0252,0.1193,114,0.0
1134.4,0.2514,0.3368,-0.0854,0.1239,0.1252,0.0569,0.1139,-0.042,0.0719,106,0.0
1134.6,0.2493,0.3393,-0.09,0.1276,0.1212,0.0492,0.0984,-0.0482,0.0,0,0.0
1134.8,0.2514,0.3309,-0.0795,0.1155,0.1171,0.0535,0.1071,-0.0389,0.0681,105,0.0
1135.0,0.2519,0.3328,-0.0809,0.1183,0.1132,0.0485,0.0969,-0.043,0.0539,103,0.0
1135.2,0.2316,0.3407,-0.1092,0.1296,0.1093,0.0219,0.0439,-0.0648,0.0,0,0.0
1135.4,0.2313,0.3292,-0.0979,0.1132,0.1054,0.0271,0.0541,-0.0529,0.0,0,0.0
1135.6,0.2334,0.3148,-0.0814,0.0926,0.1016,0.0365,0.0729,-0.0362,0.0,0,0.0
1135.8,0.2364,0.3091,-0.0727,0.0844,0.0979,0.0397,0.0795,-0.0296,0.0,0,0.0
1136.0,0.2515,0.2946,-0.0431,0.0637,0.0942,0.0597,0.1195,-0.0063,0.1132,113,0.0
1136.2,0.2407,0.3139,-0.0733,0.0913,0.0906,0.032,0.064,-0.037,0.0,0,0.0
1136.4,0.2456,0.304,-0.0585,0.0772,0.0871,0.0403,0.0805,-0.0243,0.0,0,0.0
1136.6,0.2562,0.2933,-0.037,0.0618,0.0836,0.054,0.1079,-0.0076,0.1003,111,0.0
1136.8,0.2566,0.3094,-0.0528,0.0848,0.0802,0.038,0.0759,-0.0287,0.0473,102,0.0
1137.0,0.2489,0.3168,-0.068,0.0955,0.0769,0.0225,0.045,-0.0433,0.0,0,0.0
1137.2,0.2523,0.3091,-0.0568,0.0844,0.0736,0.0282,0.0564,-0.0338,0.0226,98,0.0
1137.4,0.2327,0.315,-0.0823,0.0929,0.0705,0.0046,0.0092,-0.0524,0.0,0,0.0
1137.6,0.2447,0.3048,-0.0601,0.0783,0.0674,0.0193,0.0387,-0.0355,0.0,0,0.0
1137.8,0.2317,0.3018,-0.0702,0.074,0.0644,0.0082,0.0165,-0.0399,0.0,0,0.0
1138.0,0.2341,0.293,-0.0589,0.0614,0.0615,0.0144,0.0287,-0.0294,0.0,0,0.0
1138.2,0.2346,0.2819,-0.0473,0.0456,0.0586,0.0208,0.0415,-0.0171,0.0,0,0.0
1138.4,0.2384,0.2798,-0.0415,0.0426,0.0559,0.0227,0.0454,-0.0141,0.0,0,0.0
1138.6,0.2385,0.2751,-0.0367,0.0359,0.0532,0.0239,0.0478,-0.0097,0.0,0,0.0
1138.8,0.2506,0.2745,-0.0239,0.035,0.0507,0.0316,0.0631,-0.0041,0.059,104,0.0
1139.0,0.2355,0.2896,-0.0541,0.0566,0.0,0.0,0.0,-0.0337,0.0,0,0.0
1139.2,0.2327,0.2834,-0.0508,0.0478,0.0,0.0,0.0,-0.029,0.0,0,0.0
1139.4,0.2138,0.2769,-0.0632,0.0385,0.0,0.0,0.0,-0.0256,0.0,0,0.0
1139.6,0.2121,0.2704,-0.0583,0.0292,0.0,0.0,0.0,-0.0204,0.0,0,0.0
1139.8,0.213,0.2719,-0.0589,0.0313,0.0,0.0,0.0,-0.0215,0.0,0,0.0
1140.0,0.2042,0.2688,-0.0646,0.0269,0.0,0.0,0.0,-0.0199,0.0,0,0.0
1140.2,0.194,0.2655,-0.0715,0.0221,0.0,0.0,0.0,-0.0182,0.0,0,0.0
1140.4,0.1893,0.2586,-0.0693,0.0123,0.0,0.0,0.0,-0.0131,0.0,0,0.0
1140.6,0.1895,0.2603,-0.0707,0.0147,0.0,0.0,0.0,-0.0144,0.0,0,0.0
1140.8,0.194,0.2564,-0.0624,0.0091,0.0,0.0,0.0,-0.0108,0.0,0,0.0
1141.0,0.1887,0.2586,-0.0698,0.0123,0.0,0.0,0.0,-0.0131,0.0,0,0.0
1141.2,0.1912,0.257,-0.0658,0.01,0.0,0.0,0.0,-0.0116,0.0,0,0.0
1141.4,0.1786,0.256,-0.0774,0.0086,0.0,0.0,0.0,-0.012,0.0,0,0.0
1141.6,0.1941,0.2558,-0.0617,0.0083,0.0,0.0,0.0,-0.0103,0.0,0,0.0
1141.8,0.1846,0.2504,-0.0658,0.0006,0.0,0.0,0.0,-0.0069,0.0,0,0.0
1142.0,0.1849,0.25,-0.0651,0.0001,0.0,0.0,0.0,-0.0065,0.0,0,0.0
1142.2,0.1867,0.2513,-0.0646,0.0019,0.0,0.0,0.0,-0.0074,0.0,0,0.0
1142.4,0.1765,0.25,-0.0735,0.0,0.0,0.0,0.0,-0.0074,0.0,0,0.0
1142.6,0.1754,0.2507,-0.0753,0.0009,0.0,0.0,0.0,-0.008,0.0,0,0.0
1142.8,0.1831,0.2518,-0.0686,0.0026,0.0,0.0,0.0,-0.0081,0.0,0,0.0
1143.0,0.1714,0.2517,-0.0803,0.0025,0.0,0.0,0.0,-0.0093,0.0,0,0.0
1143.2,0.1785,0.2508,-0.0723,0.0011,0.0,0.0,0.0,-0.0078,0.0,0,0.0
1143.4,0.1795,0.2504,-0.0709,0.0005,0.0,0.0,0.0,-0.0074,0.0,0,0.0
1143.6,0.1823,0.2516,-0.0693,0.0023,0.0,0.0,0.0,-0.0081,0.0,0,0.0
1143.8,0.1786,0.254,-0.0755,0.0058,0.0,0.0,0.0,-0.0104,0.0,0,0.0
1144.0,0.1782,0.2517,-0.0735,0.0024,0.0,0.0,0.0,-0.0085,0.0,0,0.0
1144.2,0.1805,0.2512,-0.0707,0.0017,0.0,0.0,0.0,-0.0079,0.0,0,0.0
1144.4,0.179,0.25,-0.071,0.0,0.0,0.0,0.0,-0.0071,0.0,0,0.0
1144.6,0.1823,0.2516,-0.0692,0.0023,0.0,0.0,0.0,-0.0081,0.0,0,0.0
1144.8,0.1692,0.25,-0.0808,0.0,0.0,0.0,0.0,-0.0081,0.0,0,0.0
1145.0,0.1872,0.25,-0.0628,0.0,0.0,0.0,0.0,-0.0063,0.0,0,0.0
1145.2,0.1848,0.25,-0.0652,0.0,0.0,0.0,0.0,-0.0065,0.0,0,0.0
1145.4,0.1841,0.25,-0.0659,0.0,0.0,0.0,0.0,-0.0066,0.0,0,0.0
1145.6,0.1766,0.25,-0.0734,0.0,0.0,0.0,0.0,-0.0073,0.0,0,0.0
1145.8,0.188,0.2534,-0.0654,0.0048,0.0,0.0,0.0,-0.009,0.0,0,0.0
1146.0,0.1757,0.2518,-0.0762,0.0026,0.0,0.0,0.0,-0.0089,0.0,0,0.0
1146.2,0.1855,0.25,-0.0645,0.0,0.0,0.0,0.0,-0.0064,0.0,0,0.0
1146.4,0.1783,0.2515,-0.0732,0.0021,0.0,0.0,0.0,-0.0084,0.0,0,0.0
1146.6,0.1867,0.2517,-0.065,0.0024,0.0,0.0,0.0,-0.0077,0.0,0,0.0
1146.8,0.1736,0.25,-0.0764,0.0,0.0,0.0,0.0,-0.0076,0.0,0,0.0
1147.0,0.1709,0.2502,-0.0793,0.0003,0.0,0.0,0.0,-0.0081,0.0,0,0.0
1147.2,0.1784,0.25,-0.0716,0.0,0.0,0.0,0.0,-0.0072,0.0,0,0.0
1147.4,0.1767,0.2524,-0.0756,0.0034,0.0,0.0,0.0,-0.0092,0.0,0,0.0
1147.6,0.1727,0.2517,-0.0789,0.0024,0.0,0.0,0.0,-0.0091,0.0,0,0.0
1147.8,0.1848,0.2506,-0.0658,0.0009,0.0,0.0,0.0,-0.007,0.0,0,0.0
1148.0,0.182,0.25,-0.068,0.0,0.0,0.0,0.0,-0.0068,0.0,0,0.0
1148.2,0.1863,0.25,-0.0637,0.0,0.0,0.0,0.0,-0.0064,0.0,0,0.0
1148.4,0.1819,0.25,-0.0681,0.0,0.0522,0.0,0.0,-0.0068,0.0,0,0.0
1148.6,0.2026,0.25,-0.0474,0.0,0.0548,0.0169,0.0338,0.0037,0.0,0,0.0
1148.8,0.214,0.2526,-0.0386,0.0038,0.0575,0.0267,0.0533,0.0076,0.0,0,0.0
1149.0,0.2199,0.25,-0.0301,0.0,0.0603,0.0362,0.0725,0.0151,0.0,0,0.0
1149.2,0.2382,0.25,-0.0118,0.0,0.0632,0.0538,0.1076,0.0257,0.0,0,0.0
1149.4,0.2537,0.2531,0.0005,0.0045,0.0662,0.0666,0.1332,0.0311,0.1643,121,0.0
1149.6,0.2605,0.2735,-0.013,0.0335,0.0692,0.0588,0.1176,0.0113,0.1289,115,0.0
1149.8,0.2647,0.2887,-0.0239,0.0552,0.0724,0.0532,0.1064,-0.0034,0.103,111,0.0
1150.0,0.2494,0.3029,-0.0535,0.0755,0.0756,0.0328,0.0655,-0.0267,0.0,0,0.0
1150.2,0.2602,0.2933,-0.033,0.0618,0.0789,0.0524,0.1049,-0.008,0.0969,110,0.0
1150.4,0.268,0.3133,-0.0453,0.0904,0.0822,0.046,0.092,-0.0267,0.0653,105,0.0
1150.6,0.2659,0.3233,-0.0574,0.1047,0.0857,0.0397,0.0795,-0.0382,0.0412,101,0.0
1150.8,0.2491,0.331,-0.0819,0.1157,0.0892,0.0237,0.0473,-0.0542,0.0,0,0.0
1151.0,0.2532,0.3195,-0.0663,0.0993,0.0928,0.0397,0.0795,-0.0364,0.0431,101,0.0
1151.2,0.2547,0.3286,-0.0739,0.1122,0.0964,0.0373,0.0746,-0.0448,0.0298,99,0.0
1151.4,0.2414,0.3325,-0.0911,0.1178,0.1001,0.0273,0.0545,-0.0544,0.0,0,0.0
1151.6,0.2418,0.3203,-0.0785,0.1004,0.1039,0.0411,0.0822,-0.0375,0.0,0,0.0
1151.8,0.255,0.3131,-0.0581,0.0901,0.1077,0.0613,0.1226,-0.0202,0.1023,111,0.0
1152.0,0.2627,0.3224,-0.0597,0.1034,0.1116,0.0639,0.1278,-0.0257,0.102,111,0.0
1152.2,0.2613,0.33,-0.0687,0.1143,0.1156,0.0606,0.1212,-0.0337,0.0875,108,0.0
1152.4,0.2507,0.3423,-0.0917,0.1319,0.1196,0.0462,0.0925,-0.052,0.0405,101,0.0
1152.6,0.252,0.3466,-0.0946,0.138,0.1236,0.0479,0.0959,-0.0545,0.0414,101,0.0
1152.8,0.2531,0.3458,-0.0926,0.1368,0.1277,0.0536,0.1072,-0.0509,0.0563,104,0.0
1153.0,0.2507,0.3522,-0.1015,0.146,0.1319,0.0507,0.1013,-0.0578,0.0435,101,0.0
1153.2,0.2387,0.355,-0.1163,0.15,0.136,0.043,0.0861,-0.0651,0.0,0,0.0
1153.4,0.2386,0.3426,-0.104,0.1323,0.1403,0.0571,0.1141,-0.048,0.0,0,0.0
1153.6,0.2423,0.3293,-0.087,0.1133,0.1445,0.075,0.1499,-0.0278,0.0,0,0.0
1153.8,0.2517,0.3128,-0.0611,0.0897,0.1488,0.1,0.2,-0.0009,0.199,126,0.0
1154.0,0.2687,0.3287,-0.06,0.1124,0.1532,0.1052,0.2103,-0.0096,0.2007,127,0.0
1154.2,0.2809,0.3438,-0.0629,0.134,0.1575,0.1072,0.2145,-0.0197,0.1948,126,0.0
1154.4,0.2741,0.3519,-0.0778,0.1456,0.1619,0.0996,0.1993,-0.0308,0.1685,121,0.0
1154.6,0.2752,0.3548,-0.0796,0.1497,0.1663,0.1026,0.2052,-0.0315,0.1737,122,0.0
1154.8,0.2738,0.3645,-0.0907,0.1636,0.1707,0.0981,0.1963,-0.0418,0.1545,119,0.0
1155.0,0.2793,0.3707,-0.0914,0.1724,0.1752,0.102,0.2041,-0.0443,0.1597,120,0.0
1155.2,0.2775,0.3743,-0.0968,0.1775,0.1797,0.1022,0.2045,-0.0473,0.1571,120,0.0
1155.4,0.2916,0.3754,-0.0838,0.1792,0.1841,0.1171,0.2342,-0.0394,0.1947,126,0.0
1155.6,0.2815,0.3823,-0.1008,0.189,0.1886,0.108,0.216,-0.0506,0.1654,121,0.0
1155.8,0.2822,0.3829,-0.1008,0.1899,0.1931,0.1125,0.225,-0.0488,0.1762,123,0.0
1156.0,0.2835,0.3864,-0.1029,0.1948,0.1976,0.1153,0.2306,-0.05,0.1806,123,0.0
1156.2,0.2773,0.3897,-0.1124,0.1996,0.2021,0.1122,0.2244,-0.0549,0.1695,122,0.0
1156.4,0.2784,0.3927,-0.1143,0.2039,0.2066,0.1152,0.2303,-0.0558,0.1745,122,0.0
1156.6,0.2923,0.3916,-0.0993,0.2023,0.2111,0.1316,0.2633,-0.0453,0.218,129,0.0
1156.8,0.288,0.3967,-0.1087,0.2096,0.2156,0.1286,0.2573,-0.0514,0.2059,127,0.0
1157.0,0.2977,0.3943,-0.0965,0.2061,0.2201,0.1428,0.2857,-0.0413,0.2444,134,0.0
1157.2,0.3031,0.4028,-0.0997,0.2183,0.2245,0.1448,0.2895,-0.0467,0.2428,133,0.0
1157.4,0.2919,0.3993,-0.1074,0.2133,0.229,0.1431,0.2862,-0.0458,0.2403,133,0.0
1157.6,0.2997,0.4038,-0.104,0.2197,0.2334,0.1502,0.3004,-0.0451,0.2553,135,0.0
1157.8,0.3109,0.4064,-0.0956,0.2235,0.2378,0.1614,0.3227,-0.0406,0.2821,140,0.0
1158.0,0.308,0.4086,-0.1006,0.2265,0.2422,0.1618,0.3235,-0.0424,0.2811,139,0.0
1158.2,0.3026,0.4106,-0.108,0.2294,0.2466,0.1602,0.3204,-0.0454,0.2749,138,0.0
1158.4,0.3228,0.4122,-0.0894,0.2317,0.2509,0.1794,0.3588,-0.0351,0.3237,146,0.0
1158.6,0.3263,0.4114,-0.0851,0.2306,0.2552,0.1871,0.3742,-0.0303,0.344,150,0.0
1158.8,0.3125,0.4159,-0.1034,0.237,0.2595,0.1767,0.3534,-0.0405,0.3129,145,0.0
1159.0,0.3206,0.4199,-0.0993,0.2427,0.2637,0.1843,0.3685,-0.0392,0.3294,147,0.0
1159.2,0.3296,0.4182,-0.0886,0.2403,0.2679,0.197,0.3941,-0.0305,0.3636,153,0.0
1159.4,0.3414,0.4227,-0.0813,0.2468,0.272,0.207,0.4139,-0.028,0.3859,156,0.0
1159.6,0.3375,0.4284,-0.0909,0.2549,0.2761,0.2034,0.4068,-0.0348,0.372,154,0.0
1159.8,0.3438,0.4255,-0.0817,0.2507,0.2802,0.2148,0.4296,-0.0261,0.4035,159,0.0
1160.0,0.3521,0.4337,-0.0816,0.2624,0.2842,0.2189,0.4378,-0.0299,0.4079,160,0.0
1160.2,0.3587,0.4321,-0.0733,0.2601,0.2881,0.2295,0.4589,-0.0226,0.4363,164,0.0
1160.4,0.3585,0.4377,-0.0792,0.2682,0.292,0.2287,0.4573,-0.0277,0.4296,163,0.0
1160.6,0.3709,0.4382,-0.0673,0.2689,0.2959,0.242,0.484,-0.0202,0.4638,169,0.0
1160.8,0.3672,0.4431,-0.0759,0.2758,0.2997,0.2389,0.4779,-0.026,0.4519,167,0.0
1161.0,0.3764,0.4405,-0.0642,0.2722,0.3034,0.252,0.5041,-0.0165,0.4876,173,0.0
1161.2,0.3849,0.4482,-0.0632,0.2831,0.307,0.2564,0.5129,-0.0197,0.4932,173,0.0
1161.4,0.38,0.4509,-0.0709,0.287,0.3106,0.2539,0.5078,-0.0236,0.4842,172,0.0
1161.6,0.3929,0.4504,-0.0575,0.2862,0.3141,0.2681,0.5362,-0.0148,0.5214,178,0.0
1161.8,0.4008,0.4523,-0.0515,0.2891,0.3176,0.2763,0.5527,-0.0115,0.5411,181,0.0
1162.0,0.4104,0.4555,-0.0451,0.2936,0.3209,0.2848,0.5696,-0.0089,0.5608,184,0.0
1162.2,0.41,0.4609,-0.051,0.3013,0.3242,0.2835,0.5669,-0.014,0.5529,183,0.0
1162.4,0.417,0.4609,-0.0439,0.3013,0.3274,0.2923,0.5846,-0.0089,0.5757,187,0.0
1162.6,0.4116,0.4653,-0.0537,0.3075,0.3306,0.2876,0.5752,-0.0153,0.5599,184,0.0
1162.8,0.4209,0.4705,-0.0496,0.315,0.3336,0.294,0.5879,-0.0155,0.5725,186,0.0
1163.0,0.428,0.4669,-0.0389,0.3099,0.3366,0.3055,0.611,-0.0061,0.6049,191,0.0
1163.2,0.4227,0.4731,-0.0505,0.3187,0.3395,0.2991,0.5983,-0.0149,0.5834,188,0.0
1163.4,0.4374,0.4728,-0.0354,0.3183,0.3423,0.314,0.628,-0.0057,0.6223,194,0.0
1163.6,0.4379,0.4772,-0.0393,0.3246,0.345,0.3136,0.6272,-0.0095,0.6177,193,0.0
1163.8,0.4416,0.4783,-0.0367,0.3261,0.3476,0.3183,0.6366,-0.0076,0.629,195,0.0
1164.0,0.4551,0.4822,-0.0271,0.3317,0.3502,0.3285,0.657,-0.0043,0.6527,199,0.0
1164.2,0.4559,0.4822,-0.0263,0.3317,0.3526,0.3316,0.6631,-0.0027,0.6604,200,0.0
1164.4,0.4659,0.4846,-0.0187,0.3352,0.3549,0.34,0.68,0.0005,0.6805,203,0.0
1164.6,0.4623,0.4902,-0.0279,0.3432,0.3572,0.3348,0.6697,-0.007,0.6627,201,0.0
1164.8,0.4639,0.4872,-0.0232,0.3388,0.3593,0.3407,0.6815,-0.0014,0.6801,203,0.0
1165.0,0.4585,0.4876,-0.0291,0.3394,0.3614,0.3381,0.6762,-0.0036,0.6726,202,0.0
1165.2,0.4719,0.4914,-0.0195,0.3448,0.3633,0.3477,0.6955,-0.0005,0.695,206,0.0
1165.4,0.4687,0.4937,-0.025,0.3482,0.3651,0.3451,0.6903,-0.004,0.6862,204,0.0
1165.6,0.4709,0.497,-0.0261,0.3529,0.3669,0.346,0.6921,-0.006,0.686,204,0.0
1165.8,0.4874,0.4982,-0.0108,0.3546,0.3685,0.3598,0.7197,0.0015,0.7212,210,0.0
1166.0,0.4762,0.4984,-0.0222,0.3549,0.37,0.3523,0.7046,-0.0035,0.7011,207,0.0
1166.2,0.487,0.4974,-0.0104,0.3534,0.3715,0.3632,0.7263,0.0039,0.7302,211,0.0
1166.4,0.4964,0.5015,-0.0052,0.3593,0.3728,0.3687,0.7373,0.0041,0.7415,213,0.0
1166.6,0.4869,0.5051,-0.0183,0.3645,0.374,0.3594,0.7188,-0.0044,0.7144,209,0.0
1166.8,0.4989,0.5005,-0.0016,0.3578,0.3751,0.3738,0.7476,0.0078,0.7554,215,0.0
1167.0,0.4913,0.5069,-0.0156,0.367,0.3761,0.3636,0.7272,-0.0033,0.724,210,0.0
1167.2,0.5005,0.5039,-0.0034,0.3627,0.377,0.3742,0.7485,0.0054,0.7539,215,0.0
1167.4,0.4971,0.5042,-0.0071,0.3632,0.3777,0.3721,0.7441,0.0037,0.7479,214,0.0
1167.6,0.4995,0.508,-0.0086,0.3686,0.3784,0.3715,0.743,0.0006,0.7436,213,0.0
1167.8,0.4995,0.5117,-0.0122,0.3739,0.3789,0.3692,0.7383,-0.0036,0.7348,212,0.0
1168.0,0.5113,0.5084,0.0029,0.3692,0.3794,0.38,0.76,0.0057,0.7657,217,0.0
1168.2,0.5175,0.5086,0.0089,0.3694,0.3797,0.38,0.76,0.0062,0.7662,217,0.0
1168.4,0.5011,0.5085,-0.0074,0.3693,0.3799,0.374,0.748,0.0016,0.7497,214,0.0
1168.6,0.5144,0.5147,-0.0002,0.3781,0.38,0.3798,0.7596,0.0008,0.7605,216,0.0
1168.8,0.5068,0.5112,-0.0044,0.3732,0.38,0.3765,0.7529,0.0012,0.7541,215,0.0
1169.0,0.5056,0.5121,-0.0065,0.3744,0.3798,0.3747,0.7493,-0.0005,0.7488,214,0.0
1169.2,0.5145,0.5159,-0.0014,0.3798,0.3796,0.3785,0.757,-0.0008,0.7562,215,0.0
1169.4,0.5234,0.5159,0.0075,0.3799,0.3793,0.38,0.76,0.0008,0.7608,216,0.0
1169.6,0.5183,0.5119,0.0064,0.3742,0.3788,0.38,0.76,0.0036,0.7636,217,0.0
1169.8,0.5186,0.513,0.0056,0.3757,0.3782,0.38,0.76,0.0027,0.7627,217,0.0
1170.0,0.5214,0.5137,0.0077,0.3767,0.3775,0.38,0.76,0.0024,0.7624,216,0.0
1170.2,0.5185,0.5173,0.0013,0.3818,0.3767,0.3778,0.7555,-0.0019,0.7536,215,0.0
1170.4,0.5107,0.5155,-0.0049,0.3794,0.3758,0.3719,0.7439,-0.0042,0.7397,213,0.0
1170.6,0.5109,0.5137,-0.0028,0.3767,0.3748,0.3726,0.7452,-0.0024,0.7428,213,0.0
1170.8,0.5155,0.5132,0.0023,0.3759,0.3737,0.3755,0.7511,0.0,0.7511,215,0.0
1171.0,0.5054,0.5151,-0.0097,0.3787,0.3724,0.3647,0.7294,-0.008,0.7214,210,0.0
1171.2,0.5185,0.5166,0.0018,0.3809,0.3711,0.3725,0.7451,-0.004,0.7411,213,0.0
1171.4,0.505,0.5135,-0.0084,0.3764,0.3696,0.3629,0.7258,-0.0076,0.7182,209,0.0
1171.6,0.4972,0.5163,-0.019,0.3804,0.3681,0.3529,0.7057,-0.0157,0.6901,205,0.0
1171.8,0.5069,0.515,-0.0081,0.3786,0.3664,0.3599,0.7199,-0.0101,0.7097,208,0.0
1172.0,0.495,0.5141,-0.0192,0.3773,0.3647,0.3493,0.6987,-0.0159,0.6827,204,0.0
1172.2,0.5103,0.5129,-0.0025,0.3755,0.3628,0.3608,0.7215,-0.0076,0.7139,209,0.0
1172.4,0.5054,0.5128,-0.0075,0.3755,0.3608,0.3548,0.7097,-0.0111,0.6986,206,0.0
1172.6,0.5001,0.5101,-0.01,0.3716,0.3587,0.3507,0.7014,-0.0114,0.69,205,0.0
1172.8,0.491,0.507,-0.016,0.3671,0.3566,0.3438,0.6875,-0.0133,0.6743,202,0.0
1173.0,0.4949,0.5078,-0.0128,0.3682,0.3543,0.344,0.6881,-0.0134,0.6747,202,0.0
1173.2,0.4985,0.5089,-0.0104,0.3698,0.3519,0.3436,0.6872,-0.0141,0.6731,202,0.0
1173.4,0.4857,0.5064,-0.0208,0.3663,0.3495,0.3329,0.6657,-0.0188,0.6469,198,0.0
1173.6,0.4837,0.5063,-0.0226,0.3661,0.3469,0.3289,0.6577,-0.0209,0.6368,196,0.0
1173.8,0.4892,0.5019,-0.0128,0.3599,0.3443,0.3341,0.6681,-0.0142,0.654,199,0.0
1174.0,0.4697,0.4994,-0.0297,0.3564,0.3415,0.3177,0.6355,-0.0223,0.6132,193,0.0
1174.2,0.4765,0.5015,-0.025,0.3593,0.3387,0.3187,0.6374,-0.0228,0.6146,193,0.0
1174.4,0.4635,0.495,-0.0315,0.35,0.3358,0.3106,0.6212,-0.0229,0.5983,190,0.0
1174.6,0.4607,0.4927,-0.032,0.3467,0.3328,0.3072,0.6145,-0.0229,0.5915,189,0.0
1174.8,0.4689,0.4915,-0.0226,0.345,0.3297,0.3116,0.6233,-0.0189,0.6043,191,0.0
1175.0,0.4524,0.493,-0.0407,0.3472,0.3266,0.294,0.588,-0.0307,0.5574,184,0.0
1175.2,0.4555,0.4871,-0.0317,0.3388,0.3233,0.298,0.596,-0.0236,0.5724,186,0.0
1175.4,0.4604,0.4914,-0.031,0.3448,0.32,0.2953,0.5905,-0.0279,0.5626,185,0.0
1175.6,0.4459,0.4849,-0.039,0.3356,0.3166,0.2854,0.5709,-0.029,0.5419,181,0.0
1175.8,0.4378,0.4833,-0.0456,0.3333,0.3132,0.2767,0.5534,-0.0329,0.5206,178,0.0
1176.0,0.4353,0.4834,-0.0481,0.3334,0.3096,0.2712,0.5423,-0.0359,0.5064,176,0.0
1176.2,0.4278,0.481,-0.0533,0.3301,0.306,0.2634,0.5268,-0.0386,0.4882,173,0.0
1176.4,0.4191,0.4751,-0.0559,0.3215,0.3024,0.2576,0.5152,-0.0375,0.4777,171,0.0
1176.6,0.4153,0.4775,-0.0622,0.3251,0.2986,0.2489,0.4977,-0.0443,0.4534,167,0.0
1176.8,0.424,0.4745,-0.0506,0.3208,0.2948,0.2544,0.5088,-0.0383,0.4705,170,0.0
1177.0,0.415,0.4705,-0.0555,0.315,0.291,0.2466,0.4932,-0.0398,0.4534,167,0.0
1177.2,0.4151,0.4678,-0.0527,0.3112,0.2871,0.2449,0.4898,-0.0384,0.4513,167,0.0
1177.4,0.398,0.4656,-0.0677,0.3081,0.2831,0.229,0.458,-0.0463,0.4116,160,0.0
1177.6,0.396,0.4616,-0.0655,0.3023,0.2791,0.2266,0.4533,-0.0444,0.4089,160,0.0
1177.8,0.401,0.4633,-0.0622,0.3047,0.275,0.2252,0.4504,-0.046,0.4045,159,0.0
1178.0,0.3805,0.4559,-0.0754,0.2941,0.2709,0.2106,0.4211,-0.0493,0.3718,154,0.0
1178.2,0.3812,0.459,-0.0778,0.2986,0.2667,0.2045,0.409,-0.0548,0.3541,151,0.0
1178.4,0.3822,0.4508,-0.0686,0.2869,0.2625,0.2077,0.4153,-0.0465,0.3689,154,0.0
1178.6,0.363,0.4531,-0.0901,0.2901,0.2583,0.1862,0.3725,-0.0609,0.3115,144,0.0
1178.8,0.3729,0.4452,-0.0722,0.2788,0.254,0.1963,0.3925,-0.0485,0.3441,150,0.0
1179.0,0.3625,0.449,-0.0865,0.2843,0.2497,0.1805,0.3611,-0.0605,0.3006,143,0.0
1179.2,0.3518,0.4448,-0.0929,0.2783,0.2454,0.171,0.3421,-0.0629,0.2791,139,0.0
1179.4,0.342,0.4393,-0.0973,0.2705,0.241,0.1632,0.3263,-0.0634,0.2629,137,0.0
1179.6,0.335,0.4395,-0.1045,0.2708,0.2366,0.153,0.306,-0.0693,0.2367,132,0.0
1179.8,0.3353,0.4356,-0.1003,0.2651,0.2322,0.152,0.3039,-0.0666,0.2373,132,0.0
1180.0,0.3286,0.4333,-0.1047,0.2619,0.2278,0.144,0.288,-0.0694,0.2186,129,0.0
1180.2,0.3203,0.4289,-0.1086,0.2556,0.2233,0.1364,0.2728,-0.0705,0.2023,127,0.0
1180.4,0.3233,0.4248,-0.1015,0.2498,0.2188,0.1376,0.2753,-0.0662,0.2091,128,0.0
1180.6,0.3064,0.425,-0.1186,0.25,0.2144,0.1195,0.239,-0.0771,0.1619,120,0.0
1180.8,0.2979,0.4148,-0.1169,0.2354,0.2099,0.1164,0.2327,-0.0712,0.1615,120,0.0
1181.0,0.2978,0.4185,-0.1206,0.2407,0.2054,0.1089,0.2177,-0.078,0.1398,117,0.0
1181.2,0.295,0.4149,-0.12,0.2356,0.2009,0.1049,0.2098,-0.0774,0.1324,116,0.0
1181.4,0.2832,0.4078,-0.1245,0.2254,0.1964,0.0968,0.1935,-0.0768,0.1168,113,0.0
1181.6,0.2807,0.4039,-0.1232,0.2199,0.1919,0.0933,0.1866,-0.0756,0.111,112,0.0
1181.8,0.2705,0.4067,-0.1362,0.2239,0.1874,0.0784,0.1568,-0.0864,0.0705,106,0.0
1182.0,0.2667,0.3976,-0.1309,0.2108,0.1829,0.0782,0.1563,-0.0794,0.0769,107,0.0
1182.2,0.2651,0.3989,-0.1338,0.2127,0.1784,0.0714,0.1428,-0.0841,0.0587,104,0.0
1182.4,0.2555,0.3933,-0.1378,0.2048,0.174,0.0637,0.1274,-0.0843,0.0431,101,0.0
1182.6,0.2461,0.3922,-0.1461,0.2032,0.1695,0.0527,0.1053,-0.0899,0.0,0,0.0
1182.8,0.2501,0.3718,-0.1217,0.1739,0.1651,0.0677,0.1355,-0.0653,0.0702,106,0.0
1183.0,0.2392,0.3729,-0.1338,0.1756,0.1607,0.0537,0.1074,-0.0743,0.0,0,0.0
1183.2,0.2413,0.3531,-0.1118,0.1473,0.1563,0.0668,0.1337,-0.0514,0.0,0,0.0
1183.4,0.2592,0.3361,-0.0769,0.1229,0.152,0.0905,0.1809,-0.0239,0.157,120,0.0
1183.6,0.2485,0.3476,-0.0992,0.1395,0.1476,0.0683,0.1366,-0.0455,0.0,0,0.0
1183.8,0.2559,0.3313,-0.0754,0.1161,0.1434,0.083,0.1661,-0.0241,0.142,117,0.0
1184.0,0.2551,0.3397,-0.0846,0.1281,0.1391,0.0714,0.1429,-0.0368,0.1061,111,0.0
1184.2,0.2556,0.3498,-0.0942,0.1426,0.1349,0.0595,0.119,-0.051,0.068,105,0.0
1184.4,0.2637,0.3545,-0.0908,0.1492,0.1307,0.0581,0.1162,-0.0546,0.0615,104,0.0
1184.6,0.2426,0.3593,-0.1167,0.1561,0.1266,0.0332,0.0664,-0.0731,0.0,0,0.0
1184.8,0.2518,0.3408,-0.089,0.1297,0.1225,0.0513,0.1026,-0.0481,0.0545,103,0.0
1185.0,0.2423,0.3473,-0.105,0.139,0.1185,0.0344,0.0689,-0.0628,0.0,0,0.0
1185.2,0.2447,0.3298,-0.0851,0.114,0.1145,0.0464,0.0928,-0.0423,0.0,0,0.0
1185.4,0.2453,0.3218,-0.0765,0.1025,0.1105,0.0494,0.0987,-0.0342,0.0,0,0.0
1185.6,0.2398,0.3124,-0.0726,0.0891,0.1067,0.0486,0.0972,-0.0275,0.0,0,0.0
1185.8,0.262,0.2998,-0.0378,0.0712,0.1028,0.0726,0.1452,-0.0031,0.1421,117,0.0
1186.0,0.2584,0.3163,-0.0578,0.0947,0.0991,0.0528,0.1056,-0.0267,0.0789,107,0.0
1186.2,0.2617,0.328,-0.0662,0.1114,0.0954,0.0424,0.0848,-0.0411,0.0437,101,0.0
1186.4,0.2471,0.3319,-0.0847,0.1169,0.0918,0.024,0.0479,-0.055,0.0,0,0.0
1186.6,0.2417,0.3211,-0.0794,0.1016,0.0882,0.0247,0.0493,-0.0464,0.0,0,0.0
1186.8,0.2532,0.3114,-0.0582,0.0878,0.0847,0.0381,0.0762,-0.0306,0.0456,102,0.0
1187.0,0.2527,0.3216,-0.0689,0.1023,0.0813,0.0262,0.0523,-0.045,0.0073,0,0.0
1187.2,0.244,0.3111,-0.0671,0.0873,0.0779,0.0243,0.0485,-0.0382,0.0,0,0.0
1187.4,0.2514,0.2989,-0.0475,0.0698,0.0747,0.0367,0.0734,-0.0213,0.052,103,0.0
1187.6,0.2465,0.3094,-0.0629,0.0849,0.0715,0.0212,0.0423,-0.0382,0.0,0,0.0
1187.8,0.2314,0.3056,-0.0741,0.0794,0.0684,0.0091,0.0181,-0.0426,0.0,0,0.0
1188.0,0.2387,0.2911,-0.0523,0.0587,0.0653,0.0235,0.0469,-0.0228,0.0,0,0.0
1188.2,0.2454,0.2909,-0.0455,0.0584,0.0624,0.026,0.052,-0.0207,0.0,0,0.0
1188.4,0.241,0.2853,-0.0443,0.0505,0.0595,0.0241,0.0482,-0.0176,0.0,0,0.0
1188.6,0.2493,0.2783,-0.029,0.0404,0.0568,0.0336,0.0672,-0.0063,0.0,0,0.0
1188.8,0.2462,0.2754,-0.0291,0.0362,0.0541,0.0308,0.0616,-0.0056,0.0,0,0.0
1189.0,0.2616,0.2708,-0.0092,0.0298,0.0515,0.0441,0.0882,0.0062,0.0945,110,0.0
1189.2,0.244,0.2885,-0.0445,0.055,0.0,0.0,0.0,-0.0319,0.0,0,0.0
1189.4,0.2433,0.2819,-0.0386,0.0456,0.0,0.0,0.0,-0.0267,0.0,0,0.0
1189.6,0.2197,0.2754,-0.0557,0.0363,0.0,0.0,0.0,-0.0237,0.0,0,0.0
1189.8,0.2178,0.2749,-0.0571,0.0355,0.0,0.0,0.0,-0.0235,0.0,0,0.0
1190.0,0.2086,0.2698,-0.0612,0.0283,0.0,0.0,0.0,-0.0203,0.0,0,0.0
1190.2,0.216,0.2649,-0.0488,0.0212,0.0,0.0,0.0,-0.0155,0.0,0,0.0
1190.4,0.2019,0.2658,-0.064,0.0226,0.0,0.0,0.0,-0.0177,0.0,0,0.0
1190.6,0.1972,0.2633,-0.0661,0.0191,0.0,0.0,0.0,-0.0161,0.0,0,0.0
1190.8,0.1979,0.2584,-0.0605,0.012,0.0,0.0,0.0,-0.012,0.0,0,0.0
1191.0,0.2067,0.2559,-0.0492,0.0084,0.0,0.0,0.0,-0.0091,0.0,0,0.0
1191.2,0.2024,0.2584,-0.056,0.0119,0.0,0.0,0.0,-0.0116,0.0,0,0.0
1191.4,0.1913,0.2533,-0.062,0.0047,0.0,0.0,0.0,-0.0086,0.0,0,0.0
1191.6,0.1901,0.2549,-0.0648,0.007,0.0,0.0,0.0,-0.01,0.0,0,0.0
1191.8,0.1881,0.2527,-0.0646,0.0039,0.0,0.0,0.0,-0.0084,0.0,0,0.0
1192.0,0.1935,0.2545,-0.061,0.0064,0.0,0.0,0.0,-0.0093,0.0,0,0.0
1192.2,0.1847,0.2545,-0.0698,0.0064,0.0,0.0,0.0,-0.0102,0.0,0,0.0
1192.4,0.1975,0.2541,-0.0567,0.0059,0.0,0.0,0.0,-0.0086,0.0,0,0.0
1192.6,0.1917,0.2508,-0.0591,0.0012,0.0,0.0,0.0,-0.0065,0.0,0,0.0
1192.8,0.1943,0.2509,-0.0566,0.0013,0.0,0.0,0.0,-0.0063,0.0,0,0.0
1193.0,0.1802,0.2527,-0.0726,0.0039,0.0,0.0,0.0,-0.0092,0.0,0,0.0
1193.2,0.1933,0.2532,-0.0599,0.0045,0.0,0.0,0.0,-0.0082,0.0,0,0.0
1193.4,0.1771,0.2503,-0.0732,0.0004,0.0,0.0,0.0,-0.0075,0.0,0,0.0
1193.6,0.1875,0.2515,-0.064,0.0021,0.0,0.0,0.0,-0.0075,0.0,0,0.0
1193.8,0.1958,0.25,-0.0542,0.0,0.0,0.0,0.0,-0.0054,0.0,0,0.0
1194.0,0.1788,0.2519,-0.0731,0.0027,0.0,0.0,0.0,-0.0087,0.0,0,0.0
1194.2,0.1831,0.25,-0.0669,0.0,0.0,0.0,0.0,-0.0067,0.0,0,0.0
1194.4,0.1849,0.2515,-0.0666,0.0022,0.0,0.0,0.0,-0.0077,0.0,0,0.0
1194.6,0.1917,0.25,-0.0583,0.0,0.0,0.0,0.0,-0.0058,0.0,0,0.0
1194.8,0.1827,0.2529,-0.0702,0.0041,0.0,0.0,0.0,-0.0091,0.0,0,0.0
1195.0,0.1854,0.2509,-0.0655,0.0013,0.0,0.0,0.0,-0.0072,0.0,0,0.0
1195.2,0.1813,0.25,-0.0687,0.0,0.0,0.0,0.0,-0.0069,0.0,0,0.0
1195.4,0.1772,0.2503,-0.0731,0.0004,0.0,0.0,0.0,-0.0075,0.0,0,0.0
1195.6,0.1872,0.25,-0.0628,0.0,0.0,0.0,0.0,-0.0063,0.0,0,0.0
1195.8,0.1854,0.2514,-0.066,0.0021,0.0,0.0,0.0,-0.0076,0.0,0,0.0
1196.0,0.1759,0.25,-0.0741,0.0,0.0,0.0,0.0,-0.0074,0.0,0,0.0
1196.2,0.1809,0.252,-0.0711,0.0028,0.0,0.0,0.0,-0.0085,0.0,0,0.0
1196.4,0.1929,0.25,-0.0571,0.0,0.0,0.0,0.0,-0.0057,0.0,0,0.0
1196.6,0.1833,0.2507,-0.0674,0.001,0.0,0.0,0.0,-0.0072,0.0,0,0.0
1196.8,0.1836,0.2524,-0.0687,0.0034,0.0,0.0,0.0,-0.0086,0.0,0,0.0
1197.0,0.1786,0.25,-0.0714,0.0,0.0,0.0,0.0,-0.0071,0.0,0,0.0
1197.2,0.1757,0.2512,-0.0755,0.0018,0.0,0.0,0.0,-0.0084,0.0,0,0.0
1197.4,0.1783,0.25,-0.0717,0.0,0.0,0.0,0.0,-0.0072,0.0,0,0.0
1197.6,0.1864,0.2503,-0.064,0.0005,0.0,0.0,0.0,-0.0066,0.0,0,0.0
1197.8,0.1828,0.25,-0.0672,0.0,0.0,0.0,0.0,-0.0067,0.0,0,0.0
1198.0,0.1842,0.2517,-0.0675,0.0024,0.0,0.0,0.0,-0.008,0.0,0,0.0
1198.2,0.1818,0.25,-0.0682,0.0,0.0,0.0,0.0,-0.0068,0.0,0,0.0
1198.4,0.1916,0.2503,-0.0587,0.0004,0.0,0.0,0.0,-0.0061,0.0,0,0.0
1198.6,0.2006,0.25,-0.0494,0.0,0.0514,0.0118,0.0237,0.001,0.0,0,0.0
1198.8,0.2145,0.25,-0.0355,0.0,0.054,0.0256,0.0511,0.0092,0.0,0,0.0
1199.0,0.2147,0.25,-0.0353,0.0,0.0566,0.0284,0.0568,0.0107,0.0,0,0.0
1199.2,0.2331,0.25,-0.0169,0.0,0.0594,0.0459,0.0917,0.0212,0.0,0,0.0
1199.4,0.2334,0.25,-0.0166,0.0,0.0623,0.049,0.098,0.0228,0.0,0,0.0
1199.6,0.2576,0.2515,0.0061,0.0022,0.0652,0.0701,0.1401,0.0345,0.1747,122,0.0
1199.8,0.2555,0.2715,-0.016,0.0307,0.0682,0.0554,0.1108,0.0107,0.1215,114,0.0
1200.0,0.2595,0.2907,-0.0312,0.0581,0.0713,0.0464,0.0927,-0.009,0.0837,108,0.0
1200.2,0.2636,0.303,-0.0393,0.0757,0.0745,0.0431,0.0861,-0.0202,0.0659,105,0.0
1200.4,0.2652,0.3188,-0.0536,0.0983,0.0778,0.0349,0.0698,-0.0371,0.0327,100,0.0
1200.6,0.2546,0.321,-0.0664,0.1014,0.0811,0.028,0.056,-0.0434,0.0126,97,0.0
1200.8,0.2446,0.3315,-0.0869,0.1164,0.0845,0.015,0.03,-0.0594,0.0,0,0.0
1201.0,0.257,0.3188,-0.0618,0.0983,0.088,0.0386,0.0772,-0.036,0.0411,101,0.0
1201.2,0.2477,0.3282,-0.0805,0.1117,0.0916,0.0272,0.0544,-0.0503,0.0,0,0.0
1201.4,0.2393,0.3155,-0.0762,0.0935,0.0952,0.0343,0.0685,-0.0372,0.0,0,0.0
1201.6,0.2442,0.3085,-0.0643,0.0836,0.0989,0.0475,0.0949,-0.0245,0.0,0,0.0
1201.8,0.2619,0.3005,-0.0386,0.0722,0.1026,0.0717,0.1435,-0.0041,0.1394,117,0.0
1202.0,0.2626,0.3143,-0.0517,0.0919,0.1065,0.0651,0.1302,-0.0186,0.1116,112,0.0
1202.2,0.2619,0.3251,-0.0632,0.1073,0.1103,0.0598,0.1195,-0.0301,0.0894,109,0.0
1202.4,0.2633,0.3306,-0.0673,0.1152,0.1143,0.0604,0.1208,-0.0341,0.0867,108,0.0
1202.6,0.2479,0.343,-0.0951,0.1329,0.1182,0.0421,0.0843,-0.0549,0.0,0,0.0
1202.8,0.2632,0.3289,-0.0657,0.1127,0.1223,0.0697,0.1394,-0.0281,0.1114,112,0.0
1203.0,0.2644,0.3353,-0.0709,0.1218,0.1264,0.0697,0.1394,-0.0331,0.1062,111,0.0
1203.2,0.2638,0.3458,-0.082,0.1369,0.1305,0.0649,0.1298,-0.0442,0.0856,108,0.0
1203.4,0.259,0.3521,-0.093,0.1458,0.1347,0.0602,0.1205,-0.0521,0.0684,105,0.0
1203.6,0.2575,0.355,-0.0975,0.1499,0.1389,0.0609,0.1218,-0.0543,0.0676,105,0.0
1203.8,0.2441,0.3567,-0.1127,0.1525,0.1431,0.053,0.106,-0.061,0.0,0,0.0
1204.0,0.2528,0.3392,-0.0864,0.1274,0.1474,0.0783,0.1565,-0.0332,0.1233,114,0.0
1204.2,0.2522,0.3458,-0.0936,0.1369,0.1517,0.0768,0.1537,-0.0394,0.1143,113,0.0
1204.4,0.2623,0.3568,-0.0945,0.1526,0.1561,0.0805,0.1609,-0.0455,0.1154,113,0.0
1204.6,0.2661,0.3638,-0.0977,0.1626,0.1605,0.0823,0.1646,-0.0499,0.1147,113,0.0
1204.8,0.2604,0.3671,-0.1067,0.1674,0.1649,0.0795,0.159,-0.0546,0.1044,111,0.0
1205.0,0.265,0.3683,-0.1033,0.1691,0.1693,0.0866,0.1733,-0.0516,0.1217,114,0.0
1205.2,0.2573,0.3686,-0.1113,0.1694,0.1737,0.0847,0.1694,-0.0535,0.1159,113,0.0
1205.4,0.2575,0.3722,-0.1147,0.1746,0.1782,0.0864,0.1728,-0.0555,0.1173,113,0.0
1205.6,0.2611,0.3797,-0.1186,0.1853,0.1827,0.0878,0.1756,-0.0606,0.115,113,0.0
1205.8,0.2615,0.3793,-0.1178,0.1847,0.1872,0.0929,0.1859,-0.0576,0.1283,115,0.0
1206.0,0.2612,0.3777,-0.1165,0.1824,0.1916,0.0984,0.1968,-0.0536,0.1432,117,0.0
1206.2,0.2632,0.3799,-0.1166,0.1855,0.1961,0.1028,0.2057,-0.053,0.1527,119,0.0
1206.4,0.2742,0.3877,-0.1135,0.1967,0.2006,0.1098,0.2197,-0.0548,0.1649,121,0.0
1206.6,0.2694,0.3869,-0.1175,0.1956,0.2051,0.1111,0.2222,-0.054,0.1682,121,0.0
1206.8,0.2723,0.3856,-0.1133,0.1937,0.2096,0.119,0.238,-0.0487,0.1894,125,0.0
1207.0,0.2778,0.388,-0.1102,0.1971,0.2141,0.1259,0.2519,-0.0466,0.2053,127,0.0
1207.2,0.2842,0.3955,-0.1113,0.2078,0.2186,0.1296,0.2591,-0.0503,0.2089,128,0.0
1207.4,0.2836,0.3951,-0.1115,0.2073,0.2231,0.1339,0.2677,-0.0479,0.2199,130,0.0
1207.6,0.2915,0.3959,-0.1044,0.2084,0.2275,0.144,0.288,-0.0427,0.2453,134,0.0
1207.8,0.282,0.4005,-0.1185,0.215,0.232,0.1372,0.2744,-0.0508,0.2236,130,0.0
1208.0,0.2866,0.4001,-0.1136,0.2145,0.2364,0.1455,0.291,-0.0458,0.2452,134,0.0
1208.2,0.2988,0.4019,-0.1031,0.217,0.2408,0.1583,0.3165,-0.0397,0.2768,139,0.0
1208.4,0.2953,0.405,-0.1097,0.2215,0.2452,0.1574,0.3148,-0.043,0.2718,138,0.0
1208.6,0.2923,0.4073,-0.115,0.2247,0.2495,0.1575,0.315,-0.0451,0.27,138,0.0
1208.8,0.3011,0.409,-0.1078,0.2271,0.2538,0.1675,0.3351,-0.0406,0.2945,142,0.0
1209.0,0.3062,0.415,-0.1087,0.2357,0.2581,0.1711,0.3422,-0.0432,0.299,142,0.0
1209.2,0.3144,0.4121,-0.0977,0.2316,0.2623,0.1841,0.3683,-0.0335,0.3348,148,0.0
1209.4,0.3146,0.4175,-0.1028,0.2392,0.2665,0.1843,0.3685,-0.0378,0.3308,147,0.0
1209.6,0.3207,0.4181,-0.0973,0.2401,0.2707,0.1928,0.3857,-0.0334,0.3523,151,0.0
1209.8,0.3383,0.4197,-0.0814,0.2424,0.2748,0.2097,0.4194,-0.0245,0.3949,158,0.0
1210.0,0.3461,0.4283,-0.0822,0.2547,0.2789,0.2131,0.4262,-0.029,0.3971,158,0.0
1210.2,0.3523,0.4302,-0.0779,0.2574,0.2829,0.2206,0.4411,-0.0262,0.4149,161,0.0
1210.4,0.3535,0.4303,-0.0769,0.2576,0.2869,0.2254,0.4507,-0.0238,0.4269,163,0.0
1210.6,0.364,0.4366,-0.0726,0.2666,0.2908,0.2327,0.4654,-0.0242,0.4412,165,0.0
1210.8,0.355,0.4378,-0.0828,0.2682,0.2946,0.2284,0.4568,-0.0282,0.4286,163,0.0
1211.0,0.3705,0.4412,-0.0707,0.2732,0.2984,0.2418,0.4837,-0.0228,0.4609,168,0.0
1211.2,0.3744,0.4408,-0.0664,0.2726,0.3022,0.249,0.498,-0.0184,0.4796,171,0.0
1211.4,0.381,0.444,-0.063,0.2771,0.3058,0.2555,0.5109,-0.0171,0.4938,174,0.0
1211.6,0.3787,0.4496,-0.0709,0.2851,0.3094,0.2527,0.5054,-0.0233,0.4821,172,0.0
1211.8,0.3878,0.4496,-0.0618,0.2851,0.313,0.2636,0.5272,-0.017,0.5102,176,0.0
1212.0,0.3843,0.4542,-0.07,0.2918,0.3164,0.2605,0.521,-0.0226,0.4983,174,0.0
1212.2,0.3986,0.4557,-0.0572,0.2939,0.3198,0.2741,0.5482,-0.0156,0.5326,180,0.0
1212.4,0.4119,0.4585,-0.0465,0.2978,0.3232,0.2859,0.5719,-0.0106,0.5613,184,0.0
1212.6,0.4124,0.4608,-0.0484,0.3012,0.3264,0.2877,0.5753,-0.0116,0.5637,185,0.0
1212.8,0.4069,0.4595,-0.0526,0.2993,0.3296,0.2875,0.5749,-0.0112,0.5637,185,0.0
1213.0,0.4286,0.4638,-0.0352,0.3055,0.3327,0.3045,0.609,-0.004,0.605,191,0.0
1213.2,0.4251,0.4673,-0.0422,0.3104,0.3357,0.3019,0.6038,-0.0085,0.5953,190,0.0
1213.4,0.4395,0.4674,-0.0279,0.3105,0.3386,0.3163,0.6325,0.0001,0.6326,196,0.0
1213.6,0.4331,0.4727,-0.0397,0.3182,0.3414,0.3097,0.6193,-0.0082,0.6111,192,0.0
1213.8,0.4323,0.4781,-0.0458,0.3259,0.3441,0.3075,0.615,-0.0138,0.6012,191,0.0
1214.0,0.4411,0.48,-0.0389,0.3286,0.3468,0.3157,0.6313,-0.0103,0.621,194,0.0
1214.2,0.4371,0.4782,-0.0411,0.326,0.3493,0.3165,0.633,-0.0089,0.6241,194,0.0
1214.4,0.4565,0.4815,-0.025,0.3307,0.3518,0.3318,0.6636,-0.0019,0.6617,200,0.0
1214.6,0.463,0.485,-0.022,0.3357,0.3542,0.3366,0.6732,-0.0018,0.6714,202,0.0
1214.8,0.4573,0.4887,-0.0315,0.3411,0.3565,0.3313,0.6625,-0.008,0.6545,199,0.0
1215.0,0.4557,0.4847,-0.029,0.3352,0.3586,0.3355,0.6709,-0.0028,0.6681,201,0.0
1215.2,0.4591,0.4919,-0.0327,0.3455,0.3607,0.3345,0.6691,-0.0088,0.6603,200,0.0
1215.4,0.4688,0.4928,-0.024,0.3468,0.3627,0.3435,0.687,-0.0041,0.683,204,0.0
1215.6,0.4666,0.4923,-0.0257,0.3462,0.3646,0.344,0.688,-0.0037,0.6844,204,0.0
1215.8,0.4752,0.4909,-0.0157,0.3442,0.3663,0.3538,0.7076,0.0033,0.7109,208,0.0
1216.0,0.4904,0.494,-0.0036,0.3486,0.368,0.3651,0.7302,0.0079,0.7381,213,0.0
1216.2,0.4771,0.4996,-0.0225,0.3566,0.3696,0.3516,0.7032,-0.0047,0.6984,206,0.0
1216.4,0.4801,0.4981,-0.018,0.3544,0.371,0.3566,0.7133,-0.0007,0.7126,209,0.0
1216.6,0.49,0.503,-0.013,0.3614,0.3724,0.3619,0.7239,-0.0011,0.7228,210,0.0
1216.8,0.4869,0.5049,-0.018,0.3641,0.3736,0.3592,0.7185,-0.0043,0.7142,209,0.0
1217.0,0.5002,0.502,-0.0018,0.36,0.3747,0.3733,0.7466,0.0064,0.753,215,0.0
1217.2,0.5018,0.5018,0.0,0.3596,0.3758,0.3758,0.7516,0.0081,0.7597,216,0.0
1217.4,0.4928,0.5035,-0.0107,0.3621,0.3767,0.3682,0.7363,0.0019,0.7383,213,0.0
1217.6,0.5039,0.5057,-0.0017,0.3652,0.3775,0.3761,0.7522,0.0053,0.7575,216,0.0
1217.8,0.5,0.5082,-0.0082,0.3689,0.3782,0.3716,0.7432,0.0005,0.7437,213,0.0
1218.0,0.5026,0.5105,-0.0079,0.3721,0.3788,0.3724,0.7449,-0.0006,0.7442,214,0.0
1218.2,0.5163,0.5094,0.0069,0.3705,0.3792,0.38,0.76,0.0054,0.7654,217,0.0
1218.4,0.5038,0.5111,-0.0073,0.373,0.3796,0.3737,0.7475,-0.0004,0.7471,214,0.0
1218.6,0.5124,0.5098,0.0025,0.3712,0.3798,0.38,0.76,0.0047,0.7647,217,0.0
1218.8,0.5021,0.5132,-0.0111,0.376,0.38,0.3711,0.7423,-0.0035,0.7387,213,0.0
1219.0,0.5157,0.5162,-0.0005,0.3803,0.38,0.3796,0.7592,-0.0004,0.7588,216,0.0
1219.2,0.5178,0.5139,0.0039,0.377,0.3799,0.38,0.76,0.0019,0.7619,216,0.0
1219.4,0.5083,0.514,-0.0057,0.3772,0.3797,0.3751,0.7502,-0.0016,0.7487,214,0.0
1219.6,0.5205,0.5165,0.004,0.3808,0.3794,0.38,0.76,0.0,0.76,216,0.0
1219.8,0.5204,0.5134,0.0069,0.3764,0.379,0.38,0.76,0.0025,0.7625,217,0.0
1220.0,0.5188,0.5183,0.0005,0.3833,0.3784,0.3788,0.7577,-0.0022,0.7555,215,0.0
1220.2,0.5195,0.5118,0.0078,0.3739,0.3778,0.38,0.76,0.0038,0.7638,217,0.0
1220.4,0.5113,0.5165,-0.0051,0.3807,0.377,0.3729,0.7458,-0.0044,0.7413,213,0.0
1220.6,0.5218,0.5184,0.0034,0.3834,0.3761,0.3789,0.7577,-0.0019,0.7558,215,0.0
1220.8,0.5196,0.5149,0.0047,0.3784,0.3751,0.3789,0.7578,0.0007,0.7585,216,0.0
1221.0,0.5085,0.5136,-0.0051,0.3765,0.3741,0.37,0.7399,-0.0038,0.7361,212,0.0
1221.2,0.5186,0.5118,0.0068,0.3741,0.3729,0.3783,0.7566,0.0028,0.7593,216,0.0
1221.4,0.5155,0.5183,-0.0028,0.3833,0.3715,0.3693,0.7387,-0.0072,0.7314,212,0.0
1221.6,0.5157,0.5174,-0.0017,0.382,0.3701,0.3687,0.7375,-0.0068,0.7307,211,0.0
1221.8,0.505,0.5172,-0.0122,0.3817,0.3686,0.3589,0.7178,-0.0126,0.7051,207,0.0
1222.0,0.5093,0.5127,-0.0034,0.3752,0.367,0.3643,0.7286,-0.0058,0.7228,210,0.0
1222.2,0.4962,0.5109,-0.0147,0.3728,0.3652,0.3535,0.707,-0.0111,0.6958,206,0.0
1222.4,0.4893,0.5114,-0.0221,0.3734,0.3634,0.3458,0.6915,-0.0161,0.6755,203,0.0
1222.6,0.4881,0.5074,-0.0193,0.3677,0.3615,0.346,0.6921,-0.0128,0.6793,203,0.0
1222.8,0.4995,0.5063,-0.0068,0.3661,0.3594,0.354,0.708,-0.0067,0.7013,207,0.0
1223.0,0.4837,0.5049,-0.0212,0.3641,0.3573,0.3403,0.6807,-0.014,0.6667,201,0.0
1223.2,0.4925,0.5099,-0.0174,0.3713,0.3551,0.3411,0.6822,-0.0168,0.6654,201,0.0
1223.4,0.4954,0.5069,-0.0115,0.367,0.3527,0.3435,0.687,-0.0129,0.6741,202,0.0
1223.6,0.4908,0.5022,-0.0114,0.3603,0.3503,0.3411,0.6823,-0.0107,0.6716,202,0.0
1223.8,0.4841,0.5027,-0.0185,0.3609,0.3478,0.333,0.6659,-0.0158,0.6501,199,0.0
1224.0,0.4735,0.5017,-0.0282,0.3595,0.3452,0.3226,0.6452,-0.0213,0.6239,194,0.0
1224.2,0.4855,0.5039,-0.0184,0.3627,0.3424,0.3277,0.6555,-0.0193,0.6361,196,0.0
1224.4,0.4722,0.502,-0.0298,0.36,0.3397,0.3158,0.6316,-0.0251,0.6065,192,0.0
1224.6,0.479,0.498,-0.019,0.3542,0.3368,0.3216,0.6432,-0.0182,0.625,194,0.0
1224.8,0.4721,0.4965,-0.0244,0.3521,0.3338,0.3143,0.6286,-0.0213,0.6072,192,0.0
1225.0,0.4675,0.492,-0.0245,0.3458,0.3307,0.3111,0.6223,-0.0198,0.6025,191,0.0
1225.2,0.464,0.4912,-0.0272,0.3445,0.3276,0.3059,0.6117,-0.0221,0.5897,189,0.0
1225.4,0.4627,0.4946,-0.0319,0.3495,0.3244,0.2989,0.5978,-0.0285,0.5693,186,0.0
1225.6,0.4407,0.4935,-0.0528,0.3479,0.3211,0.2789,0.5578,-0.0398,0.518,177,0.0
1225.8,0.4494,0.484,-0.0345,0.3342,0.3177,0.2901,0.5802,-0.0255,0.5547,183,0.0
1226.0,0.4498,0.4862,-0.0365,0.3375,0.3143,0.2851,0.5702,-0.0298,0.5404,181,0.0
1226.2,0.443,0.4804,-0.0373,0.3291,0.3108,0.2809,0.5618,-0.0278,0.534,180,0.0
1226.4,0.4224,0.4792,-0.0568,0.3275,0.3072,0.2617,0.5235,-0.0385,0.4849,172,0.0
1226.6,0.4194,0.4778,-0.0584,0.3255,0.3036,0.2568,0.5137,-0.0402,0.4735,170,0.0
1226.8,0.4136,0.476,-0.0624,0.3229,0.2999,0.2499,0.4998,-0.0427,0.457,168,0.0
1227.0,0.4219,0.4707,-0.0488,0.3153,0.2961,0.257,0.514,-0.034,0.48,171,0.0
1227.2,0.4093,0.4706,-0.0612,0.3151,0.2922,0.2433,0.4865,-0.042,0.4445,166,0.0
1227.4,0.3989,0.4722,-0.0733,0.3175,0.2883,0.2297,0.4594,-0.0512,0.4082,160,0.0
1227.6,0.3938,0.4647,-0.071,0.3068,0.2844,0.2276,0.4553,-0.0467,0.4086,160,0.0
1227.8,0.3937,0.4639,-0.0702,0.3055,0.2804,0.2243,0.4485,-0.0477,0.4009,159,0.0
1228.0,0.3847,0.4611,-0.0764,0.3016,0.2763,0.2152,0.4305,-0.0508,0.3796,155,0.0
1228.2,0.3833,0.4548,-0.0715,0.2926,0.2723,0.2151,0.4302,-0.0459,0.3843,156,0.0
1228.4,0.3774,0.4587,-0.0813,0.2981,0.2681,0.2031,0.4062,-0.0556,0.3506,151,0.0
1228.6,0.3756,0.4507,-0.0751,0.2867,0.2639,0.2038,0.4077,-0.0489,0.3587,152,0.0
1228.8,0.3638,0.4511,-0.0872,0.2872,0.2597,0.1899,0.3798,-0.0574,0.3224,146,0.0
1229.0,0.3634,0.4455,-0.0821,0.2793,0.2554,0.1897,0.3795,-0.053,0.3265,147,0.0
1229.2,0.3726,0.4449,-0.0723,0.2785,0.2511,0.1933,0.3865,-0.0498,0.3367,148,0.0
1229.4,0.3621,0.4438,-0.0818,0.2769,0.2468,0.1814,0.3628,-0.056,0.3068,144,0.0
1229.6,0.3496,0.4414,-0.0918,0.2734,0.2424,0.169,0.338,-0.0614,0.2766,139,0.0
1229.8,0.3521,0.4372,-0.0851,0.2674,0.2381,0.17,0.3399,-0.0572,0.2827,140,0.0
1230.0,0.3349,0.4379,-0.103,0.2684,0.2336,0.1513,0.3025,-0.0689,0.2336,132,0.0
1230.2,0.3357,0.4333,-0.0976,0.2618,0.2292,0.1511,0.3022,-0.0651,0.2371,132,0.0
1230.4,0.333,0.429,-0.096,0.2557,0.2248,0.1479,0.2959,-0.0635,0.2324,132,0.0
1230.6,0.3108,0.4244,-0.1136,0.2492,0.2203,0.1294,0.2588,-0.0713,0.1875,125,0.0
1230.8,0.3082,0.4228,-0.1147,0.2469,0.2158,0.1241,0.2482,-0.0729,0.1753,123,0.0
1231.0,0.3066,0.421,-0.1144,0.2443,0.2113,0.1198,0.2396,-0.0737,0.1659,121,0.0
1231.2,0.3004,0.4138,-0.1135,0.2341,0.2068,0.1161,0.2322,-0.0703,0.1618,120,0.0
1231.4,0.2953,0.4112,-0.1159,0.2303,0.2023,0.1096,0.2192,-0.0719,0.1473,118,0.0
1231.6,0.2881,0.4112,-0.1231,0.2303,0.1978,0.0994,0.1987,-0.0778,0.1209,114,0.0
1231.8,0.2722,0.408,-0.1358,0.2257,0.1933,0.0847,0.1694,-0.0841,0.0853,108,0.0
1232.0,0.2764,0.4052,-0.1288,0.2217,0.1889,0.0858,0.1716,-0.0808,0.0908,109,0.0
1232.2,0.2649,0.4005,-0.1356,0.215,0.1844,0.0759,0.1518,-0.0831,0.0687,105,0.0
1232.4,0.268,0.398,-0.13,0.2114,0.1799,0.0759,0.1518,-0.0807,0.0711,106,0.0
1232.6,0.2453,0.3945,-0.1492,0.2064,0.1754,0.0561,0.1121,-0.0901,0.0,0,0.0
1232.8,0.2595,0.3714,-0.1119,0.1734,0.171,0.0815,0.1629,-0.0572,0.1057,111,0.0
1233.0,0.2603,0.3753,-0.115,0.179,0.1665,0.0745,0.1491,-0.0637,0.0853,108,0.0
1233.2,0.2461,0.3783,-0.1322,0.1833,0.1621,0.0564,0.1127,-0.0767,0.0,0,0.0
1233.4,0.2442,0.3565,-0.1123,0.1521,0.1577,0.0679,0.1359,-0.0533,0.0,0,0.0
1233.6,0.2461,0.3418,-0.0956,0.1311,0.1534,0.0769,0.1537,-0.0367,0.0,0,0.0
1233.8,0.2676,0.3254,-0.0578,0.1077,0.1491,0.1028,0.2056,-0.0083,0.1973,126,0.0
1234.0,0.2543,0.3414,-0.0871,0.1306,0.1448,0.0751,0.1501,-0.0365,0.1136,113,0.0
1234.2,0.2633,0.3454,-0.0822,0.1364,0.1405,0.0748,0.1495,-0.039,0.1105,112,0.0
1234.4,0.2583,0.354,-0.0957,0.1485,0.1363,0.0597,0.1194,-0.054,0.0654,105,0.0
1234.6,0.2507,0.3578,-0.1071,0.154,0.1321,0.0464,0.0928,-0.0645,0.0283,99,0.0
1234.8,0.2528,0.3586,-0.1057,0.1551,0.1279,0.0433,0.0867,-0.0664,0.0202,98,0.0
1235.0,0.2518,0.3637,-0.1119,0.1624,0.1238,0.0343,0.0685,-0.0753,0.0,0,0.0
1235.2,0.2481,0.3429,-0.0949,0.1328,0.1198,0.0439,0.0878,-0.0539,0.0,0,0.0
1235.4,0.2423,0.33,-0.0877,0.1142,0.1158,0.0456,0.0912,-0.0431,0.0,0,0.0
1235.6,0.2535,0.317,-0.0634,0.0957,0.1118,0.0611,0.1221,-0.0236,0.0985,110,0.0
1235.8,0.2397,0.3318,-0.0921,0.1168,0.1079,0.0343,0.0686,-0.0505,0.0,0,0.0
1236.0,0.2484,0.3162,-0.0678,0.0946,0.1041,0.0498,0.0997,-0.0291,0.0,0,0.0
1236.2,0.2575,0.305,-0.0475,0.0786,0.1003,0.0623,0.1246,-0.0129,0.1116,112,0.0
1236.4,0.239,0.3197,-0.0807,0.0995,0.0966,0.032,0.0641,-0.0418,0.0,0,0.0
1236.6,0.2551,0.3055,-0.0505,0.0794,0.0929,0.0526,0.1052,-0.0184,0.0867,108,0.0
1236.8,0.2572,0.3217,-0.0646,0.1025,0.0894,0.0377,0.0754,-0.0389,0.0366,100,0.0
1237.0,0.2333,0.3261,-0.0927,0.1086,0.0858,0.0117,0.0233,-0.0578,0.0,0,0.0
1237.2,0.2429,0.3163,-0.0734,0.0947,0.0824,0.0237,0.0474,-0.0428,0.0,0,0.0
1237.4,0.2483,0.3054,-0.057,0.0791,0.079,0.0334,0.0668,-0.0285,0.0,0,0.0
1237.6,0.2372,0.3013,-0.0641,0.0732,0.0757,0.0245,0.0489,-0.0308,0.0,0,0.0
1237.8,0.2515,0.2886,-0.0371,0.0552,0.0725,0.0428,0.0857,-0.0099,0.0758,107,0.0
1238.0,0.2447,0.3028,-0.0582,0.0755,0.0694,0.0229,0.0457,-0.0321,0.0,0,0.0
1238.2,0.2458,0.2929,-0.0471,0.0613,0.0663,0.0286,0.0572,-0.021,0.0,0,0.0
1238.4,0.2461,0.2897,-0.0437,0.0567,0.0634,0.0284,0.0569,-0.0185,0.0,0,0.0
1238.6,0.239,0.2846,-0.0457,0.0495,0.0605,0.0239,0.0479,-0.0173,0.0,0,0.0
1238.8,0.2512,0.2808,-0.0296,0.044,0.0577,0.034,0.068,-0.008,0.06,104,0.0
1239.0,0.2576,0.2921,-0.0344,0.0601,0.055,0.0274,0.0549,-0.0198,0.0351,100,0.0
1239.2,0.2349,0.3037,-0.0687,0.0767,0.0523,0.0,0.0,-0.0452,0.0,0,0.0
1239.4,0.2221,0.3002,-0.0781,0.0717,0.0,0.0,0.0,-0.0436,0.0,0,0.0
1239.6,0.213,0.2908,-0.0778,0.0583,0.0,0.0,0.0,-0.037,0.0,0,0.0
1239.8,0.2058,0.2836,-0.0778,0.048,0.0,0.0,0.0,-0.0318,0.0,0,0.0
1240.0,0.2076,0.2798,-0.0722,0.0426,0.0,0.0,0.0,-0.0285,0.0,0,0.0
1240.2,0.189,0.2713,-0.0824,0.0305,0.0,0.0,0.0,-0.0235,0.0,0,0.0
1240.4,0.1904,0.2721,-0.0817,0.0316,0.0,0.0,0.0,-0.024,0.0,0,0.0
1240.6,0.1791,0.2666,-0.0875,0.0237,0.0,0.0,0.0,-0.0206,0.0,0,0.0
1240.8,0.1799,0.263,-0.0831,0.0186,0.0,0.0,0.0,-0.0176,0.0,0,0.0
1241.0,0.1779,0.2595,-0.0816,0.0136,0.0,0.0,0.0,-0.015,0.0,0,0.0
1241.2,0.1686,0.2604,-0.0919,0.0149,0.0,0.0,0.0,-0.0166,0.0,0,0.0
1241.4,0.1635,0.2582,-0.0947,0.0118,0.0,0.0,0.0,-0.0153,0.0,0,0.0
1241.6,0.1584,0.2588,-0.1004,0.0126,0.0,0.0,0.0,-0.0164,0.0,0,0.0
1241.8,0.1551,0.259,-0.104,0.0129,0.0,0.0,0.0,-0.0169,0.0,0,0.0
1242.0,0.1592,0.2557,-0.0966,0.0082,0.0,0.0,0.0,-0.0137,0.0,0,0.0
1242.2,0.1585,0.257,-0.0985,0.01,0.0,0.0,0.0,-0.0148,0.0,0,0.0
1242.4,0.1599,0.256,-0.0961,0.0086,0.0,0.0,0.0,-0.0139,0.0,0,0.0
1242.6,0.1625,0.2536,-0.0911,0.0052,0.0,0.0,0.0,-0.0117,0.0,0,0.0
1242.8,0.1587,0.2513,-0.0926,0.0018,0.0,0.0,0.0,-0.0102,0.0,0,0.0
1243.0,0.1567,0.2527,-0.096,0.0039,0.0,0.0,0.0,-0.0116,0.0,0,0.0
1243.2,0.1533,0.2541,-0.1008,0.0059,0.0,0.0,0.0,-0.013,0.0,0,0.0
1243.4,0.1655,0.2515,-0.086,0.0021,0.0,0.0,0.0,-0.0097,0.0,0,0.0
1243.6,0.1567,0.25,-0.0933,0.0,0.0,0.0,0.0,-0.0093,0.0,0,0.0
1243.8,0.1633,0.2546,-0.0913,0.0065,0.0,0.0,0.0,-0.0124,0.0,0,0.0
1244.0,0.1593,0.25,-0.0907,0.0,0.0,0.0,0.0,-0.0091,0.0,0,0.0
1244.2,0.1483,0.2509,-0.1027,0.0013,0.0,0.0,0.0,-0.0109,0.0,0,0.0
1244.4,0.1477,0.2542,-0.1065,0.0061,0.0,0.0,0.0,-0.0137,0.0,0,0.0
1244.6,0.1564,0.2518,-0.0954,0.0025,0.0,0.0,0.0,-0.0108,0.0,0,0.0
1244.8,0.1603,0.2522,-0.0918,0.0031,0.0,0.0,0.0,-0.0107,0.0,0,0.0
1245.0,0.1521,0.2501,-0.098,0.0001,0.0,0.0,0.0,-0.0099,0.0,0,0.0
1245.2,0.1594,0.25,-0.0906,0.0,0.0,0.0,0.0,-0.0091,0.0,0,0.0
1245.4,0.1527,0.25,-0.0973,0.0,0.0,0.0,0.0,-0.0097,0.0,0,0.0
1245.6,0.1618,0.2535,-0.0917,0.005,0.0,0.0,0.0,-0.0117,0.0,0,0.0
1245.8,0.1604,0.2507,-0.0903,0.001,0.0,0.0,0.0,-0.0096,0.0,0,0.0
1246.0,0.1507,0.2535,-0.1028,0.005,0.0,0.0,0.0,-0.0128,0.0,0,0.0
1246.2,0.159,0.25,-0.091,0.0,0.0,0.0,0.0,-0.0091,0.0,0,0.0
1246.4,0.1527,0.25,-0.0973,0.0,0.0,0.0,0.0,-0.0097,0.0,0,0.0
1246.6,0.1473,0.25,-0.1027,0.0,0.0,0.0,0.0,-0.0103,0.0,0,0.0
1246.8,0.1505,0.25,-0.0995,0.0,0.0,0.0,0.0,-0.01,0.0,0,0.0
1247.0,0.147,0.25,-0.103,0.0,0.0,0.0,0.0,-0.0103,0.0,0,0.0
1247.2,0.1589,0.25,-0.0911,0.0,0.0,0.0,0.0,-0.0091,0.0,0,0.0
1247.4,0.1615,0.2535,-0.092,0.0051,0.0,0.0,0.0,-0.0117,0.0,0,0.0
1247.6,0.1456,0.25,-0.1044,0.0,0.0,0.0,0.0,-0.0104,0.0,0,0.0
1247.8,0.146,0.25,-0.104,0.0,0.0,0.0,0.0,-0.0104,0.0,0,0.0
1248.0,0.1516,0.2518,-0.1003,0.0026,0.0,0.0,0.0,-0.0113,0.0,0,0.0
1248.2,0.1538,0.2502,-0.0964,0.0004,0.0,0.0,0.0,-0.0098,0.0,0,0.0
1248.4,0.1502,0.25,-0.0998,0.0,0.0,0.0,0.0,-0.01,0.0,0,0.0
1248.6,0.1556,0.2523,-0.0967,0.0033,0.0,0.0,0.0,-0.0113,0.0,0,0.0
1248.8,0.1643,0.25,-0.0857,0.0,0.0505,0.0,0.0,-0.0086,0.0,0,0.0
1249.0,0.1736,0.2516,-0.078,0.0023,0.0531,0.0,0.0,-0.0089,0.0,0,0.0
1249.2,0.1795,0.25,-0.0705,0.0,0.0557,0.0,0.0,-0.007,0.0,0,0.0
1249.4,0.2073,0.25,-0.0427,0.0,0.0585,0.0244,0.0487,0.0079,0.0,0,0.0
1249.6,0.2154,0.25,-0.0346,0.0,0.0613,0.0336,0.0673,0.0134,0.0,0,0.0
1249.8,0.2149,0.2533,-0.0384,0.0048,0.0642,0.0335,0.0669,0.0105,0.0,0,0.0
1250.0,0.2343,0.25,-0.0157,0.0,0.0672,0.0547,0.1093,0.0258,0.0,0,0.0
1250.2,0.2414,0.25,-0.0086,0.0,0.0703,0.0634,0.1269,0.0309,0.0,0,0.0
1250.4,0.2668,0.2511,0.0157,0.0016,0.0735,0.086,0.1721,0.0438,0.2159,129,0.0
1250.6,0.2758,0.2768,-0.001,0.0383,0.0767,0.0759,0.1518,0.0187,0.1705,122,0.0
1250.8,0.2744,0.2962,-0.0217,0.0659,0.08,0.0626,0.1252,-0.0038,0.1214,114,0.0
1251.0,0.279,0.3073,-0.0282,0.0818,0.0834,0.0608,0.1216,-0.0133,0.1083,112,0.0
1251.2,0.2663,0.3195,-0.0532,0.0993,0.0869,0.0443,0.0886,-0.0328,0.0558,103,0.0
1251.4,0.2782,0.3297,-0.0515,0.1139,0.0904,0.0492,0.0984,-0.0375,0.0609,104,0.0
1251.6,0.2742,0.3358,-0.0616,0.1225,0.094,0.0447,0.0895,-0.0451,0.0444,102,0.0
1251.8,0.2514,0.344,-0.0926,0.1343,0.0977,0.0236,0.0471,-0.0646,0.0,0,0.0
1252.0,0.2476,0.3277,-0.0801,0.111,0.1014,0.0373,0.0746,-0.0449,0.0,0,0.0
1252.2,0.2488,0.3166,-0.0678,0.0951,0.1052,0.051,0.1019,-0.0289,0.0,0,0.0
1252.4,0.2674,0.3096,-0.0421,0.0851,0.1091,0.0754,0.1507,-0.0091,0.1417,117,0.0
1252.6,0.2686,0.3182,-0.0496,0.0975,0.113,0.0733,0.1466,-0.0171,0.1295,115,0.0
1252.8,0.2721,0.3313,-0.0592,0.1162,0.1169,0.0696,0.1392,-0.0292,0.11,112,0.0
1253.0,0.2586,0.3392,-0.0806,0.1274,0.121,0.0565,0.113,-0.0435,0.0695,106,0.0
1253.2,0.2706,0.3433,-0.0727,0.1333,0.125,0.0669,0.1337,-0.0405,0.0932,109,0.0
1253.4,0.2655,0.3523,-0.0867,0.1461,0.1291,0.0598,0.1195,-0.0518,0.0677,105,0.0
1253.6,0.2569,0.3568,-0.0999,0.1526,0.1333,0.0533,0.1067,-0.0596,0.0471,102,0.0
1253.8,0.2629,0.3601,-0.0972,0.1572,0.1375,0.0597,0.1195,-0.0585,0.061,104,0.0
1254.0,0.2519,0.3612,-0.1093,0.1588,0.1417,0.0543,0.1086,-0.0632,0.0454,102,0.0
1254.2,0.2523,0.3634,-0.1111,0.162,0.146,0.0571,0.1143,-0.0635,0.0508,103,0.0
1254.4,0.2336,0.3665,-0.1329,0.1665,0.1503,0.044,0.088,-0.0745,0.0,0,0.0
1254.6,0.2445,0.3473,-0.1028,0.139,0.1547,0.0724,0.1449,-0.0436,0.0,0,0.0
1254.8,0.2608,0.3337,-0.0729,0.1196,0.159,0.1007,0.2014,-0.0167,0.1847,124,0.0
1255.0,0.2553,0.3429,-0.0876,0.1328,0.1634,0.0933,0.1867,-0.0285,0.1582,120,0.0
1255.2,0.2635,0.3492,-0.0857,0.1417,0.1678,0.0993,0.1986,-0.0298,0.1688,122,0.0
1255.4,0.2726,0.3598,-0.0873,0.1569,0.1723,0.1025,0.2049,-0.0359,0.169,122,0.0
1255.6,0.2765,0.3658,-0.0893,0.1654,0.1767,0.1053,0.2106,-0.039,0.1717,122,0.0
1255.8,0.2742,0.368,-0.0938,0.1686,0.1812,0.1061,0.2123,-0.0406,0.1717,122,0.0
1256.0,0.2668,0.3721,-0.1053,0.1744,0.1857,0.1015,0.2029,-0.047,0.1559,119,0.0
1256.2,0.2832,0.3761,-0.0929,0.1801,0.1902,0.1159,0.2318,-0.0414,0.1903,125,0.0
1256.4,0.2784,0.3828,-0.1044,0.1898,0.1947,0.1111,0.2222,-0.0498,0.1724,122,0.0
1256.6,0.2774,0.387,-0.1097,0.1958,0.1992,0.1114,0.2229,-0.0531,0.1698,122,0.0
1256.8,0.2775,0.3876,-0.1101,0.1965,0.2037,0.1156,0.2312,-0.0515,0.1797,123,0.0
1257.0,0.2803,0.3876,-0.1073,0.1966,0.2082,0.1223,0.2446,-0.0479,0.1967,126,0.0
1257.2,0.2716,0.3916,-0.12,0.2022,0.2127,0.1167,0.2334,-0.0548,0.1786,123,0.0
1257.4,0.2785,0.3916,-0.1132,0.2023,0.2171,0.1266,0.2532,-0.0492,0.204,127,0.0
1257.6,0.2954,0.3928,-0.0973,0.204,0.2216,0.1437,0.2875,-0.0399,0.2476,134,0.0
1257.8,0.283,0.3964,-0.1134,0.2091,0.2261,0.1353,0.2707,-0.0482,0.2225,130,0.0
1258.0,0.2886,0.4023,-0.1137,0.2176,0.2305,0.1396,0.2791,-0.0504,0.2287,131,0.0
1258.2,0.3018,0.4041,-0.1024,0.2202,0.2349,0.153,0.3061,-0.0438,0.2622,136,0.0
1258.4,0.3002,0.4058,-0.1056,0.2226,0.2393,0.1549,0.3097,-0.0444,0.2653,137,0.0
1258.6,0.3034,0.4071,-0.1037,0.2244,0.2437,0.1607,0.3215,-0.0422,0.2793,139,0.0
1258.8,0.3131,0.4063,-0.0933,0.2233,0.2481,0.1735,0.3469,-0.0343,0.3126,145,0.0
1259.0,0.3114,0.411,-0.0996,0.2301,0.2524,0.1727,0.3454,-0.0386,0.3067,144,0.0
1259.2,0.3154,0.4168,-0.1014,0.2383,0.2567,0.1756,0.3511,-0.0415,0.3096,144,0.0
1259.4,0.3305,0.4192,-0.0887,0.2418,0.2609,0.19,0.3799,-0.0348,0.3452,150,0.0
1259.6,0.3176,0.4183,-0.1007,0.2404,0.2652,0.1846,0.3692,-0.0379,0.3313,148,0.0
1259.8,0.3281,0.4188,-0.0908,0.2412,0.2693,0.1967,0.3934,-0.0313,0.3621,152,0.0
1260.0,0.3361,0.4244,-0.0883,0.2491,0.2735,0.2028,0.4056,-0.032,0.3737,154,0.0
1260.2,0.3416,0.4243,-0.0827,0.249,0.2775,0.2114,0.4228,-0.0271,0.3957,158,0.0
1260.4,0.3499,0.4307,-0.0808,0.2582,0.2816,0.2169,0.4339,-0.0287,0.4052,159,0.0
1260.6,0.3437,0.4338,-0.0901,0.2626,0.2856,0.2135,0.427,-0.0336,0.3934,157,0.0
1260.8,0.3575,0.433,-0.0756,0.2615,0.2895,0.229,0.4581,-0.0238,0.4343,164,0.0
1261.0,0.3664,0.4343,-0.0679,0.2633,0.2934,0.2391,0.4781,-0.0189,0.4592,168,0.0
1261.2,0.3577,0.4361,-0.0784,0.2658,0.2972,0.2345,0.4689,-0.0235,0.4454,166,0.0
1261.4,0.3644,0.4405,-0.0761,0.2722,0.3009,0.2401,0.4802,-0.0236,0.4565,168,0.0
1261.6,0.3876,0.4461,-0.0586,0.2802,0.3046,0.2578,0.5156,-0.017,0.4985,174,0.0
1261.8,0.3883,0.4476,-0.0593,0.2823,0.3083,0.2609,0.5217,-0.0166,0.5051,175,0.0
1262.0,0.3819,0.4486,-0.0668,0.2837,0.3118,0.2584,0.5169,-0.0193,0.4975,174,0.0
1262.2,0.3867,0.4499,-0.0632,0.2855,0.3153,0.2648,0.5296,-0.0167,0.5129,177,0.0
1262.4,0.3907,0.4521,-0.0614,0.2888,0.3187,0.2696,0.5392,-0.0157,0.5235,178,0.0
1262.6,0.4115,0.4585,-0.047,0.2979,0.3221,0.2845,0.5689,-0.0114,0.5575,184,0.0
1262.8,0.4165,0.4575,-0.041,0.2965,0.3254,0.2925,0.5851,-0.0061,0.579,187,0.0
1263.0,0.4233,0.4628,-0.0394,0.304,0.3285,0.297,0.594,-0.0074,0.5866,188,0.0
1263.2,0.4242,0.4693,-0.045,0.3132,0.3317,0.2956,0.5912,-0.0133,0.5779,187,0.0
1263.4,0.4231,0.4672,-0.0441,0.3103,0.3347,0.2994,0.5988,-0.0098,0.589,189,0.0
1263.6,0.4348,0.4703,-0.0355,0.3147,0.3376,0.3092,0.6184,-0.0063,0.6121,192,0.0
1263.8,0.4322,0.4696,-0.0374,0.3137,0.3405,0.3105,0.6211,-0.0053,0.6158,193,0.0
1264.0,0.4311,0.4755,-0.0444,0.3222,0.3432,0.3077,0.6154,-0.0117,0.6037,191,0.0
1264.2,0.4409,0.4756,-0.0347,0.3223,0.3459,0.3182,0.6364,-0.0055,0.6309,195,0.0
1264.4,0.45,0.4787,-0.0287,0.3267,0.3485,0.3255,0.6511,-0.0035,0.6476,198,0.0
1264.6,0.4568,0.4826,-0.0257,0.3322,0.351,0.3304,0.6608,-0.0035,0.6573,200,0.0
1264.8,0.4615,0.4859,-0.0244,0.337,0.3534,0.3339,0.6678,-0.004,0.6638,201,0.0
1265.0,0.4567,0.4845,-0.0278,0.3351,0.3557,0.3335,0.6669,-0.0036,0.6634,201,0.0
1265.2,0.4505,0.4898,-0.0393,0.3425,0.3579,0.3265,0.6529,-0.012,0.641,197,0.0
1265.4,0.4599,0.4908,-0.0309,0.344,0.36,0.3353,0.6706,-0.0075,0.6632,201,0.0
1265.6,0.4704,0.4935,-0.0232,0.3479,0.362,0.3435,0.687,-0.0045,0.6825,204,0.0
1265.8,0.477,0.4903,-0.0133,0.3434,0.364,0.3533,0.7066,0.0036,0.7102,208,0.0
1266.0,0.4713,0.4974,-0.026,0.3534,0.3658,0.3449,0.6899,-0.0068,0.6831,204,0.0
1266.2,0.4766,0.4986,-0.022,0.3552,0.3675,0.3499,0.6997,-0.0049,0.6949,206,0.0
1266.4,0.483,0.4962,-0.0132,0.3517,0.3691,0.3585,0.717,0.0021,0.719,210,0.0
1266.6,0.4903,0.4992,-0.0088,0.356,0.3706,0.3635,0.727,0.0029,0.7298,211,0.0
1266.8,0.4878,0.5002,-0.0125,0.3575,0.3719,0.362,0.7239,0.001,0.7249,210,0.0
1267.0,0.49,0.5041,-0.014,0.3629,0.3732,0.362,0.724,-0.0019,0.7222,210,0.0
1267.2,0.4888,0.501,-0.0122,0.3586,0.3744,0.3646,0.7292,0.0018,0.731,211,0.0
1267.4,0.5048,0.5032,0.0016,0.3618,0.3754,0.3767,0.7535,0.0076,0.7611,216,0.0
1267.6,0.5003,0.505,-0.0047,0.3643,0.3764,0.3726,0.7453,0.0037,0.749,214,0.0
1267.8,0.5024,0.5063,-0.0039,0.3661,0.3772,0.3741,0.7482,0.0036,0.7519,215,0.0
1268.0,0.5084,0.5094,-0.0009,0.3705,0.378,0.3772,0.7545,0.0033,0.7577,216,0.0
1268.2,0.4996,0.5087,-0.0091,0.3696,0.3786,0.3713,0.7426,-0.0001,0.7425,213,0.0
1268.4,0.5011,0.5069,-0.0058,0.3669,0.3791,0.3745,0.7489,0.0032,0.7521,215,0.0
1268.6,0.51,0.5143,-0.0042,0.3775,0.3795,0.3761,0.7522,-0.0011,0.7511,215,0.0
1268.8,0.4999,0.5122,-0.0123,0.3746,0.3798,0.3699,0.7399,-0.0036,0.7363,212,0.0
1269.0,0.5138,0.5086,0.0051,0.3695,0.3799,0.38,0.76,0.0058,0.7658,217,0.0
1269.2,0.5082,0.5112,-0.003,0.3731,0.38,0.3776,0.7553,0.002,0.7572,216,0.0
1269.4,0.5143,0.5138,0.0006,0.3768,0.3799,0.38,0.76,0.0017,0.7617,216,0.0
1269.6,0.5031,0.5106,-0.0074,0.3722,0.3798,0.3738,0.7476,0.0001,0.7477,214,0.0
1269.8,0.5063,0.5135,-0.0072,0.3765,0.3795,0.3737,0.7474,-0.0021,0.7453,214,0.0
1270.0,0.5128,0.5164,-0.0035,0.3805,0.3791,0.3763,0.7525,-0.0025,0.75,215,0.0
1270.2,0.5037,0.5155,-0.0118,0.3793,0.3786,0.3691,0.7383,-0.0062,0.7321,212,0.0
1270.4,0.5206,0.5119,0.0088,0.3741,0.378,0.38,0.76,0.0038,0.7638,217,0.0
1270.6,0.5036,0.5149,-0.0113,0.3784,0.3773,0.3682,0.7365,-0.0062,0.7302,211,0.0
1270.8,0.5042,0.5139,-0.0096,0.3769,0.3764,0.3687,0.7374,-0.0051,0.7324,212,0.0
1271.0,0.5158,0.5156,0.0002,0.3794,0.3755,0.3756,0.7512,-0.0019,0.7493,214,0.0
1271.2,0.5204,0.5141,0.0064,0.3773,0.3744,0.3795,0.759,0.0018,0.7608,216,0.0
1271.4,0.5158,0.5117,0.0041,0.3738,0.3733,0.3765,0.753,0.0018,0.7548,215,0.0
1271.6,0.5108,0.514,-0.0032,0.3771,0.372,0.3694,0.7388,-0.0042,0.7346,212,0.0
1271.8,0.4998,0.5164,-0.0166,0.3805,0.3706,0.3573,0.7147,-0.0132,0.7014,207,0.0
1272.0,0.5039,0.5137,-0.0098,0.3767,0.3691,0.3613,0.7226,-0.0087,0.714,209,0.0
1272.2,0.5085,0.5138,-0.0053,0.3768,0.3675,0.3633,0.7265,-0.0073,0.7192,210,0.0
1272.4,0.495,0.5131,-0.0181,0.3758,0.3658,0.3513,0.7027,-0.0141,0.6886,205,0.0
1272.6,0.5001,0.5116,-0.0115,0.3736,0.364,0.3549,0.7097,-0.0105,0.6992,206,0.0
1272.8,0.4948,0.5111,-0.0163,0.3731,0.3621,0.3491,0.6981,-0.0136,0.6845,204,0.0
1273.0,0.5029,0.5068,-0.0039,0.3668,0.3601,0.357,0.714,-0.0053,0.7088,208,0.0
1273.2,0.4919,0.5057,-0.0138,0.3653,0.358,0.3469,0.6939,-0.0106,0.6833,204,0.0
1273.4,0.4897,0.5055,-0.0158,0.365,0.3558,0.3432,0.6864,-0.0125,0.6739,202,0.0
1273.6,0.4978,0.505,-0.0072,0.3643,0.3535,0.3477,0.6955,-0.009,0.6865,204,0.0
1273.8,0.4957,0.5055,-0.0099,0.3651,0.3511,0.3432,0.6864,-0.0119,0.6745,202,0.0
1274.0,0.4877,0.507,-0.0194,0.3672,0.3486,0.3331,0.6662,-0.019,0.6472,198,0.0
1274.2,0.4829,0.5042,-0.0214,0.3632,0.346,0.3289,0.6578,-0.0193,0.6386,197,0.0
1274.4,0.4771,0.5048,-0.0277,0.364,0.3433,0.3212,0.6424,-0.0242,0.6182,193,0.0
1274.6,0.4749,0.4986,-0.0238,0.3552,0.3406,0.3216,0.6431,-0.0192,0.624,194,0.0
1274.8,0.4723,0.499,-0.0266,0.3556,0.3377,0.3164,0.6328,-0.0223,0.6105,192,0.0
1275.0,0.472,0.4951,-0.023,0.3501,0.3348,0.3164,0.6327,-0.0192,0.6135,193,0.0
1275.2,0.4662,0.4979,-0.0318,0.3542,0.3318,0.3063,0.6127,-0.0271,0.5856,188,0.0
1275.4,0.466,0.492,-0.026,0.3457,0.3286,0.3079,0.6157,-0.0215,0.5942,190,0.0
1275.6,0.4611,0.4925,-0.0313,0.3464,0.3255,0.3004,0.6008,-0.0261,0.5746,186,0.0
1275.8,0.46,0.4917,-0.0317,0.3453,0.3222,0.2968,0.5937,-0.0274,0.5663,185,0.0
1276.0,0.4391,0.4868,-0.0477,0.3383,0.3189,0.2807,0.5614,-0.0336,0.5278,179,0.0
1276.2,0.4357,0.4831,-0.0474,0.333,0.3154,0.2775,0.555,-0.0325,0.5225,178,0.0
1276.4,0.4386,0.4848,-0.0462,0.3354,0.312,0.275,0.55,-0.0348,0.5153,177,0.0
1276.6,0.4306,0.4827,-0.0521,0.3325,0.3084,0.2667,0.5335,-0.0381,0.4954,174,0.0
1276.8,0.4221,0.4788,-0.0567,0.3268,0.3048,0.2594,0.5189,-0.0394,0.4795,171,0.0
1277.0,0.4298,0.4745,-0.0446,0.3206,0.3011,0.2654,0.5307,-0.0321,0.4986,174,0.0
1277.2,0.4197,0.4765,-0.0568,0.3236,0.2973,0.2519,0.5038,-0.0415,0.4622,168,0.0
1277.4,0.4186,0.4699,-0.0514,0.3142,0.2935,0.2524,0.5048,-0.036,0.4688,170,0.0
1277.6,0.4071,0.4672,-0.0602,0.3103,0.2896,0.2415,0.483,-0.0404,0.4425,165,0.0
1277.8,0.4069,0.4676,-0.0607,0.3109,0.2857,0.2371,0.4742,-0.0429,0.4313,164,0.0
1278.0,0.3934,0.4643,-0.0708,0.3061,0.2817,0.225,0.4501,-0.0476,0.4025,159,0.0
1278.2,0.3955,0.4618,-0.0663,0.3025,0.2777,0.2247,0.4493,-0.0456,0.4037,159,0.0
1278.4,0.3965,0.4575,-0.061,0.2965,0.2736,0.2248,0.4496,-0.0419,0.4077,160,0.0
1278.6,0.3921,0.4605,-0.0684,0.3007,0.2695,0.2148,0.4295,-0.0498,0.3797,155,0.0
1278.8,0.3735,0.4549,-0.0815,0.2928,0.2653,0.2001,0.4003,-0.0545,0.3458,150,0.0
1279.0,0.3755,0.4532,-0.0777,0.2903,0.2611,0.1989,0.3978,-0.0535,0.3444,150,0.0
1279.2,0.3617,0.4523,-0.0906,0.289,0.2568,0.1844,0.3687,-0.0614,0.3074,144,0.0
1279.4,0.3602,0.4458,-0.0857,0.2798,0.2525,0.184,0.368,-0.0564,0.3116,144,0.0
1279.6,0.3583,0.442,-0.0837,0.2742,0.2482,0.1813,0.3626,-0.0548,0.3077,144,0.0
1279.8,0.345,0.4397,-0.0947,0.2711,0.2439,0.1681,0.3362,-0.061,0.2752,139,0.0
1280.0,0.3488,0.4371,-0.0883,0.2673,0.2395,0.1689,0.3377,-0.0581,0.2796,139,0.0
1280.2,0.3298,0.4373,-0.1075,0.2675,0.2351,0.1491,0.2982,-0.07,0.2282,131,0.0
1280.4,0.3422,0.4307,-0.0885,0.2582,0.2307,0.1599,0.3197,-0.058,0.2617,136,0.0
1280.6,0.3248,0.4334,-0.1086,0.2619,0.2262,0.1394,0.2788,-0.0721,0.2066,128,0.0
1280.8,0.3292,0.4255,-0.0963,0.2508,0.2218,0.1447,0.2894,-0.0627,0.2268,131,0.0
1281.0,0.3097,0.425,-0.1153,0.25,0.2173,0.125,0.25,-0.074,0.176,123,0.0
1281.2,0.3173,0.421,-0.1037,0.2442,0.2128,0.1299,0.2597,-0.0676,0.1922,125,0.0
1281.4,0.2995,0.4165,-0.117,0.2379,0.2083,0.1147,0.2294,-0.0733,0.1562,119,0.0
1281.6,0.3022,0.4144,-0.1122,0.2348,0.2038,0.1141,0.2281,-0.0716,0.1566,120,0.0
1281.8,0.2977,0.4114,-0.1137,0.2306,0.1993,0.1084,0.2167,-0.0725,0.1442,118,0.0
1282.0,0.2761,0.4119,-0.1358,0.2313,0.1948,0.0862,0.1724,-0.0861,0.0862,108,0.0
1282.2,0.2687,0.4059,-0.1372,0.2228,0.1903,0.0806,0.1611,-0.0848,0.0763,107,0.0
1282.4,0.2637,0.4059,-0.1422,0.2227,0.1858,0.0721,0.1442,-0.0895,0.0546,103,0.0
1282.6,0.2628,0.3959,-0.1332,0.2085,0.1814,0.0748,0.1496,-0.0801,0.0695,106,0.0
1282.8,0.2485,0.3983,-0.1498,0.2119,0.1769,0.057,0.114,-0.0924,0.0,0,0.0
1283.0,0.2458,0.3752,-0.1294,0.1789,0.1724,0.0689,0.1378,-0.0679,0.0,0,0.0
1283.2,0.2675,0.3534,-0.0859,0.1478,0.168,0.0992,0.1985,-0.0329,0.1656,121,0.0
1283.4,0.264,0.3655,-0.1015,0.165,0.1636,0.0824,0.1647,-0.0515,0.1133,113,0.0
1283.6,0.2661,0.3685,-0.1024,0.1693,0.1592,0.0772,0.1545,-0.0563,0.0982,110,0.0
1283.8,0.26,0.3689,-0.1089,0.1699,0.1548,0.0677,0.1353,-0.062,0.0733,106,0.0
1284.0,0.2492,0.3687,-0.1196,0.1696,0.1505,0.0548,0.1096,-0.0694,0.0,0,0.0
1284.2,0.2522,0.3542,-0.102,0.1488,0.1462,0.0646,0.1291,-0.0523,0.0768,107,0.0
1284.4,0.2509,0.3549,-0.1039,0.1498,0.1419,0.0587,0.1175,-0.0559,0.0615,104,0.0
1284.6,0.2341,0.3583,-0.1242,0.1547,0.1376,0.0383,0.0766,-0.0706,0.0,0,0.0
1284.8,0.247,0.3469,-0.0999,0.1384,0.1334,0.0535,0.107,-0.0525,0.0,0,0.0
1285.0,0.2493,0.3283,-0.0789,0.1118,0.1293,0.0661,0.1322,-0.0307,0.0,0,0.0
1285.2,0.2521,0.3192,-0.067,0.0988,0.1252,0.0715,0.1431,-0.0203,0.1227,114,0.0
1285.4,0.2636,0.3306,-0.067,0.1151,0.1211,0.0675,0.1351,-0.0305,0.1046,111,0.0
1285.6,0.2574,0.3402,-0.0829,0.1289,0.1171,0.0508,0.1015,-0.0474,0.0542,103,0.0
1285.8,0.2505,0.3453,-0.0948,0.1361,0.1131,0.0373,0.0745,-0.0589,0.0156,97,0.0
1286.0,0.2389,0.3444,-0.1055,0.1349,0.1092,0.0248,0.0496,-0.0656,0.0,0,0.0
1286.2,0.2485,0.3351,-0.0866,0.1216,0.1053,0.036,0.0721,-0.0515,0.0,0,0.0
1286.4,0.2406,0.3197,-0.0791,0.0996,0.1015,0.0382,0.0765,-0.0386,0.0,0,0.0
1286.6,0.2327,0.3079,-0.0752,0.0828,0.0978,0.0376,0.0752,-0.0301,0.0,0,0.0
1286.8,0.249,0.3,-0.051,0.0715,0.0941,0.0533,0.1066,-0.0142,0.0,0,0.0
1287.0,0.2541,0.2966,-0.0425,0.0666,0.0905,0.0565,0.1131,-0.0093,0.1038,111,0.0
1287.2,0.2438,0.3055,-0.0617,0.0793,0.087,0.0376,0.0752,-0.027,0.0,0,0.0
1287.4,0.2559,0.2992,-0.0434,0.0703,0.0835,0.0488,0.0976,-0.0151,0.0825,108,0.0
1287.6,0.2459,0.3139,-0.068,0.0912,0.0801,0.0257,0.0514,-0.0396,0.0,0,0.0
1287.8,0.2578,0.2989,-0.041,0.0698,0.0768,0.044,0.0879,-0.017,0.0709,106,0.0
1288.0,0.2548,0.3126,-0.0578,0.0895,0.0736,0.0273,0.0546,-0.0369,0.0177,97,0.0
1288.2,0.238,0.3197,-0.0816,0.0996,0.0704,0.0051,0.0102,-0.0554,0.0,0,0.0
1288.4,0.2458,0.3121,-0.0663,0.0887,0.0673,0.0143,0.0285,-0.0438,0.0,0,0.0
1288.6,0.2302,0.3003,-0.0701,0.0719,0.0643,0.0082,0.0165,-0.0388,0.0,0,0.0
1288.8,0.2459,0.2972,-0.0513,0.0674,0.0614,0.0203,0.0407,-0.0287,0.0,0,0.0
1289.0,0.2334,0.2896,-0.0562,0.0566,0.0586,0.0136,0.0272,-0.0271,0.0,0,0.0
1289.2,0.2443,0.2824,-0.0381,0.0463,0.0558,0.0254,0.0508,-0.0142,0.0,0,0.0
1289.4,0.2366,0.2795,-0.0429,0.0421,0.0532,0.0189,0.0378,-0.0159,0.0,0,0.0
1289.6,0.2427,0.2722,-0.0294,0.0316,0.0506,0.0271,0.0542,-0.0052,0.0,0,0.0
1289.8,0.2462,0.273,-0.0268,0.0329,0.0,0.0,0.0,-0.0191,0.0,0,0.0
1290.0,0.2388,0.265,-0.0262,0.0214,0.0,0.0,0.0,-0.0133,0.0,0,0.0
1290.2,0.2408,0.2623,-0.0215,0.0176,0.0,0.0,0.0,-0.011,0.0,0,0.0
1290.4,0.2324,0.2596,-0.0272,0.0137,0.0,0.0,0.0,-0.0095,0.0,0,0.0
1290.6,0.2303,0.2594,-0.0291,0.0134,0.0,0.0,0.0,-0.0096,0.0,0,0.0
1290.8,0.2218,0.2619,-0.0401,0.0169,0.0,0.0,0.0,-0.0125,0.0,0,0.0
1291.0,0.2242,0.2586,-0.0344,0.0123,0.0,0.0,0.0,-0.0096,0.0,0,0.0
1291.2,0.227,0.254,-0.027,0.0057,0.0,0.0,0.0,-0.0056,0.0,0,0.0
1291.4,0.2246,0.257,-0.0324,0.01,0.0,0.0,0.0,-0.0082,0.0,0,0.0
1291.6,0.2208,0.2517,-0.031,0.0024,0.0,0.0,0.0,-0.0043,0.0,0,0.0
1291.8,0.2244,0.2529,-0.0285,0.0041,0.0,0.0,0.0,-0.0049,0.0,0,0.0
1292.0,0.2204,0.2535,-0.033,0.005,0.0,0.0,0.0,-0.0058,0.0,0,0.0
1292.2,0.2151,0.2548,-0.0397,0.0069,0.0,0.0,0.0,-0.0074,0.0,0,0.0
1292.4,0.2222,0.2554,-0.0333,0.0078,0.0,0.0,0.0,-0.0072,0.0,0,0.0
1292.6,0.2094,0.2541,-0.0448,0.0059,0.0,0.0,0.0,-0.0074,0.0,0,0.0
1292.8,0.2096,0.25,-0.0404,0.0,0.0,0.0,0.0,-0.004,0.0,0,0.0
1293.0,0.2158,0.25,-0.0342,0.0,0.0,0.0,0.0,-0.0034,0.0,0,0.0
1293.2,0.2156,0.2541,-0.0384,0.0058,0.0,0.0,0.0,-0.0068,0.0,0,0.0
1293.4,0.2155,0.2501,-0.0346,0.0002,0.0,0.0,0.0,-0.0036,0.0,0,0.0
1293.6,0.2207,0.2528,-0.0321,0.004,0.0,0.0,0.0,-0.0052,0.0,0,0.0
1293.8,0.2037,0.25,-0.0463,0.0,0.0,0.0,0.0,-0.0046,0.0,0,0.0
1294.0,0.2184,0.25,-0.0316,0.0,0.0,0.0,0.0,-0.0032,0.0,0,0.0
1294.2,0.2106,0.25,-0.0394,0.0,0.0,0.0,0.0,-0.0039,0.0,0,0.0
1294.4,0.2064,0.2516,-0.0453,0.0023,0.0,0.0,0.0,-0.0057,0.0,0,0.0
1294.6,0.2018,0.25,-0.0482,0.0,0.0,0.0,0.0,-0.0048,0.0,0,0.0
1294.8,0.2015,0.2517,-0.0502,0.0025,0.0,0.0,0.0,-0.0062,0.0,0,0.0
1295.0,0.219,0.25,-0.031,0.0,0.0,0.0,0.0,-0.0031,0.0,0,0.0
1295.2,0.2064,0.2508,-0.0444,0.0011,0.0,0.0,0.0,-0.005,0.0,0,0.0
1295.4,0.215,0.251,-0.036,0.0015,0.0,0.0,0.0,-0.0043,0.0,0,0.0
1295.6,0.2181,0.2513,-0.0332,0.0019,0.0,0.0,0.0,-0.0043,0.0,0,0.0
1295.8,0.2008,0.25,-0.0492,0.0,0.0,0.0,0.0,-0.0049,0.0,0,0.0
1296.0,0.2149,0.251,-0.0361,0.0014,0.0,0.0,0.0,-0.0043,0.0,0,0.0
1296.2,0.2008,0.253,-0.0522,0.0043,0.0,0.0,0.0,-0.0074,0.0,0,0.0
1296.4,0.2071,0.25,-0.0429,0.0,0.0,0.0,0.0,-0.0043,0.0,0,0.0
1296.6,0.2194,0.25,-0.0306,0.0,0.0,0.0,0.0,-0.0031,0.0,0,0.0
1296.8,0.2102,0.2516,-0.0414,0.0023,0.0,0.0,0.0,-0.0053,0.0,0,0.0
1297.0,0.2075,0.25,-0.0425,0.0,0.0,0.0,0.0,-0.0042,0.0,0,0.0
1297.2,0.2002,0.2524,-0.0523,0.0035,0.0,0.0,0.0,-0.007,0.0,0,0.0
1297.4,0.2149,0.2506,-0.0357,0.0008,0.0,0.0,0.0,-0.004,0.0,0,0.0
1297.6,0.2176,0.2528,-0.0352,0.004,0.0,0.0,0.0,-0.0055,0.0,0,0.0
1297.8,0.2141,0.25,-0.0359,0.0,0.0,0.0,0.0,-0.0036,0.0,0,0.0
1298.0,0.2074,0.25,-0.0426,0.0,0.0,0.0,0.0,-0.0043,0.0,0,0.0
1298.2,0.2081,0.25,-0.0419,0.0,0.0,0.0,0.0,-0.0042,0.0,0,0.0
1298.4,0.2075,0.2504,-0.0429,0.0005,0.0,0.0,0.0,-0.0046,0.0,0,0.0
1298.6,0.2171,0.25,-0.0329,0.0,0.0,0.0,0.0,-0.0033,0.0,0,0.0
1298.8,0.2016,0.25,-0.0484,0.0,0.0,0.0,0.0,-0.0048,0.0,0,0.0
1299.0,0.2167,0.25,-0.0333,0.0,0.0,0.0,0.0,-0.0033,0.0,0,0.0
1299.2,0.2183,0.25,-0.0317,0.0,0.0523,0.0269,0.0538,0.0103,0.0,0,0.0
1299.4,0.2335,0.2509,-0.0174,0.0013,0.0549,0.0409,0.0819,0.0181,0.0,0,0.0
1299.6,0.2471,0.25,-0.0029,0.0,0.0576,0.0552,0.1105,0.0273,0.0,0,0.0
1299.8,0.2526,0.2524,0.0002,0.0034,0.0604,0.0605,0.121,0.0286,0.1496,118,0.0
1300.0,0.2547,0.2722,-0.0175,0.0317,0.0633,0.0493,0.0986,0.0071,0.1056,111,0.0
1300.2,0.2582,0.2901,-0.0319,0.0572,0.0662,0.0407,0.0814,-0.0114,0.07,106,0.0
1300.4,0.2659,0.3029,-0.037,0.0755,0.0693,0.0397,0.0794,-0.0216,0.0578,104,0.0
1300.6,0.2642,0.3158,-0.0516,0.094,0.0724,0.0311,0.0622,-0.0366,0.0256,99,0.0
1300.8,0.2497,0.3198,-0.0701,0.0997,0.0756,0.0195,0.0391,-0.0471,0.0,0,0.0
1301.0,0.2423,0.3112,-0.069,0.0875,0.0789,0.0238,0.0475,-0.0388,0.0,0,0.0
1301.2,0.2461,0.3,-0.0539,0.0714,0.0823,0.0392,0.0783,-0.0215,0.0,0,0.0
1301.4,0.2473,0.2961,-0.0489,0.0659,0.0857,0.0466,0.0933,-0.0145,0.0,0,0.0
1301.6,0.2628,0.2857,-0.0229,0.0509,0.0892,0.071,0.1419,0.0077,0.1496,118,0.0
1301.8,0.2622,0.3072,-0.045,0.0817,0.0928,0.0568,0.1136,-0.0169,0.0967,110,0.0
1302.0,0.2626,0.3132,-0.0505,0.0902,0.0965,0.056,0.1121,-0.0222,0.0899,109,0.0
1302.2,0.2559,0.3292,-0.0733,0.1132,0.1002,0.0415,0.083,-0.0432,0.0398,101,0.0
1302.4,0.2554,0.3311,-0.0757,0.1159,0.104,0.0434,0.0867,-0.0438,0.0429,101,0.0
1302.6,0.2535,0.3397,-0.0863,0.1282,0.1078,0.0388,0.0775,-0.0534,0.0242,98,0.0
1302.8,0.2531,0.342,-0.0889,0.1314,0.1117,0.0406,0.0812,-0.0543,0.0269,99,0.0
1303.0,0.2424,0.3455,-0.1031,0.1364,0.1156,0.0331,0.0663,-0.0619,0.0,0,0.0
1303.2,0.2387,0.3338,-0.0951,0.1197,0.1196,0.0436,0.0871,-0.0476,0.0,0,0.0
1303.4,0.2521,0.3236,-0.0715,0.1052,0.1237,0.0665,0.133,-0.0265,0.1065,112,0.0
1303.6,0.2597,0.3318,-0.0721,0.1168,0.1278,0.0701,0.1403,-0.0306,0.1097,112,0.0
1303.8,0.2643,0.3384,-0.0741,0.1263,0.1319,0.0726,0.1452,-0.0342,0.111,112,0.0
1304.0,0.2578,0.3457,-0.0879,0.1367,0.1361,0.0658,0.1316,-0.0443,0.0873,108,0.0
1304.2,0.2607,0.3514,-0.0907,0.1448,0.1403,0.0678,0.1356,-0.0476,0.088,109,0.0
1304.4,0.2602,0.358,-0.0978,0.1543,0.1446,0.0664,0.1327,-0.0537,0.079,107,0.0
1304.6,0.2456,0.3577,-0.1121,0.1538,0.1489,0.0593,0.1185,-0.0585,0.0,0,0.0
1304.8,0.2453,0.3418,-0.0965,0.1311,0.1532,0.0761,0.1521,-0.0372,0.0,0,0.0
1305.0,0.2663,0.3294,-0.0631,0.1134,0.1576,0.1071,0.2142,-0.0095,0.2048,127,0.0
1305.2,0.2654,0.3399,-0.0745,0.1284,0.162,0.1024,0.2047,-0.0205,0.1843,124,0.0
1305.4,0.2641,0.3517,-0.0876,0.1452,0.1664,0.0963,0.1926,-0.0332,0.1594,120,0.0
1305.6,0.2799,0.355,-0.0752,0.1501,0.1708,0.1107,0.2214,-0.0272,0.1942,126,0.0
1305.8,0.272,0.3635,-0.0915,0.1622,0.1753,0.1021,0.2041,-0.0392,0.1649,121,0.0
1306.0,0.2736,0.3724,-0.0989,0.1749,0.1797,0.1007,0.2013,-0.047,0.1543,119,0.0
1306.2,0.2896,0.3715,-0.0819,0.1736,0.1842,0.1187,0.2374,-0.0356,0.2018,127,0.0
1306.4,0.2861,0.3764,-0.0903,0.1806,0.1887,0.1164,0.2329,-0.0411,0.1918,125,0.0
1306.6,0.2875,0.3815,-0.094,0.1879,0.1932,0.118,0.236,-0.0443,0.1917,125,0.0
1306.8,0.2903,0.3884,-0.0982,0.1978,0.1977,0.1192,0.2383,-0.0491,0.1892,125,0.0
1307.0,0.2865,0.3919,-0.1054,0.2027,0.2022,0.1179,0.2358,-0.0529,0.1829,124,0.0
1307.2,0.2911,0.3943,-0.1032,0.2061,0.2067,0.1241,0.2483,-0.0513,0.197,126,0.0
1307.4,0.2878,0.3928,-0.1051,0.2041,0.2112,0.1271,0.2543,-0.049,0.2053,127,0.0
1307.6,0.2883,0.3981,-0.1098,0.2116,0.2157,0.1278,0.2556,-0.0529,0.2027,127,0.0
1307.8,0.2817,0.3992,-0.1175,0.2131,0.2202,0.1261,0.2523,-0.0552,0.197,126,0.0
1308.0,0.2885,0.3949,-0.1064,0.207,0.2246,0.1395,0.279,-0.0444,0.2346,132,0.0
1308.2,0.2913,0.3998,-0.1085,0.214,0.2291,0.1423,0.2846,-0.0467,0.2379,133,0.0
1308.4,0.3055,0.4051,-0.0996,0.2215,0.2335,0.1538,0.3076,-0.0438,0.2638,137,0.0
1308.6,0.2996,0.4039,-0.1044,0.2199,0.2379,0.1544,0.3088,-0.0432,0.2657,137,0.0
1308.8,0.3039,0.409,-0.1052,0.2272,0.2423,0.1582,0.3163,-0.045,0.2713,138,0.0
1309.0,0.2985,0.4088,-0.1103,0.2269,0.2467,0.1584,0.3168,-0.0453,0.2715,138,0.0
1309.2,0.304,0.4074,-0.1035,0.2249,0.251,0.1682,0.3364,-0.0387,0.2977,142,0.0
1309.4,0.3081,0.412,-0.1039,0.2314,0.2553,0.1722,0.3443,-0.04,0.3043,143,0.0
1309.6,0.3177,0.4182,-0.1005,0.2403,0.2595,0.1791,0.3583,-0.0406,0.3177,145,0.0
1309.8,0.3282,0.4151,-0.087,0.2359,0.2638,0.1942,0.3884,-0.0295,0.3589,152,0.0
1310.0,0.3218,0.42,-0.0981,0.2428,0.268,0.1894,0.3789,-0.0365,0.3424,149,0.0
1310.2,0.3445,0.4218,-0.0773,0.2454,0.2721,0.2103,0.4205,-0.0253,0.3952,158,0.0
1310.4,0.3507,0.4227,-0.0721,0.2468,0.2762,0.2185,0.4371,-0.0213,0.4158,161,0.0
1310.6,0.3461,0.4297,-0.0836,0.2568,0.2803,0.2134,0.4267,-0.0301,0.3966,158,0.0
1310.8,0.36,0.4335,-0.0735,0.2622,0.2843,0.2254,0.4509,-0.0257,0.4251,163,0.0
1311.0,0.361,0.4353,-0.0744,0.2648,0.2882,0.2287,0.4574,-0.0255,0.432,164,0.0
1311.2,0.3566,0.436,-0.0795,0.2658,0.2921,0.2285,0.4571,-0.0266,0.4305,163,0.0
1311.4,0.3661,0.4413,-0.0752,0.2733,0.2959,0.2358,0.4716,-0.0263,0.4453,166,0.0
1311.6,0.3786,0.4451,-0.0665,0.2787,0.2997,0.2465,0.4931,-0.0227,0.4704,170,0.0
1311.8,0.3816,0.4472,-0.0657,0.2818,0.3034,0.2509,0.5018,-0.022,0.4798,171,0.0
1312.0,0.3786,0.4496,-0.071,0.2851,0.3071,0.2503,0.5007,-0.0245,0.4762,171,0.0
1312.2,0.38,0.4516,-0.0716,0.288,0.3107,0.2534,0.5068,-0.0245,0.4823,172,0.0
1312.4,0.4001,0.448,-0.0479,0.2829,0.3142,0.2759,0.5517,-0.0083,0.5434,181,0.0
1312.6,0.4043,0.4515,-0.0472,0.2879,0.3176,0.2798,0.5597,-0.0087,0.5509,183,0.0
1312.8,0.3989,0.4573,-0.0584,0.2961,0.321,0.2743,0.5486,-0.0168,0.5318,180,0.0
1313.0,0.3984,0.4566,-0.0582,0.2952,0.3243,0.2777,0.5555,-0.0145,0.5409,181,0.0
1313.2,0.4047,0.4608,-0.0561,0.3012,0.3275,0.2826,0.5652,-0.0149,0.5503,183,0.0
1313.4,0.4224,0.4636,-0.0412,0.3052,0.3306,0.2977,0.5953,-0.0079,0.5875,188,0.0
1313.6,0.4196,0.4636,-0.044,0.3052,0.3337,0.2985,0.5969,-0.0078,0.5892,189,0.0
1313.8,0.4347,0.469,-0.0343,0.3128,0.3367,0.3092,0.6185,-0.0052,0.6132,193,0.0
1314.0,0.4295,0.4751,-0.0456,0.3216,0.3396,0.303,0.6061,-0.0138,0.5923,189,0.0
1314.2,0.4371,0.4768,-0.0397,0.324,0.3424,0.3106,0.6212,-0.0106,0.6106,192,0.0
1314.4,0.4316,0.477,-0.0454,0.3242,0.3451,0.3087,0.6175,-0.0123,0.6052,191,0.0
1314.6,0.4408,0.4793,-0.0385,0.3276,0.3477,0.3168,0.6337,-0.0092,0.6245,194,0.0
1314.8,0.4398,0.4818,-0.042,0.3311,0.3502,0.3166,0.6333,-0.0114,0.6218,194,0.0
1315.0,0.4602,0.4779,-0.0178,0.3256,0.3526,0.3384,0.6769,0.0046,0.6815,204,0.0
1315.2,0.4554,0.4857,-0.0303,0.3368,0.355,0.3307,0.6614,-0.0061,0.6554,199,0.0
1315.4,0.4557,0.4833,-0.0276,0.3332,0.3572,0.3352,0.6703,-0.0018,0.6685,201,0.0
1315.6,0.4609,0.4901,-0.0292,0.343,0.3594,0.336,0.6721,-0.0064,0.6657,201,0.0
1315.8,0.471,0.4861,-0.0151,0.3373,0.3614,0.3493,0.6986,0.0045,0.703,207,0.0
1316.0,0.4761,0.4898,-0.0137,0.3426,0.3633,0.3524,0.7047,0.0035,0.7083,208,0.0
1316.2,0.4675,0.4975,-0.03,0.3535,0.3652,0.3412,0.6824,-0.0092,0.6732,202,0.0
1316.4,0.4726,0.4958,-0.0232,0.3511,0.3669,0.3484,0.6967,-0.0037,0.693,205,0.0
1316.6,0.4812,0.4986,-0.0175,0.3552,0.3685,0.3546,0.7092,-0.0021,0.7071,208,0.0
1316.8,0.4893,0.497,-0.0077,0.3528,0.3701,0.3639,0.7278,0.0048,0.7326,212,0.0
1317.0,0.4952,0.497,-0.0019,0.3529,0.3715,0.37,0.74,0.0084,0.7484,214,0.0
1317.2,0.485,0.5027,-0.0177,0.361,0.3728,0.3587,0.7173,-0.0029,0.7144,209,0.0
1317.4,0.5045,0.501,0.0035,0.3586,0.374,0.3768,0.7536,0.0094,0.763,217,0.0
1317.6,0.4939,0.5032,-0.0093,0.3617,0.3751,0.3677,0.7353,0.0021,0.7374,212,0.0
1317.8,0.508,0.5069,0.0011,0.367,0.3761,0.377,0.754,0.0051,0.7591,216,0.0
1318.0,0.5026,0.5113,-0.0087,0.3733,0.377,0.37,0.7401,-0.0025,0.7376,213,0.0
1318.2,0.5043,0.5079,-0.0036,0.3684,0.3777,0.3749,0.7497,0.0029,0.7526,215,0.0
1318.4,0.5113,0.5082,0.0031,0.3689,0.3784,0.38,0.76,0.0059,0.7659,217,0.0
1318.6,0.4982,0.5119,-0.0137,0.3741,0.3789,0.368,0.736,-0.0044,0.7315,212,0.0
1318.8,0.5114,0.514,-0.0027,0.3772,0.3794,0.3772,0.7545,-0.0002,0.7542,215,0.0
1319.0,0.4998,0.5086,-0.0087,0.3694,0.3797,0.3727,0.7454,0.0008,0.7462,214,0.0
1319.2,0.5054,0.5106,-0.0052,0.3723,0.3799,0.3757,0.7514,0.0012,0.7526,215,0.0
1319.4,0.513,0.5106,0.0025,0.3722,0.38,0.38,0.76,0.0041,0.7641,217,0.0
1319.6,0.5044,0.5162,-0.0118,0.3803,0.38,0.3705,0.7411,-0.0061,0.735,212,0.0
1319.8,0.5155,0.5147,0.0007,0.3782,0.3798,0.38,0.76,0.001,0.761,216,0.0
1320.0,0.5141,0.5149,-0.0009,0.3785,0.3796,0.3789,0.7578,0.0001,0.758,216,0.0
1320.2,0.5105,0.5141,-0.0036,0.3773,0.3792,0.3764,0.7527,-0.0008,0.7519,215,0.0
1320.4,0.521,0.5122,0.0087,0.3746,0.3788,0.38,0.76,0.0036,0.7636,217,0.0
1320.6,0.505,0.5174,-0.0124,0.382,0.3782,0.3683,0.7365,-0.0081,0.7285,211,0.0
1320.8,0.5078,0.5144,-0.0066,0.3777,0.3775,0.3722,0.7445,-0.0034,0.7411,213,0.0
1321.0,0.5044,0.5165,-0.0121,0.3807,0.3767,0.3671,0.7341,-0.008,0.7261,211,0.0
1321.2,0.507,0.5125,-0.0055,0.375,0.3758,0.3714,0.7428,-0.0024,0.7404,213,0.0
1321.4,0.5057,0.5105,-0.0048,0.3721,0.3748,0.371,0.7419,-0.0011,0.7408,213,0.0
1321.6,0.5074,0.5115,-0.0041,0.3736,0.3737,0.3704,0.7407,-0.002,0.7387,213,0.0
1321.8,0.5058,0.5165,-0.0107,0.3807,0.3724,0.3639,0.7277,-0.0095,0.7183,209,0.0
1322.0,0.5144,0.5145,-0.0001,0.3779,0.3711,0.371,0.742,-0.0035,0.7385,213,0.0
1322.2,0.5059,0.514,-0.0081,0.3771,0.3696,0.3632,0.7263,-0.0078,0.7185,209,0.0
1322.4,0.5014,0.5118,-0.0104,0.374,0.3681,0.3598,0.7195,-0.0081,0.7114,208,0.0
1322.6,0.5152,0.5117,0.0035,0.3739,0.3664,0.3692,0.7384,-0.002,0.7364,212,0.0
1322.8,0.5121,0.5141,-0.002,0.3773,0.3646,0.3631,0.7261,-0.0073,0.7188,210,0.0
1323.0,0.5084,0.5142,-0.0059,0.3775,0.3627,0.358,0.7161,-0.0103,0.7058,207,0.0
1323.2,0.4969,0.5092,-0.0124,0.3703,0.3608,0.3509,0.7018,-0.011,0.6908,205,0.0
1323.4,0.4904,0.5061,-0.0157,0.3658,0.3587,0.3462,0.6923,-0.0114,0.6809,203,0.0
1323.6,0.4887,0.5066,-0.0179,0.3666,0.3565,0.3422,0.6844,-0.014,0.6704,202,0.0
1323.8,0.4989,0.5048,-0.0059,0.3639,0.3543,0.3495,0.6991,-0.0078,0.6913,205,0.0
1324.0,0.4924,0.5043,-0.0118,0.3632,0.3519,0.3424,0.6848,-0.0116,0.6732,202,0.0
1324.2,0.4793,0.5082,-0.0289,0.3688,0.3494,0.3263,0.6526,-0.0242,0.6284,195,0.0
1324.4,0.4817,0.5004,-0.0187,0.3577,0.3469,0.3319,0.6638,-0.0148,0.649,198,0.0
1324.6,0.4892,0.5005,-0.0113,0.3579,0.3442,0.3352,0.6703,-0.0125,0.6578,200,0.0
1324.8,0.4729,0.503,-0.0301,0.3614,0.3415,0.3174,0.6349,-0.025,0.6098,192,0.0
1325.0,0.4677,0.496,-0.0283,0.3514,0.3387,0.316,0.6321,-0.0205,0.6116,192,0.0
1325.2,0.4703,0.5003,-0.03,0.3576,0.3358,0.3118,0.6235,-0.0259,0.5976,190,0.0
1325.4,0.4634,0.4962,-0.0328,0.3517,0.3328,0.3065,0.613,-0.0259,0.5871,188,0.0
1325.6,0.4666,0.4965,-0.0299,0.3522,0.3297,0.3057,0.6115,-0.0262,0.5852,188,0.0
1325.8,0.454,0.4903,-0.0362,0.3432,0.3265,0.2975,0.5951,-0.0265,0.5686,185,0.0
1326.0,0.4602,0.493,-0.0328,0.3472,0.3233,0.297,0.5941,-0.0284,0.5657,185,0.0
1326.2,0.4585,0.4858,-0.0273,0.3368,0.32,0.2981,0.5963,-0.0221,0.5742,186,0.0
1326.4,0.439,0.484,-0.045,0.3342,0.3166,0.2806,0.5612,-0.0313,0.5298,179,0.0
1326.6,0.4348,0.4821,-0.0473,0.3316,0.3131,0.2753,0.5505,-0.0329,0.5177,177,0.0
1326.8,0.4395,0.4831,-0.0436,0.333,0.3096,0.2746,0.5493,-0.0336,0.5157,177,0.0
1327.0,0.4284,0.4773,-0.0489,0.3248,0.306,0.2668,0.5336,-0.0339,0.4998,174,0.0
1327.2,0.4379,0.4792,-0.0412,0.3274,0.3023,0.2693,0.5386,-0.0332,0.5054,175,0.0
1327.4,0.4294,0.4766,-0.0472,0.3237,0.2986,0.2608,0.5217,-0.0361,0.4855,172,0.0
1327.6,0.4195,0.4717,-0.0522,0.3167,0.2948,0.253,0.5061,-0.037,0.469,170,0.0
1327.8,0.4147,0.4725,-0.0578,0.3178,0.2909,0.2447,0.4893,-0.0424,0.447,166,0.0
1328.0,0.4032,0.4725,-0.0692,0.3178,0.287,0.2316,0.4632,-0.05,0.4131,161,0.0
1328.2,0.4025,0.4645,-0.062,0.3065,0.283,0.2334,0.4668,-0.0427,0.4241,162,0.0
1328.4,0.3906,0.4605,-0.0699,0.3007,0.279,0.2231,0.4462,-0.0458,0.4004,159,0.0
1328.6,0.3935,0.4581,-0.0646,0.2973,0.2749,0.2233,0.4466,-0.0434,0.4031,159,0.0
1328.8,0.3851,0.4569,-0.0718,0.2956,0.2708,0.2134,0.4268,-0.0483,0.3785,155,0.0
1329.0,0.3792,0.4562,-0.077,0.2946,0.2667,0.2051,0.4101,-0.0525,0.3577,152,0.0
1329.2,0.3693,0.4503,-0.081,0.2861,0.2625,0.1977,0.3954,-0.0523,0.3431,149,0.0
1329.4,0.3629,0.4483,-0.0853,0.2832,0.2582,0.1899,0.3799,-0.0552,0.3247,146,0.0
1329.6,0.3559,0.4483,-0.0924,0.2832,0.254,0.18,0.3601,-0.0608,0.2992,142,0.0
1329.8,0.3546,0.4451,-0.0905,0.2787,0.2496,0.1772,0.3545,-0.0598,0.2947,142,0.0
1330.0,0.3507,0.4387,-0.0879,0.2696,0.2453,0.1749,0.3499,-0.0561,0.2938,142,0.0
1330.2,0.3488,0.4408,-0.092,0.2725,0.2409,0.1673,0.3346,-0.0618,0.2728,138,0.0
1330.4,0.3438,0.4356,-0.0918,0.2652,0.2365,0.1631,0.3262,-0.0602,0.2659,137,0.0
1330.6,0.3267,0.4331,-0.1064,0.2616,0.2321,0.147,0.294,-0.068,0.226,131,0.0
1330.8,0.3308,0.4295,-0.0986,0.2564,0.2277,0.1488,0.2976,-0.0637,0.2339,132,0.0
1331.0,0.3182,0.4268,-0.1086,0.2525,0.2232,0.1364,0.2728,-0.0689,0.2039,127,0.0
1331.2,0.3248,0.4221,-0.0973,0.2458,0.2188,0.1409,0.2818,-0.0622,0.2197,130,0.0
1331.4,0.3056,0.4238,-0.1182,0.2483,0.2143,0.1197,0.2395,-0.0761,0.1634,121,0.0
1331.6,0.312,0.4213,-0.1093,0.2447,0.2098,0.1224,0.2447,-0.0721,0.1726,122,0.0
1331.8,0.3076,0.4172,-0.1096,0.2388,0.2053,0.1176,0.2353,-0.0715,0.1637,121,0.0
1332.0,0.2859,0.4109,-0.125,0.2299,0.2008,0.1008,0.2016,-0.0771,0.1245,114,0.0
1332.2,0.289,0.4136,-0.1246,0.2337,0.1963,0.0966,0.1933,-0.081,0.1123,112,0.0
1332.4,0.2751,0.4094,-0.1343,0.2277,0.1918,0.0844,0.1687,-0.0851,0.0836,108,0.0
1332.6,0.2647,0.4036,-0.1389,0.2194,0.1873,0.0762,0.1523,-0.0855,0.0668,105,0.0
1332.8,0.2631,0.3996,-0.1366,0.2138,0.1828,0.0736,0.1472,-0.0838,0.0634,105,0.0
1333.0,0.2553,0.3996,-0.1443,0.2137,0.1783,0.0629,0.1258,-0.0898,0.036,100,0.0
1333.2,0.2498,0.3916,-0.1418,0.2023,0.1739,0.0605,0.1209,-0.0851,0.0,0,0.0
1333.4,0.2429,0.3732,-0.1303,0.1761,0.1694,0.0652,0.1304,-0.0685,0.0,0,0.0
1333.6,0.2583,0.3564,-0.0981,0.1521,0.165,0.0865,0.173,-0.0426,0.1304,115,0.0
1333.8,0.2484,0.3577,-0.1093,0.1538,0.1606,0.0732,0.1464,-0.0512,0.0,0,0.0
1334.0,0.2527,0.3447,-0.092,0.1353,0.1562,0.0827,0.1653,-0.0355,0.1299,115,0.0
1334.2,0.2547,0.3508,-0.0961,0.144,0.1519,0.075,0.1501,-0.0441,0.106,111,0.0
1334.4,0.2703,0.3527,-0.0825,0.1467,0.1476,0.0816,0.1632,-0.0408,0.1224,114,0.0
1334.6,0.252,0.3627,-0.1107,0.161,0.1433,0.0547,0.1094,-0.0642,0.0452,102,0.0
1334.8,0.2639,0.3611,-0.0972,0.1587,0.139,0.0613,0.1225,-0.0585,0.0641,105,0.0
1335.0,0.2484,0.3685,-0.1201,0.1693,0.1348,0.0387,0.0775,-0.0773,0.0,0,0.0
1335.2,0.2491,0.3517,-0.1025,0.1452,0.1306,0.0486,0.0972,-0.0586,0.0,0,0.0
1335.4,0.2514,0.3348,-0.0835,0.1212,0.1265,0.0597,0.1194,-0.0391,0.0804,107,0.0
1335.6,0.239,0.3435,-0.1044,0.1335,0.1224,0.0389,0.0777,-0.0578,0.0,0,0.0
1335.8,0.2568,0.3307,-0.0738,0.1152,0.1184,0.0593,0.1186,-0.0353,0.0833,108,0.0
1336.0,0.2492,0.3362,-0.0869,0.1231,0.1144,0.0449,0.0897,-0.0478,0.0,0,0.0
1336.2,0.2538,0.3196,-0.0658,0.0995,0.1105,0.0578,0.1156,-0.0274,0.0882,109,0.0
1336.4,0.2504,0.3321,-0.0817,0.1173,0.1066,0.0412,0.0824,-0.0462,0.0362,100,0.0
1336.6,0.2441,0.3357,-0.0916,0.1224,0.1028,0.0295,0.0589,-0.0556,0.0,0,0.0
1336.8,0.2432,0.3217,-0.0784,0.1024,0.099,0.0363,0.0726,-0.0409,0.0,0,0.0
1337.0,0.2371,0.317,-0.0799,0.0957,0.0953,0.0314,0.0628,-0.0402,0.0,0,0.0
1337.2,0.2476,0.3048,-0.0572,0.0783,0.0917,0.046,0.0919,-0.0219,0.0,0,0.0
1337.4,0.2467,0.2996,-0.0529,0.0708,0.0881,0.0458,0.0917,-0.0178,0.0,0,0.0
1337.6,0.256,0.2894,-0.0334,0.0562,0.0846,0.058,0.1159,-0.0025,0.1135,113,0.0
1337.8,0.2599,0.3063,-0.0464,0.0804,0.0812,0.0441,0.0883,-0.0228,0.0655,105,0.0
1338.0,0.253,0.3138,-0.0608,0.0911,0.0779,0.0293,0.0585,-0.037,0.0215,98,0.0
1338.2,0.2355,0.3238,-0.0883,0.1055,0.0746,0.0039,0.0079,-0.0596,0.0,0,0.0
1338.4,0.2434,0.3104,-0.067,0.0863,0.0714,0.0178,0.0356,-0.041,0.0,0,0.0
1338.6,0.2338,0.3002,-0.0664,0.0717,0.0683,0.0152,0.0304,-0.0349,0.0,0,0.0
1338.8,0.2342,0.2925,-0.0583,0.0607,0.0653,0.0187,0.0373,-0.0268,0.0,0,0.0
1339.0,0.2347,0.2876,-0.0529,0.0538,0.0624,0.02,0.04,-0.0222,0.0,0,0.0
1339.2,0.2352,0.2853,-0.0501,0.0505,0.0595,0.0194,0.0388,-0.0205,0.0,0,0.0
1339.4,0.2476,0.2763,-0.0286,0.0375,0.0567,0.0338,0.0676,-0.0047,0.0,0,0.0
1339.6,0.2593,0.2751,-0.0158,0.0359,0.054,0.0414,0.0828,0.0012,0.0839,108,0.0
1339.8,0.2425,0.2933,-0.0508,0.0618,0.0515,0.0108,0.0217,-0.0306,0.0,0,0.0
1340.0,0.2471,0.2816,-0.0344,0.0451,0.0,0.0,0.0,-0.026,0.0,0,0.0
1340.2,0.2263,0.2765,-0.0502,0.0378,0.0,0.0,0.0,-0.0239,0.0,0,0.0
1340.4,0.2313,0.2728,-0.0416,0.0326,0.0,0.0,0.0,-0.0205,0.0,0,0.0
1340.6,0.2178,0.2711,-0.0534,0.0302,0.0,0.0,0.0,-0.0204,0.0,0,0.0
1340.8,0.2133,0.2705,-0.0571,0.0292,0.0,0.0,0.0,-0.0203,0.0,0,0.0
1341.0,0.2073,0.2649,-0.0575,0.0213,0.0,0.0,0.0,-0.0164,0.0,0,0.0
1341.2,0.1955,0.2635,-0.0679,0.0192,0.0,0.0,0.0,-0.0164,0.0,0,0.0
1341.4,0.2114,0.2637,-0.0523,0.0196,0.0,0.0,0.0,-0.015,0.0,0,0.0
1341.6,0.2056,0.2607,-0.0551,0.0153,0.0,0.0,0.0,-0.0132,0.0,0,0.0
1341.8,0.1988,0.2548,-0.056,0.0068,0.0,0.0,0.0,-0.009,0.0,0,0.0
1342.0,0.1935,0.2538,-0.0603,0.0054,0.0,0.0,0.0,-0.0087,0.0,0,0.0
1342.2,0.1926,0.2545,-0.0619,0.0065,0.0,0.0,0.0,-0.0094,0.0,0,0.0
1342.4,0.1838,0.2567,-0.0729,0.0096,0.0,0.0,0.0,-0.0121,0.0,0,0.0
1342.6,0.1952,0.2562,-0.061,0.0089,0.0,0.0,0.0,-0.0106,0.0,0,0.0
1342.8,0.1892,0.2534,-0.0642,0.0048,0.0,0.0,0.0,-0.0088,0.0,0,0.0
1343.0,0.1938,0.2554,-0.0616,0.0077,0.0,0.0,0.0,-0.01,0.0,0,0.0
1343.2,0.1943,0.2519,-0.0576,0.0028,0.0,0.0,0.0,-0.0071,0.0,0,0.0
1343.4,0.1903,0.2555,-0.0652,0.0079,0.0,0.0,0.0,-0.0104,0.0,0,0.0
1343.6,0.1852,0.2545,-0.0693,0.0064,0.0,0.0,0.0,-0.0101,0.0,0,0.0
1343.8,0.1846,0.25,-0.0654,0.0,0.0,0.0,0.0,-0.0065,0.0,0,0.0
1344.0,0.1963,0.2545,-0.0582,0.0064,0.0,0.0,0.0,-0.009,0.0,0,0.0
1344.2,0.1869,0.2508,-0.0639,0.0012,0.0,0.0,0.0,-0.007,0.0,0,0.0
1344.4,0.1828,0.2505,-0.0677,0.0007,0.0,0.0,0.0,-0.0071,0.0,0,0.0
1344.6,0.1946,0.2527,-0.0581,0.0038,0.0,0.0,0.0,-0.0077,0.0,0,0.0
1344.8,0.1951,0.2521,-0.0569,0.0029,0.0,0.0,0.0,-0.0072,0.0,0,0.0
1345.0,0.1839,0.2529,-0.0691,0.0042,0.0,0.0,0.0,-0.009,0.0,0,0.0
1345.2,0.1876,0.25,-0.0624,0.0,0.0,0.0,0.0,-0.0062,0.0,0,0.0
1345.4,0.1949,0.25,-0.0551,0.0,0.0,0.0,0.0,-0.0055,0.0,0,0.0
1345.6,0.1792,0.2534,-0.0742,0.0049,0.0,0.0,0.0,-0.0098,0.0,0,0.0
1345.8,0.1757,0.25,-0.0743,0.0,0.0,0.0,0.0,-0.0074,0.0,0,0.0
1346.0,0.194,0.2526,-0.0586,0.0037,0.0,0.0,0.0,-0.0077,0.0,0,0.0
1346.2,0.1806,0.25,-0.0694,0.0,0.0,0.0,0.0,-0.0069,0.0,0,0.0
1346.4,0.1808,0.25,-0.0692,0.0,0.0,0.0,0.0,-0.0069,0.0,0,0.0
1346.6,0.1782,0.25,-0.0718,0.0,0.0,0.0,0.0,-0.0072,0.0,0,0.0
1346.8,0.1868,0.25,-0.0632,0.0,0.0,0.0,0.0,-0.0063,0.0,0,0.0
1347.0,0.1898,0.2524,-0.0626,0.0034,0.0,0.0,0.0,-0.008,0.0,0,0.0
1347.2,0.1869,0.25,-0.0631,0.0,0.0,0.0,0.0,-0.0063,0.0,0,0.0
1347.4,0.1902,0.2535,-0.0633,0.005,0.0,0.0,0.0,-0.0088,0.0,0,0.0
1347.6,0.1797,0.2523,-0.0726,0.0033,0.0,0.0,0.0,-0.0089,0.0,0,0.0
1347.8,0.1915,0.2506,-0.0591,0.0008,0.0,0.0,0.0,-0.0063,0.0,0,0.0
1348.0,0.1752,0.2519,-0.0767,0.0027,0.0,0.0,0.0,-0.009,0.0,0,0.0
1348.2,0.1757,0.25,-0.0743,0.0,0.0,0.0,0.0,-0.0074,0.0,0,0.0
1348.4,0.1861,0.2521,-0.066,0.003,0.0,0.0,0.0,-0.0081,0.0,0,0.0
1348.6,0.1945,0.2508,-0.0563,0.0011,0.0,0.0,0.0,-0.0062,0.0,0,0.0
1348.8,0.1931,0.25,-0.0569,0.0,0.0,0.0,0.0,-0.0057,0.0,0,0.0
1349.0,0.1889,0.2528,-0.0639,0.0039,0.0,0.0,0.0,-0.0084,0.0,0,0.0
1349.2,0.1755,0.2532,-0.0777,0.0046,0.0,0.0,0.0,-0.0101,0.0,0,0.0
1349.4,0.1944,0.2528,-0.0584,0.004,0.0514,0.0,0.0,-0.0078,0.0,0,0.0
1349.6,0.2088,0.2505,-0.0418,0.0008,0.054,0.0206,0.0412,0.0057,0.0,0,0.0
1349.8,0.2201,0.2504,-0.0303,0.0006,0.0567,0.0324,0.0649,0.0129,0.0,0,0.0
1350.0,0.2239,0.2502,-0.0263,0.0003,0.0594,0.0384,0.0769,0.0165,0.0,0,0.0
1350.2,0.2383,0.2507,-0.0124,0.001,0.0623,0.0524,0.1048,0.0245,0.0,0,0.0
1350.4,0.2614,0.2512,0.0102,0.0018,0.0652,0.0734,0.1468,0.0368,0.1836,124,0.0
1350.6,0.2682,0.2735,-0.0054,0.0336,0.0683,0.064,0.1279,0.0146,0.1426,117,0.0
1350.8,0.2553,0.2888,-0.0335,0.0554,0.0714,0.0446,0.0892,-0.0087,0.0805,107,0.0
1351.0,0.2556,0.3026,-0.047,0.0751,0.0746,0.037,0.0739,-0.0238,0.0502,103,0.0
1351.2,0.2688,0.3147,-0.0458,0.0924,0.0778,0.0412,0.0823,-0.0302,0.0521,103,0.0
1351.4,0.2648,0.3246,-0.0599,0.1066,0.0812,0.0333,0.0666,-0.0427,0.0239,98,0.0
1351.6,0.2535,0.3288,-0.0754,0.1126,0.0846,0.0243,0.0485,-0.0517,0.0,0,0.0
1351.8,0.2501,0.318,-0.0679,0.0971,0.0881,0.0337,0.0675,-0.0385,0.029,99,0.0
1352.0,0.2387,0.3276,-0.0889,0.1109,0.0916,0.0206,0.0411,-0.054,0.0,0,0.0
1352.2,0.2459,0.3131,-0.0672,0.0902,0.0953,0.0415,0.083,-0.0311,0.0,0,0.0
1352.4,0.2392,0.3046,-0.0654,0.0779,0.099,0.0467,0.0933,-0.0222,0.0,0,0.0
1352.6,0.2484,0.2949,-0.0465,0.0641,0.1027,0.0655,0.131,-0.004,0.0,0,0.0
1352.8,0.272,0.2893,-0.0173,0.0562,0.1065,0.0927,0.1854,0.0165,0.2019,127,0.0
1353.0,0.2671,0.3076,-0.0405,0.0824,0.1104,0.078,0.156,-0.0062,0.1498,118,0.0
1353.2,0.277,0.3183,-0.0413,0.0975,0.1143,0.0813,0.1626,-0.0122,0.1504,119,0.0
1353.4,0.2711,0.3338,-0.0627,0.1197,0.1183,0.0682,0.1364,-0.032,0.1043,111,0.0
1353.6,0.2751,0.3426,-0.0675,0.1322,0.1224,0.0684,0.1368,-0.0387,0.0981,110,0.0
1353.8,0.2698,0.3481,-0.0783,0.1402,0.1264,0.0638,0.1276,-0.046,0.0815,108,0.0
1354.0,0.2703,0.3502,-0.0799,0.1431,0.1306,0.0667,0.1333,-0.0462,0.0871,108,0.0
1354.2,0.2695,0.3551,-0.0856,0.1502,0.1347,0.0663,0.1325,-0.0505,0.082,108,0.0
1354.4,0.254,0.3646,-0.1106,0.1638,0.139,0.0504,0.1009,-0.0677,0.0331,100,0.0
1354.6,0.2619,0.3654,-0.1035,0.1649,0.1432,0.0604,0.1208,-0.0626,0.0582,104,0.0
1354.8,0.259,0.3676,-0.1086,0.168,0.1475,0.0606,0.1212,-0.0646,0.0566,104,0.0
1355.0,0.2481,0.3697,-0.1216,0.171,0.1518,0.0545,0.109,-0.0704,0.0,0,0.0
1355.2,0.2463,0.3527,-0.1064,0.1468,0.1562,0.071,0.1421,-0.0485,0.0,0,0.0
1355.4,0.25,0.3354,-0.0854,0.1219,0.1605,0.0922,0.1845,-0.0234,0.0,0,0.0
1355.6,0.2655,0.3214,-0.0558,0.1019,0.1649,0.1203,0.2405,0.0036,0.2441,134,0.0
1355.8,0.282,0.3367,-0.0547,0.1238,0.1694,0.1256,0.2513,-0.0045,0.2467,134,0.0
1356.0,0.2932,0.3502,-0.0571,0.1432,0.1738,0.1282,0.2563,-0.0132,0.2431,133,0.0
1356.2,0.2936,0.3553,-0.0617,0.1504,0.1783,0.1289,0.2578,-0.0169,0.2409,133,0.0
1356.4,0.286,0.3687,-0.0827,0.1696,0.1827,0.1166,0.2331,-0.0348,0.1983,126,0.0
1356.6,0.2914,0.3695,-0.0781,0.1707,0.1872,0.1247,0.2495,-0.0308,0.2187,129,0.0
1356.8,0.293,0.3794,-0.0864,0.1849,0.1917,0.1226,0.2452,-0.0398,0.2054,127,0.0
1357.0,0.3048,0.3827,-0.0779,0.1895,0.1962,0.1339,0.2678,-0.0356,0.2322,132,0.0
1357.2,0.2903,0.3847,-0.0944,0.1925,0.2007,0.1252,0.2504,-0.0431,0.2073,128,0.0
1357.4,0.3097,0.391,-0.0812,0.2014,0.2052,0.1402,0.2805,-0.0387,0.2417,133,0.0
1357.6,0.2922,0.3937,-0.1015,0.2053,0.2097,0.1285,0.2571,-0.0485,0.2086,128,0.0
1357.8,0.2929,0.3981,-0.1052,0.2116,0.2142,0.1301,0.2601,-0.0513,0.2089,128,0.0
1358.0,0.3082,0.399,-0.0908,0.2128,0.2187,0.146,0.2921,-0.0425,0.2496,134,0.0
1358.2,0.3099,0.4035,-0.0936,0.2193,0.2232,0.1483,0.2965,-0.0449,0.2516,135,0.0
1358.4,0.3069,0.4004,-0.0934,0.2148,0.2276,0.1529,0.3057,-0.0403,0.2654,137,0.0
1358.6,0.3195,0.4059,-0.0864,0.2227,0.232,0.1629,0.3259,-0.0385,0.2874,140,0.0
1358.8,0.3101,0.4061,-0.0961,0.2231,0.2365,0.1596,0.3192,-0.0413,0.2779,139,0.0
1359.0,0.3068,0.4085,-0.1017,0.2265,0.2409,0.1595,0.319,-0.0436,0.2753,139,0.0
1359.2,0.3261,0.413,-0.0869,0.2328,0.2452,0.1757,0.3515,-0.0372,0.3142,145,0.0
1359.4,0.3176,0.4149,-0.0973,0.2356,0.2496,0.1718,0.3435,-0.0416,0.3019,143,0.0
1359.6,0.3194,0.4165,-0.0971,0.2379,0.2539,0.1762,0.3524,-0.0406,0.3118,144,0.0
1359.8,0.3363,0.4163,-0.08,0.2376,0.2582,0.1941,0.3883,-0.0298,0.3585,152,0.0
1360.0,0.3294,0.4179,-0.0885,0.2399,0.2624,0.1916,0.3831,-0.033,0.3501,151,0.0
1360.2,0.343,0.4212,-0.0782,0.2445,0.2666,0.204,0.4081,-0.0281,0.38,155,0.0
1360.4,0.3353,0.426,-0.0907,0.2514,0.2708,0.1982,0.3965,-0.0357,0.3608,152,0.0
1360.6,0.3467,0.4308,-0.0841,0.2583,0.2749,0.2076,0.4152,-0.0338,0.3815,156,0.0
1360.8,0.3403,0.4319,-0.0916,0.2599,0.2789,0.2056,0.4113,-0.0363,0.375,154,0.0
1361.0,0.3521,0.431,-0.0789,0.2586,0.283,0.2198,0.4396,-0.0273,0.4123,160,0.0
1361.2,0.3581,0.4338,-0.0757,0.2626,0.2869,0.2264,0.4528,-0.0257,0.4271,163,0.0
1361.4,0.3671,0.4381,-0.071,0.2687,0.2908,0.234,0.4681,-0.0244,0.4436,165,0.0
1361.6,0.3625,0.4412,-0.0787,0.2732,0.2947,0.2317,0.4635,-0.0286,0.4349,164,0.0
1361.8,0.3707,0.4428,-0.0721,0.2754,0.2985,0.2408,0.4817,-0.0245,0.4572,168,0.0
1362.0,0.3755,0.4421,-0.0667,0.2745,0.3022,0.2489,0.4978,-0.0195,0.4784,171,0.0
1362.2,0.3887,0.449,-0.0603,0.2843,0.3059,0.2577,0.5153,-0.0194,0.496,174,0.0
1362.4,0.3825,0.4465,-0.064,0.2808,0.3095,0.2583,0.5166,-0.0176,0.499,174,0.0
1362.6,0.4008,0.4528,-0.052,0.2897,0.313,0.2714,0.5429,-0.0143,0.5286,179,0.0
1362.8,0.405,0.4559,-0.0509,0.2942,0.3165,0.2758,0.5516,-0.0143,0.5373,180,0.0
1363.0,0.3943,0.4537,-0.0594,0.291,0.3199,0.2724,0.5448,-0.0152,0.5296,179,0.0
1363.2,0.4133,0.4564,-0.0431,0.2948,0.3232,0.2888,0.5776,-0.0073,0.5702,186,0.0
1363.4,0.4034,0.4595,-0.0562,0.2993,0.3265,0.2815,0.563,-0.0145,0.5485,182,0.0
1363.6,0.4139,0.4655,-0.0516,0.3078,0.3296,0.2883,0.5766,-0.0149,0.5617,184,0.0
1363.8,0.4213,0.4666,-0.0452,0.3094,0.3327,0.2965,0.5931,-0.011,0.5821,188,0.0
1364.0,0.4191,0.4693,-0.0501,0.3132,0.3357,0.2956,0.5912,-0.0138,0.5773,187,0.0
1364.2,0.4377,0.4696,-0.0319,0.3137,0.3386,0.3131,0.6262,-0.0035,0.6227,194,0.0
1364.4,0.4305,0.4714,-0.0409,0.3163,0.3414,0.3088,0.6175,-0.0078,0.6097,192,0.0
1364.6,0.4454,0.4781,-0.0327,0.3259,0.3442,0.318,0.6361,-0.0072,0.6289,195,0.0
1364.8,0.4408,0.4811,-0.0403,0.3301,0.3468,0.3146,0.6292,-0.0118,0.6174,193,0.0
1365.0,0.4512,0.4791,-0.0278,0.3273,0.3494,0.3271,0.6542,-0.0029,0.6514,199,0.0
1365.2,0.4608,0.4847,-0.0239,0.3353,0.3519,0.3327,0.6655,-0.0037,0.6618,200,0.0
1365.4,0.461,0.4873,-0.0264,0.3391,0.3542,0.3331,0.6662,-0.0056,0.6606,200,0.0
1365.6,0.4538,0.488,-0.0341,0.3399,0.3565,0.3292,0.6584,-0.0088,0.6496,198,0.0
1365.8,0.456,0.4893,-0.0333,0.3418,0.3587,0.332,0.6641,-0.0082,0.6559,199,0.0
1366.0,0.4746,0.4875,-0.0128,0.3392,0.3607,0.3505,0.701,0.0043,0.7053,207,0.0
1366.2,0.4713,0.4901,-0.0188,0.343,0.3627,0.3477,0.6954,0.0004,0.6958,206,0.0
1366.4,0.4813,0.4904,-0.0091,0.3434,0.3646,0.3573,0.7146,0.006,0.7206,210,0.0
1366.6,0.4718,0.4955,-0.0238,0.3508,0.3664,0.3473,0.6947,-0.0041,0.6906,205,0.0
1366.8,0.4876,0.4993,-0.0117,0.3561,0.368,0.3587,0.7174,0.0001,0.7175,209,0.0
1367.0,0.4784,0.4966,-0.0182,0.3522,0.3696,0.355,0.71,-0.0004,0.7096,208,0.0
1367.2,0.4863,0.4988,-0.0125,0.3554,0.371,0.3611,0.7221,0.0016,0.7237,210,0.0
1367.4,0.4836,0.5047,-0.0211,0.3638,0.3724,0.3556,0.7111,-0.0062,0.7049,207,0.0
1367.6,0.4918,0.5053,-0.0135,0.3647,0.3736,0.3629,0.7257,-0.0023,0.7234,210,0.0
1367.8,0.4992,0.5043,-0.0051,0.3632,0.3748,0.3707,0.7414,0.0032,0.7447,214,0.0
1368.0,0.5003,0.5032,-0.003,0.3617,0.3758,0.3734,0.7468,0.0055,0.7524,215,0.0
1368.2,0.5015,0.505,-0.0034,0.3642,0.3767,0.374,0.7479,0.0045,0.7524,215,0.0
1368.4,0.4964,0.5091,-0.0127,0.3701,0.3775,0.3673,0.7346,-0.0027,0.732,212,0.0
1368.6,0.5117,0.508,0.0037,0.3685,0.3782,0.38,0.76,0.0061,0.7661,217,0.0
1368.8,0.5038,0.5092,-0.0055,0.3703,0.3788,0.3744,0.7488,0.0015,0.7503,215,0.0
1369.0,0.5117,0.5073,0.0044,0.3675,0.3792,0.38,0.76,0.0067,0.7667,217,0.0
1369.2,0.4988,0.5119,-0.0131,0.3742,0.3796,0.3691,0.7382,-0.0038,0.7344,212,0.0
1369.4,0.516,0.5088,0.0072,0.3697,0.3798,0.38,0.76,0.0059,0.7659,217,0.0
1369.6,0.5133,0.51,0.0033,0.3715,0.38,0.38,0.76,0.0046,0.7646,217,0.0
1369.8,0.5092,0.514,-0.0048,0.3772,0.38,0.3762,0.7523,-0.001,0.7513,215,0.0
1370.0,0.5121,0.5145,-0.0025,0.3779,0.3799,0.3779,0.7558,-0.0002,0.7556,215,0.0
1370.2,0.5034,0.5127,-0.0092,0.3752,0.3797,0.3723,0.7447,-0.0024,0.7423,213,0.0
1370.4,0.5086,0.512,-0.0035,0.3743,0.3794,0.3766,0.7532,0.0008,0.754,215,0.0
1370.6,0.506,0.5174,-0.0114,0.382,0.3789,0.3698,0.7397,-0.0072,0.7324,212,0.0
1370.8,0.5178,0.5143,0.0035,0.3776,0.3784,0.38,0.76,0.0016,0.7616,216,0.0
1371.0,0.5108,0.5176,-0.0068,0.3823,0.3778,0.3723,0.7446,-0.0057,0.7389,213,0.0
1371.2,0.5218,0.5146,0.0072,0.378,0.377,0.38,0.76,0.0017,0.7617,216,0.0
1371.4,0.5099,0.5123,-0.0024,0.3747,0.3761,0.3742,0.7484,-0.0005,0.7479,214,0.0
1371.6,0.5089,0.5128,-0.0039,0.3754,0.3751,0.372,0.7441,-0.002,0.742,213,0.0
1371.8,0.5076,0.5176,-0.01,0.3823,0.374,0.366,0.7321,-0.0091,0.723,210,0.0
1372.0,0.5074,0.5119,-0.0044,0.3741,0.3728,0.3693,0.7385,-0.0029,0.7357,212,0.0
1372.2,0.4987,0.5109,-0.0123,0.3728,0.3715,0.3617,0.7234,-0.0068,0.7166,209,0.0
1372.4,0.5083,0.5118,-0.0035,0.374,0.3701,0.3673,0.7346,-0.0037,0.7309,211,0.0
1372.6,0.5025,0.5098,-0.0073,0.3711,0.3686,0.3627,0.7254,-0.0049,0.7205,210,0.0
1372.8,0.514,0.5099,0.0041,0.3713,0.3669,0.3703,0.7405,-0.0001,0.7404,213,0.0
1373.0,0.5089,0.5148,-0.0058,0.3782,0.3652,0.3605,0.7211,-0.0094,0.7117,208,0.0
1373.2,0.4963,0.5134,-0.0172,0.3763,0.3634,0.3496,0.6993,-0.0151,0.6842,204,0.0
1373.4,0.5049,0.5091,-0.0042,0.3701,0.3614,0.358,0.7161,-0.0065,0.7096,208,0.0
1373.6,0.4918,0.5105,-0.0187,0.3722,0.3594,0.3444,0.6888,-0.0158,0.673,202,0.0
1373.8,0.5007,0.5084,-0.0077,0.3691,0.3573,0.3511,0.7023,-0.0098,0.6925,205,0.0
1374.0,0.4969,0.5041,-0.0072,0.363,0.355,0.3492,0.6984,-0.0076,0.6908,205,0.0
1374.2,0.4942,0.5076,-0.0134,0.368,0.3527,0.342,0.6839,-0.0144,0.6696,202,0.0
1374.4,0.4782,0.5088,-0.0306,0.3697,0.3502,0.3258,0.6516,-0.025,0.6266,195,0.0
1374.6,0.4859,0.5017,-0.0158,0.3596,0.3477,0.3351,0.6701,-0.0138,0.6563,200,0.0
1374.8,0.4744,0.5,-0.0256,0.3571,0.3451,0.3247,0.6493,-0.0188,0.6305,195,0.0
1375.0,0.4795,0.5011,-0.0216,0.3587,0.3424,0.3251,0.6502,-0.019,0.6312,195,0.0
1375.2,0.4762,0.496,-0.0198,0.3514,0.3396,0.3238,0.6476,-0.0158,0.6318,196,0.0
1375.4,0.4608,0.5014,-0.0406,0.3591,0.3367,0.3042,0.6084,-0.0315,0.5769,187,0.0
1375.6,0.4766,0.4928,-0.0162,0.3469,0.3337,0.3208,0.6416,-0.0147,0.6269,195,0.0
1375.8,0.4567,0.4926,-0.0359,0.3466,0.3307,0.302,0.604,-0.0259,0.5781,187,0.0
1376.0,0.4501,0.4938,-0.0438,0.3483,0.3276,0.2925,0.5851,-0.0323,0.5528,183,0.0
1376.2,0.4537,0.4926,-0.039,0.3466,0.3243,0.2932,0.5863,-0.0306,0.5557,183,0.0
1376.4,0.4571,0.4876,-0.0305,0.3395,0.3211,0.2966,0.5932,-0.0245,0.5687,185,0.0
1376.6,0.4442,0.4845,-0.0403,0.335,0.3177,0.2855,0.5709,-0.0288,0.5421,181,0.0
1376.8,0.4508,0.4837,-0.0329,0.3338,0.3142,0.2879,0.5758,-0.0262,0.5496,182,0.0
1377.0,0.4451,0.4838,-0.0386,0.334,0.3107,0.2798,0.5597,-0.0309,0.5287,179,0.0
1377.2,0.4246,0.4827,-0.0581,0.3325,0.3071,0.2606,0.5213,-0.0417,0.4795,171,0.0
1377.4,0.4216,0.4795,-0.058,0.3279,0.3035,0.2571,0.5142,-0.0412,0.473,170,0.0
1377.6,0.4339,0.4747,-0.0408,0.321,0.2998,0.2671,0.5342,-0.031,0.5032,175,0.0
1377.8,0.4219,0.4764,-0.0545,0.3235,0.296,0.2524,0.5047,-0.041,0.4637,169,0.0
1378.0,0.4098,0.4688,-0.059,0.3125,0.2922,0.245,0.49,-0.0397,0.4503,167,0.0
1378.2,0.4087,0.4688,-0.0601,0.3126,0.2883,0.2402,0.4804,-0.0422,0.4383,165,0.0
1378.4,0.4056,0.4674,-0.0618,0.3106,0.2843,0.2349,0.4697,-0.0441,0.4257,163,0.0
1378.6,0.3947,0.4622,-0.0674,0.3031,0.2803,0.2264,0.4528,-0.0451,0.4077,160,0.0
1378.8,0.3871,0.4605,-0.0734,0.3007,0.2763,0.2175,0.4351,-0.0489,0.3862,156,0.0
1379.0,0.3931,0.4579,-0.0649,0.297,0.2722,0.2203,0.4406,-0.0449,0.3957,158,0.0
1379.2,0.391,0.4574,-0.0663,0.2962,0.268,0.215,0.4299,-0.0473,0.3826,156,0.0
1379.4,0.3689,0.4527,-0.0839,0.2896,0.2638,0.1967,0.3935,-0.0548,0.3386,149,0.0
1379.6,0.3783,0.4538,-0.0755,0.2911,0.2596,0.1992,0.3985,-0.0535,0.345,150,0.0
1379.8,0.3686,0.4482,-0.0796,0.2831,0.2554,0.1917,0.3834,-0.0537,0.3297,147,0.0
1380.0,0.3608,0.4479,-0.0872,0.2828,0.2511,0.1813,0.3627,-0.0594,0.3032,143,0.0
1380.2,0.3572,0.4446,-0.0874,0.278,0.2467,0.1768,0.3536,-0.0593,0.2943,142,0.0
1380.4,0.3441,0.4397,-0.0956,0.271,0.2424,0.1659,0.3317,-0.0621,0.2696,138,0.0
1380.6,0.3325,0.4405,-0.108,0.2721,0.238,0.1516,0.3032,-0.071,0.2322,132,0.0
1380.8,0.345,0.4326,-0.0876,0.2608,0.2336,0.1635,0.327,-0.0574,0.2696,138,0.0
1381.0,0.3312,0.4292,-0.098,0.256,0.2291,0.1508,0.3015,-0.0624,0.2391,133,0.0
1381.2,0.3312,0.4321,-0.1008,0.2601,0.2247,0.144,0.2881,-0.0681,0.22,130,0.0
1381.4,0.3178,0.4261,-0.1083,0.2515,0.2202,0.1336,0.2672,-0.0698,0.1974,126,0.0
1381.6,0.3024,0.4235,-0.1211,0.2479,0.2157,0.1189,0.2378,-0.0766,0.1612,120,0.0
1381.8,0.3121,0.4189,-0.1068,0.2413,0.2113,0.1258,0.2517,-0.0684,0.1833,124,0.0
1382.0,0.3017,0.4202,-0.1185,0.2431,0.2068,0.1119,0.2239,-0.0774,0.1464,118,0.0
1382.2,0.2894,0.4146,-0.1252,0.2352,0.2023,0.1021,0.2042,-0.0791,0.1252,115,0.0
1382.4,0.2808,0.409,-0.1282,0.2271,0.1978,0.0952,0.1904,-0.0788,0.1116,112,0.0
1382.6,0.2871,0.4067,-0.1196,0.2239,0.1933,0.0976,0.1952,-0.0751,0.1201,114,0.0
1382.8,0.2769,0.4048,-0.1279,0.2211,0.1888,0.0865,0.1729,-0.0801,0.0929,109,0.0
1383.0,0.257,0.4017,-0.1447,0.2167,0.1843,0.0685,0.1371,-0.0886,0.0485,102,0.0
1383.2,0.2535,0.3967,-0.1432,0.2096,0.1798,0.0652,0.1305,-0.0865,0.044,102,0.0
1383.4,0.2476,0.3939,-0.1462,0.2055,0.1753,0.0584,0.1167,-0.0882,0.0,0,0.0
1383.6,0.2546,0.3709,-0.1163,0.1727,0.1709,0.0778,0.1557,-0.0591,0.0966,110,0.0
1383.8,0.2585,0.3757,-0.1172,0.1796,0.1665,0.0727,0.1454,-0.0652,0.0803,107,0.0
1384.0,0.255,0.3794,-0.1244,0.1849,0.1621,0.0625,0.125,-0.0736,0.0514,103,0.0
1384.2,0.2425,0.3758,-0.1332,0.1797,0.1577,0.0511,0.1022,-0.0776,0.0,0,0.0
1384.4,0.2344,0.3583,-0.124,0.1548,0.1533,0.0541,0.1083,-0.0627,0.0,0,0.0
1384.6,0.2497,0.3434,-0.0937,0.1335,0.149,0.074,0.148,-0.0391,0.0,0,0.0
1384.8,0.2476,0.3276,-0.0799,0.1108,0.1447,0.0807,0.1615,-0.023,0.0,0,0.0
1385.0,0.2561,0.3179,-0.0619,0.097,0.1404,0.0909,0.1819,-0.0092,0.1726,122,0.0
1385.2,0.2584,0.3302,-0.0719,0.1146,0.1362,0.0787,0.1574,-0.0252,0.1322,116,0.0
1385.4,0.2702,0.3379,-0.0676,0.1256,0.132,0.0779,0.1558,-0.0306,0.1252,115,0.0
1385.6,0.2613,0.3477,-0.0864,0.1396,0.1279,0.0587,0.1175,-0.0491,0.0684,105,0.0
1385.8,0.2575,0.3536,-0.0962,0.148,0.1238,0.0468,0.0936,-0.0602,0.0334,100,0.0
1386.0,0.2594,0.3522,-0.0928,0.146,0.1197,0.0454,0.0909,-0.0596,0.0313,100,0.0
1386.2,0.2409,0.3543,-0.1135,0.149,0.1157,0.0249,0.0498,-0.0734,0.0,0,0.0
1386.4,0.2453,0.343,-0.0977,0.1328,0.1118,0.0336,0.0672,-0.0594,0.0,0,0.0
1386.6,0.2461,0.3264,-0.0803,0.1091,0.1079,0.0436,0.0872,-0.0408,0.0,0,0.0
1386.8,0.245,0.3154,-0.0704,0.0935,0.104,0.0477,0.0953,-0.03,0.0,0,0.0
1387.0,0.2583,0.3057,-0.0474,0.0796,0.1002,0.0623,0.1246,-0.0134,0.1112,112,0.0
1387.2,0.2573,0.3164,-0.0591,0.0949,0.0965,0.0492,0.0985,-0.0287,0.0697,106,0.0
1387.4,0.2404,0.328,-0.0876,0.1115,0.0929,0.0228,0.0455,-0.0531,0.0,0,0.0
1387.6,0.2529,0.3139,-0.061,0.0913,0.0893,0.0405,0.0809,-0.0315,0.0494,102,0.0
1387.8,0.2358,0.3233,-0.0874,0.1047,0.0858,0.0158,0.0317,-0.0532,0.0,0,0.0
1388.0,0.2365,0.3126,-0.0761,0.0894,0.0823,0.0215,0.0429,-0.0416,0.0,0,0.0
1388.2,0.2306,0.3015,-0.0709,0.0736,0.079,0.0222,0.0445,-0.0328,0.0,0,0.0
1388.4,0.2343,0.2936,-0.0593,0.0623,0.0757,0.0283,0.0565,-0.0229,0.0,0,0.0
1388.6,0.2361,0.2883,-0.0522,0.0547,0.0725,0.0307,0.0614,-0.0172,0.0,0,0.0
1388.8,0.2487,0.2844,-0.0358,0.0492,0.0693,0.0407,0.0814,-0.0078,0.0,0,0.0
1389.0,0.2588,0.2763,-0.0175,0.0376,0.0663,0.0523,0.1046,0.0056,0.1102,112,0.0
1389.2,0.2441,0.2929,-0.0489,0.0613,0.0633,0.0242,0.0484,-0.0234,0.0,0,0.0
1389.4,0.254,0.2852,-0.0312,0.0503,0.0604,0.0355,0.0709,-0.0105,0.0604,104,0.0
1389.6,0.2525,0.3037,-0.0512,0.0767,0.0576,0.0166,0.0332,-0.0352,0.0,0,0.0
1389.8,0.2467,0.2909,-0.0442,0.0584,0.0549,0.0196,0.0391,-0.0238,0.0,0,0.0
1390.0,0.2475,0.2885,-0.0411,0.055,0.0523,0.0194,0.0389,-0.0219,0.0,0,0.0
1390.2,0.2474,0.2821,-0.0348,0.0459,0.0,0.0,0.0,-0.0264,0.0,0,0.0
1390.4,0.239,0.2792,-0.0402,0.0417,0.0,0.0,0.0,-0.0248,0.0,0,0.0
1390.6,0.2164,0.2702,-0.0538,0.0288,0.0,0.0,0.0,-0.0198,0.0,0,0.0
1390.8,0.2272,0.2683,-0.041,0.0261,0.0,0.0,0.0,-0.0172,0.0,0,0.0
1391.0,0.2071,0.2652,-0.0581,0.0217,0.0,0.0,0.0,-0.0166,0.0,0,0.0
1391.2,0.2065,0.2642,-0.0577,0.0203,0.0,0.0,0.0,-0.0159,0.0,0,0.0
1391.4,0.2063,0.2636,-0.0573,0.0194,0.0,0.0,0.0,-0.0154,0.0,0,0.0
1391.6,0.2064,0.2598,-0.0534,0.014,0.0,0.0,0.0,-0.0124,0.0,0,0.0
1391.8,0.1945,0.2603,-0.0658,0.0147,0.0,0.0,0.0,-0.0139,0.0,0,0.0
1392.0,0.1961,0.2549,-0.0587,0.007,0.0,0.0,0.0,-0.0094,0.0,0,0.0
1392.2,0.2009,0.2539,-0.0531,0.0056,0.0,0.0,0.0,-0.0081,0.0,0,0.0
1392.4,0.2069,0.253,-0.0461,0.0043,0.0,0.0,0.0,-0.0068,0.0,0,0.0
1392.6,0.2022,0.254,-0.0518,0.0058,0.0,0.0,0.0,-0.0081,0.0,0,0.0
1392.8,0.2037,0.2512,-0.0476,0.0017,0.0,0.0,0.0,-0.0056,0.0,0,0.0
1393.0,0.1934,0.2527,-0.0593,0.0038,0.0,0.0,0.0,-0.0078,0.0,0,0.0
1393.2,0.188,0.2557,-0.0676,0.0081,0.0,0.0,0.0,-0.0108,0.0,0,0.0
1393.4,0.1928,0.2508,-0.0581,0.0012,0.0,0.0,0.0,-0.0064,0.0,0,0.0
1393.6,0.188,0.2501,-0.0622,0.0002,0.0,0.0,0.0,-0.0063,0.0,0,0.0
1393.8,0.1859,0.25,-0.0641,0.0,0.0,0.0,0.0,-0.0064,0.0,0,0.0
1394.0,0.1814,0.25,-0.0686,0.0,0.0,0.0,0.0,-0.0069,0.0,0,0.0
1394.2,0.1941,0.25,-0.0559,0.0,0.0,0.0,0.0,-0.0056,0.0,0,0.0
1394.4,0.1813,0.2529,-0.0716,0.0042,0.0,0.0,0.0,-0.0093,0.0,0,0.0
1394.6,0.1912,0.2543,-0.063,0.0061,0.0,0.0,0.0,-0.0094,0.0,0,0.0
1394.8,0.1843,0.252,-0.0677,0.0028,0.0,0.0,0.0,-0.0082,0.0,0,0.0
1395.0,0.1876,0.2507,-0.063,0.0009,0.0,0.0,0.0,-0.0068,0.0,0,0.0
1395.2,0.1878,0.2523,-0.0646,0.0033,0.0,0.0,0.0,-0.0081,0.0,0,0.0
1395.4,0.1921,0.2507,-0.0586,0.001,0.0,0.0,0.0,-0.0064,0.0,0,0.0
1395.6,0.1821,0.25,-0.0679,0.0,0.0,0.0,0.0,-0.0068,0.0,0,0.0
1395.8,0.1861,0.25,-0.0639,0.0,0.0,0.0,0.0,-0.0064,0.0,0,0.0
1396.0,0.1899,0.2509,-0.061,0.0013,0.0,0.0,0.0,-0.0068,0.0,0,0.0
1396.2,0.1886,0.2529,-0.0643,0.0041,0.0,0.0,0.0,-0.0085,0.0,0,0.0
1396.4,0.1921,0.2522,-0.0601,0.0032,0.0,0.0,0.0,-0.0076,0.0,0,0.0
1396.6,0.1833,0.25,-0.0667,0.0,0.0,0.0,0.0,-0.0067,0.0,0,0.0
1396.8,0.1844,0.25,-0.0656,0.0,0.0,0.0,0.0,-0.0066,0.0,0,0.0
1397.0,0.1923,0.2522,-0.0599,0.0031,0.0,0.0,0.0,-0.0075,0.0,0,0.0
1397.2,0.1939,0.25,-0.0561,0.0,0.0,0.0,0.0,-0.0056,0.0,0,0.0
1397.4,0.1808,0.2504,-0.0696,0.0006,0.0,0.0,0.0,-0.0072,0.0,0,0.0
1397.6,0.1884,0.2508,-0.0624,0.0011,0.0,0.0,0.0,-0.0068,0.0,0,0.0
1397.8,0.1973,0.25,-0.0527,0.0,0.0,0.0,0.0,-0.0053,0.0,0,0.0
1398.0,0.193,0.25,-0.057,0.0,0.0,0.0,0.0,-0.0057,0.0,0,0.0
1398.2,0.1824,0.25,-0.0676,0.0,0.0,0.0,0.0,-0.0068,0.0,0,0.0
1398.4,0.1989,0.2529,-0.054,0.0042,0.0,0.0,0.0,-0.0075,0.0,0,0.0
1398.6,0.186,0.25,-0.064,0.0,0.0,0.0,0.0,-0.0064,0.0,0,0.0
1398.8,0.1893,0.25,-0.0607,0.0,0.0,0.0,0.0,-0.0061,0.0,0,0.0
1399.0,0.1816,0.2533,-0.0718,0.0048,0.0,0.0,0.0,-0.0096,0.0,0,0.0
1399.2,0.1877,0.2503,-0.0626,0.0004,0.0,0.0,0.0,-0.0065,0.0,0,0.0
1399.4,0.1914,0.25,-0.0586,0.0,0.0,0.0,0.0,-0.0059,0.0,0,0.0
1399.6,0.1937,0.2508,-0.057,0.0011,0.0506,0.0,0.0,-0.0063,0.0,0,0.0
1399.8,0.2113,0.2523,-0.041,0.0033,0.0531,0.0203,0.0407,0.0044,0.0,0,0.0
1400.0,0.2124,0.253,-0.0406,0.0043,0.0558,0.0233,0.0466,0.0054,0.0,0,0.0
1400.2,0.2306,0.2508,-0.0202,0.0012,0.0585,0.0423,0.0847,0.0185,0.0,0,0.0
1400.4,0.2546,0.25,0.0046,0.0,0.0614,0.065,0.13,0.033,0.163,121,0.0
1400.6,0.2612,0.2709,-0.0097,0.0299,0.0643,0.0565,0.113,0.0124,0.1254,115,0.0
1400.8,0.2558,0.2908,-0.035,0.0583,0.0673,0.0392,0.0785,-0.013,0.0655,105,0.0
1401.0,0.2457,0.3038,-0.0581,0.0769,0.0704,0.0238,0.0477,-0.0323,0.0,0,0.0
1401.2,0.2572,0.296,-0.0388,0.0657,0.0735,0.0425,0.0849,-0.0155,0.0694,106,0.0
1401.4,0.2519,0.3102,-0.0582,0.0859,0.0768,0.0302,0.0604,-0.0337,0.0267,99,0.0
1401.6,0.2461,0.3206,-0.0745,0.1008,0.0801,0.0205,0.041,-0.0476,0.0,0,0.0
1401.8,0.2414,0.3079,-0.0665,0.0826,0.0835,0.0303,0.0606,-0.0328,0.0,0,0.0
1402.0,0.2605,0.2979,-0.0373,0.0684,0.0869,0.0571,0.1141,-0.0094,0.1047,111,0.0
1402.2,0.2505,0.3135,-0.063,0.0908,0.0905,0.0401,0.0801,-0.0317,0.0485,102,0.0
1402.4,0.2483,0.3251,-0.0768,0.1072,0.0941,0.0327,0.0653,-0.0449,0.0,0,0.0
1402.6,0.2493,0.3077,-0.0584,0.0825,0.0977,0.051,0.102,-0.0216,0.0,0,0.0
1402.8,0.2529,0.2994,-0.0465,0.0706,0.1015,0.0643,0.1286,-0.0078,0.1207,114,0.0
1403.0,0.2577,0.3155,-0.0577,0.0936,0.1053,0.0591,0.1182,-0.023,0.0952,110,0.0
1403.2,0.271,0.3255,-0.0545,0.1078,0.1091,0.0655,0.1311,-0.0266,0.1045,111,0.0
1403.4,0.253,0.3345,-0.0815,0.1207,0.113,0.0479,0.0958,-0.0445,0.0512,103,0.0
1403.6,0.2485,0.3432,-0.0947,0.1332,0.117,0.0413,0.0825,-0.0554,0.0,0,0.0
1403.8,0.2522,0.3265,-0.0743,0.1092,0.121,0.0616,0.1232,-0.0312,0.092,109,0.0
1404.0,0.2551,0.3348,-0.0797,0.1211,0.1251,0.0613,0.1226,-0.0379,0.0848,108,0.0
1404.2,0.2626,0.34,-0.0775,0.1286,0.1292,0.0672,0.1345,-0.0384,0.0961,110,0.0
1404.4,0.2484,0.3501,-0.1018,0.1431,0.1334,0.052,0.1039,-0.0557,0.0,0,0.0
1404.6,0.2664,0.3313,-0.0649,0.1161,0.1376,0.0856,0.1713,-0.0217,0.1495,118,0.0
1404.8,0.2652,0.3434,-0.0782,0.1334,0.1418,0.0793,0.1585,-0.0349,0.1237,114,0.0
1405.0,0.2678,0.3479,-0.0801,0.1399,0.1461,0.082,0.164,-0.037,0.1271,115,0.0
1405.2,0.2583,0.3562,-0.0979,0.1518,0.1504,0.0721,0.1441,-0.0496,0.0945,110,0.0
1405.4,0.2524,0.3647,-0.1123,0.1639,0.1547,0.0649,0.1297,-0.0608,0.069,106,0.0
1405.6,0.2636,0.3636,-0.1,0.1623,0.1591,0.0791,0.1582,-0.0516,0.1066,112,0.0
1405.8,0.2576,0.3651,-0.1075,0.1645,0.1635,0.0775,0.1549,-0.0542,0.1007,111,0.0
1406.0,0.2635,0.3676,-0.1041,0.1679,0.1679,0.0846,0.1693,-0.0521,0.1172,113,0.0
1406.2,0.2624,0.3762,-0.1139,0.1803,0.1724,0.0812,0.1625,-0.0609,0.1016,111,0.0
1406.4,0.2597,0.3774,-0.1176,0.182,0.1768,0.0827,0.1654,-0.0614,0.104,111,0.0
1406.6,0.2499,0.379,-0.129,0.1842,0.1813,0.078,0.1561,-0.066,0.0,0,0.0
1406.8,0.2711,0.3562,-0.0852,0.1518,0.1858,0.1176,0.2353,-0.0256,0.2097,128,0.0
1407.0,0.2643,0.366,-0.1017,0.1657,0.1903,0.1089,0.2178,-0.0386,0.1792,123,0.0
1407.2,0.2777,0.3711,-0.0933,0.173,0.1947,0.1201,0.2402,-0.0358,0.2044,127,0.0
1407.4,0.2691,0.3789,-0.1098,0.1841,0.1992,0.1114,0.2228,-0.0474,0.1754,123,0.0
1407.6,0.2771,0.3783,-0.1011,0.1833,0.2037,0.1228,0.2457,-0.0403,0.2053,127,0.0
1407.8,0.2832,0.3867,-0.1035,0.1953,0.2082,0.1254,0.2509,-0.0453,0.2056,127,0.0
1408.0,0.2826,0.3848,-0.1023,0.1926,0.2127,0.1309,0.2618,-0.0411,0.2207,130,0.0
1408.2,0.2929,0.3879,-0.095,0.197,0.2172,0.1412,0.2825,-0.0374,0.2451,134,0.0
1408.4,0.2934,0.3946,-0.1011,0.2065,0.2217,0.1408,0.2815,-0.043,0.2386,133,0.0
1408.6,0.3016,0.3971,-0.0955,0.2101,0.2262,0.1497,0.2995,-0.0397,0.2597,136,0.0
1408.8,0.2967,0.4021,-0.1054,0.2173,0.2306,0.1463,0.2925,-0.0461,0.2465,134,0.0
1409.0,0.2964,0.3996,-0.1031,0.2137,0.235,0.1525,0.305,-0.0409,0.2641,137,0.0
1409.2,0.3093,0.4021,-0.0927,0.2173,0.2394,0.1652,0.3304,-0.0353,0.2952,142,0.0
1409.4,0.3108,0.4069,-0.0962,0.2242,0.2438,0.1669,0.3337,-0.0383,0.2955,142,0.0
1409.6,0.319,0.4099,-0.0909,0.2284,0.2482,0.1754,0.3508,-0.0356,0.3152,145,0.0
1409.8,0.308,0.4121,-0.1041,0.2316,0.2525,0.1692,0.3384,-0.0416,0.2968,142,0.0
1410.0,0.3255,0.4172,-0.0917,0.2389,0.2568,0.1834,0.3668,-0.0369,0.3298,147,0.0
1410.2,0.317,0.4163,-0.0993,0.2375,0.261,0.1816,0.3631,-0.0379,0.3252,147,0.0
1410.4,0.3232,0.4187,-0.0955,0.241,0.2652,0.1889,0.3777,-0.0356,0.3421,149,0.0
1410.6,0.3234,0.4235,-0.1001,0.2478,0.2694,0.1893,0.3787,-0.0392,0.3394,149,0.0
1410.8,0.3278,0.4215,-0.0937,0.245,0.2735,0.1986,0.3972,-0.0326,0.3646,153,0.0
1411.0,0.3356,0.4274,-0.0918,0.2534,0.2776,0.2042,0.4083,-0.0338,0.3745,154,0.0
1411.2,0.3417,0.4295,-0.0878,0.2564,0.2816,0.2114,0.4228,-0.0313,0.3916,157,0.0
1411.4,0.3597,0.4326,-0.0729,0.2609,0.2856,0.2273,0.4546,-0.0241,0.4305,163,0.0
1411.6,0.3664,0.4346,-0.0681,0.2636,0.2896,0.2351,0.4701,-0.0211,0.449,166,0.0
1411.8,0.3686,0.4402,-0.0716,0.2718,0.2934,0.2361,0.4723,-0.025,0.4473,166,0.0
1412.0,0.3712,0.4376,-0.0664,0.268,0.2973,0.2441,0.4882,-0.0186,0.4697,170,0.0
1412.2,0.3651,0.4403,-0.0752,0.2719,0.301,0.2409,0.4818,-0.023,0.4588,168,0.0
1412.4,0.3834,0.4475,-0.0642,0.2822,0.3047,0.2534,0.5068,-0.0208,0.4859,172,0.0
1412.6,0.3835,0.4496,-0.0661,0.2851,0.3083,0.2555,0.511,-0.0214,0.4896,173,0.0
1412.8,0.3892,0.447,-0.0579,0.2814,0.3119,0.2656,0.5312,-0.0137,0.5175,177,0.0
1413.0,0.3951,0.4523,-0.0571,0.289,0.3154,0.2697,0.5393,-0.0154,0.524,178,0.0
1413.2,0.3991,0.4569,-0.0578,0.2955,0.3188,0.2726,0.5452,-0.0173,0.5279,179,0.0
1413.4,0.414,0.4547,-0.0407,0.2924,0.3221,0.2896,0.5791,-0.0055,0.5736,186,0.0
1413.6,0.4108,0.4583,-0.0475,0.2976,0.3254,0.2874,0.5747,-0.0099,0.5649,185,0.0
1413.8,0.4194,0.4652,-0.0458,0.3074,0.3286,0.2919,0.5839,-0.0123,0.5716,186,0.0
1414.0,0.4123,0.4637,-0.0514,0.3053,0.3317,0.2906,0.5812,-0.0125,0.5688,186,0.0
1414.2,0.4313,0.4683,-0.037,0.3118,0.3347,0.3052,0.6103,-0.007,0.6033,191,0.0
1414.4,0.4211,0.4726,-0.0515,0.318,0.3377,0.2965,0.593,-0.0159,0.5771,187,0.0
1414.6,0.4349,0.4705,-0.0356,0.3149,0.3405,0.312,0.6241,-0.005,0.6191,194,0.0
1414.8,0.4351,0.4775,-0.0425,0.3251,0.3433,0.3093,0.6186,-0.0121,0.6065,192,0.0
1415.0,0.4489,0.4757,-0.0268,0.3224,0.346,0.3245,0.6491,-0.0016,0.6475,198,0.0
1415.2,0.4378,0.4772,-0.0393,0.3245,0.3486,0.3171,0.6342,-0.0076,0.6266,195,0.0
1415.4,0.443,0.4828,-0.0398,0.3326,0.3511,0.3192,0.6384,-0.0107,0.6278,195,0.0
1415.6,0.4555,0.4816,-0.0261,0.3309,0.3535,0.3325,0.6651,-0.0018,0.6633,201,0.0
1415.8,0.4627,0.4826,-0.0199,0.3323,0.3558,0.3398,0.6796,0.0018,0.6814,204,0.0
1416.0,0.4639,0.4885,-0.0246,0.3407,0.358,0.3383,0.6766,-0.0037,0.6729,202,0.0
1416.2,0.4619,0.4901,-0.0283,0.3431,0.3601,0.3375,0.6749,-0.0056,0.6693,202,0.0
1416.4,0.4668,0.4899,-0.0231,0.3427,0.3621,0.3436,0.6873,-0.0019,0.6854,204,0.0
1416.6,0.4701,0.4944,-0.0243,0.3491,0.364,0.3445,0.6891,-0.0047,0.6843,204,0.0
1416.8,0.4689,0.4909,-0.0221,0.3442,0.3658,0.3482,0.6963,-0.0002,0.6961,206,0.0
1417.0,0.4816,0.499,-0.0174,0.3557,0.3675,0.3536,0.7072,-0.0028,0.7044,207,0.0
1417.2,0.48,0.4978,-0.0178,0.354,0.3691,0.3548,0.7097,-0.0013,0.7084,208,0.0
1417.4,0.4901,0.5003,-0.0102,0.3576,0.3706,0.3624,0.7248,0.0014,0.7262,211,0.0
1417.6,0.4929,0.4999,-0.007,0.3569,0.372,0.3664,0.7328,0.004,0.7368,212,0.0
1417.8,0.4934,0.5013,-0.0079,0.359,0.3732,0.3669,0.7338,0.0032,0.737,212,0.0
1418.0,0.5038,0.5067,-0.0029,0.3667,0.3744,0.3721,0.7442,0.0024,0.7466,214,0.0
1418.2,0.5055,0.5043,0.0012,0.3633,0.3755,0.3764,0.7528,0.0067,0.7595,216,0.0
1418.4,0.4932,0.5098,-0.0167,0.3712,0.3764,0.3631,0.7262,-0.0057,0.7204,210,0.0
1418.6,0.5013,0.5069,-0.0056,0.367,0.3773,0.3727,0.7455,0.0023,0.7478,214,0.0
1418.8,0.5076,0.5104,-0.0027,0.372,0.378,0.3758,0.7516,0.0016,0.7532,215,0.0
1419.0,0.5129,0.5121,0.0008,0.3745,0.3786,0.3792,0.7584,0.0024,0.7608,216,0.0
1419.2,0.4976,0.5088,-0.0112,0.3698,0.3791,0.3701,0.7402,-0.001,0.7393,213,0.0
1419.4,0.4968,0.5142,-0.0173,0.3774,0.3795,0.3656,0.7312,-0.0076,0.7236,210,0.0
1419.6,0.4994,0.5091,-0.0097,0.3701,0.3798,0.372,0.7441,-0.0,0.744,214,0.0
1419.8,0.5107,0.5106,0.0001,0.3722,0.3799,0.38,0.76,0.0039,0.7639,217,0.0
1420.0,0.505,0.5136,-0.0087,0.3766,0.38,0.3731,0.7461,-0.0026,0.7435,213,0.0
1420.2,0.5154,0.5132,0.0022,0.376,0.3799,0.38,0.76,0.0022,0.7622,216,0.0
1420.4,0.5129,0.5118,0.0011,0.374,0.3798,0.38,0.76,0.0031,0.7631,217,0.0
1420.6,0.5194,0.5145,0.0049,0.3778,0.3795,0.38,0.76,0.0016,0.7616,216,0.0
1420.8,0.5222,0.5144,0.0078,0.3777,0.3791,0.38,0.76,0.0019,0.7619,216,0.0
1421.0,0.5191,0.5132,0.006,0.3759,0.3786,0.38,0.76,0.0026,0.7626,217,0.0
1421.2,0.5183,0.5162,0.0021,0.3803,0.378,0.3796,0.7592,-0.0001,0.7591,216,0.0
1421.4,0.5047,0.5171,-0.0124,0.3816,0.3773,0.3673,0.7346,-0.0084,0.7262,211,0.0
1421.6,0.5207,0.512,0.0087,0.3743,0.3764,0.38,0.76,0.0037,0.7637,217,0.0
1421.8,0.5078,0.5154,-0.0076,0.3792,0.3755,0.3693,0.7387,-0.0057,0.733,212,0.0
1422.0,0.5145,0.5181,-0.0035,0.3829,0.3744,0.3716,0.7432,-0.006,0.7371,212,0.0
1422.2,0.5148,0.5152,-0.0004,0.3788,0.3732,0.3729,0.7459,-0.003,0.7429,213,0.0
1422.4,0.5045,0.5155,-0.011,0.3792,0.372,0.3632,0.7264,-0.0091,0.7173,209,0.0
1422.6,0.5136,0.5149,-0.0013,0.3784,0.3706,0.3695,0.739,-0.0046,0.7345,212,0.0
1422.8,0.5003,0.5119,-0.0116,0.3742,0.3691,0.3598,0.7196,-0.0084,0.7112,208,0.0
1423.0,0.506,0.5094,-0.0034,0.3706,0.3675,0.3648,0.7295,-0.0033,0.7262,211,0.0
1423.2,0.4966,0.5127,-0.0161,0.3753,0.3658,0.3529,0.7058,-0.0128,0.6931,205,0.0
1423.4,0.497,0.5129,-0.0159,0.3756,0.364,0.3513,0.7025,-0.0138,0.6888,205,0.0
1423.6,0.5025,0.5119,-0.0094,0.3742,0.3621,0.3545,0.709,-0.0108,0.6983,206,0.0
1423.8,0.5064,0.5111,-0.0047,0.373,0.3601,0.3563,0.7126,-0.0088,0.7038,207,0.0
1424.0,0.5018,0.5095,-0.0077,0.3708,0.358,0.3518,0.7036,-0.0103,0.6933,205,0.0
1424.2,0.4841,0.5044,-0.0202,0.3634,0.3558,0.3396,0.6791,-0.0139,0.6652,201,0.0
1424.4,0.4824,0.5042,-0.0218,0.3631,0.3535,0.336,0.672,-0.0157,0.6563,200,0.0
1424.6,0.4928,0.5031,-0.0103,0.3615,0.3511,0.3428,0.6856,-0.0104,0.6752,203,0.0
1424.8,0.4759,0.5048,-0.0289,0.364,0.3486,0.3254,0.6509,-0.0222,0.6287,195,0.0
1425.0,0.4784,0.4994,-0.0209,0.3563,0.346,0.3292,0.6585,-0.0156,0.6428,197,0.0
1425.2,0.4818,0.5004,-0.0186,0.3577,0.3433,0.3284,0.6569,-0.0165,0.6404,197,0.0
1425.4,0.4694,0.5,-0.0306,0.3571,0.3405,0.316,0.6321,-0.0236,0.6085,192,0.0
1425.6,0.4669,0.4974,-0.0305,0.3535,0.3377,0.3133,0.6266,-0.0231,0.6034,191,0.0
1425.8,0.4748,0.4945,-0.0197,0.3493,0.3347,0.3189,0.6379,-0.0171,0.6208,194,0.0
1426.0,0.4673,0.4985,-0.0312,0.355,0.3317,0.3068,0.6136,-0.0272,0.5863,188,0.0
1426.2,0.4688,0.4927,-0.024,0.3468,0.3286,0.3094,0.6189,-0.0211,0.5978,190,0.0
1426.4,0.4508,0.4913,-0.0405,0.3446,0.3254,0.293,0.5861,-0.0299,0.5562,183,0.0
1426.6,0.4482,0.4885,-0.0402,0.3407,0.3221,0.29,0.5799,-0.0294,0.5505,183,0.0
1426.8,0.4502,0.4889,-0.0386,0.3412,0.3188,0.2879,0.5758,-0.0305,0.5452,182,0.0
1427.0,0.4403,0.4835,-0.0431,0.3336,0.3154,0.2809,0.5617,-0.0307,0.5311,179,0.0
1427.2,0.4345,0.4853,-0.0508,0.3361,0.3119,0.2712,0.5425,-0.0375,0.505,175,0.0
1427.4,0.438,0.4794,-0.0414,0.3278,0.3083,0.2752,0.5504,-0.0304,0.52,178,0.0
1427.6,0.4305,0.4825,-0.052,0.3322,0.3047,0.2631,0.5262,-0.0398,0.4864,172,0.0
1427.8,0.4363,0.4791,-0.0428,0.3273,0.301,0.2668,0.5335,-0.0345,0.499,174,0.0
1428.0,0.4333,0.4775,-0.0442,0.325,0.2973,0.2619,0.5238,-0.036,0.4878,173,0.0
1428.2,0.4167,0.47,-0.0532,0.3142,0.2934,0.2508,0.5017,-0.037,0.4647,169,0.0
1428.4,0.4215,0.4739,-0.0523,0.3198,0.2896,0.2477,0.4954,-0.0413,0.4541,167,0.0
1428.6,0.4141,0.4712,-0.057,0.316,0.2856,0.24,0.48,-0.0437,0.4363,164,0.0
1428.8,0.3959,0.4661,-0.0702,0.3087,0.2816,0.2255,0.451,-0.0486,0.4024,159,0.0
1429.0,0.3905,0.4659,-0.0754,0.3084,0.2776,0.2173,0.4346,-0.0531,0.3816,156,0.0
1429.2,0.3911,0.4623,-0.0711,0.3032,0.2735,0.2166,0.4332,-0.0504,0.3828,156,0.0
1429.4,0.3843,0.4573,-0.0731,0.2962,0.2694,0.211,0.4219,-0.0499,0.372,154,0.0
1429.6,0.389,0.4561,-0.0672,0.2945,0.2652,0.2115,0.423,-0.0482,0.3748,154,0.0
1429.8,0.3818,0.4532,-0.0715,0.2903,0.261,0.2038,0.4077,-0.0504,0.3573,152,0.0
1430.0,0.3587,0.4505,-0.0918,0.2865,0.2568,0.1833,0.3666,-0.0608,0.3058,143,0.0
1430.2,0.3613,0.4502,-0.0889,0.286,0.2525,0.1814,0.3627,-0.0612,0.3015,143,0.0
1430.4,0.3602,0.4407,-0.0805,0.2724,0.2481,0.1838,0.3676,-0.0524,0.3152,145,0.0
1430.6,0.3563,0.4441,-0.0878,0.2773,0.2438,0.1736,0.3471,-0.0606,0.2865,140,0.0
1430.8,0.3364,0.4372,-0.1007,0.2674,0.2394,0.1588,0.3177,-0.0643,0.2533,135,0.0
1431.0,0.341,0.4341,-0.0931,0.263,0.235,0.1605,0.3211,-0.0605,0.2605,136,0.0
1431.2,0.3404,0.4298,-0.0894,0.2569,0.2306,0.1591,0.3181,-0.0579,0.2603,136,0.0
1431.4,0.3327,0.4337,-0.101,0.2624,0.2261,0.1453,0.2907,-0.0687,0.222,130,0.0
1431.6,0.3137,0.4256,-0.1119,0.2509,0.2217,0.1321,0.2643,-0.0706,0.1937,125,0.0
1431.8,0.3158,0.4214,-0.1057,0.2449,0.2172,0.1327,0.2654,-0.0667,0.1987,126,0.0
1432.0,0.3161,0.4227,-0.1066,0.2467,0.2127,0.1274,0.2549,-0.0703,0.1845,124,0.0
1432.2,0.303,0.4162,-0.1132,0.2374,0.2082,0.1176,0.2353,-0.0712,0.1641,121,0.0
1432.4,0.2887,0.4192,-0.1305,0.2417,0.2037,0.0994,0.1987,-0.0842,0.1145,113,0.0
1432.6,0.2834,0.4094,-0.126,0.2277,0.1992,0.0985,0.197,-0.0772,0.1198,114,0.0
1432.8,0.2874,0.4053,-0.1179,0.2218,0.1947,0.1004,0.2008,-0.0725,0.1283,115,0.0
1433.0,0.2793,0.4052,-0.1259,0.2217,0.1902,0.0895,0.1791,-0.0787,0.1004,111,0.0
1433.2,0.265,0.403,-0.138,0.2185,0.1858,0.0753,0.1507,-0.0854,0.0653,105,0.0
1433.4,0.2532,0.3984,-0.1452,0.212,0.1813,0.0651,0.1303,-0.0879,0.0423,101,0.0
1433.6,0.2476,0.3932,-0.1456,0.2045,0.1768,0.0603,0.1207,-0.0867,0.0,0,0.0
1433.8,0.2619,0.3725,-0.1106,0.175,0.1724,0.0839,0.1678,-0.0566,0.1112,112,0.0
1434.0,0.2578,0.3783,-0.1205,0.1833,0.1679,0.0715,0.143,-0.068,0.0751,107,0.0
1434.2,0.2403,0.3781,-0.1379,0.1831,0.1635,0.0532,0.1064,-0.0787,0.0,0,0.0
1434.4,0.2398,0.357,-0.1172,0.1529,0.1591,0.0653,0.1306,-0.0555,0.0,0,0.0
1434.6,0.263,0.3442,-0.0812,0.1346,0.1547,0.0898,0.1795,-0.0305,0.149,118,0.0
1434.8,0.2649,0.351,-0.0861,0.1443,0.1504,0.0815,0.1629,-0.04,0.1229,114,0.0
1435.0,0.2495,0.356,-0.1065,0.1515,0.1461,0.0608,0.1217,-0.056,0.0,0,0.0
1435.2,0.2569,0.3392,-0.0823,0.1274,0.1418,0.0759,0.1519,-0.034,0.1179,113,0.0
1435.4,0.2611,0.3503,-0.0893,0.1433,0.1376,0.0662,0.1323,-0.0475,0.0848,108,0.0
1435.6,0.2599,0.3527,-0.0928,0.1468,0.1334,0.0591,0.1182,-0.0531,0.065,105,0.0
1435.8,0.2582,0.3569,-0.0987,0.1527,0.1292,0.0502,0.1004,-0.0611,0.0393,101,0.0
1436.0,0.24,0.363,-0.1229,0.1614,0.1251,0.0267,0.0535,-0.0796,0.0,0,0.0
1436.2,0.2409,0.3405,-0.0996,0.1293,0.121,0.0413,0.0826,-0.054,0.0,0,0.0
1436.4,0.2496,0.3278,-0.0782,0.1111,0.117,0.0544,0.1088,-0.0362,0.0,0,0.0
1436.6,0.2353,0.319,-0.0837,0.0986,0.113,0.0461,0.0922,-0.0346,0.0,0,0.0
1436.8,0.2462,0.3038,-0.0575,0.0768,0.1091,0.0631,0.1262,-0.0126,0.0,0,0.0
1437.0,0.2505,0.2954,-0.0449,0.0648,0.1053,0.0694,0.1388,-0.0022,0.1366,116,0.0
1437.2,0.2567,0.3094,-0.0527,0.0849,0.1015,0.0593,0.1186,-0.018,0.1006,111,0.0
1437.4,0.2663,0.327,-0.0607,0.1101,0.0977,0.0492,0.0983,-0.0365,0.0618,104,0.0
1437.6,0.2524,0.3305,-0.0781,0.1151,0.0941,0.0316,0.0632,-0.0495,0.0136,97,0.0
1437.8,0.2485,0.337,-0.0884,0.1243,0.0905,0.0197,0.0394,-0.0611,0.0,0,0.0
1438.0,0.2372,0.3244,-0.0873,0.1063,0.0869,0.0171,0.0342,-0.0533,0.0,0,0.0
1438.2,0.2371,0.3145,-0.0773,0.0921,0.0835,0.0216,0.0432,-0.043,0.0,0,0.0
1438.4,0.2432,0.3032,-0.06,0.076,0.0801,0.0321,0.0641,-0.028,0.0,0,0.0
1438.6,0.2365,0.293,-0.0565,0.0614,0.0768,0.0316,0.0632,-0.0206,0.0,0,0.0
1438.8,0.2523,0.2866,-0.0343,0.0523,0.0735,0.0461,0.0922,-0.0065,0.0856,108,0.0
1439.0,0.2417,0.3059,-0.0642,0.0799,0.0703,0.019,0.038,-0.0368,0.0,0,0.0
1439.2,0.2415,0.2984,-0.0568,0.0691,0.0673,0.0218,0.0436,-0.0293,0.0,0,0.0
1439.4,0.242,0.2919,-0.0499,0.0598,0.0643,0.0244,0.0487,-0.0227,0.0,0,0.0
1439.6,0.2522,0.2797,-0.0276,0.0425,0.0614,0.0393,0.0786,-0.0043,0.0743,106,0.0
1439.8,0.246,0.2977,-0.0517,0.0681,0.0585,0.0171,0.0343,-0.0307,0.0,0,0.0
1440.0,0.2503,0.2893,-0.039,0.0562,0.0558,0.0246,0.0492,-0.0197,0.0294,99,0.0
1440.2,0.2538,0.2997,-0.0459,0.071,0.0531,0.0164,0.0328,-0.0319,0.001,0,0.0
1440.4,0.2444,0.2913,-0.0469,0.059,0.0506,0.0131,0.0262,-0.0277,0.0,0,0.0
1440.6,0.2338,0.2895,-0.0557,0.0564,0.0,0.0,0.0,-0.0338,0.0,0,0.0
1440.8,0.2122,0.2834,-0.0712,0.0478,0.0,0.0,0.0,-0.031,0.0,0,0.0
1441.0,0.215,0.2759,-0.0609,0.0369,0.0,0.0,0.0,-0.0246,0.0,0,0.0
1441.2,0.2101,0.2762,-0.0661,0.0374,0.0,0.0,0.0,-0.0253,0.0,0,0.0
1441.4,0.1962,0.2665,-0.0703,0.0236,0.0,0.0,0.0,-0.0188,0.0,0,0.0
1441.6,0.2029,0.2672,-0.0643,0.0246,0.0,0.0,0.0,-0.0187,0.0,0,0.0
1441.8,0.1927,0.2649,-0.0722,0.0213,0.0,0.0,0.0,-0.0179,0.0,0,0.0
1442.0,0.1969,0.2599,-0.063,0.0142,0.0,0.0,0.0,-0.0134,0.0,0,0.0
1442.2,0.1878,0.2576,-0.0698,0.0108,0.0,0.0,0.0,-0.0124,0.0,0,0.0
1442.4,0.1925,0.2612,-0.0687,0.016,0.0,0.0,0.0,-0.0149,0.0,0,0.0
1442.6,0.1718,0.2561,-0.0843,0.0088,0.0,0.0,0.0,-0.0128,0.0,0,0.0
1442.8,0.1733,0.2571,-0.0838,0.0101,0.0,0.0,0.0,-0.0135,0.0,0,0.0
1443.0,0.188,0.2559,-0.0679,0.0084,0.0,0.0,0.0,-0.011,0.0,0,0.0
1443.2,0.1697,0.2526,-0.0829,0.0037,0.0,0.0,0.0,-0.0101,0.0,0,0.0
1443.4,0.1776,0.2551,-0.0775,0.0073,0.0,0.0,0.0,-0.0114,0.0,0,0.0
1443.6,0.1789,0.2543,-0.0754,0.0061,0.0,0.0,0.0,-0.0106,0.0,0,0.0
1443.8,0.1806,0.2501,-0.0695,0.0002,0.0,0.0,0.0,-0.0071,0.0,0,0.0
1444.0,0.1818,0.2506,-0.0688,0.0009,0.0,0.0,0.0,-0.0073,0.0,0,0.0
1444.2,0.1679,0.2517,-0.0839,0.0025,0.0,0.0,0.0,-0.0096,0.0,0,0.0
1444.4,0.1663,0.2541,-0.0878,0.0059,0.0,0.0,0.0,-0.0117,0.0,0,0.0
1444.6,0.1794,0.2512,-0.0718,0.0017,0.0,0.0,0.0,-0.008,0.0,0,0.0
1444.8,0.1704,0.254,-0.0836,0.0057,0.0,0.0,0.0,-0.0112,0.0,0,0.0
1445.0,0.1619,0.253,-0.0911,0.0043,0.0,0.0,0.0,-0.0113,0.0,0,0.0
1445.2,0.1643,0.2523,-0.088,0.0033,0.0,0.0,0.0,-0.0104,0.0,0,0.0
1445.4,0.1798,0.2527,-0.0728,0.0038,0.0,0.0,0.0,-0.0092,0.0,0,0.0
1445.6,0.1694,0.25,-0.0806,0.0,0.0,0.0,0.0,-0.0081,0.0,0,0.0
1445.8,0.1789,0.2504,-0.0715,0.0006,0.0,0.0,0.0,-0.0074,0.0,0,0.0
1446.0,0.1663,0.25,-0.0837,0.0,0.0,0.0,0.0,-0.0084,0.0,0,0.0
1446.2,0.1646,0.2516,-0.087,0.0023,0.0,0.0,0.0,-0.0098,0.0,0,0.0
1446.4,0.1712,0.2533,-0.0821,0.0047,0.0,0.0,0.0,-0.0105,0.0,0,0.0
1446.6,0.1694,0.2516,-0.0822,0.0022,0.0,0.0,0.0,-0.0093,0.0,0,0.0
1446.8,0.1678,0.25,-0.0822,0.0,0.0,0.0,0.0,-0.0082,0.0,0,0.0
1447.0,0.1671,0.25,-0.0829,0.0,0.0,0.0,0.0,-0.0083,0.0,0,0.0
1447.2,0.1702,0.25,-0.0798,0.0,0.0,0.0,0.0,-0.008,0.0,0,0.0
1447.4,0.1643,0.25,-0.0857,0.0,0.0,0.0,0.0,-0.0086,0.0,0,0.0
1447.6,0.1713,0.2535,-0.0823,0.005,0.0,0.0,0.0,-0.0107,0.0,0,0.0
1447.8,0.16,0.2505,-0.0905,0.0007,0.0,0.0,0.0,-0.0094,0.0,0,0.0
1448.0,0.1724,0.25,-0.0776,0.0,0.0,0.0,0.0,-0.0078,0.0,0,0.0
1448.2,0.1714,0.2524,-0.081,0.0034,0.0,0.0,0.0,-0.0098,0.0,0,0.0
1448.4,0.1613,0.2511,-0.0897,0.0015,0.0,0.0,0.0,-0.0097,0.0,0,0.0
1448.6,0.1655,0.25,-0.0845,0.0,0.0,0.0,0.0,-0.0085,0.0,0,0.0
1448.8,0.1649,0.25,-0.0851,0.0,0.0,0.0,0.0,-0.0085,0.0,0,0.0
1449.0,0.1623,0.25,-0.0877,0.0,0.0,0.0,0.0,-0.0088,0.0,0,0.0
1449.2,0.1714,0.2525,-0.0811,0.0036,0.0,0.0,0.0,-0.0099,0.0,0,0.0
1449.4,0.1623,0.25,-0.0877,0.0,0.0,0.0,0.0,-0.0088,0.0,0,0.0
1449.6,0.163,0.2528,-0.0898,0.0041,0.0,0.0,0.0,-0.011,0.0,0,0.0
1449.8,0.1601,0.2502,-0.0901,0.0002,0.0,0.0,0.0,-0.0091,0.0,0,0.0
1450.0,0.1854,0.25,-0.0646,0.0,0.0523,0.0,0.0,-0.0065,0.0,0,0.0
1450.2,0.1835,0.2513,-0.0678,0.0018,0.0549,0.0,0.0,-0.0077,0.0,0,0.0
1450.4,0.2051,0.25,-0.0449,0.0,0.0576,0.0217,0.0434,0.0064,0.0,0,0.0
1450.6,0.2099,0.25,-0.0401,0.0,0.0604,0.0284,0.0567,0.0102,0.0,0,0.0
1450.8,0.2355,0.25,-0.0145,0.0,0.0633,0.0517,0.1035,0.0244,0.0,0,0.0
1451.0,0.2409,0.25,-0.0091,0.0,0.0663,0.059,0.118,0.0286,0.0,0,0.0
1451.2,0.2512,0.252,-0.0008,0.0029,0.0693,0.0687,0.1374,0.0328,0.1702,122,0.0
1451.4,0.2575,0.2723,-0.0148,0.0319,0.0725,0.0606,0.1212,0.0129,0.1341,116,0.0
1451.6,0.275,0.291,-0.016,0.0586,0.0757,0.0629,0.1257,0.0005,0.1262,115,0.0
1451.8,0.2728,0.3034,-0.0306,0.0762,0.079,0.0545,0.109,-0.0139,0.0951,110,0.0
1452.0,0.2672,0.3202,-0.053,0.1003,0.0823,0.04,0.08,-0.0354,0.0445,102,0.0
1452.2,0.2606,0.33,-0.0694,0.1143,0.0858,0.0303,0.0606,-0.049,0.0116,96,0.0
1452.4,0.2491,0.3347,-0.0856,0.1211,0.0893,0.0208,0.0417,-0.0587,0.0,0,0.0
1452.6,0.2602,0.3215,-0.0614,0.1022,0.0929,0.0438,0.0876,-0.0353,0.0522,103,0.0
1452.8,0.2556,0.3279,-0.0724,0.1114,0.0965,0.0386,0.0773,-0.0436,0.0337,100,0.0
1453.0,0.2493,0.3331,-0.0838,0.1187,0.1002,0.0332,0.0664,-0.0511,0.0,0,0.0
1453.2,0.2501,0.3241,-0.074,0.1059,0.104,0.0448,0.0896,-0.038,0.0516,103,0.0
1453.4,0.2318,0.331,-0.0991,0.1157,0.1079,0.0285,0.0571,-0.0535,0.0,0,0.0
1453.6,0.2491,0.319,-0.0699,0.0986,0.1118,0.0559,0.1117,-0.0283,0.0,0,0.0
1453.8,0.2583,0.3078,-0.0495,0.0826,0.1157,0.0761,0.1522,-0.0082,0.144,118,0.0
1454.0,0.2578,0.324,-0.0662,0.1058,0.1197,0.0667,0.1334,-0.0262,0.1073,112,0.0
1454.2,0.2546,0.3288,-0.0742,0.1125,0.1238,0.0644,0.1288,-0.0315,0.0973,110,0.0
1454.4,0.2573,0.3392,-0.0819,0.1274,0.1279,0.0623,0.1247,-0.0407,0.0839,108,0.0
1454.6,0.2632,0.3477,-0.0845,0.1396,0.132,0.0644,0.1288,-0.0461,0.0827,108,0.0
1454.8,0.2553,0.3525,-0.0972,0.1464,0.1362,0.0584,0.1168,-0.0537,0.0631,105,0.0
1455.0,0.2586,0.3593,-0.1007,0.1561,0.1404,0.0599,0.1197,-0.0582,0.0616,104,0.0
1455.2,0.2542,0.3616,-0.1074,0.1595,0.1447,0.0588,0.1175,-0.0611,0.0564,104,0.0
1455.4,0.244,0.3617,-0.1177,0.1596,0.149,0.0548,0.1096,-0.0642,0.0,0,0.0
1455.6,0.2417,0.345,-0.1033,0.1357,0.1533,0.0707,0.1413,-0.0428,0.0,0,0.0
1455.8,0.2613,0.3336,-0.0723,0.1194,0.1577,0.0998,0.1996,-0.017,0.1826,124,0.0
1456.0,0.2587,0.3415,-0.0829,0.1308,0.1621,0.0958,0.1915,-0.0258,0.1657,121,0.0
1456.2,0.2605,0.3514,-0.0909,0.1449,0.1665,0.0938,0.1875,-0.0346,0.1529,119,0.0
1456.4,0.2771,0.3592,-0.0821,0.156,0.1709,0.1052,0.2104,-0.0336,0.1768,123,0.0
1456.6,0.2685,0.3643,-0.0957,0.1633,0.1754,0.0988,0.1975,-0.0418,0.1557,119,0.0
1456.8,0.2798,0.3663,-0.0864,0.1661,0.1798,0.1107,0.2213,-0.0364,0.185,124,0.0
1457.0,0.2852,0.3708,-0.0856,0.1726,0.1843,0.1158,0.2316,-0.0369,0.1947,126,0.0
1457.2,0.2768,0.3794,-0.1026,0.1849,0.1888,0.1067,0.2134,-0.0494,0.1641,121,0.0
1457.4,0.2872,0.3848,-0.0976,0.1926,0.1933,0.1152,0.2304,-0.0485,0.182,124,0.0
1457.6,0.2877,0.3843,-0.0966,0.1918,0.1978,0.1205,0.241,-0.0453,0.1957,126,0.0
1457.8,0.2893,0.3897,-0.1004,0.1996,0.2023,0.122,0.2439,-0.0489,0.195,126,0.0
1458.0,0.2782,0.3883,-0.1101,0.1976,0.2068,0.1187,0.2374,-0.0505,0.1869,124,0.0
1458.2,0.2835,0.3918,-0.1083,0.2025,0.2113,0.1246,0.2492,-0.0498,0.1994,126,0.0
1458.4,0.2831,0.3919,-0.1088,0.2027,0.2158,0.1287,0.2574,-0.0479,0.2096,128,0.0
1458.6,0.2947,0.3985,-0.1038,0.2121,0.2202,0.1372,0.2744,-0.0478,0.2266,131,0.0
1458.8,0.2947,0.3973,-0.1026,0.2104,0.2247,0.1426,0.2852,-0.0442,0.241,133,0.0
1459.0,0.2945,0.3985,-0.104,0.2122,0.2291,0.1459,0.2919,-0.0435,0.2484,134,0.0
1459.2,0.305,0.4023,-0.0974,0.2176,0.2336,0.1557,0.3114,-0.0407,0.2707,138,0.0
1459.4,0.3012,0.406,-0.1048,0.2228,0.238,0.1542,0.3084,-0.0448,0.2636,137,0.0
1459.6,0.3022,0.4091,-0.1069,0.2273,0.2424,0.1568,0.3137,-0.0459,0.2677,137,0.0
1459.8,0.3084,0.4111,-0.1027,0.2301,0.2467,0.1646,0.3292,-0.043,0.2861,140,0.0
1460.0,0.3039,0.4086,-0.1048,0.2266,0.2511,0.1672,0.3345,-0.0402,0.2943,142,0.0
1460.2,0.3045,0.4151,-0.1106,0.2359,0.2554,0.1669,0.3338,-0.0455,0.2883,141,0.0
1460.4,0.3245,0.4185,-0.0941,0.2408,0.2596,0.1844,0.3687,-0.0376,0.3311,147,0.0
1460.6,0.3297,0.4209,-0.0912,0.2441,0.2639,0.1909,0.3819,-0.0357,0.3461,150,0.0
1460.8,0.3356,0.4226,-0.0871,0.2466,0.268,0.1984,0.3968,-0.0328,0.3639,153,0.0
1461.0,0.3241,0.4236,-0.0995,0.248,0.2722,0.1926,0.3852,-0.0377,0.3475,150,0.0
1461.2,0.3456,0.4223,-0.0767,0.2461,0.2763,0.2149,0.4298,-0.0233,0.4065,160,0.0
1461.4,0.334,0.4298,-0.0958,0.2569,0.2803,0.2037,0.4074,-0.0362,0.3712,154,0.0
1461.6,0.3526,0.428,-0.0754,0.2543,0.2843,0.224,0.448,-0.0227,0.4253,163,0.0
1461.8,0.3468,0.4318,-0.085,0.2597,0.2883,0.2203,0.4405,-0.0282,0.4123,160,0.0
1462.0,0.3592,0.4376,-0.0784,0.268,0.2922,0.2294,0.4589,-0.0271,0.4318,164,0.0
1462.2,0.3583,0.4391,-0.0808,0.2701,0.296,0.2314,0.4627,-0.0275,0.4352,164,0.0
1462.4,0.3798,0.4379,-0.058,0.2684,0.2998,0.2534,0.5067,-0.0133,0.4934,173,0.0
1462.6,0.3803,0.4423,-0.062,0.2747,0.3035,0.2539,0.5078,-0.0166,0.4913,173,0.0
1462.8,0.3884,0.4484,-0.06,0.2834,0.3072,0.2592,0.5183,-0.0181,0.5002,175,0.0
1463.0,0.3772,0.4467,-0.0694,0.281,0.3107,0.2552,0.5104,-0.0198,0.4905,173,0.0
1463.2,0.3864,0.4547,-0.0683,0.2925,0.3142,0.2596,0.5192,-0.0232,0.496,174,0.0
1463.4,0.3988,0.456,-0.0572,0.2943,0.3177,0.2719,0.5439,-0.0169,0.527,179,0.0
1463.6,0.4031,0.4553,-0.0522,0.2933,0.3211,0.2793,0.5586,-0.0122,0.5464,182,0.0
1463.8,0.4096,0.4573,-0.0477,0.2962,0.3243,0.2862,0.5723,-0.0098,0.5625,185,0.0
1464.0,0.4193,0.4614,-0.0421,0.3019,0.3276,0.2939,0.5878,-0.0082,0.5796,187,0.0
1464.2,0.4202,0.4638,-0.0437,0.3055,0.3307,0.2958,0.5915,-0.0092,0.5823,188,0.0
1464.4,0.4274,0.4654,-0.038,0.3078,0.3338,0.3033,0.6067,-0.006,0.6007,191,0.0
1464.6,0.4362,0.4701,-0.0339,0.3144,0.3367,0.3096,0.6192,-0.0058,0.6134,193,0.0
1464.8,0.4308,0.4721,-0.0412,0.3172,0.3396,0.3066,0.6133,-0.0094,0.6038,191,0.0
1465.0,0.4433,0.4763,-0.033,0.3233,0.3424,0.316,0.6321,-0.0069,0.6251,195,0.0
1465.2,0.4464,0.4765,-0.0301,0.3236,0.3451,0.321,0.642,-0.0043,0.6378,197,0.0
1465.4,0.4474,0.482,-0.0346,0.3314,0.3477,0.32,0.6401,-0.0092,0.6309,195,0.0
1465.6,0.4372,0.4786,-0.0414,0.3266,0.3502,0.3171,0.6342,-0.0089,0.6254,195,0.0
1465.8,0.4582,0.4808,-0.0226,0.3297,0.3527,0.3346,0.6692,0.0002,0.6694,202,0.0
1466.0,0.4471,0.4878,-0.0407,0.3397,0.355,0.3225,0.645,-0.0126,0.6323,196,0.0
1466.2,0.4605,0.4852,-0.0247,0.336,0.3573,0.3375,0.675,-0.0017,0.6732,202,0.0
1466.4,0.4721,0.4855,-0.0134,0.3364,0.3594,0.3486,0.6973,0.0048,0.702,207,0.0
1466.6,0.4668,0.4943,-0.0275,0.3491,0.3614,0.3394,0.6788,-0.0076,0.6713,202,0.0
1466.8,0.4645,0.4936,-0.0291,0.3481,0.3634,0.3401,0.6801,-0.0069,0.6732,202,0.0
1467.0,0.4803,0.4908,-0.0105,0.3441,0.3652,0.3568,0.7136,0.0053,0.719,210,0.0
1467.2,0.4794,0.4957,-0.0163,0.3509,0.3669,0.3539,0.7079,-0.0001,0.7077,208,0.0
1467.4,0.488,0.495,-0.007,0.35,0.3686,0.363,0.7259,0.0058,0.7317,212,0.0
1467.6,0.4855,0.498,-0.0125,0.3543,0.3701,0.3601,0.7202,0.0017,0.7218,210,0.0
1467.8,0.4886,0.503,-0.0143,0.3614,0.3715,0.36,0.7201,-0.0021,0.718,209,0.0
1468.0,0.4795,0.503,-0.0235,0.3614,0.3728,0.3541,0.7081,-0.006,0.7021,207,0.0
1468.2,0.4915,0.5006,-0.009,0.3579,0.374,0.3668,0.7336,0.0035,0.7372,212,0.0
1468.4,0.5015,0.5014,0.0001,0.3592,0.3751,0.3752,0.7504,0.008,0.7584,216,0.0
1468.6,0.4959,0.5048,-0.0088,0.364,0.3761,0.369,0.7381,0.0017,0.7398,213,0.0
1468.8,0.4903,0.5087,-0.0184,0.3695,0.377,0.3623,0.7246,-0.0055,0.7191,210,0.0
1469.0,0.4885,0.5048,-0.0163,0.364,0.3778,0.3647,0.7294,-0.0013,0.7282,211,0.0
1469.2,0.4946,0.5096,-0.015,0.3708,0.3784,0.3664,0.7329,-0.0037,0.7292,211,0.0
1469.4,0.5046,0.5075,-0.0029,0.3679,0.3789,0.3767,0.7533,0.0041,0.7574,216,0.0
1469.6,0.4936,0.5084,-0.0148,0.3692,0.3794,0.3675,0.735,-0.0023,0.7327,212,0.0
1469.8,0.4953,0.5129,-0.0175,0.3755,0.3797,0.3657,0.7313,-0.0067,0.7247,210,0.0
1470.0,0.5061,0.5116,-0.0055,0.3737,0.3799,0.3755,0.751,0.0003,0.7514,215,0.0
1470.2,0.5131,0.5097,0.0034,0.3709,0.38,0.38,0.76,0.0049,0.7649,217,0.0
1470.4,0.5147,0.5085,0.0062,0.3693,0.38,0.38,0.76,0.006,0.766,217,0.0
1470.6,0.5062,0.5126,-0.0064,0.3751,0.3798,0.3747,0.7495,-0.0008,0.7487,214,0.0
1470.8,0.5074,0.5097,-0.0023,0.371,0.3796,0.3777,0.7554,0.0031,0.7586,216,0.0
1471.0,0.521,0.5166,0.0044,0.3808,0.3792,0.38,0.76,0.0,0.76,216,0.0
1471.2,0.5203,0.5115,0.0088,0.3736,0.3788,0.38,0.76,0.0041,0.7641,217,0.0
1471.4,0.5138,0.5128,0.001,0.3754,0.3782,0.379,0.7579,0.0019,0.7598,216,0.0
1471.6,0.5062,0.5184,-0.0122,0.3834,0.3775,0.3678,0.7355,-0.0091,0.7265,211,0.0
1471.8,0.5077,0.5178,-0.0101,0.3826,0.3767,0.3686,0.7372,-0.008,0.7293,211,0.0
1472.0,0.5117,0.5169,-0.0051,0.3812,0.3758,0.3717,0.7433,-0.0053,0.738,213,0.0
1472.2,0.5055,0.5121,-0.0065,0.3744,0.3748,0.3695,0.7391,-0.0031,0.736,212,0.0
1472.4,0.51,0.5143,-0.0042,0.3775,0.3736,0.3702,0.7405,-0.0041,0.7364,212,0.0
1472.6,0.5009,0.5117,-0.0109,0.3739,0.3724,0.3637,0.7274,-0.0062,0.7212,210,0.0
1472.8,0.5115,0.5101,0.0013,0.3716,0.371,0.3721,0.7442,0.0004,0.7446,214,0.0
1473.0,0.5078,0.5128,-0.005,0.3755,0.3696,0.3656,0.7312,-0.0055,0.7257,211,0.0
1473.2,0.5114,0.5144,-0.0031,0.3778,0.368,0.3656,0.7312,-0.0064,0.7248,210,0.0
1473.4,0.5021,0.5147,-0.0126,0.3782,0.3664,0.3563,0.7126,-0.0122,0.7003,207,0.0
1473.6,0.5004,0.5131,-0.0127,0.3759,0.3646,0.3544,0.7089,-0.012,0.6968,206,0.0
1473.8,0.5099,0.5068,0.0032,0.3668,0.3627,0.3652,0.7305,-0.0005,0.73,211,0.0
1474.0,0.4938,0.5117,-0.0179,0.3738,0.3607,0.3464,0.6928,-0.0155,0.6773,203,0.0
1474.2,0.4881,0.5084,-0.0203,0.3691,0.3587,0.3424,0.6848,-0.0154,0.6695,202,0.0
1474.4,0.4915,0.5075,-0.016,0.3679,0.3565,0.3437,0.6874,-0.0137,0.6737,202,0.0
1474.6,0.4903,0.5073,-0.017,0.3675,0.3542,0.3406,0.6812,-0.0152,0.6661,201,0.0
1474.8,0.4928,0.502,-0.0092,0.36,0.3518,0.3445,0.6889,-0.0087,0.6802,203,0.0
1475.0,0.4946,0.5073,-0.0127,0.3676,0.3494,0.3392,0.6784,-0.0155,0.6629,201,0.0
1475.2,0.4904,0.5025,-0.0122,0.3608,0.3468,0.3371,0.6742,-0.0131,0.6611,200,0.0
1475.4,0.477,0.4996,-0.0226,0.3566,0.3442,0.3261,0.6522,-0.0175,0.6347,196,0.0
1475.6,0.4676,0.4985,-0.0309,0.355,0.3414,0.3167,0.6335,-0.0222,0.6112,192,0.0
1475.8,0.472,0.5013,-0.0293,0.3589,0.3386,0.3152,0.6304,-0.0248,0.6056,191,0.0
1476.0,0.474,0.4974,-0.0234,0.3534,0.3357,0.317,0.634,-0.0205,0.6134,193,0.0
1476.2,0.4608,0.4967,-0.0359,0.3524,0.3327,0.304,0.608,-0.0278,0.5802,187,0.0
1476.4,0.4724,0.4942,-0.0219,0.3489,0.3296,0.3121,0.6242,-0.0206,0.6036,191,0.0
1476.6,0.4542,0.4938,-0.0396,0.3482,0.3265,0.2948,0.5896,-0.0307,0.559,184,0.0
1476.8,0.4534,0.4881,-0.0348,0.3402,0.3232,0.2954,0.5908,-0.0259,0.565,185,0.0
1477.0,0.4513,0.491,-0.0396,0.3442,0.3199,0.2882,0.5764,-0.032,0.5444,182,0.0
1477.2,0.4384,0.4832,-0.0448,0.3332,0.3165,0.2807,0.5613,-0.0307,0.5306,179,0.0
1477.4,0.4361,0.4871,-0.0509,0.3387,0.313,0.2723,0.5446,-0.0383,0.5063,176,0.0
1477.6,0.4307,0.4823,-0.0516,0.3319,0.3095,0.2682,0.5364,-0.037,0.4994,174,0.0
1477.8,0.4425,0.4767,-0.0342,0.3239,0.3059,0.2785,0.557,-0.0261,0.5309,179,0.0
1478.0,0.4252,0.481,-0.0558,0.33,0.3022,0.2576,0.5152,-0.0418,0.4734,170,0.0
1478.2,0.4337,0.4743,-0.0407,0.3205,0.2985,0.2659,0.5319,-0.0313,0.5006,175,0.0
1478.4,0.4203,0.4765,-0.0562,0.3236,0.2947,0.2497,0.4994,-0.0426,0.4568,168,0.0
1478.6,0.419,0.4716,-0.0526,0.3165,0.2908,0.2488,0.4975,-0.0391,0.4584,168,0.0
1478.8,0.4176,0.467,-0.0494,0.3101,0.2869,0.2474,0.4947,-0.0363,0.4584,168,0.0
1479.0,0.4094,0.4646,-0.0552,0.3066,0.283,0.2388,0.4775,-0.0395,0.4381,165,0.0
1479.2,0.3978,0.4677,-0.07,0.311,0.2789,0.223,0.4459,-0.051,0.3949,158,0.0
1479.4,0.3887,0.4599,-0.0712,0.2999,0.2749,0.2179,0.4358,-0.0481,0.3877,157,0.0
1479.6,0.3898,0.4625,-0.0727,0.3035,0.2708,0.2126,0.4252,-0.0527,0.3725,154,0.0
1479.8,0.3796,0.4585,-0.0789,0.2979,0.2666,0.2035,0.407,-0.0551,0.3519,151,0.0
1480.0,0.3791,0.4514,-0.0723,0.2877,0.2624,0.2045,0.4091,-0.0488,0.3602,152,0.0
1480.2,0.3638,0.4496,-0.0858,0.2852,0.2582,0.1895,0.379,-0.0564,0.3225,146,0.0
1480.4,0.3536,0.4469,-0.0933,0.2813,0.2539,0.1792,0.3584,-0.0604,0.2981,142,0.0
1480.6,0.3506,0.4448,-0.0941,0.2783,0.2496,0.1742,0.3485,-0.0614,0.2871,140,0.0
1480.8,0.3445,0.4441,-0.0995,0.2772,0.2452,0.1656,0.3312,-0.0658,0.2655,137,0.0
1481.0,0.3557,0.4405,-0.0848,0.2722,0.2409,0.173,0.346,-0.0581,0.2879,141,0.0
1481.2,0.345,0.4347,-0.0897,0.2639,0.2365,0.1647,0.3294,-0.0586,0.2708,138,0.0
1481.4,0.3292,0.434,-0.1048,0.2629,0.232,0.1482,0.2964,-0.0679,0.2285,131,0.0
1481.6,0.3227,0.4274,-0.1046,0.2534,0.2276,0.1439,0.2878,-0.0652,0.2226,130,0.0
1481.8,0.32,0.4247,-0.1047,0.2496,0.2231,0.1394,0.2787,-0.0656,0.2131,129,0.0
1482.0,0.312,0.4255,-0.1136,0.2507,0.2187,0.1278,0.2557,-0.0728,0.1828,124,0.0
1482.2,0.3128,0.421,-0.1082,0.2443,0.2142,0.1277,0.2553,-0.0691,0.1862,124,0.0
1482.4,0.3056,0.4221,-0.1165,0.2459,0.2097,0.1165,0.233,-0.0763,0.1567,120,0.0
1482.6,0.3053,0.4185,-0.1132,0.2407,0.2052,0.1147,0.2294,-0.0743,0.1551,119,0.0
1482.8,0.2899,0.4164,-0.1265,0.2377,0.2007,0.0995,0.199,-0.0817,0.1173,113,0.0
1483.0,0.2866,0.4114,-0.1248,0.2306,0.1962,0.0964,0.1928,-0.0796,0.1132,113,0.0
1483.2,0.2828,0.4055,-0.1227,0.2222,0.1917,0.0935,0.1871,-0.0766,0.1105,112,0.0
1483.4,0.265,0.4038,-0.1388,0.2197,0.1872,0.0762,0.1523,-0.0856,0.0667,105,0.0
1483.6,0.2743,0.4003,-0.126,0.2148,0.1827,0.0819,0.1639,-0.079,0.0849,108,0.0
1483.8,0.2575,0.3945,-0.137,0.2064,0.1783,0.0687,0.1374,-0.0826,0.0548,103,0.0
1484.0,0.2467,0.3961,-0.1493,0.2087,0.1738,0.0543,0.1087,-0.0921,0.0,0,0.0
1484.2,0.2424,0.3717,-0.1293,0.1739,0.1694,0.0659,0.1318,-0.0669,0.0,0,0.0
1484.4,0.2489,0.3529,-0.1039,0.1469,0.1649,0.0818,0.1636,-0.043,0.0,0,0.0
1484.6,0.27,0.3415,-0.0715,0.1307,0.1605,0.1034,0.2067,-0.0208,0.1859,124,0.0
1484.8,0.2691,0.3488,-0.0796,0.1411,0.1562,0.0924,0.1849,-0.0323,0.1526,119,0.0
1485.0,0.2688,0.3581,-0.0893,0.1544,0.1518,0.0804,0.1607,-0.0459,0.1148,113,0.0
1485.2,0.2705,0.3579,-0.0874,0.1542,0.1475,0.0776,0.1551,-0.0471,0.1081,112,0.0
1485.4,0.2637,0.3652,-0.1015,0.1645,0.1432,0.062,0.124,-0.0614,0.0626,105,0.0
1485.6,0.2553,0.3661,-0.1108,0.1659,0.1389,0.0503,0.1006,-0.0689,0.0317,100,0.0
1485.8,0.2434,0.3705,-0.1271,0.1722,0.1347,0.033,0.066,-0.0823,0.0,0,0.0
1486.0,0.2444,0.3485,-0.1041,0.1407,0.1306,0.0473,0.0946,-0.0571,0.0,0,0.0
1486.2,0.2394,0.3373,-0.0979,0.1247,0.1264,0.0481,0.0962,-0.0481,0.0,0,0.0
1486.4,0.256,0.3212,-0.0652,0.1017,0.1223,0.0702,0.1404,-0.0223,0.1181,113,0.0
1486.6,0.2508,0.331,-0.0803,0.1158,0.1183,0.0541,0.1082,-0.0389,0.0693,106,0.0
1486.8,0.2382,0.3419,-0.1037,0.1312,0.1143,0.0314,0.0628,-0.0603,0.0,0,0.0
1487.0,0.2515,0.3253,-0.0739,0.1076,0.1104,0.0513,0.1026,-0.0356,0.067,105,0.0
1487.2,0.2329,0.3321,-0.0992,0.1173,0.1065,0.0271,0.0543,-0.055,0.0,0,0.0
1487.4,0.2478,0.3218,-0.074,0.1025,0.1027,0.0435,0.0871,-0.0369,0.0,0,0.0
1487.6,0.2477,0.3144,-0.0667,0.0919,0.099,0.0456,0.0912,-0.0298,0.0,0,0.0
1487.8,0.2393,0.2994,-0.0601,0.0706,0.0953,0.0472,0.0943,-0.0177,0.0,0,0.0
1488.0,0.2554,0.2931,-0.0377,0.0615,0.0916,0.0615,0.123,-0.0038,0.1192,114,0.0
1488.2,0.2575,0.3063,-0.0489,0.0805,0.0881,0.049,0.098,-0.0206,0.0774,107,0.0
1488.4,0.262,0.3167,-0.0547,0.0954,0.0846,0.0408,0.0817,-0.0327,0.0489,102,0.0
1488.6,0.2534,0.3272,-0.0738,0.1103,0.0812,0.0221,0.0442,-0.0515,0.0,0,0.0
1488.8,0.2444,0.3191,-0.0747,0.0987,0.0778,0.0181,0.0361,-0.0478,0.0,0,0.0
1489.0,0.2347,0.3091,-0.0744,0.0845,0.0746,0.015,0.0301,-0.0421,0.0,0,0.0
1489.2,0.2351,0.3002,-0.0651,0.0717,0.0714,0.0193,0.0385,-0.0327,0.0,0,0.0
1489.4,0.2472,0.2942,-0.047,0.0631,0.0683,0.0307,0.0613,-0.0209,0.0,0,0.0
1489.6,0.25,0.2875,-0.0375,0.0536,0.0652,0.0352,0.0704,-0.0129,0.0,0,0.0
1489.8,0.2551,0.276,-0.0209,0.0372,0.0623,0.0456,0.0911,0.0021,0.0933,109,0.0
1490.0,0.2568,0.2919,-0.0351,0.0598,0.0594,0.0314,0.0627,-0.0177,0.045,102,0.0
1490.2,0.2383,0.3088,-0.0705,0.084,0.0567,0.0003,0.0006,-0.0489,0.0,0,0.0
1490.4,0.2451,0.3014,-0.0563,0.0735,0.054,0.009,0.0179,-0.0379,0.0,0,0.0
1490.6,0.2359,0.2898,-0.0538,0.0568,0.0514,0.0084,0.0167,-0.0296,0.0,0,0.0
1490.8,0.2362,0.2852,-0.049,0.0503,0.0,0.0,0.0,-0.03,0.0,0,0.0
1491.0,0.2266,0.2834,-0.0568,0.0477,0.0,0.0,0.0,-0.0296,0.0,0,0.0
1491.2,0.2212,0.2761,-0.0549,0.0373,0.0,0.0,0.0,-0.0241,0.0,0,0.0
1491.4,0.219,0.2731,-0.0541,0.033,0.0,0.0,0.0,-0.0219,0.0,0,0.0
1491.6,0.2036,0.2702,-0.0666,0.0288,0.0,0.0,0.0,-0.0211,0.0,0,0.0
1491.8,0.2012,0.2664,-0.0652,0.0235,0.0,0.0,0.0,-0.0183,0.0,0,0.0
1492.0,0.2004,0.2598,-0.0594,0.014,0.0,0.0,0.0,-0.0129,0.0,0,0.0
1492.2,0.201,0.2615,-0.0605,0.0164,0.0,0.0,0.0,-0.0143,0.0,0,0.0
1492.4,0.1807,0.2568,-0.0761,0.0097,0.0,0.0,0.0,-0.0125,0.0,0,0.0
1492.6,0.1932,0.2563,-0.0631,0.009,0.0,0.0,0.0,-0.0108,0.0,0,0.0
1492.8,0.1823,0.2534,-0.0711,0.0049,0.0,0.0,0.0,-0.0096,0.0,0,0.0
1493.0,0.1932,0.2593,-0.0661,0.0133,0.0,0.0,0.0,-0.0133,0.0,0,0.0
1493.2,0.1762,0.2527,-0.0765,0.0038,0.0,0.0,0.0,-0.0096,0.0,0,0.0
1493.4,0.1879,0.2551,-0.0671,0.0073,0.0,0.0,0.0,-0.0103,0.0,0,0.0
1493.6,0.1752,0.2558,-0.0807,0.0083,0.0,0.0,0.0,-0.0122,0.0,0,0.0
1493.8,0.1805,0.2566,-0.0761,0.0094,0.0,0.0,0.0,-0.0123,0.0,0,0.0
1494.0,0.1748,0.2518,-0.0769,0.0025,0.0,0.0,0.0,-0.009,0.0,0,0.0
1494.2,0.1877,0.2537,-0.066,0.0053,0.0,0.0,0.0,-0.0092,0.0,0,0.0
1494.4,0.1852,0.2513,-0.0661,0.0018,0.0,0.0,0.0,-0.0075,0.0,0,0.0
1494.6,0.173,0.25,-0.077,0.0,0.0,0.0,0.0,-0.0077,0.0,0,0.0
1494.8,0.1752,0.2525,-0.0773,0.0036,0.0,0.0,0.0,-0.0095,0.0,0,0.0
1495.0,0.1826,0.2508,-0.0682,0.0012,0.0,0.0,0.0,-0.0074,0.0,0,0.0
1495.2,0.1705,0.2519,-0.0814,0.0027,0.0,0.0,0.0,-0.0095,0.0,0,0.0
1495.4,0.1726,0.25,-0.0774,0.0,0.0,0.0,0.0,-0.0077,0.0,0,0.0
1495.6,0.1798,0.2521,-0.0723,0.003,0.0,0.0,0.0,-0.0087,0.0,0,0.0
1495.8,0.1832,0.25,-0.0668,0.0,0.0,0.0,0.0,-0.0067,0.0,0,0.0
1496.0,0.1744,0.25,-0.0756,0.0,0.0,0.0,0.0,-0.0076,0.0,0,0.0
1496.2,0.1767,0.2504,-0.0736,0.0005,0.0,0.0,0.0,-0.0076,0.0,0,0.0
1496.4,0.1752,0.2535,-0.0783,0.0051,0.0,0.0,0.0,-0.0104,0.0,0,0.0
1496.6,0.168,0.2507,-0.0827,0.001,0.0,0.0,0.0,-0.0088,0.0,0,0.0
1496.8,0.1768,0.25,-0.0732,0.0,0.0,0.0,0.0,-0.0073,0.0,0,0.0
1497.0,0.1704,0.2506,-0.0802,0.0008,0.0,0.0,0.0,-0.0084,0.0,0,0.0
1497.2,0.1721,0.25,-0.0779,0.0,0.0,0.0,0.0,-0.0078,0.0,0,0.0
1497.4,0.1824,0.2522,-0.0698,0.0031,0.0,0.0,0.0,-0.0085,0.0,0,0.0
1497.6,0.1686,0.25,-0.0814,0.0,0.0,0.0,0.0,-0.0081,0.0,0,0.0
1497.8,0.1775,0.25,-0.0725,0.0,0.0,0.0,0.0,-0.0073,0.0,0,0.0
1498.0,0.1818,0.2535,-0.0717,0.005,0.0,0.0,0.0,-0.0096,0.0,0,0.0
1498.2,0.176,0.2522,-0.0762,0.0031,0.0,0.0,0.0,-0.0092,0.0,0,0.0
1498.4,0.1776,0.25,-0.0724,0.0,0.0,0.0,0.0,-0.0072,0.0,0,0.0
1498.6,0.173,0.25,-0.077,0.0,0.0,0.0,0.0,-0.0077,0.0,0,0.0
1498.8,0.1758,0.2535,-0.0777,0.005,0.0,0.0,0.0,-0.0103,0.0,0,0.0
1499.0,0.1831,0.25,-0.0669,0.0,0.0,0.0,0.0,-0.0067,0.0,0,0.0
1499.2,0.1823,0.25,-0.0677,0.0,0.0,0.0,0.0,-0.0068,0.0,0,0.0
1499.4,0.1727,0.25,-0.0773,0.0,0.0,0.0,0.0,-0.0077,0.0,0,0.0
1499.6,0.1797,0.2521,-0.0724,0.003,0.0,0.0,0.0,-0.0087,0.0,0,0.0
1499.8,0.1757,0.2516,-0.0759,0.0023,0.0,0.0,0.0,-0.0087,0.0,0,0.0
1500.0,0.1745,0.25,-0.0755,0.0,0.0,0.0,0.0,-0.0076,0.0,0,0.0
1500.2,0.1785,0.2507,-0.0722,0.001,0.0515,0.0,0.0,-0.0077,0.0,0,0.0
1500.4,0.1923,0.25,-0.0577,0.0,0.0541,0.0,0.0,-0.0058,0.0,0,0.0
1500.6,0.2067,0.2523,-0.0456,0.0033,0.0567,0.0202,0.0405,0.0039,0.0,0,0.0
1500.8,0.2109,0.25,-0.0391,0.0,0.0595,0.0282,0.0565,0.0102,0.0,0,0.0
1501.0,0.2212,0.25,-0.0288,0.0,0.0624,0.0393,0.0787,0.0168,0.0,0,0.0
1501.2,0.2441,0.25,-0.0059,0.0,0.0653,0.0606,0.1212,0.0297,0.0,0,0.0
1501.4,0.2634,0.25,0.0134,0.0,0.0683,0.079,0.1581,0.0409,0.1989,126,0.0
1501.6,0.2653,0.2704,-0.0051,0.0291,0.0714,0.0673,0.1347,0.0186,0.1533,119,0.0
1501.8,0.2606,0.2924,-0.0317,0.0605,0.0746,0.0492,0.0985,-0.0088,0.0897,109,0.0
1502.0,0.268,0.3072,-0.0392,0.0817,0.0779,0.0465,0.093,-0.0215,0.0715,106,0.0
1502.2,0.2571,0.3199,-0.0629,0.0999,0.0812,0.0309,0.0619,-0.0408,0.0211,98,0.0
1502.4,0.2567,0.3265,-0.0697,0.1093,0.0847,0.0289,0.0577,-0.0472,0.0106,96,0.0
1502.6,0.2623,0.3323,-0.07,0.1175,0.0881,0.0321,0.0643,-0.0497,0.0146,97,0.0
1502.8,0.2437,0.3356,-0.0919,0.1223,0.0917,0.0182,0.0363,-0.0613,0.0,0,0.0
1503.0,0.2427,0.3208,-0.0781,0.1012,0.0953,0.0329,0.0657,-0.042,0.0,0,0.0
1503.2,0.2537,0.3126,-0.0588,0.0894,0.099,0.0519,0.1039,-0.0246,0.0793,107,0.0
1503.4,0.2379,0.3203,-0.0824,0.1004,0.1028,0.0369,0.0738,-0.04,0.0,0,0.0
1503.6,0.2594,0.3131,-0.0537,0.0902,0.1066,0.0636,0.1273,-0.0187,0.1086,112,0.0
1503.8,0.2598,0.3217,-0.0619,0.1024,0.1105,0.0609,0.1218,-0.027,0.0949,110,0.0
1504.0,0.2432,0.3303,-0.0871,0.1147,0.1144,0.0448,0.0895,-0.0437,0.0,0,0.0
1504.2,0.2468,0.3226,-0.0757,0.1037,0.1184,0.0578,0.1156,-0.0305,0.0,0,0.0
1504.4,0.2665,0.3101,-0.0437,0.0859,0.1224,0.0875,0.175,-0.0036,0.1714,122,0.0
1504.6,0.2705,0.3216,-0.0511,0.1023,0.1265,0.0856,0.1712,-0.0135,0.1577,120,0.0
1504.8,0.2746,0.3337,-0.0591,0.1196,0.1306,0.0834,0.1667,-0.024,0.1427,117,0.0
1505.0,0.2691,0.3413,-0.0722,0.1305,0.1348,0.077,0.1541,-0.0339,0.1202,114,0.0
1505.2,0.2664,0.3523,-0.0859,0.1462,0.139,0.0703,0.1406,-0.0465,0.0941,110,0.0
1505.4,0.2576,0.3529,-0.0953,0.1471,0.1433,0.067,0.1341,-0.0495,0.0845,108,0.0
1505.6,0.2689,0.3623,-0.0934,0.1605,0.1476,0.0728,0.1457,-0.0532,0.0925,109,0.0
1505.8,0.2524,0.3637,-0.1113,0.1625,0.1519,0.0628,0.1257,-0.061,0.0647,105,0.0
1506.0,0.2576,0.3642,-0.1066,0.1632,0.1562,0.0709,0.1419,-0.0568,0.0851,108,0.0
1506.2,0.263,0.3677,-0.1047,0.1682,0.1606,0.0768,0.1537,-0.0561,0.0976,110,0.0
1506.4,0.254,0.3689,-0.115,0.1699,0.165,0.073,0.1461,-0.0599,0.0862,108,0.0
1506.6,0.2448,0.3756,-0.1308,0.1794,0.1694,0.0648,0.1296,-0.0704,0.0,0,0.0
1506.8,0.2544,0.3547,-0.1003,0.1495,0.1739,0.0937,0.1873,-0.038,0.1494,118,0.0
1507.0,0.2671,0.3643,-0.0973,0.1633,0.1784,0.1005,0.2011,-0.0411,0.1599,120,0.0
1507.2,0.261,0.364,-0.103,0.1628,0.1828,0.1004,0.2009,-0.0415,0.1594,120,0.0
1507.4,0.2684,0.3727,-0.1043,0.1753,0.1873,0.1039,0.2078,-0.0461,0.1617,120,0.0
1507.6,0.2675,0.3756,-0.1081,0.1794,0.1918,0.1053,0.2106,-0.0479,0.1628,121,0.0
1507.8,0.2739,0.3756,-0.1017,0.1794,0.1963,0.1149,0.2299,-0.0424,0.1875,124,0.0
1508.0,0.2817,0.3847,-0.103,0.1924,0.2008,0.1184,0.2368,-0.0473,0.1895,125,0.0
1508.2,0.2863,0.3888,-0.1025,0.1983,0.2053,0.1233,0.2466,-0.0477,0.1989,126,0.0
1508.4,0.2771,0.3865,-0.1094,0.195,0.2098,0.1223,0.2446,-0.0473,0.1973,126,0.0
1508.6,0.2747,0.3892,-0.1145,0.1988,0.2143,0.1227,0.2454,-0.0495,0.1959,126,0.0
1508.8,0.2804,0.3948,-0.1145,0.2069,0.2188,0.1272,0.2544,-0.0513,0.2031,127,0.0
1509.0,0.2813,0.395,-0.1137,0.2072,0.2232,0.1323,0.2645,-0.0488,0.2157,129,0.0
1509.2,0.2993,0.4005,-0.1013,0.215,0.2277,0.1467,0.2934,-0.0443,0.2491,134,0.0
1509.4,0.3003,0.4033,-0.103,0.2189,0.2321,0.1497,0.2995,-0.0449,0.2546,135,0.0
1509.6,0.3034,0.4061,-0.1026,0.2229,0.2365,0.1544,0.3089,-0.0445,0.2644,137,0.0
1509.8,0.3122,0.4059,-0.0937,0.2228,0.2409,0.166,0.332,-0.0378,0.2942,142,0.0
1510.0,0.3164,0.4103,-0.0939,0.229,0.2453,0.1702,0.3403,-0.0388,0.3015,143,0.0
1510.2,0.3067,0.411,-0.1043,0.23,0.2496,0.1662,0.3324,-0.0423,0.29,141,0.0
1510.4,0.3182,0.4106,-0.0924,0.2294,0.254,0.18,0.3601,-0.0339,0.3262,147,0.0
1510.6,0.3289,0.4147,-0.0858,0.2353,0.2582,0.1896,0.3791,-0.0315,0.3477,150,0.0
1510.8,0.3311,0.4192,-0.0881,0.2417,0.2625,0.192,0.384,-0.0336,0.3504,151,0.0
1511.0,0.3385,0.4238,-0.0853,0.2483,0.2667,0.1985,0.3969,-0.0335,0.3635,153,0.0
1511.2,0.3408,0.4208,-0.08,0.244,0.2708,0.2068,0.4137,-0.0266,0.3871,156,0.0
1511.4,0.3476,0.425,-0.0774,0.2499,0.2749,0.213,0.4261,-0.0262,0.3999,158,0.0
1511.6,0.3446,0.4286,-0.084,0.2551,0.279,0.2118,0.4236,-0.03,0.3936,157,0.0
1511.8,0.3474,0.4321,-0.0846,0.2601,0.283,0.2153,0.4306,-0.0308,0.3998,158,0.0
1512.0,0.3419,0.4354,-0.0935,0.2649,0.287,0.2122,0.4244,-0.0357,0.3887,157,0.0
1512.2,0.349,0.4348,-0.0858,0.264,0.2909,0.2222,0.4445,-0.0295,0.415,161,0.0
1512.4,0.3699,0.4371,-0.0672,0.2673,0.2948,0.241,0.482,-0.0198,0.4622,168,0.0
1512.6,0.3649,0.437,-0.072,0.2671,0.2986,0.2409,0.4818,-0.0203,0.4615,168,0.0
1512.8,0.3747,0.4444,-0.0697,0.2777,0.3023,0.2465,0.493,-0.0226,0.4705,170,0.0
1513.0,0.387,0.4421,-0.0552,0.2745,0.306,0.2618,0.5237,-0.0118,0.5118,176,0.0
1513.2,0.3925,0.4458,-0.0533,0.2797,0.3096,0.267,0.5339,-0.0117,0.5222,178,0.0
1513.4,0.3984,0.4501,-0.0517,0.2858,0.3131,0.2718,0.5435,-0.0122,0.5313,180,0.0
1513.6,0.4011,0.4516,-0.0506,0.288,0.3166,0.2761,0.5522,-0.011,0.5412,181,0.0
1513.8,0.3925,0.4544,-0.0619,0.2919,0.32,0.2705,0.5409,-0.0169,0.524,178,0.0
1514.0,0.4057,0.4593,-0.0536,0.299,0.3233,0.2804,0.5609,-0.0146,0.5462,182,0.0
1514.2,0.4082,0.4632,-0.0551,0.3046,0.3265,0.2825,0.5649,-0.0166,0.5483,182,0.0
1514.4,0.4029,0.4636,-0.0607,0.3051,0.3297,0.2811,0.5622,-0.0181,0.5442,182,0.0
1514.6,0.4258,0.4642,-0.0384,0.306,0.3328,0.3021,0.6041,-0.0058,0.5983,190,0.0
1514.8,0.4216,0.4688,-0.0472,0.3126,0.3358,0.298,0.596,-0.012,0.584,188,0.0
1515.0,0.4183,0.4715,-0.0531,0.3164,0.3387,0.2961,0.5923,-0.0154,0.5768,187,0.0
1515.2,0.4298,0.4708,-0.041,0.3154,0.3415,0.3087,0.6174,-0.0075,0.6099,192,0.0
1515.4,0.4287,0.4719,-0.0432,0.3171,0.3442,0.3096,0.6193,-0.008,0.6112,192,0.0
1515.6,0.4503,0.4754,-0.0251,0.322,0.3469,0.3268,0.6536,-0.0001,0.6535,199,0.0
1515.8,0.443,0.476,-0.033,0.3228,0.3494,0.323,0.646,-0.0032,0.6428,197,0.0
1516.0,0.4526,0.479,-0.0265,0.3272,0.3519,0.3307,0.6615,-0.0009,0.6606,200,0.0
1516.2,0.447,0.4855,-0.0385,0.3364,0.3543,0.3235,0.647,-0.0103,0.6367,196,0.0
1516.4,0.4598,0.4843,-0.0245,0.3347,0.3565,0.3369,0.6738,-0.0014,0.6725,202,0.0
1516.6,0.4599,0.4838,-0.0239,0.334,0.3587,0.3396,0.6792,0.0004,0.6797,203,0.0
1516.8,0.4584,0.4872,-0.0288,0.3389,0.3608,0.3377,0.6755,-0.0034,0.672,202,0.0
1517.0,0.4676,0.4936,-0.026,0.348,0.3628,0.3419,0.6839,-0.0056,0.6782,203,0.0
1517.2,0.4722,0.4934,-0.0212,0.3478,0.3646,0.3477,0.6953,-0.0022,0.6932,205,0.0
1517.4,0.4773,0.494,-0.0167,0.3485,0.3664,0.3531,0.7061,0.0006,0.7067,208,0.0
1517.6,0.4753,0.4948,-0.0195,0.3497,0.3681,0.3525,0.7049,-0.0006,0.7043,207,0.0
1517.8,0.4769,0.4993,-0.0224,0.3562,0.3696,0.3517,0.7033,-0.0045,0.6988,206,0.0
1518.0,0.4954,0.4953,0.0001,0.3504,0.3711,0.3712,0.7423,0.0104,0.7527,215,0.0
1518.2,0.4867,0.5016,-0.0149,0.3594,0.3724,0.3605,0.7211,-0.0009,0.7201,210,0.0
1518.4,0.4848,0.499,-0.0142,0.3557,0.3737,0.3623,0.7245,0.0018,0.7264,211,0.0
1518.6,0.5029,0.5043,-0.0014,0.3633,0.3748,0.3737,0.7473,0.005,0.7523,215,0.0
1518.8,0.5027,0.5082,-0.0055,0.3689,0.3758,0.3714,0.7428,0.0007,0.7435,213,0.0
1519.0,0.5037,0.5079,-0.0042,0.3685,0.3767,0.3733,0.7467,0.002,0.7487,214,0.0
1519.2,0.5028,0.5053,-0.0025,0.3647,0.3775,0.3755,0.7511,0.0052,0.7562,215,0.0
1519.4,0.494,0.5122,-0.0183,0.3746,0.3782,0.3636,0.7272,-0.0073,0.7199,210,0.0
1519.6,0.5084,0.509,-0.0006,0.37,0.3788,0.3783,0.7566,0.0041,0.7607,216,0.0
1519.8,0.5044,0.5104,-0.006,0.372,0.3792,0.3745,0.7489,0.0006,0.7495,214,0.0
1520.0,0.5095,0.5113,-0.0018,0.3733,0.3796,0.3781,0.7563,0.0022,0.7585,216,0.0
1520.2,0.5181,0.5107,0.0074,0.3724,0.3798,0.38,0.76,0.0045,0.7645,217,0.0
1520.4,0.5179,0.5094,0.0084,0.3706,0.38,0.38,0.76,0.0055,0.7655,217,0.0
1520.6,0.5028,0.5134,-0.0106,0.3762,0.38,0.3715,0.7431,-0.0034,0.7397,213,0.0
1520.8,0.5097,0.5109,-0.0012,0.3727,0.3799,0.3789,0.7579,0.003,0.7609,216,0.0
1521.0,0.5061,0.5143,-0.0082,0.3776,0.3797,0.3731,0.7463,-0.003,0.7433,213,0.0
1521.2,0.5154,0.5144,0.0009,0.3777,0.3794,0.38,0.76,0.0012,0.7612,216,0.0
1521.4,0.5064,0.5152,-0.0088,0.3788,0.3789,0.3719,0.7438,-0.0043,0.7395,213,0.0
1521.6,0.504,0.5156,-0.0116,0.3795,0.3784,0.3691,0.7383,-0.0063,0.7319,212,0.0
1521.8,0.5072,0.5162,-0.0091,0.3803,0.3777,0.3705,0.741,-0.0058,0.7352,212,0.0
1522.0,0.5172,0.5169,0.0003,0.3813,0.377,0.3772,0.7545,-0.002,0.7525,215,0.0
1522.2,0.5053,0.5158,-0.0104,0.3797,0.3761,0.3678,0.7355,-0.007,0.7286,211,0.0
1522.4,0.5067,0.5118,-0.0051,0.374,0.3751,0.3711,0.7421,-0.002,0.7402,213,0.0
1522.6,0.5089,0.5124,-0.0035,0.3748,0.374,0.3712,0.7424,-0.0021,0.7403,213,0.0
1522.8,0.512,0.5156,-0.0036,0.3794,0.3728,0.3699,0.7398,-0.0051,0.7347,212,0.0
1523.0,0.5011,0.5101,-0.009,0.3716,0.3715,0.3643,0.7285,-0.0046,0.724,210,0.0
1523.2,0.5051,0.5146,-0.0095,0.378,0.3701,0.3624,0.7249,-0.0087,0.7161,209,0.0
1523.4,0.5121,0.5094,0.0027,0.3706,0.3685,0.3707,0.7414,0.0004,0.7418,213,0.0
1523.6,0.5044,0.5139,-0.0095,0.377,0.3669,0.3593,0.7187,-0.0098,0.7089,208,0.0
1523.8,0.4989,0.5119,-0.013,0.3741,0.3652,0.3548,0.7096,-0.011,0.6986,206,0.0
1524.0,0.5134,0.5075,0.0058,0.3679,0.3633,0.368,0.736,0.0006,0.7367,212,0.0
1524.2,0.509,0.5078,0.0012,0.3683,0.3614,0.3623,0.7247,-0.0028,0.7218,210,0.0
1524.4,0.5087,0.5082,0.0005,0.3688,0.3594,0.3598,0.7195,-0.0045,0.7151,209,0.0
1524.6,0.4925,0.5117,-0.0192,0.3739,0.3572,0.3419,0.6837,-0.0179,0.6658,201,0.0
1524.8,0.488,0.5077,-0.0196,0.3681,0.355,0.3393,0.6785,-0.0164,0.6621,200,0.0
1525.0,0.4954,0.5035,-0.0082,0.3622,0.3526,0.3461,0.6922,-0.0089,0.6833,204,0.0
1525.2,0.4798,0.5048,-0.025,0.364,0.3502,0.3302,0.6604,-0.0194,0.641,197,0.0
1525.4,0.4803,0.5062,-0.0258,0.3659,0.3477,0.327,0.654,-0.0221,0.6319,196,0.0
1525.6,0.4862,0.4998,-0.0136,0.3568,0.3451,0.3342,0.6683,-0.0127,0.6556,199,0.0
1525.8,0.4841,0.5012,-0.0171,0.3588,0.3423,0.3287,0.6573,-0.0168,0.6405,197,0.0
1526.0,0.4733,0.4984,-0.0251,0.3548,0.3395,0.3195,0.639,-0.0202,0.6188,194,0.0
1526.2,0.464,0.4998,-0.0358,0.3568,0.3367,0.3081,0.6161,-0.028,0.5882,189,0.0
1526.4,0.4771,0.4954,-0.0183,0.3505,0.3337,0.3191,0.6381,-0.0176,0.6205,194,0.0
1526.6,0.4629,0.4986,-0.0357,0.3552,0.3306,0.3021,0.6042,-0.0301,0.5741,186,0.0
1526.8,0.4665,0.4951,-0.0286,0.3501,0.3275,0.3046,0.6092,-0.0256,0.5836,188,0.0
1527.0,0.4621,0.4929,-0.0308,0.347,0.3243,0.2997,0.5994,-0.0267,0.5726,186,0.0
1527.2,0.4545,0.4894,-0.0348,0.3419,0.321,0.2931,0.5863,-0.0279,0.5584,184,0.0
1527.4,0.4482,0.4899,-0.0417,0.3427,0.3176,0.2842,0.5685,-0.0334,0.535,180,0.0
1527.6,0.4518,0.4865,-0.0347,0.3379,0.3142,0.2864,0.5729,-0.0292,0.5437,181,0.0
1527.8,0.4297,0.4861,-0.0564,0.3372,0.3107,0.2655,0.5311,-0.0415,0.4896,173,0.0
1528.0,0.4419,0.4809,-0.0389,0.3298,0.3071,0.276,0.5519,-0.0308,0.5211,178,0.0
1528.2,0.4231,0.4815,-0.0585,0.3307,0.3034,0.2567,0.5133,-0.0429,0.4704,170,0.0
1528.4,0.4211,0.4767,-0.0556,0.3239,0.2997,0.2552,0.5104,-0.0399,0.4705,170,0.0
1528.6,0.4228,0.4771,-0.0543,0.3244,0.2959,0.2525,0.505,-0.0414,0.4636,169,0.0
1528.8,0.4238,0.4725,-0.0487,0.3179,0.2921,0.2531,0.5063,-0.0373,0.469,170,0.0
1529.0,0.4137,0.4674,-0.0537,0.3106,0.2882,0.2452,0.4905,-0.0381,0.4524,167,0.0
1529.2,0.3993,0.4689,-0.0696,0.3126,0.2843,0.2286,0.4572,-0.049,0.4082,160,0.0
1529.4,0.3907,0.4617,-0.0709,0.3024,0.2803,0.2235,0.447,-0.0465,0.4005,159,0.0
1529.6,0.3902,0.4597,-0.0695,0.2995,0.2762,0.2206,0.4413,-0.0464,0.3949,158,0.0
1529.8,0.386,0.4602,-0.0742,0.3003,0.2721,0.2127,0.4254,-0.0512,0.3742,154,0.0
1530.0,0.3801,0.4579,-0.0778,0.297,0.268,0.2057,0.4114,-0.0534,0.358,152,0.0
1530.2,0.3712,0.4519,-0.0806,0.2884,0.2638,0.1993,0.3985,-0.0526,0.3459,150,0.0
1530.4,0.3638,0.4488,-0.085,0.2841,0.2595,0.1915,0.3831,-0.0548,0.3283,147,0.0
1530.6,0.3615,0.4514,-0.0899,0.2877,0.2553,0.1834,0.3667,-0.0612,0.3055,143,0.0
1530.8,0.3696,0.4428,-0.0732,0.2754,0.251,0.1925,0.3849,-0.0488,0.3361,148,0.0
1531.0,0.3497,0.4418,-0.0921,0.274,0.2466,0.173,0.346,-0.0597,0.2863,140,0.0
1531.2,0.3504,0.4422,-0.0918,0.2746,0.2423,0.1689,0.3377,-0.062,0.2757,139,0.0
1531.4,0.333,0.4346,-0.1017,0.2638,0.2379,0.1566,0.3131,-0.0638,0.2494,134,0.0
1531.6,0.3282,0.4347,-0.1065,0.2639,0.2335,0.1483,0.2965,-0.0685,0.228,131,0.0
1531.8,0.3354,0.4317,-0.0963,0.2596,0.2291,0.152,0.304,-0.0634,0.2406,133,0.0
1532.0,0.3338,0.4306,-0.0967,0.258,0.2246,0.1472,0.2945,-0.065,0.2294,131,0.0
1532.2,0.3258,0.4254,-0.0995,0.2505,0.2201,0.1405,0.281,-0.065,0.216,129,0.0
1532.4,0.3128,0.4204,-0.1076,0.2434,0.2157,0.1296,0.2591,-0.0677,0.1914,125,0.0
1532.6,0.3091,0.4204,-0.1114,0.2435,0.2112,0.1221,0.2441,-0.0718,0.1723,122,0.0
1532.8,0.2958,0.4185,-0.1226,0.2407,0.2067,0.1086,0.2172,-0.0783,0.1389,117,0.0
1533.0,0.3002,0.4132,-0.113,0.2332,0.2022,0.1118,0.2235,-0.072,0.1515,119,0.0
1533.2,0.2779,0.409,-0.131,0.2271,0.1977,0.0929,0.1857,-0.0802,0.1055,111,0.0
1533.4,0.2782,0.408,-0.1298,0.2257,0.1932,0.0894,0.1788,-0.0811,0.0976,110,0.0
1533.6,0.2779,0.4019,-0.124,0.217,0.1887,0.0895,0.179,-0.0761,0.1028,111,0.0
1533.8,0.2757,0.4032,-0.1276,0.2189,0.1842,0.0821,0.1643,-0.0812,0.0831,108,0.0
1534.0,0.2611,0.3994,-0.1383,0.2135,0.1797,0.0691,0.1382,-0.086,0.0522,103,0.0
1534.2,0.2594,0.398,-0.1386,0.2115,0.1753,0.0644,0.1288,-0.0874,0.0414,101,0.0
1534.4,0.2387,0.3937,-0.155,0.2052,0.1708,0.0469,0.0937,-0.0947,0.0,0,0.0
1534.6,0.2449,0.3714,-0.1265,0.1735,0.1664,0.0652,0.1303,-0.0668,0.0,0,0.0
1534.8,0.2427,0.3507,-0.1081,0.1439,0.162,0.0755,0.1511,-0.045,0.0,0,0.0
1535.0,0.2483,0.3349,-0.0866,0.1213,0.1576,0.0883,0.1767,-0.0251,0.0,0,0.0
1535.2,0.2641,0.325,-0.0609,0.1071,0.1532,0.1045,0.2089,-0.0074,0.2015,127,0.0
1535.4,0.2776,0.3383,-0.0606,0.1261,0.1489,0.1004,0.2008,-0.0189,0.1819,124,0.0
1535.6,0.2653,0.3501,-0.0849,0.1431,0.1446,0.0767,0.1534,-0.0417,0.1117,112,0.0
1535.8,0.2781,0.3522,-0.0741,0.146,0.1403,0.0811,0.1621,-0.0399,0.1223,114,0.0
1536.0,0.2711,0.3596,-0.0884,0.1565,0.1361,0.0654,0.1307,-0.0544,0.0763,107,0.0
1536.2,0.2635,0.3617,-0.0982,0.1595,0.1319,0.0533,0.1067,-0.0629,0.0438,102,0.0
1536.4,0.2495,0.3626,-0.1132,0.1609,0.1278,0.0372,0.0745,-0.0731,0.0,0,0.0
1536.6,0.2542,0.3463,-0.0921,0.1376,0.1237,0.05,0.1001,-0.053,0.0471,102,0.0
1536.8,0.2482,0.3523,-0.1041,0.1462,0.1196,0.0364,0.0727,-0.0653,0.0,0,0.0
1537.0,0.2441,0.339,-0.0949,0.1271,0.1156,0.0397,0.0794,-0.0532,0.0,0,0.0
1537.2,0.2519,0.323,-0.0711,0.1043,0.1117,0.0548,0.1095,-0.0319,0.0777,107,0.0
1537.4,0.2491,0.3298,-0.0807,0.114,0.1078,0.0432,0.0864,-0.0435,0.0,0,0.0
1537.6,0.2453,0.3232,-0.0778,0.1045,0.104,0.0417,0.0833,-0.0392,0.0,0,0.0
1537.8,0.2494,0.3124,-0.063,0.0892,0.1002,0.0497,0.0995,-0.026,0.0,0,0.0
1538.0,0.254,0.3039,-0.0499,0.0771,0.0965,0.0565,0.113,-0.0153,0.0978,110,0.0
1538.2,0.2445,0.3111,-0.0666,0.0873,0.0928,0.0395,0.079,-0.0305,0.0,0,0.0
1538.4,0.2621,0.3042,-0.0422,0.0775,0.0892,0.0555,0.111,-0.0152,0.0958,110,0.0
1538.6,0.2511,0.3143,-0.0632,0.0918,0.0857,0.0352,0.0703,-0.0347,0.0357,100,0.0
1538.8,0.2396,0.3224,-0.0828,0.1034,0.0823,0.0161,0.0321,-0.0519,0.0,0,0.0
1539.0,0.2467,0.3111,-0.0644,0.0873,0.0789,0.0274,0.0547,-0.0364,0.0,0,0.0
1539.2,0.2388,0.3033,-0.0646,0.0762,0.0756,0.024,0.048,-0.0326,0.0,0,0.0
1539.4,0.2401,0.2955,-0.0555,0.0651,0.0724,0.028,0.0561,-0.0241,0.0,0,0.0
1539.6,0.2544,0.2913,-0.0369,0.059,0.0693,0.0397,0.0794,-0.0133,0.0661,105,0.0
1539.8,0.2395,0.3058,-0.0663,0.0797,0.0662,0.0132,0.0264,-0.0398,0.0,0,0.0
1540.0,0.2536,0.292,-0.0385,0.0601,0.0633,0.0325,0.065,-0.0176,0.0474,102,0.0
1540.2,0.2366,0.3039,-0.0672,0.0769,0.0604,0.0066,0.0132,-0.0419,0.0,0,0.0
1540.4,0.2393,0.2977,-0.0584,0.0682,0.0576,0.0109,0.0217,-0.0345,0.0,0,0.0
1540.6,0.2471,0.2887,-0.0416,0.0552,0.0549,0.0216,0.0432,-0.021,0.0,0,0.0
1540.8,0.2499,0.2816,-0.0317,0.0452,0.0523,0.0269,0.0538,-0.0123,0.0,0,0.0
1541.0,0.2321,0.2771,-0.045,0.0387,0.0,0.0,0.0,-0.0239,0.0,0,0.0
1541.2,0.2261,0.2778,-0.0517,0.0397,0.0,0.0,0.0,-0.025,0.0,0,0.0
1541.4,0.2232,0.2702,-0.047,0.0289,0.0,0.0,0.0,-0.0192,0.0,0,0.0
1541.6,0.2056,0.2685,-0.0628,0.0264,0.0,0.0,0.0,-0.0195,0.0,0,0.0
1541.8,0.2033,0.2642,-0.0609,0.0203,0.0,0.0,0.0,-0.0162,0.0,0,0.0
1542.0,0.2037,0.2647,-0.061,0.021,0.0,0.0,0.0,-0.0166,0.0,0,0.0
1542.2,0.1957,0.2629,-0.0672,0.0185,0.0,0.0,0.0,-0.016,0.0,0,0.0
1542.4,0.2081,0.2584,-0.0503,0.012,0.0,0.0,0.0,-0.0111,0.0,0,0.0
1542.6,0.1894,0.2584,-0.0691,0.012,0.0,0.0,0.0,-0.0129,0.0,0,0.0
1542.8,0.2006,0.2567,-0.0561,0.0095,0.0,0.0,0.0,-0.0104,0.0,0,0.0
1543.0,0.197,0.2557,-0.0586,0.0081,0.0,0.0,0.0,-0.0099,0.0,0,0.0
1543.2,0.1918,0.2538,-0.062,0.0054,0.0,0.0,0.0,-0.0089,0.0,0,0.0
1543.4,0.1881,0.2523,-0.0642,0.0033,0.0,0.0,0.0,-0.0081,0.0,0,0.0
1543.6,0.1904,0.2507,-0.0603,0.001,0.0,0.0,0.0,-0.0065,0.0,0,0.0
1543.8,0.1958,0.2528,-0.057,0.004,0.0,0.0,0.0,-0.0077,0.0,0,0.0
1544.0,0.178,0.2542,-0.0762,0.006,0.0,0.0,0.0,-0.0106,0.0,0,0.0
1544.2,0.178,0.2531,-0.0751,0.0044,0.0,0.0,0.0,-0.0097,0.0,0,0.0
1544.4,0.1901,0.25,-0.0599,0.0,0.0,0.0,0.0,-0.006,0.0,0,0.0
1544.6,0.1957,0.2525,-0.0567,0.0035,0.0,0.0,0.0,-0.0074,0.0,0,0.0
1544.8,0.1895,0.2522,-0.0627,0.0032,0.0,0.0,0.0,-0.0079,0.0,0,0.0
1545.0,0.1772,0.25,-0.0728,0.0,0.0,0.0,0.0,-0.0073,0.0,0,0.0
1545.2,0.1926,0.253,-0.0604,0.0043,0.0,0.0,0.0,-0.0082,0.0,0,0.0
1545.4,0.176,0.2542,-0.0782,0.0061,0.0,0.0,0.0,-0.0109,0.0,0,0.0
1545.6,0.1759,0.25,-0.0741,0.0,0.0,0.0,0.0,-0.0074,0.0,0,0.0
1545.8,0.1781,0.25,-0.0719,0.0,0.0,0.0,0.0,-0.0072,0.0,0,0.0
1546.0,0.1801,0.2519,-0.0718,0.0028,0.0,0.0,0.0,-0.0086,0.0,0,0.0
1546.2,0.1835,0.25,-0.0665,0.0,0.0,0.0,0.0,-0.0066,0.0,0,0.0
1546.4,0.1859,0.25,-0.0641,0.0,0.0,0.0,0.0,-0.0064,0.0,0,0.0
1546.6,0.1872,0.25,-0.0628,0.0,0.0,0.0,0.0,-0.0063,0.0,0,0.0
1546.8,0.1864,0.25,-0.0636,0.0,0.0,0.0,0.0,-0.0064,0.0,0,0.0
1547.0,0.1741,0.2519,-0.0779,0.0027,0.0,0.0,0.0,-0.0092,0.0,0,0.0
1547.2,0.1767,0.25,-0.0733,0.0,0.0,0.0,0.0,-0.0073,0.0,0,0.0
1547.4,0.1776,0.2506,-0.0731,0.0009,0.0,0.0,0.0,-0.0078,0.0,0,0.0
1547.6,0.1748,0.2531,-0.0783,0.0044,0.0,0.0,0.0,-0.0101,0.0,0,0.0
1547.8,0.1763,0.25,-0.0737,0.0,0.0,0.0,0.0,-0.0074,0.0,0,0.0
1548.0,0.1924,0.2502,-0.0578,0.0004,0.0,0.0,0.0,-0.006,0.0,0,0.0
1548.2,0.1922,0.2521,-0.0599,0.0031,0.0,0.0,0.0,-0.0075,0.0,0,0.0
1548.4,0.1834,0.25,-0.0666,0.0,0.0,0.0,0.0,-0.0067,0.0,0,0.0
1548.6,0.1937,0.2529,-0.0591,0.0041,0.0,0.0,0.0,-0.008,0.0,0,0.0
1548.8,0.175,0.2526,-0.0776,0.0037,0.0,0.0,0.0,-0.0096,0.0,0,0.0
1549.0,0.1871,0.2534,-0.0662,0.0048,0.0,0.0,0.0,-0.009,0.0,0,0.0
1549.2,0.1751,0.2513,-0.0762,0.0019,0.0,0.0,0.0,-0.0086,0.0,0,0.0
1549.4,0.1767,0.25,-0.0733,0.0,0.0,0.0,0.0,-0.0073,0.0,0,0.0
1549.6,0.1774,0.25,-0.0726,0.0,0.0,0.0,0.0,-0.0073,0.0,0,0.0
1549.8,0.1743,0.25,-0.0757,0.0,0.0,0.0,0.0,-0.0076,0.0,0,0.0
1550.0,0.1816,0.25,-0.0684,0.0,0.0,0.0,0.0,-0.0068,0.0,0,0.0
1550.2,0.1814,0.25,-0.0686,0.0,0.0,0.0,0.0,-0.0069,0.0,0,0.0
1550.4,0.1861,0.25,-0.0639,0.0,0.0506,0.0,0.0,-0.0064,0.0,0,0.0
1550.6,0.2074,0.25,-0.0426,0.0,0.0532,0.0191,0.0383,0.0053,0.0,0,0.0
1550.8,0.2126,0.25,-0.0374,0.0,0.0558,0.0259,0.0518,0.0092,0.0,0,0.0
1551.0,0.2302,0.2522,-0.022,0.0032,0.0586,0.041,0.082,0.0167,0.0,0,0.0
1551.2,0.2456,0.25,-0.0044,0.0,0.0614,0.0579,0.1158,0.0285,0.0,0,0.0
1551.4,0.2559,0.2535,0.0024,0.005,0.0643,0.0663,0.1325,0.0309,0.1634,121,0.0
1551.6,0.2681,0.2718,-0.0038,0.0312,0.0673,0.0643,0.1286,0.0162,0.1448,118,0.0
1551.8,0.2647,0.294,-0.0294,0.0629,0.0704,0.0469,0.0938,-0.0109,0.0829,108,0.0
1552.0,0.255,0.3031,-0.0481,0.0759,0.0736,0.0351,0.0702,-0.0252,0.045,102,0.0
1552.2,0.2645,0.3172,-0.0527,0.096,0.0768,0.0347,0.0693,-0.0359,0.0334,100,0.0
1552.4,0.2513,0.3275,-0.0763,0.1108,0.0801,0.0191,0.0383,-0.0534,0.0,0,0.0
1552.6,0.2451,0.3111,-0.066,0.0873,0.0835,0.0307,0.0615,-0.0349,0.0,0,0.0
1552.8,0.2588,0.3015,-0.0427,0.0736,0.087,0.0529,0.1057,-0.0146,0.0911,109,0.0
1553.0,0.2578,0.3155,-0.0577,0.0936,0.0905,0.0444,0.0887,-0.0304,0.0583,104,0.0
1553.2,0.2462,0.3238,-0.0776,0.1054,0.0941,0.0321,0.0642,-0.0444,0.0,0,0.0
1553.4,0.2492,0.3165,-0.0673,0.0949,0.0978,0.044,0.088,-0.0322,0.0,0,0.0
1553.6,0.2639,0.3021,-0.0381,0.0744,0.1015,0.071,0.1421,-0.0055,0.1366,116,0.0
1553.8,0.2644,0.3165,-0.0521,0.095,0.1053,0.0637,0.1273,-0.0209,0.1064,112,0.0
1554.0,0.2529,0.3299,-0.0769,0.1141,0.1092,0.0477,0.0953,-0.0409,0.0544,103,0.0
1554.2,0.2499,0.3385,-0.0887,0.1265,0.1131,0.0422,0.0844,-0.051,0.0,0,0.0
1554.4,0.2576,0.3241,-0.0666,0.1059,0.1171,0.0638,0.1276,-0.0277,0.0999,110,0.0
1554.6,0.254,0.3301,-0.0762,0.1144,0.1211,0.0602,0.1203,-0.0348,0.0856,108,0.0
1554.8,0.2508,0.3371,-0.0863,0.1244,0.1252,0.0561,0.1123,-0.0427,0.0695,106,0.0
1555.0,0.2606,0.3446,-0.084,0.1352,0.1293,0.0621,0.1241,-0.045,0.0791,107,0.0
1555.2,0.2596,0.3528,-0.0932,0.1469,0.1334,0.0589,0.1178,-0.0533,0.0645,105,0.0
1555.4,0.2434,0.3591,-0.1157,0.1559,0.1376,0.0451,0.0902,-0.067,0.0,0,0.0
1555.6,0.2618,0.3375,-0.0757,0.125,0.1419,0.0813,0.1626,-0.0294,0.1332,116,0.0
1555.8,0.2524,0.3477,-0.0953,0.1395,0.1462,0.0699,0.1399,-0.0443,0.0955,110,0.0
1556.0,0.2478,0.3561,-0.1082,0.1516,0.1505,0.0639,0.1278,-0.0547,0.0,0,0.0
1556.2,0.2521,0.3372,-0.0852,0.1246,0.1548,0.0867,0.1734,-0.0275,0.1459,118,0.0
1556.4,0.2696,0.3479,-0.0784,0.1399,0.1592,0.0965,0.193,-0.0295,0.1635,121,0.0
1556.6,0.2637,0.3579,-0.0942,0.1541,0.1636,0.0882,0.1764,-0.0424,0.134,116,0.0
1556.8,0.2781,0.3598,-0.0816,0.1568,0.168,0.1027,0.2054,-0.0352,0.1702,122,0.0
1557.0,0.2693,0.3677,-0.0984,0.1682,0.1724,0.0937,0.1874,-0.0471,0.1403,117,0.0
1557.2,0.2684,0.3726,-0.1042,0.1751,0.1769,0.0936,0.1871,-0.0512,0.1359,116,0.0
1557.4,0.2718,0.3714,-0.0996,0.1734,0.1814,0.1017,0.2034,-0.0458,0.1575,120,0.0
1557.6,0.2718,0.3803,-0.1085,0.1862,0.1858,0.0991,0.1981,-0.0544,0.1437,117,0.0
1557.8,0.2711,0.3816,-0.1105,0.188,0.1903,0.1019,0.2038,-0.0541,0.1497,118,0.0
1558.0,0.2854,0.3828,-0.0973,0.1897,0.1948,0.117,0.2339,-0.0461,0.1878,125,0.0
1558.2,0.2803,0.3839,-0.1036,0.1913,0.1993,0.1164,0.2329,-0.0478,0.185,124,0.0
1558.4,0.2751,0.3889,-0.1138,0.1985,0.2038,0.1128,0.2256,-0.0542,0.1714,122,0.0
1558.6,0.2779,0.3913,-0.1134,0.2019,0.2083,0.1176,0.2353,-0.0535,0.1818,124,0.0
1558.8,0.2737,0.3945,-0.1208,0.2064,0.2128,0.1162,0.2324,-0.0572,0.1752,123,0.0
1559.0,0.2824,0.3971,-0.1147,0.2101,0.2173,0.1256,0.2511,-0.0537,0.1974,126,0.0
1559.2,0.2912,0.3983,-0.107,0.2118,0.2218,0.1361,0.2723,-0.0485,0.2237,130,0.0
1559.4,0.2923,0.4012,-0.1089,0.2159,0.2262,0.1391,0.2783,-0.0493,0.229,131,0.0
1559.6,0.299,0.3992,-0.1001,0.2131,0.2307,0.1506,0.3011,-0.0413,0.2599,136,0.0
1559.8,0.2954,0.4029,-0.1075,0.2184,0.2351,0.1491,0.2983,-0.0454,0.2529,135,0.0
1560.0,0.3086,0.4075,-0.0989,0.225,0.2395,0.1604,0.3207,-0.0422,0.2785,139,0.0
1560.2,0.3117,0.4103,-0.0987,0.2291,0.2439,0.1649,0.3299,-0.0419,0.2879,141,0.0
1560.4,0.2994,0.4106,-0.1112,0.2295,0.2482,0.1593,0.3185,-0.0462,0.2723,138,0.0
1560.6,0.3116,0.4108,-0.0992,0.2297,0.2525,0.1732,0.3463,-0.0382,0.3081,144,0.0
1560.8,0.3234,0.4136,-0.0902,0.2337,0.2568,0.1846,0.3693,-0.0336,0.3357,148,0.0
1561.0,0.3207,0.4198,-0.0992,0.2426,0.2611,0.1817,0.3635,-0.0404,0.3231,146,0.0
1561.2,0.321,0.4215,-0.1005,0.2451,0.2653,0.1849,0.3698,-0.0401,0.3296,147,0.0
1561.4,0.334,0.418,-0.0841,0.2401,0.2695,0.2022,0.4044,-0.0273,0.3771,155,0.0
1561.6,0.3387,0.4212,-0.0825,0.2446,0.2736,0.2076,0.4151,-0.0268,0.3884,157,0.0
1561.8,0.351,0.4301,-0.0791,0.2573,0.2777,0.2144,0.4288,-0.0293,0.3994,158,0.0
1562.0,0.3552,0.4261,-0.0709,0.2516,0.2817,0.225,0.4499,-0.0204,0.4296,163,0.0
1562.2,0.3461,0.4351,-0.089,0.2644,0.2857,0.2145,0.4289,-0.0339,0.3951,158,0.0
1562.4,0.3674,0.4362,-0.0688,0.266,0.2896,0.2346,0.4692,-0.0226,0.4466,166,0.0
1562.6,0.3718,0.4351,-0.0634,0.2645,0.2935,0.2428,0.4856,-0.0172,0.4685,169,0.0
1562.8,0.3618,0.4408,-0.079,0.2725,0.2973,0.2341,0.4682,-0.0271,0.4411,165,0.0
1563.0,0.3682,0.4461,-0.0779,0.2801,0.3011,0.2387,0.4775,-0.0285,0.449,166,0.0
1563.2,0.3749,0.4416,-0.0667,0.2738,0.3048,0.2514,0.5028,-0.0179,0.4849,172,0.0
1563.4,0.3871,0.4493,-0.0622,0.2847,0.3084,0.2587,0.5174,-0.0192,0.4981,174,0.0
1563.6,0.3794,0.4518,-0.0724,0.2883,0.312,0.254,0.5081,-0.0244,0.4837,172,0.0
1563.8,0.3924,0.4552,-0.0628,0.2932,0.3154,0.2652,0.5304,-0.0203,0.5102,176,0.0
1564.0,0.3934,0.4542,-0.0608,0.2917,0.3189,0.2703,0.5405,-0.0168,0.5237,178,0.0
1564.2,0.4043,0.4585,-0.0542,0.2978,0.3222,0.2788,0.5577,-0.0149,0.5428,181,0.0
1564.4,0.4074,0.4564,-0.049,0.2948,0.3255,0.2863,0.5726,-0.0092,0.5634,185,0.0
1564.6,0.41,0.4634,-0.0534,0.3048,0.3287,0.2859,0.5719,-0.0148,0.5571,184,0.0
1564.8,0.4115,0.4655,-0.0541,0.3079,0.3318,0.2885,0.577,-0.0151,0.5619,184,0.0
1565.0,0.4232,0.4632,-0.04,0.3046,0.3348,0.3028,0.6055,-0.0049,0.6007,191,0.0
1565.2,0.431,0.471,-0.04,0.3157,0.3377,0.3057,0.6114,-0.009,0.6024,191,0.0
1565.4,0.4278,0.4695,-0.0417,0.3136,0.3406,0.3072,0.6144,-0.0074,0.607,192,0.0
1565.6,0.4367,0.4732,-0.0365,0.3189,0.3433,0.3141,0.6283,-0.006,0.6223,194,0.0
1565.8,0.443,0.4749,-0.0319,0.3213,0.346,0.3205,0.6409,-0.0036,0.6373,196,0.0
1566.0,0.447,0.477,-0.0301,0.3243,0.3486,0.3246,0.6491,-0.0029,0.6462,198,0.0
1566.2,0.4602,0.4792,-0.019,0.3275,0.3511,0.3359,0.6717,0.0023,0.674,202,0.0
1566.4,0.4544,0.4817,-0.0273,0.3311,0.3535,0.3317,0.6633,-0.0024,0.6609,200,0.0
1566.6,0.4628,0.4832,-0.0203,0.3331,0.3558,0.3395,0.6791,0.0012,0.6803,203,0.0
1566.8,0.4556,0.4862,-0.0306,0.3374,0.358,0.3335,0.667,-0.005,0.6621,200,0.0
1567.0,0.4612,0.4911,-0.0299,0.3444,0.3601,0.3362,0.6724,-0.0071,0.6653,201,0.0
1567.2,0.4721,0.4905,-0.0184,0.3435,0.3621,0.3474,0.6948,0.0001,0.6949,206,0.0
1567.4,0.4652,0.4924,-0.0272,0.3463,0.364,0.3423,0.6846,-0.0047,0.6798,203,0.0
1567.6,0.4875,0.4914,-0.0039,0.3448,0.3658,0.3627,0.7254,0.0086,0.734,212,0.0
1567.8,0.4823,0.4973,-0.015,0.3533,0.3675,0.3555,0.711,-0.0004,0.7106,208,0.0
1568.0,0.4763,0.4963,-0.0199,0.3518,0.3691,0.3532,0.7063,-0.0013,0.705,207,0.0
1568.2,0.492,0.4968,-0.0048,0.3526,0.3706,0.3668,0.7336,0.0066,0.7402,213,0.0
1568.4,0.4845,0.5041,-0.0197,0.363,0.372,0.3563,0.7125,-0.0054,0.7071,208,0.0
1568.6,0.4882,0.5022,-0.014,0.3603,0.3733,0.3621,0.7241,-0.0005,0.7236,210,0.0
1568.8,0.4952,0.5052,-0.01,0.3646,0.3744,0.3664,0.7329,-0.0001,0.7328,212,0.0
1569.0,0.5021,0.5027,-0.0006,0.361,0.3755,0.375,0.75,0.007,0.757,216,0.0
1569.2,0.5046,0.5083,-0.0037,0.3689,0.3764,0.3735,0.747,0.0019,0.7489,214,0.0
1569.4,0.5058,0.5054,0.0004,0.3649,0.3773,0.3776,0.7552,0.0064,0.7616,216,0.0
1569.6,0.5125,0.5089,0.0036,0.3699,0.378,0.38,0.76,0.0054,0.7654,217,0.0
1569.8,0.4942,0.5131,-0.0189,0.3759,0.3786,0.3635,0.727,-0.0081,0.7188,210,0.0
1570.0,0.501,0.5123,-0.0113,0.3747,0.3791,0.37,0.7401,-0.0035,0.7366,212,0.0
1570.2,0.5014,0.5117,-0.0103,0.3739,0.3795,0.3712,0.7425,-0.0024,0.7401,213,0.0
1570.4,0.4986,0.5083,-0.0097,0.369,0.3798,0.372,0.7441,0.0006,0.7446,214,0.0
1570.6,0.5015,0.5105,-0.009,0.3721,0.3799,0.3728,0.7456,-0.0006,0.745,214,0.0
1570.8,0.5201,0.5104,0.0097,0.3719,0.38,0.38,0.76,0.005,0.765,217,0.0
1571.0,0.5212,0.5156,0.0057,0.3794,0.3799,0.38,0.76,0.0009,0.7609,216,0.0
1571.2,0.5055,0.516,-0.0105,0.3801,0.3798,0.3714,0.7428,-0.0054,0.7374,212,0.0
1571.4,0.5197,0.5133,0.0063,0.3762,0.3795,0.38,0.76,0.0025,0.7625,217,0.0
1571.6,0.5046,0.5148,-0.0101,0.3782,0.3791,0.371,0.742,-0.0046,0.7373,212,0.0
1571.8,0.5137,0.5164,-0.0027,0.3806,0.3786,0.3764,0.7528,-0.0024,0.7504,215,0.0
1572.0,0.5214,0.5158,0.0057,0.3797,0.378,0.38,0.76,0.0007,0.7607,216,0.0
1572.2,0.5106,0.5112,-0.0007,0.3732,0.3772,0.3767,0.7534,0.0017,0.7551,215,0.0
1572.4,0.5222,0.5154,0.0069,0.3791,0.3764,0.38,0.76,0.0011,0.7611,216,0.0
1572.6,0.5068,0.5164,-0.0096,0.3805,0.3754,0.3678,0.7356,-0.0073,0.7283,211,0.0
1572.8,0.5188,0.5168,0.002,0.3812,0.3744,0.376,0.752,-0.0024,0.7496,214,0.0
1573.0,0.518,0.5121,0.006,0.3744,0.3732,0.378,0.756,0.0024,0.7583,216,0.0
1573.2,0.5031,0.5122,-0.009,0.3745,0.3719,0.3647,0.7295,-0.0058,0.7237,210,0.0
1573.4,0.5116,0.5145,-0.0028,0.3778,0.3706,0.3683,0.7365,-0.0051,0.7315,212,0.0
1573.6,0.5039,0.512,-0.0081,0.3743,0.3691,0.3625,0.7251,-0.0067,0.7184,209,0.0
1573.8,0.5124,0.5115,0.001,0.3735,0.3675,0.3682,0.7365,-0.0025,0.734,212,0.0
1574.0,0.4988,0.5121,-0.0133,0.3744,0.3658,0.3551,0.7103,-0.0109,0.6993,206,0.0
1574.2,0.4963,0.5124,-0.0161,0.3749,0.364,0.3511,0.7021,-0.0135,0.6886,205,0.0
1574.4,0.4991,0.513,-0.0139,0.3757,0.362,0.3509,0.7019,-0.0138,0.6881,205,0.0
1574.6,0.5069,0.5093,-0.0023,0.3704,0.36,0.3582,0.7163,-0.0064,0.71,208,0.0
1574.8,0.4942,0.5114,-0.0172,0.3734,0.3579,0.3441,0.6883,-0.0164,0.6719,202,0.0
1575.0,0.4973,0.5054,-0.0081,0.3649,0.3557,0.3492,0.6985,-0.0086,0.6898,205,0.0
1575.2,0.4917,0.505,-0.0133,0.3643,0.3534,0.3428,0.6855,-0.0121,0.6734,202,0.0
1575.4,0.4787,0.5068,-0.0281,0.3669,0.351,0.3285,0.657,-0.022,0.635,196,0.0
1575.6,0.4758,0.5062,-0.0304,0.366,0.3485,0.3242,0.6483,-0.024,0.6243,194,0.0
1575.8,0.4873,0.5037,-0.0163,0.3624,0.3459,0.3329,0.6657,-0.0164,0.6493,198,0.0
1576.0,0.4869,0.502,-0.0152,0.36,0.3432,0.3311,0.6622,-0.016,0.6463,198,0.0
1576.2,0.4694,0.5012,-0.0318,0.3589,0.3405,0.315,0.6301,-0.0251,0.6049,191,0.0
1576.4,0.4746,0.4955,-0.0209,0.3508,0.3376,0.3209,0.6418,-0.017,0.6248,194,0.0
1576.6,0.4782,0.4967,-0.0186,0.3525,0.3347,0.3198,0.6396,-0.0182,0.6214,194,0.0
1576.8,0.4672,0.4942,-0.027,0.3488,0.3316,0.3101,0.6202,-0.0221,0.5981,190,0.0
1577.0,0.4694,0.4935,-0.0242,0.3479,0.3285,0.3092,0.6184,-0.0218,0.5966,190,0.0
1577.2,0.4521,0.4909,-0.0388,0.3442,0.3253,0.2943,0.5886,-0.0288,0.5598,184,0.0
1577.4,0.4515,0.4935,-0.042,0.3479,0.3221,0.2885,0.5769,-0.0339,0.543,181,0.0
1577.6,0.4547,0.4902,-0.0355,0.3431,0.3187,0.2903,0.5806,-0.03,0.5507,183,0.0
1577.8,0.4426,0.4869,-0.0444,0.3384,0.3153,0.2798,0.5597,-0.0337,0.5259,179,0.0
1578.0,0.4482,0.4856,-0.0374,0.3365,0.3118,0.2819,0.5638,-0.0311,0.5327,180,0.0
1578.2,0.4263,0.479,-0.0528,0.3272,0.3083,0.2661,0.5321,-0.0358,0.4963,174,0.0
1578.4,0.4322,0.4779,-0.0457,0.3255,0.3046,0.2681,0.5362,-0.0333,0.503,175,0.0
1578.6,0.4261,0.4804,-0.0543,0.3291,0.3009,0.2575,0.515,-0.0412,0.4738,170,0.0
1578.8,0.4189,0.4738,-0.0549,0.3197,0.2972,0.2533,0.5065,-0.0387,0.4678,169,0.0
1579.0,0.4253,0.4701,-0.0448,0.3145,0.2934,0.2575,0.5151,-0.0329,0.4821,172,0.0
1579.2,0.4044,0.4735,-0.0691,0.3192,0.2895,0.2342,0.4684,-0.0494,0.419,162,0.0
1579.4,0.4156,0.4677,-0.052,0.311,0.2856,0.2439,0.4879,-0.0387,0.4492,166,0.0
1579.6,0.3969,0.4676,-0.0706,0.3108,0.2816,0.2251,0.4501,-0.0499,0.4002,159,0.0
1579.8,0.4025,0.4655,-0.063,0.3078,0.2775,0.2271,0.4542,-0.0467,0.4076,160,0.0
1580.0,0.386,0.4613,-0.0752,0.3018,0.2735,0.2133,0.4265,-0.0518,0.3748,154,0.0
1580.2,0.3899,0.4562,-0.0664,0.2946,0.2693,0.2162,0.4325,-0.0458,0.3867,156,0.0
1580.4,0.3825,0.4564,-0.0739,0.2948,0.2651,0.206,0.4121,-0.0518,0.3603,152,0.0
1580.6,0.374,0.4552,-0.0813,0.2932,0.2609,0.1959,0.3918,-0.0568,0.335,148,0.0
1580.8,0.3686,0.4515,-0.0828,0.2878,0.2567,0.1904,0.3808,-0.057,0.3238,146,0.0
1581.0,0.3666,0.4481,-0.0815,0.283,0.2524,0.1872,0.3744,-0.0561,0.3183,145,0.0
1581.2,0.3531,0.4424,-0.0892,0.2748,0.2481,0.1767,0.3534,-0.058,0.2954,142,0.0
1581.4,0.3437,0.441,-0.0973,0.2728,0.2437,0.1659,0.3318,-0.0632,0.2686,137,0.0
1581.6,0.3481,0.4408,-0.0927,0.2726,0.2393,0.1652,0.3303,-0.063,0.2673,137,0.0
1581.8,0.3293,0.4366,-0.1073,0.2666,0.2349,0.1491,0.2982,-0.0695,0.2288,131,0.0
1582.0,0.3302,0.4309,-0.1007,0.2584,0.2305,0.1499,0.2999,-0.0643,0.2356,132,0.0
1582.2,0.3187,0.4297,-0.1111,0.2568,0.2261,0.1372,0.2744,-0.0709,0.2035,127,0.0
1582.4,0.3197,0.4262,-0.1065,0.2517,0.2216,0.1364,0.2729,-0.0683,0.2046,127,0.0
1582.6,0.3091,0.4245,-0.1154,0.2493,0.2171,0.1248,0.2497,-0.0738,0.1759,123,0.0
1582.8,0.3189,0.417,-0.0981,0.2386,0.2127,0.1342,0.2684,-0.062,0.2064,128,0.0
1583.0,0.3068,0.417,-0.1102,0.2386,0.2082,0.12,0.24,-0.0703,0.1696,122,0.0
1583.2,0.2935,0.4129,-0.1194,0.2327,0.2037,0.1082,0.2163,-0.0742,0.1422,117,0.0
1583.4,0.2828,0.4102,-0.1274,0.2289,0.1992,0.0972,0.1945,-0.0786,0.1159,113,0.0
1583.6,0.2763,0.4112,-0.1349,0.2303,0.1947,0.0867,0.1735,-0.0853,0.0882,109,0.0
1583.8,0.2809,0.4042,-0.1233,0.2204,0.1902,0.0915,0.183,-0.0768,0.1063,112,0.0
1584.0,0.2746,0.4061,-0.1315,0.2229,0.1857,0.0805,0.161,-0.0844,0.0766,107,0.0
1584.2,0.2638,0.3987,-0.1349,0.2125,0.1812,0.0732,0.1465,-0.0831,0.0634,105,0.0
1584.4,0.257,0.397,-0.14,0.21,0.1767,0.0647,0.1294,-0.0867,0.0428,101,0.0
1584.6,0.2551,0.3928,-0.1378,0.2041,0.1723,0.0621,0.1241,-0.0848,0.0393,101,0.0
1584.8,0.2476,0.3879,-0.1403,0.197,0.1678,0.0556,0.1112,-0.0848,0.0,0,0.0
1585.0,0.2503,0.3725,-0.1222,0.175,0.1634,0.0656,0.1313,-0.0669,0.0643,105,0.0
1585.2,0.233,0.3736,-0.1406,0.1765,0.159,0.0465,0.0931,-0.0791,0.0,0,0.0
1585.4,0.2355,0.352,-0.1165,0.1457,0.1547,0.0615,0.1229,-0.0537,0.0,0,0.0
1585.6,0.2404,0.3398,-0.0994,0.1283,0.1503,0.0708,0.1416,-0.0387,0.0,0,0.0
1585.8,0.259,0.3257,-0.0667,0.1081,0.146,0.0927,0.1853,-0.0144,0.1709,122,0.0
1586.0,0.2531,0.3338,-0.0807,0.1197,0.1417,0.0772,0.1544,-0.0293,0.1251,115,0.0
1586.2,0.2595,0.3463,-0.0867,0.1375,0.1375,0.0681,0.1362,-0.0434,0.0928,109,0.0
1586.4,0.2614,0.351,-0.0896,0.1443,0.1333,0.0616,0.1232,-0.0503,0.0729,106,0.0
1586.6,0.2551,0.3549,-0.0999,0.1499,0.1291,0.0492,0.0985,-0.0603,0.0382,101,0.0
1586.8,0.2512,0.3572,-0.1061,0.1532,0.125,0.0402,0.0803,-0.0671,0.0132,97,0.0
1587.0,0.2459,0.3572,-0.1113,0.1531,0.121,0.0319,0.0639,-0.0717,0.0,0,0.0
1587.2,0.2303,0.3407,-0.1104,0.1296,0.1169,0.0286,0.0572,-0.0616,0.0,0,0.0
1587.4,0.2435,0.3276,-0.084,0.1108,0.113,0.0457,0.0915,-0.0409,0.0,0,0.0
1587.6,0.246,0.3155,-0.0695,0.0936,0.1091,0.0534,0.1068,-0.027,0.0,0,0.0
1587.8,0.2537,0.3107,-0.057,0.0867,0.1052,0.0596,0.1192,-0.0193,0.0999,110,0.0
1588.0,0.2404,0.321,-0.0806,0.1014,0.1014,0.0369,0.0739,-0.0403,0.0,0,0.0
1588.2,0.2481,0.3102,-0.0621,0.086,0.0977,0.048,0.0959,-0.0252,0.0,0,0.0
1588.4,0.2544,0.3005,-0.046,0.0721,0.094,0.0572,0.1143,-0.0121,0.1023,111,0.0
1588.6,0.2608,0.3131,-0.0523,0.0901,0.0904,0.0486,0.0972,-0.026,0.0712,106,0.0
1588.8,0.2405,0.3265,-0.086,0.1093,0.0869,0.018,0.0361,-0.0542,0.0,0,0.0
1589.0,0.2483,0.3098,-0.0615,0.0855,0.0834,0.0342,0.0684,-0.0318,0.0,0,0.0
1589.2,0.2434,0.3037,-0.0604,0.0768,0.08,0.0317,0.0634,-0.0286,0.0,0,0.0
1589.4,0.2571,0.2928,-0.0357,0.0612,0.0767,0.0481,0.0962,-0.0101,0.0861,108,0.0
1589.6,0.2534,0.306,-0.0526,0.08,0.0735,0.0314,0.0627,-0.0296,0.0331,100,0.0
1589.8,0.2413,0.319,-0.0776,0.0985,0.0703,0.0082,0.0164,-0.0529,0.0,0,0.0
1590.0,0.2429,0.3062,-0.0632,0.0802,0.0672,0.0166,0.0333,-0.0381,0.0,0,0.0
1590.2,0.2408,0.2999,-0.0591,0.0713,0.0642,0.0169,0.0338,-0.0331,0.0,0,0.0
1590.4,0.2327,0.2944,-0.0617,0.0634,0.0613,0.012,0.0239,-0.0319,0.0,0,0.0
1590.6,0.2349,0.2824,-0.0475,0.0463,0.0585,0.0205,0.041,-0.0176,0.0,0,0.0
1590.8,0.2533,0.279,-0.0258,0.0415,0.0557,0.0351,0.0703,-0.0057,0.0645,105,0.0
1591.0,0.2509,0.2956,-0.0447,0.0652,0.0531,0.0173,0.0347,-0.0284,0.0063,0,0.0
1591.2,0.2361,0.2857,-0.0496,0.0509,0.0505,0.0109,0.0218,-0.025,0.0,0,0.0
1591.4,0.2378,0.2839,-0.0461,0.0485,0.0,0.0,0.0,-0.0288,0.0,0,0.0
1591.6,0.2199,0.2755,-0.0555,0.0364,0.0,0.0,0.0,-0.0237,0.0,0,0.0
1591.8,0.2245,0.2717,-0.0472,0.031,0.0,0.0,0.0,-0.0202,0.0,0,0.0
1592.0,0.2174,0.2713,-0.0539,0.0305,0.0,0.0,0.0,-0.0206,0.0,0,0.0
1592.2,0.1975,0.2688,-0.0713,0.0269,0.0,0.0,0.0,-0.0206,0.0,0,0.0
1592.4,0.2069,0.2617,-0.0548,0.0167,0.0,0.0,0.0,-0.0138,0.0,0,0.0
1592.6,0.2008,0.2602,-0.0595,0.0146,0.0,0.0,0.0,-0.0132,0.0,0,0.0
1592.8,0.1988,0.2593,-0.0605,0.0133,0.0,0.0,0.0,-0.0127,0.0,0,0.0
1593.0,0.1875,0.2583,-0.0708,0.0119,0.0,0.0,0.0,-0.013,0.0,0,0.0
1593.2,0.1953,0.2557,-0.0604,0.0082,0.0,0.0,0.0,-0.0101,0.0,0,0.0
1593.4,0.1815,0.2534,-0.0719,0.0048,0.0,0.0,0.0,-0.0096,0.0,0,0.0
1593.6,0.1916,0.2561,-0.0645,0.0087,0.0,0.0,0.0,-0.0108,0.0,0,0.0
1593.8,0.1951,0.2576,-0.0625,0.0108,0.0,0.0,0.0,-0.0116,0.0,0,0.0
1594.0,0.1883,0.2529,-0.0646,0.0041,0.0,0.0,0.0,-0.0085,0.0,0,0.0
1594.2,0.1741,0.2514,-0.0773,0.002,0.0,0.0,0.0,-0.0087,0.0,0,0.0
1594.4,0.1793,0.254,-0.0747,0.0057,0.0,0.0,0.0,-0.0103,0.0,0,0.0
1594.6,0.1845,0.2519,-0.0674,0.0028,0.0,0.0,0.0,-0.0081,0.0,0,0.0
1594.8,0.1791,0.2501,-0.071,0.0001,0.0,0.0,0.0,-0.0072,0.0,0,0.0
1595.0,0.1787,0.2548,-0.0761,0.0069,0.0,0.0,0.0,-0.011,0.0,0,0.0
1595.2,0.1737,0.25,-0.0763,0.0,0.0,0.0,0.0,-0.0076,0.0,0,0.0
1595.4,0.1863,0.2529,-0.0666,0.0041,0.0,0.0,0.0,-0.0087,0.0,0,0.0
1595.6,0.1882,0.25,-0.0618,0.0,0.0,0.0,0.0,-0.0062,0.0,0,0.0
1595.8,0.1716,0.2533,-0.0817,0.0046,0.0,0.0,0.0,-0.0105,0.0,0,0.0
1596.0,0.1779,0.254,-0.0761,0.0057,0.0,0.0,0.0,-0.0105,0.0,0,0.0
1596.2,0.182,0.2537,-0.0716,0.0052,0.0,0.0,0.0,-0.0098,0.0,0,0.0
1596.4,0.1777,0.2513,-0.0736,0.0019,0.0,0.0,0.0,-0.0083,0.0,0,0.0
1596.6,0.1822,0.25,-0.0678,0.0,0.0,0.0,0.0,-0.0068,0.0,0,0.0
1596.8,0.1822,0.253,-0.0708,0.0043,0.0,0.0,0.0,-0.0092,0.0,0,0.0
1597.0,0.1693,0.2514,-0.0821,0.002,0.0,0.0,0.0,-0.0092,0.0,0,0.0
1597.2,0.185,0.25,-0.065,0.0,0.0,0.0,0.0,-0.0065,0.0,0,0.0
1597.4,0.1868,0.25,-0.0632,0.0,0.0,0.0,0.0,-0.0063,0.0,0,0.0
1597.6,0.1697,0.25,-0.0803,0.0,0.0,0.0,0.0,-0.008,0.0,0,0.0
1597.8,0.1797,0.2533,-0.0736,0.0047,0.0,0.0,0.0,-0.0097,0.0,0,0.0
1598.0,0.188,0.2532,-0.0651,0.0046,0.0,0.0,0.0,-0.0088,0.0,0,0.0
1598.2,0.1827,0.25,-0.0673,0.0,0.0,0.0,0.0,-0.0067,0.0,0,0.0
1598.4,0.1739,0.2533,-0.0795,0.0048,0.0,0.0,0.0,-0.0103,0.0,0,0.0
1598.6,0.1845,0.2525,-0.0681,0.0036,0.0,0.0,0.0,-0.0086,0.0,0,0.0
1598.8,0.182,0.2527,-0.0706,0.0038,0.0,0.0,0.0,-0.009,0.0,0,0.0
1599.0,0.1756,0.25,-0.0744,0.0,0.0,0.0,0.0,-0.0074,0.0,0,0.0
1599.2,0.1845,0.252,-0.0675,0.0029,0.0,0.0,0.0,-0.0082,0.0,0,0.0
1599.4,0.174,0.2502,-0.0762,0.0003,0.0,0.0,0.0,-0.0078,0.0,0,0.0
1599.6,0.1741,0.25,-0.0759,0.0,0.0,0.0,0.0,-0.0076,0.0,0,0.0
1599.8,0.1785,0.2522,-0.0737,0.0031,0.0,0.0,0.0,-0.0089,0.0,0,0.0
